bug,pass,test_fail,compile_fail,failed_tests
Chart-2,No,Yes,No,org.jfree.data.general.junit.DatasetUtilitiesTests::testBug2849731_2; org.jfree.data.general.junit.DatasetUtilitiesTests::testBug2849731_3
Chart-4,No,Yes,No,org.jfree.chart.axis.junit.LogAxisTests::testXYAutoRange1; org.jfree.chart.axis.junit.LogAxisTests::testXYAutoRange2; org.jfree.chart.axis.junit.NumberAxisTests::testXYAutoRange1; org.jfree.chart.axis.junit.NumberAxisTests::testXYAutoRange2; org.jfree.chart.axis.junit.ValueAxisTests::testAxisMargins; org.jfree.chart.junit.JFreeChartTests::testSerialization4; org.jfree.chart.junit.ScatterPlotTests::testDrawWithNullInfo; org.jfree.chart.junit.ScatterPlotTests::testSetSeriesToolTipGenerator; org.jfree.chart.junit.ScatterPlotTests::testReplaceDataset; org.jfree.chart.junit.TimeSeriesChartTests::testDrawWithNullInfo; org.jfree.chart.junit.TimeSeriesChartTests::testSetSeriesToolTipGenerator; org.jfree.chart.junit.TimeSeriesChartTests::testReplaceDataset; org.jfree.chart.junit.XYAreaChartTests::testDrawWithNullInfo; org.jfree.chart.junit.XYAreaChartTests::testSetSeriesToolTipGenerator; org.jfree.chart.junit.XYAreaChartTests::testReplaceDataset; org.jfree.chart.junit.XYStepAreaChartTests::testDrawWithNullInfo; org.jfree.chart.junit.XYStepAreaChartTests::testSetSeriesToolTipGenerator; org.jfree.chart.junit.XYStepAreaChartTests::testReplaceDataset; org.jfree.chart.junit.XYStepChartTests::testDrawWithNullInfo; org.jfree.chart.junit.XYStepChartTests::testSetSeriesToolTipGenerator; org.jfree.chart.junit.XYStepChartTests::testReplaceDataset; org.jfree.chart.plot.junit.XYPlotTests::testDrawRangeGridlines
Chart-14,Yes,No,No,
Chart-15,Yes,No,No,
Chart-16,Yes,No,No,
Chart-18,Yes,No,No,
Chart-19,No,Yes,No,org.jfree.chart.plot.junit.CategoryPlotTests::testGetRangeAxisIndex; org.jfree.chart.plot.junit.CategoryPlotTests::testGetDomainAxisIndex
Chart-21,Yes,No,No,
Chart-22,Yes,No,No,
Chart-25,No,Yes,No,org.jfree.chart.renderer.category.junit.StatisticalBarRendererTests::testDrawWithNullMeanVertical; org.jfree.chart.renderer.category.junit.StatisticalBarRendererTests::testDrawWithNullDeviationVertical; org.jfree.chart.renderer.category.junit.StatisticalBarRendererTests::testDrawWithNullMeanHorizontal; org.jfree.chart.renderer.category.junit.StatisticalBarRendererTests::testDrawWithNullDeviationHorizontal
Cli-1,Yes,No,No,
Cli-7,Yes,No,No,
Cli-10,Yes,No,No,
Cli-13,Yes,No,No,
Cli-14,Yes,No,No,
Cli-16,No,No,Yes,
Cli-18,Yes,No,No,
Cli-21,No,Yes,No,org.apache.commons.cli2.bug.BugCLI150Test::testNegativeNumber
Cli-22,Yes,No,No,
Cli-23,No,Yes,No,org.apache.commons.cli.bug.BugCLI162Test::testInfiniteLoop; org.apache.commons.cli.bug.BugCLI162Test::testPrintHelpLongLines
Cli-26,Yes,No,No,
Cli-30,Yes,No,No,
Cli-31,No,Yes,No,org.apache.commons.cli.HelpFormatterTest::testDefaultArgName
Cli-33,No,Yes,No,org.apache.commons.cli.HelpFormatterTest::testIndentedHeaderAndFooter
Cli-34,Yes,No,No,
Cli-36,No,Yes,No,org.apache.commons.cli.bug.BugCLI266Test::testOptionComparatorInsertedOrder
Cli-39,No,Yes,No,org.apache.commons.cli.PatternOptionBuilderTest::testExistingFilePattern; org.apache.commons.cli.PatternOptionBuilderTest::testExistingFilePatternFileNotExist
Closure-3,No,Yes,No,com.google.javascript.jscomp.FlowSensitiveInlineVariablesTest::testDoNotInlineCatchExpression1a; com.google.javascript.jscomp.FlowSensitiveInlineVariablesTest::testDoNotInlineCatchExpression1; com.google.javascript.jscomp.FlowSensitiveInlineVariablesTest::testDoNotInlineCatchExpression3
Closure-4,No,No,Yes,
Closure-6,Yes,No,No,
Closure-9,No,Yes,No,com.google.javascript.jscomp.ProcessCommonJSModulesTest::testGuessModuleName
Closure-16,No,Yes,No,com.google.javascript.jscomp.IntegrationTest::testIssue772; com.google.javascript.jscomp.ScopedAliasesTest::testIssue772
Closure-21,No,Yes,No,com.google.javascript.jscomp.CheckSideEffectsTest::testUselessCode; com.google.javascript.jscomp.CheckSideEffectsTest::testIssue80
Closure-24,No,No,Yes,
Closure-25,Yes,No,No,
Closure-26,No,Yes,No,com.google.javascript.jscomp.CleanupPassesTest; com.google.javascript.jscomp.ChainCallsTest::testSubclass; com.google.javascript.jscomp.ChainCallsTest::testSecondCallReturnNotThis; com.google.javascript.jscomp.ChainCallsTest::testSimpleDefinitionFinder2; com.google.javascript.jscomp.ChainCallsTest::testDifferentInstance; com.google.javascript.jscomp.ChainCallsTest::testSimpleDefinitionFinder; com.google.javascript.jscomp.ChainCallsTest::testUnchainedCalls; com.google.javascript.jscomp.CheckAccessControlsTest::testConstantProperty1; com.google.javascript.jscomp.CheckAccessControlsTest::testConstantProperty2; com.google.javascript.jscomp.CheckAccessControlsTest::testConstantProperty3; com.google.javascript.jscomp.CheckAccessControlsTest::testConstantProperty4; com.google.javascript.jscomp.CheckAccessControlsTest::testConstantProperty5; com.google.javascript.jscomp.CheckAccessControlsTest::testConstantProperty6; com.google.javascript.jscomp.CheckAccessControlsTest::testConstantProperty7; com.google.javascript.jscomp.CheckAccessControlsTest::testConstantProperty8; com.google.javascript.jscomp.CheckAccessControlsTest::testConstantProperty9; com.google.javascript.jscomp.CheckAccessControlsTest::testOkAssignmentOfDeprecatedProperty; com.google.javascript.jscomp.CheckAccessControlsTest::testNoWarningInGlobalScopeForCall; com.google.javascript.jscomp.CheckAccessControlsTest::testNullableDeprecatedProperty; com.google.javascript.jscomp.CheckAccessControlsTest::testDeprecatedFunctionVariable; com.google.javascript.jscomp.CheckAccessControlsTest::testNoWarningInDeprecatedFunction; com.google.javascript.jscomp.CheckAccessControlsTest::testNoWarningInGlobalScope; com.google.javascript.jscomp.CheckAccessControlsTest::testConstantProperty10; com.google.javascript.jscomp.CheckAccessControlsTest::testConstantProperty11; com.google.javascript.jscomp.CheckAccessControlsTest::testConstantProperty12; com.google.javascript.jscomp.CheckAccessControlsTest::testConstantProperty13; com.google.javascript.jscomp.CheckAccessControlsTest::testConstantProperty14; com.google.javascript.jscomp.CheckAccessControlsTest::testPrivateAccessForNames; com.google.javascript.jscomp.CheckAccessControlsTest::testWarningOnDeprecatedConstVariable; com.google.javascript.jscomp.CheckAccessControlsTest::testNoWarningInDeprecatedStaticMethod; com.google.javascript.jscomp.CheckAccessControlsTest::testProtectedAccessForProperties1; com.google.javascript.jscomp.CheckAccessControlsTest::testProtectedAccessForProperties2; com.google.javascript.jscomp.CheckAccessControlsTest::testProtectedAccessForProperties3; com.google.javascript.jscomp.CheckAccessControlsTest::testProtectedAccessForProperties4; com.google.javascript.jscomp.CheckAccessControlsTest::testProtectedAccessForProperties5; com.google.javascript.jscomp.CheckAccessControlsTest::testProtectedAccessForProperties6; com.google.javascript.jscomp.CheckAccessControlsTest::testBadOverrideOfProtectedProperty; com.google.javascript.jscomp.CheckAccessControlsTest::testPrivateAccessForProperties1; com.google.javascript.jscomp.CheckAccessControlsTest::testPrivateAccessForProperties2; com.google.javascript.jscomp.CheckAccessControlsTest::testPrivateAccessForProperties3; com.google.javascript.jscomp.CheckAccessControlsTest::testPrivateAccessForProperties4; com.google.javascript.jscomp.CheckAccessControlsTest::testNoPrivateAccessForProperties1; com.google.javascript.jscomp.CheckAccessControlsTest::testNoPrivateAccessForProperties2; com.google.javascript.jscomp.CheckAccessControlsTest::testNoPrivateAccessForProperties3; com.google.javascript.jscomp.CheckAccessControlsTest::testNoPrivateAccessForProperties4; com.google.javascript.jscomp.CheckAccessControlsTest::testNoPrivateAccessForProperties5; com.google.javascript.jscomp.CheckAccessControlsTest::testNoPrivateAccessForProperties6; com.google.javascript.jscomp.CheckAccessControlsTest::testNoPrivateAccessForProperties7; com.google.javascript.jscomp.CheckAccessControlsTest::testNoPrivateAccessForProperties8; com.google.javascript.jscomp.CheckAccessControlsTest::testAccessOfStaticMethodOnPrivateQualifiedConstructor; com.google.javascript.jscomp.CheckAccessControlsTest::testWarningForSubclassMethod; com.google.javascript.jscomp.CheckAccessControlsTest::testGoodOverrideOfProtectedProperty; com.google.javascript.jscomp.CheckAccessControlsTest::testNoWarningInDeprecatedClass; com.google.javascript.jscomp.CheckAccessControlsTest::testNoProtectedAccessForProperties1; com.google.javascript.jscomp.CheckAccessControlsTest::testNoProtectedAccessForProperties2; com.google.javascript.jscomp.CheckAccessControlsTest::testNoProtectedAccessForProperties3; com.google.javascript.jscomp.CheckAccessControlsTest::testNoProtectedAccessForProperties4; com.google.javascript.jscomp.CheckAccessControlsTest::testNoProtectedAccessForProperties5; com.google.javascript.jscomp.CheckAccessControlsTest::testAutoboxedDeprecatedProperty; com.google.javascript.jscomp.CheckAccessControlsTest::testWarningForDeprecatedClassInGlobalScope; com.google.javascript.jscomp.CheckAccessControlsTest::testNoWarningForDeprecatedClassInstance; com.google.javascript.jscomp.CheckAccessControlsTest::testWarningForDeprecatedClass; com.google.javascript.jscomp.CheckAccessControlsTest::testNoWarningInDeprecatedClass2; com.google.javascript.jscomp.CheckAccessControlsTest::testDeprecatedObjLitKey; com.google.javascript.jscomp.CheckAccessControlsTest::testNullablePrivateProperty; com.google.javascript.jscomp.CheckAccessControlsTest::testWarningForSuperClassWithDeprecatedSubclassMethod; com.google.javascript.jscomp.CheckAccessControlsTest::testWarningInStaticMethod; com.google.javascript.jscomp.CheckAccessControlsTest::testWarningForSuperclassMethod; com.google.javascript.jscomp.CheckAccessControlsTest::testWarningInNormalClass; com.google.javascript.jscomp.CheckAccessControlsTest::testInstanceofOfPrivateConstructor; com.google.javascript.jscomp.CheckAccessControlsTest::testAutoboxedPrivateProperty; com.google.javascript.jscomp.CheckAccessControlsTest::testWarningForProperty1; com.google.javascript.jscomp.CheckAccessControlsTest::testWarningForProperty2; com.google.javascript.jscomp.CheckAccessControlsTest::testNoWarningOnDeprecatedPrototype; com.google.javascript.jscomp.CheckAccessControlsTest::testAccessOfStaticMethodOnPrivateConstructor; com.google.javascript.jscomp.CheckAccessControlsTest::testWarningForDeprecatedSuperClass; com.google.javascript.jscomp.CheckAccessControlsTest::testWarningForSuperclassMethod2; com.google.javascript.jscomp.CheckAccessControlsTest::testWarningForDeprecatedSuperClass2; com.google.javascript.jscomp.CheckAccessControlsTest::testDeprecatedFunction; com.google.javascript.jscomp.CheckAccessControlsTest::testSuppressConstantProperty2; com.google.javascript.jscomp.CheckAccessControlsTest::testSuppressConstantProperty; com.google.javascript.jscomp.CheckAccessControlsTest::testBadOverrideOfPrivateProperty; com.google.javascript.jscomp.CheckAccessControlsTest::testBadReadOfDeprecatedProperty; com.google.javascript.jscomp.CheckAccessControlsTest::testNoExceptionsWithBadConstructors1; com.google.javascript.jscomp.CheckAccessControlsTest::testNoExceptionsWithBadConstructors2; com.google.javascript.jscomp.CheckAccessControlsTest::testWarningForBind; com.google.javascript.jscomp.CheckAccessControlsTest::testThatNumbersArentDeprecated; com.google.javascript.jscomp.CheckAccessControlsTest::testNoWarningForPrototypeCopying; com.google.javascript.jscomp.CheckAccessControlsTest::testNoWarningForNumbers; com.google.javascript.jscomp.CheckAccessControlsTest::testWarningForPrototypeProperty; com.google.javascript.jscomp.CheckAccessControlsTest::testWarningForMethod1; com.google.javascript.jscomp.CheckAccessControlsTest::testWarningForMethod2; com.google.javascript.jscomp.CheckAccidentalSemicolonTest::testSuspiciousSemi; com.google.javascript.jscomp.CheckDebuggerStatementTest::testCheckDebuggerStatementInEval; com.google.javascript.jscomp.CheckDebuggerStatementTest::testCheckDebuggerStatement; com.google.javascript.jscomp.CheckDebuggerStatementTest::testCheckIsDisabledByDefault; com.google.javascript.jscomp.CheckDebuggerStatementTest::testNoWarningWhenExplicitlyDisabled; com.google.javascript.jscomp.CheckDebuggerStatementTest::testCheckDebuggerKeywordMayAppearInComments; com.google.javascript.jscomp.CheckGlobalNamesTest::testLateDefinedName1; com.google.javascript.jscomp.CheckGlobalNamesTest::testLateDefinedName2; com.google.javascript.jscomp.CheckGlobalNamesTest::testLateDefinedName3; com.google.javascript.jscomp.CheckGlobalNamesTest::testLateDefinedName4; com.google.javascript.jscomp.CheckGlobalNamesTest::testLateDefinedName5; com.google.javascript.jscomp.CheckGlobalNamesTest::testPathologicalCaseThatsOkAnyway; com.google.javascript.jscomp.CheckGlobalNamesTest::testRefToPropertyOfAliasedName; com.google.javascript.jscomp.CheckGlobalNamesTest::testSuppressionOfUndefinedNamesWarning; com.google.javascript.jscomp.CheckGlobalNamesTest::testRefToDescendantOfUndefinedProperty1; com.google.javascript.jscomp.CheckGlobalNamesTest::testRefToDescendantOfUndefinedProperty2; com.google.javascript.jscomp.CheckGlobalNamesTest::testRefToDescendantOfUndefinedProperty3; com.google.javascript.jscomp.CheckGlobalNamesTest::testNoWarningForGoodModuleDep1; com.google.javascript.jscomp.CheckGlobalNamesTest::testSelfModuleDep; com.google.javascript.jscomp.CheckGlobalNamesTest::testUndefinedPrototypeMethodRefGivesNoWarning; com.google.javascript.jscomp.CheckSideEffectsTest::testUselessCode; com.google.javascript.jscomp.CheckSideEffectsTest::testUselessCodeInFor; com.google.javascript.jscomp.CheckSideEffectsTest::testTypeAnnotations; com.google.javascript.jscomp.CheckSideEffectsTest::testJSDocComments; com.google.javascript.jscomp.CheckSideEffectsTest::testIssue80; com.google.javascript.jscomp.CheckSideEffectsTest::testIsue504; com.google.javascript.jscomp.CheckUnreachableCodeTest::testVarDeclaration; com.google.javascript.jscomp.CheckUnreachableCodeTest::testUncheckedWhileInDo; com.google.javascript.jscomp.CheckUnreachableCodeTest::testSpuriousBreak; com.google.javascript.jscomp.CheckUnreachableCodeTest::testInfiniteLoop; com.google.javascript.jscomp.CheckUnreachableCodeTest::testIncorrectSimple; com.google.javascript.jscomp.CheckUnreachableCodeTest::testInCorrectLoopBreaksAndContinues; com.google.javascript.jscomp.CheckUnreachableCodeTest::testUnreachableLoop; com.google.javascript.jscomp.CheckUnreachableCodeTest::testUnreachableCatch; com.google.javascript.jscomp.CheckUnreachableCodeTest::testFalseCondition; com.google.javascript.jscomp.CheckUnreachableCodeTest::testCorrectSwitchReturn; com.google.javascript.jscomp.CheckUnreachableCodeTest::testSuppression; com.google.javascript.jscomp.CheckUnreachableCodeTest::testCorrectLoopBreaksAndContinues; com.google.javascript.jscomp.CheckUnreachableCodeTest::testReachableTryCatchFinally; com.google.javascript.jscomp.CheckUnreachableCodeTest::testFunctionDeclaration; com.google.javascript.jscomp.CheckUnreachableCodeTest::testInstanceOfThrowsException; com.google.javascript.jscomp.CheckUnreachableCodeTest::testInCorrectIfReturns; com.google.javascript.jscomp.CheckUnreachableCodeTest::testCorrectSimple; com.google.javascript.jscomp.CheckUnreachableCodeTest::testUncheckedConditionInFor; com.google.javascript.jscomp.CheckUnreachableCodeTest::testInCorrectSwitchReturn; com.google.javascript.jscomp.CheckUnreachableCodeTest::testCorrectIfReturns; com.google.javascript.jscomp.ClosureCodeRemovalTest::testDoNotRemoveNonQualifiedName; com.google.javascript.jscomp.ClosureCodeRemovalTest::testRemoveAbstract; com.google.javascript.jscomp.ClosureCodeRemovalTest::testDoNotRemoveOverride; com.google.javascript.jscomp.ClosureCodeRemovalTest::testStopRemovalAtNonQualifiedName; com.google.javascript.jscomp.ClosureCodeRemovalTest::testDoNotRemoveNormal; com.google.javascript.jscomp.ClosureCodeRemovalTest::testAssertionRemoval1; com.google.javascript.jscomp.ClosureCodeRemovalTest::testAssertionRemoval2; com.google.javascript.jscomp.ClosureCodeRemovalTest::testAssertionRemoval3; com.google.javascript.jscomp.ClosureCodeRemovalTest::testAssertionRemoval4; com.google.javascript.jscomp.ClosureCodeRemovalTest::testRemoveMultiplySetAbstract; com.google.javascript.jscomp.ClosureCodingConventionTest::testObjectLiteralCast; com.google.javascript.jscomp.ClosureCodingConventionTest::testInheritanceDetection1; com.google.javascript.jscomp.ClosureCodingConventionTest::testInheritanceDetection2; com.google.javascript.jscomp.ClosureCodingConventionTest::testInheritanceDetection3; com.google.javascript.jscomp.ClosureCodingConventionTest::testInheritanceDetection4; com.google.javascript.jscomp.ClosureCodingConventionTest::testInheritanceDetection5; com.google.javascript.jscomp.ClosureCodingConventionTest::testInheritanceDetection6; com.google.javascript.jscomp.ClosureCodingConventionTest::testInheritanceDetection7; com.google.javascript.jscomp.ClosureCodingConventionTest::testInheritanceDetection8; com.google.javascript.jscomp.ClosureCodingConventionTest::testInheritanceDetection9; com.google.javascript.jscomp.ClosureCodingConventionTest::testInheritanceDetectionPostCollapseProperties; com.google.javascript.jscomp.ClosureCodingConventionTest::testRequire; com.google.javascript.jscomp.ClosureCodingConventionTest::testFunctionBind; com.google.javascript.jscomp.ClosureCodingConventionTest::testInheritanceDetection10; com.google.javascript.jscomp.ClosureCodingConventionTest::testInheritanceDetection11; com.google.javascript.jscomp.ClosureCodingConventionTest::testInheritanceDetection12; com.google.javascript.jscomp.ClosureCodingConventionTest::testInheritanceDetection13; com.google.javascript.jscomp.ClosureCodingConventionTest::testInheritanceDetection14; com.google.javascript.jscomp.ClosureOptimizePrimitivesTest::testObjectCreateOddParams; com.google.javascript.jscomp.ClosureOptimizePrimitivesTest::testObjectCreate1; com.google.javascript.jscomp.ClosureOptimizePrimitivesTest::testObjectCreate2; com.google.javascript.jscomp.ClosureOptimizePrimitivesTest::testObjectCreate3; com.google.javascript.jscomp.ClosureOptimizePrimitivesTest::testObjectCreate4; com.google.javascript.jscomp.ClosureOptimizePrimitivesTest::testObjectCreate5; com.google.javascript.jscomp.ClosureOptimizePrimitivesTest::testObjectCreateNonConstKey; com.google.javascript.jscomp.ClosureReverseAbstractInterpreterTest::testGoogIsArrayOnNull; com.google.javascript.jscomp.ClosureReverseAbstractInterpreterTest::testGoogIsDefAndNotNull1; com.google.javascript.jscomp.ClosureReverseAbstractInterpreterTest::testGoogIsDefAndNotNull2; com.google.javascript.jscomp.ClosureReverseAbstractInterpreterTest::testGoogIsDefAndNotNull3; com.google.javascript.jscomp.ClosureReverseAbstractInterpreterTest::testGoogIsArray; com.google.javascript.jscomp.ClosureReverseAbstractInterpreterTest::testGoogIsNull1; com.google.javascript.jscomp.ClosureReverseAbstractInterpreterTest::testGoogIsNull2; com.google.javascript.jscomp.ClosureReverseAbstractInterpreterTest::testGoogIsFunction; com.google.javascript.jscomp.ClosureReverseAbstractInterpreterTest::testGoogIsFunctionOnNull; com.google.javascript.jscomp.ClosureReverseAbstractInterpreterTest::testGoogIsObjectOnNull; com.google.javascript.jscomp.ClosureReverseAbstractInterpreterTest::testGoogIsBoolean1; com.google.javascript.jscomp.ClosureReverseAbstractInterpreterTest::testGoogIsBoolean2; com.google.javascript.jscomp.ClosureReverseAbstractInterpreterTest::testGoogIsDef1; com.google.javascript.jscomp.ClosureReverseAbstractInterpreterTest::testGoogIsDef2; com.google.javascript.jscomp.ClosureReverseAbstractInterpreterTest::testGoogIsNumber; com.google.javascript.jscomp.ClosureReverseAbstractInterpreterTest::testGoogIsString1; com.google.javascript.jscomp.ClosureReverseAbstractInterpreterTest::testGoogIsString2; com.google.javascript.jscomp.CoalesceVariableNamesTest::testEscaped; com.google.javascript.jscomp.CoalesceVariableNamesTest::testParameter; com.google.javascript.jscomp.CoalesceVariableNamesTest::testTryCatch; com.google.javascript.jscomp.CoalesceVariableNamesTest::testCannotReuseAnyParamsBug; com.google.javascript.jscomp.CoalesceVariableNamesTest::testFor; com.google.javascript.jscomp.CoalesceVariableNamesTest::testForIn; com.google.javascript.jscomp.CoalesceVariableNamesTest::testLoops; com.google.javascript.jscomp.CoalesceVariableNamesTest::testSwitchCase; com.google.javascript.jscomp.CoalesceVariableNamesTest::testDeadAssignment; com.google.javascript.jscomp.CoalesceVariableNamesTest::testForInWithAssignment; com.google.javascript.jscomp.CoalesceVariableNamesTest::testParameter2; com.google.javascript.jscomp.CoalesceVariableNamesTest::testParameter3; com.google.javascript.jscomp.CoalesceVariableNamesTest::testParameter4; com.google.javascript.jscomp.CoalesceVariableNamesTest::testDifferentBlock; com.google.javascript.jscomp.CoalesceVariableNamesTest::testMaxVars; com.google.javascript.jscomp.CoalesceVariableNamesTest::testMergeThreeVarNames; com.google.javascript.jscomp.CoalesceVariableNamesTest::testDuplicatedVar; com.google.javascript.jscomp.CoalesceVariableNamesTest::testParameter4b; com.google.javascript.jscomp.CoalesceVariableNamesTest::testDeterministic; com.google.javascript.jscomp.CoalesceVariableNamesTest::testVarLiveRangeCross; com.google.javascript.jscomp.CoalesceVariableNamesTest::testLoopInductionVar; com.google.javascript.jscomp.CoalesceVariableNamesTest::testBug1401831; com.google.javascript.jscomp.CoalesceVariableNamesTest::testUsePseduoNames; com.google.javascript.jscomp.CoalesceVariableNamesTest::testBug1445366; com.google.javascript.jscomp.CoalesceVariableNamesTest::testLiveRangeChangeWithinCfgNode2; com.google.javascript.jscomp.CoalesceVariableNamesTest::testSimple; com.google.javascript.jscomp.CoalesceVariableNamesTest::testLiveRangeChangeWithinCfgNode; com.google.javascript.jscomp.CodePrinterTest::testTypeAnnotationsAssign; com.google.javascript.jscomp.CodePrinterTest::testTypeAnnotationsMember; com.google.javascript.jscomp.CodePrinterTest::testTypeAnnotationsTypeDef; com.google.javascript.jscomp.CodePrinterTest::testFunctionSafariCompatiblity; com.google.javascript.jscomp.CodePrinterTest::testOptionalTypesAnnotation; com.google.javascript.jscomp.CodePrinterTest::testPrint; com.google.javascript.jscomp.CodePrinterTest::testNegCollapse; com.google.javascript.jscomp.CodePrinterTest::testTempConstructor; com.google.javascript.jscomp.CodePrinterTest::testLineBreak; com.google.javascript.jscomp.CodePrinterTest::testHook; com.google.javascript.jscomp.CodePrinterTest::testZero; com.google.javascript.jscomp.CodePrinterTest::testTypeAnnotationsInterface; com.google.javascript.jscomp.CodePrinterTest::testLineLength; com.google.javascript.jscomp.CodePrinterTest::testPrettyPrinter2; com.google.javascript.jscomp.CodePrinterTest::testPrettyPrinter3; com.google.javascript.jscomp.CodePrinterTest::testPrettyPrinter4; com.google.javascript.jscomp.CodePrinterTest::testParsePrintParse; com.google.javascript.jscomp.CodePrinterTest::testObjectLit; com.google.javascript.jscomp.CodePrinterTest::testLiteralProperty; com.google.javascript.jscomp.CodePrinterTest::testStringEscapeSequences; com.google.javascript.jscomp.CodePrinterTest::testUnicode; com.google.javascript.jscomp.CodePrinterTest::testTypeAnnotationsDispatcher1; com.google.javascript.jscomp.CodePrinterTest::testTypeAnnotationsDispatcher2; com.google.javascript.jscomp.CodePrinterTest::testPrintArray; com.google.javascript.jscomp.CodePrinterTest::testNumericKeys; com.google.javascript.jscomp.CodePrinterTest::testPrintInOperatorInForLoop; com.google.javascript.jscomp.CodePrinterTest::testDirectEval; com.google.javascript.jscomp.CodePrinterTest::testTypeAnnotationsMultipleInterface; com.google.javascript.jscomp.CodePrinterTest::testTypeAnnotationsImplements; com.google.javascript.jscomp.CodePrinterTest::testTypeAnnotationsNamespace; com.google.javascript.jscomp.CodePrinterTest::testEnumAnnotation1; com.google.javascript.jscomp.CodePrinterTest::testEnumAnnotation2; com.google.javascript.jscomp.CodePrinterTest::testDoLoopIECompatiblity; com.google.javascript.jscomp.CodePrinterTest::testArrayLiteral; com.google.javascript.jscomp.CodePrinterTest::testFunctionWithCall; com.google.javascript.jscomp.CodePrinterTest::testTypeAnnotations; com.google.javascript.jscomp.CodePrinterTest::testFreeCall1; com.google.javascript.jscomp.CodePrinterTest::testFreeCall2; com.google.javascript.jscomp.CodePrinterTest::testFreeCall3; com.google.javascript.jscomp.CodePrinterTest::testObjectLit2; com.google.javascript.jscomp.CodePrinterTest::testObjectLit3; com.google.javascript.jscomp.CodePrinterTest::testObjectLit4; com.google.javascript.jscomp.CodePrinterTest::testIssue5746867; com.google.javascript.jscomp.CodePrinterTest::testUnicodeKeyword; com.google.javascript.jscomp.CodePrinterTest::testCommaSpacing; com.google.javascript.jscomp.CodePrinterTest::testPrettyPrinter; com.google.javascript.jscomp.CodePrinterTest::testExponents; com.google.javascript.jscomp.CodePrinterTest::testU2UFunctionTypeAnnotation; com.google.javascript.jscomp.CodePrinterTest::testGetter; com.google.javascript.jscomp.CodePrinterTest::testIssue582; com.google.javascript.jscomp.CodePrinterTest::testIssue601; com.google.javascript.jscomp.CodePrinterTest::testIssue620; com.google.javascript.jscomp.CodePrinterTest::testSetter; com.google.javascript.jscomp.CodePrinterTest::testVariableArgumentsTypesAnnotation; com.google.javascript.jscomp.CodePrinterTest::testStrict; com.google.javascript.jscomp.CodePrinterTest::testIndirectEval; com.google.javascript.jscomp.CodePrinterTest::testSubtraction; com.google.javascript.jscomp.CodePrinterTest::testEmitUnknownParamTypesAsAllType; com.google.javascript.jscomp.CodePrinterTest::testMinusNegativeZero; com.google.javascript.jscomp.CodePrinterTest::testPreferLineBreakAtEndOfFile; com.google.javascript.jscomp.CodePrinterTest::testTypeAnnotationsMemberSubclass; com.google.javascript.jscomp.CollapseAnonymousFunctionsTest::testVarNotImmediatelyBelowScriptOrBlock1; com.google.javascript.jscomp.CollapseAnonymousFunctionsTest::testVarNotImmediatelyBelowScriptOrBlock2; com.google.javascript.jscomp.CollapseAnonymousFunctionsTest::testVarNotImmediatelyBelowScriptOrBlock3; com.google.javascript.jscomp.CollapseAnonymousFunctionsTest::testConstantFunction1; com.google.javascript.jscomp.CollapseAnonymousFunctionsTest::testGlobalScope; com.google.javascript.jscomp.CollapseAnonymousFunctionsTest::testAlert; com.google.javascript.jscomp.CollapseAnonymousFunctionsTest::testRecursiveInternal1; com.google.javascript.jscomp.CollapseAnonymousFunctionsTest::testRecursiveInternal2; com.google.javascript.jscomp.CollapseAnonymousFunctionsTest::testBothScopes; com.google.javascript.jscomp.CollapseAnonymousFunctionsTest::testMultipleVar; com.google.javascript.jscomp.CollapseAnonymousFunctionsTest::testInnerFunction1; com.google.javascript.jscomp.CollapseAnonymousFunctionsTest::testLocalScope1; com.google.javascript.jscomp.CollapseAnonymousFunctionsTest::testLocalScope2; com.google.javascript.jscomp.CollapseAnonymousFunctionsTest::testLocalScopeOnly1; com.google.javascript.jscomp.CollapseAnonymousFunctionsTest::testLocalScopeOnly2; com.google.javascript.jscomp.CollapseAnonymousFunctionsTest::testMultipleVar2; com.google.javascript.jscomp.CollapseAnonymousFunctionsTest::testReturn; com.google.javascript.jscomp.CollapseAnonymousFunctionsTest::testRecursiveExternal1; com.google.javascript.jscomp.CollapseAnonymousFunctionsTest::testRecursiveExternal2; com.google.javascript.jscomp.CollapsePropertiesTest::testAliasCreatedForEnumOfObjects2; com.google.javascript.jscomp.CollapsePropertiesTest::testResetObjectPropertyInLocalScope; com.google.javascript.jscomp.CollapsePropertiesTest::testObjLitDeclarationWithDuplicateKeys; com.google.javascript.jscomp.CollapsePropertiesTest::testAliasCreatedForCtorDepth2; com.google.javascript.jscomp.CollapsePropertiesTest::testObjectOfObjects1; com.google.javascript.jscomp.CollapsePropertiesTest::testNonWellformedAlias1; com.google.javascript.jscomp.CollapsePropertiesTest::testNonWellformedAlias2; com.google.javascript.jscomp.CollapsePropertiesTest::testCollapseForEachWithoutExterns; com.google.javascript.jscomp.CollapsePropertiesTest::testPropertyOnGlobalFunction; com.google.javascript.jscomp.CollapsePropertiesTest::testPropertyOfAnObjectThatIsNeitherFunctionNorObjLit; com.google.javascript.jscomp.CollapsePropertiesTest::testAliasCreatedForPropertyOfEnumOfObjects2; com.google.javascript.jscomp.CollapsePropertiesTest::testGlobalFunctionNameInBooleanExpressionDepth1; com.google.javascript.jscomp.CollapsePropertiesTest::testGlobalFunctionNameInBooleanExpressionDepth2; com.google.javascript.jscomp.CollapsePropertiesTest::testObjLitRedefinedInLocalScope; com.google.javascript.jscomp.CollapsePropertiesTest::testSafeReferenceOfThis; com.google.javascript.jscomp.CollapsePropertiesTest::testAliasCreatedForObjectDepth1_1; com.google.javascript.jscomp.CollapsePropertiesTest::testAliasCreatedForObjectDepth1_2; com.google.javascript.jscomp.ProcessCommonJSModulesTest::testExports
Closure-27,Yes,No,No,
Closure-29,No,Yes,No,com.google.javascript.jscomp.InlineObjectLiteralsTest::testObject10; com.google.javascript.jscomp.InlineObjectLiteralsTest::testObject12; com.google.javascript.jscomp.InlineObjectLiteralsTest::testObject22; com.google.javascript.jscomp.InlineObjectLiteralsTest::testIssue724; com.google.javascript.jscomp.IntegrationTest::testIssue724
Closure-30,No,Yes,No,com.google.javascript.jscomp.FlowSensitiveInlineVariablesTest::testInlineAcrossSideEffect1; com.google.javascript.jscomp.FlowSensitiveInlineVariablesTest::testInlineExpressions13; com.google.javascript.jscomp.FlowSensitiveInlineVariablesTest::testIssue698
Closure-32,No,Yes,No,com.google.javascript.jscomp.IntegrationTest::testIssue701; com.google.javascript.jscomp.parsing.JsDocInfoParserTest::testParseLicense; com.google.javascript.jscomp.parsing.JsDocInfoParserTest::testParsePreserve; com.google.javascript.jscomp.parsing.JsDocInfoParserTest::testParseLicenseAscii
Closure-34,No,Yes,No,com.google.javascript.jscomp.CodePrinterTest::testParsePrintParse; com.google.javascript.jscomp.CodePrinterTest::testManyAdds
Closure-37,No,Yes,No,com.google.javascript.jscomp.IntegrationTest::testIncompleteFunction
Closure-39,No,Yes,No,com.google.javascript.rhino.jstype.RecordTypeTest::testRecursiveRecord; com.google.javascript.rhino.jstype.RecordTypeTest::testLongToString
Closure-41,No,No,Yes,
Closure-43,No,Yes,No,com.google.javascript.jscomp.TypeCheckTest::testLends10; com.google.javascript.jscomp.TypeCheckTest::testLends11
Closure-45,No,Yes,No,com.google.javascript.jscomp.RemoveUnusedVarsTest::testNestedAssign1; com.google.javascript.jscomp.RemoveUnusedVarsTest::testNestedAssign2; com.google.javascript.jscomp.RemoveUnusedVarsTest::testNestedAssign3; com.google.javascript.jscomp.RemoveUnusedVarsTest::testIssue618_1
Closure-47,No,Yes,No,com.google.debugging.sourcemap.SourceMapGeneratorV3Test::testParseSourceMetaMap; com.google.debugging.sourcemap.SourceMapGeneratorV3Test::testGoldenOutput0a; com.google.debugging.sourcemap.SourceMapGeneratorV3Test::testMultilineMapping; com.google.debugging.sourcemap.SourceMapGeneratorV3Test::testMultiFunctionMapping; com.google.debugging.sourcemap.SourceMapGeneratorV3Test::testLiteralMappingsGoldenOutput; com.google.debugging.sourcemap.SourceMapGeneratorV3Test::testMultilineMapping2; com.google.debugging.sourcemap.SourceMapGeneratorV3Test::testBasicMappingGoldenOutput; com.google.debugging.sourcemap.SourceMapGeneratorV3Test::testSourceMapMerging; com.google.debugging.sourcemap.SourceMapGeneratorV3Test::testLiteralMappings; com.google.debugging.sourcemap.SourceMapGeneratorV3Test::testBasicMapping1; com.google.debugging.sourcemap.SourceMapGeneratorV3Test::testBasicMapping2; com.google.debugging.sourcemap.SourceMapGeneratorV3Test::testGoldenOutput1; com.google.debugging.sourcemap.SourceMapGeneratorV3Test::testGoldenOutput2; com.google.debugging.sourcemap.SourceMapGeneratorV3Test::testGoldenOutput3; com.google.debugging.sourcemap.SourceMapGeneratorV3Test::testGoldenOutput4; com.google.debugging.sourcemap.SourceMapGeneratorV3Test::testGoldenOutput5
Closure-49,No,Yes,No,com.google.javascript.jscomp.FunctionInjectorTest::testInline19b; com.google.javascript.jscomp.FunctionInjectorTest::testInlineIntoLoop; com.google.javascript.jscomp.FunctionInjectorTest::testInline13; com.google.javascript.jscomp.FunctionInjectorTest::testInline14; com.google.javascript.jscomp.FunctionInjectorTest::testInline15; com.google.javascript.jscomp.FunctionInjectorTest::testInline16; com.google.javascript.jscomp.FunctionInjectorTest::testInline17; com.google.javascript.jscomp.FunctionInjectorTest::testInline18; com.google.javascript.jscomp.FunctionInjectorTest::testInline19; com.google.javascript.jscomp.FunctionInjectorTest::testBug1897706; com.google.javascript.jscomp.FunctionInjectorTest::testInlineFunctionWithInnerFunction5; com.google.javascript.jscomp.FunctionToBlockMutatorTest::testMutateWithParameters3; com.google.javascript.jscomp.FunctionToBlockMutatorTest::testMutateCallInLoopVars1; com.google.javascript.jscomp.FunctionToBlockMutatorTest::testMutateInitializeUninitializedVars1; com.google.javascript.jscomp.FunctionToBlockMutatorTest::testMutateInitializeUninitializedVars2; com.google.javascript.jscomp.FunctionToBlockMutatorTest::testMutateFunctionDefinition; com.google.javascript.jscomp.FunctionToBlockMutatorTest::testMutate8; com.google.javascript.jscomp.InlineFunctionsTest::testLoopWithFunctionWithFunction; com.google.javascript.jscomp.InlineFunctionsTest::testShadowVariables16; com.google.javascript.jscomp.InlineFunctionsTest::testShadowVariables18; com.google.javascript.jscomp.InlineFunctionsTest::testCostBasedInlining11; com.google.javascript.jscomp.InlineFunctionsTest::testMixedModeInliningCosting3; com.google.javascript.jscomp.InlineFunctionsTest::testInlineNeverMutateConstants; com.google.javascript.jscomp.InlineFunctionsTest::testInlineWithThis7; com.google.javascript.jscomp.InlineFunctionsTest::testAnonymous1; com.google.javascript.jscomp.InlineFunctionsTest::testAnonymous3; com.google.javascript.jscomp.InlineFunctionsTest::testShadowVariables1; com.google.javascript.jscomp.InlineFunctionsTest::testShadowVariables3; com.google.javascript.jscomp.InlineFunctionsTest::testShadowVariables6; com.google.javascript.jscomp.InlineFunctionsTest::testShadowVariables7; com.google.javascript.jscomp.InlineFunctionsTest::testFunctionExpressionCallInlining11b; com.google.javascript.jscomp.InlineFunctionsTest::testComplexInlineNoResultNoParamCall3; com.google.javascript.jscomp.InlineFunctionsTest::testCostBasedInlining9; com.google.javascript.jscomp.InlineFunctionsTest::testMethodWithFunctionWithFunction; com.google.javascript.jscomp.InlineFunctionsTest::testFunctionExpressionYCombinator; com.google.javascript.jscomp.InlineFunctionsTest::testComplexInlineVars7; com.google.javascript.jscomp.InlineFunctionsTest::testComplexFunctionWithFunctionDefinition2a; com.google.javascript.jscomp.InlineFunctionsTest::testComplexInline7; com.google.javascript.jscomp.InlineFunctionsTest::testFunctionExpressionOmega; com.google.javascript.jscomp.InlineFunctionsTest::testInlineFunctions15b; com.google.javascript.jscomp.InlineFunctionsTest::testInlineFunctions15d; com.google.javascript.jscomp.InlineFunctionsTest::testInlineFunctions16a; com.google.javascript.jscomp.InlineFunctionsTest::testBug4944818; com.google.javascript.jscomp.InlineFunctionsTest::testComplexSample; com.google.javascript.jscomp.InlineFunctionsTest::testNoInlineIfParametersModified1; com.google.javascript.jscomp.InlineFunctionsTest::testNoInlineIfParametersModified2; com.google.javascript.jscomp.InlineFunctionsTest::testNoInlineIfParametersModified3; com.google.javascript.jscomp.InlineFunctionsTest::testNoInlineIfParametersModified4; com.google.javascript.jscomp.InlineFunctionsTest::testNoInlineIfParametersModified5; com.google.javascript.jscomp.InlineFunctionsTest::testNoInlineIfParametersModified6; com.google.javascript.jscomp.InlineFunctionsTest::testNoInlineIfParametersModified7; com.google.javascript.jscomp.InlineFunctionsTest::testIssue423; com.google.javascript.jscomp.InlineFunctionsTest::testComplexFunctionWithFunctionDefinition2; com.google.javascript.jscomp.InlineFunctionsTest::testComplexFunctionWithFunctionDefinition3; com.google.javascript.jscomp.InlineFunctionsTest::testDecomposeFunctionExpressionInCall; com.google.javascript.jscomp.InlineFunctionsTest::testInlineNeverOverrideNewValues; com.google.javascript.jscomp.InlineFunctionsTest::testInlineBlockMutableArgs1; com.google.javascript.jscomp.InlineFunctionsTest::testInlineBlockMutableArgs2; com.google.javascript.jscomp.InlineFunctionsTest::testInlineBlockMutableArgs3; com.google.javascript.jscomp.InlineFunctionsTest::testInlineBlockMutableArgs4; com.google.javascript.jscomp.InlineFunctionsTest::testInlineFunctions10; com.google.javascript.jscomp.InlineFunctionsTest::testInlineFunctions13; com.google.javascript.jscomp.InlineFunctionsTest::testInlineFunctions22; com.google.javascript.jscomp.InlineFunctionsTest::testInlineFunctions23; com.google.javascript.jscomp.InlineFunctionsTest::testInlineFunctions9; com.google.javascript.jscomp.MakeDeclaredNamesUniqueTest::testMakeLocalNamesUniqueWithContext5
Closure-50,No,Yes,No,com.google.javascript.jscomp.PeepholeReplaceKnownMethodsTest::testStringJoinAdd; com.google.javascript.jscomp.PeepholeReplaceKnownMethodsTest::testNoStringJoin
Closure-51,Yes,No,No,
Closure-53,Yes,No,No,
Closure-54,No,Yes,No,com.google.javascript.jscomp.TypeCheckTest::testIssue537a; com.google.javascript.jscomp.TypeCheckTest::testIssue537b; com.google.javascript.jscomp.TypedScopeCreatorTest::testPropertyOnUnknownSuperClass2
Closure-60,Yes,No,No,
Closure-64,No,Yes,No,com.google.javascript.jscomp.CodePrinterTest::testStrict
Closure-68,No,Yes,No,com.google.javascript.jscomp.parsing.JsDocInfoParserTest::testIssue477
Closure-72,No,Yes,No,com.google.javascript.jscomp.InlineFunctionsTest::testInlineFunctions31
Closure-74,No,No,Yes,
Closure-75,No,Yes,No,com.google.javascript.jscomp.PeepholeFoldConstantsTest::testFoldingMixTypes; com.google.javascript.jscomp.PeepholeFoldConstantsTest::testUnaryOps
Closure-76,No,Yes,No,com.google.javascript.jscomp.DeadAssignmentsEliminationTest::testInExpression2
Closure-79,No,Yes,No,com.google.javascript.jscomp.VarCheckTest::testPropReferenceInExterns1; com.google.javascript.jscomp.VarCheckTest::testPropReferenceInExterns3; com.google.javascript.jscomp.VarCheckTest::testVarReferenceInExterns; com.google.javascript.jscomp.VarCheckTest::testCallInExterns
Closure-80,Yes,No,No,
Closure-84,No,Yes,No,com.google.javascript.jscomp.parsing.ParserTest::testDestructuringAssignForbidden4
Closure-85,No,Yes,No,com.google.javascript.jscomp.UnreachableCodeEliminationTest::testCascadedRemovalOfUnlessUnconditonalJumps; com.google.javascript.jscomp.UnreachableCodeEliminationTest::testIssue311
Closure-89,No,Yes,No,com.google.javascript.jscomp.CollapsePropertiesTest::testAddPropertyToChildOfUncollapsibleFunctionInLocalScope; com.google.javascript.jscomp.CollapsePropertiesTest::testAliasCreatedForFunctionDepth1_1; com.google.javascript.jscomp.CollapsePropertiesTest::testAliasCreatedForFunctionDepth1_2; com.google.javascript.jscomp.CollapsePropertiesTest::testAliasCreatedForFunctionDepth1_3; com.google.javascript.jscomp.CollapsePropertiesTest::testAddPropertyToUncollapsibleNamedCtorInLocalScopeDepth1; com.google.javascript.jscomp.CollapsePropertiesTest::testAddPropertyToUncollapsibleFunctionInLocalScopeDepth1; com.google.javascript.jscomp.CollapsePropertiesTest::testAddPropertyToUncollapsibleFunctionInLocalScopeDepth2; com.google.javascript.jscomp.CollapsePropertiesTest::testAliasCreatedForFunctionDepth2
Closure-90,No,Yes,No,com.google.javascript.jscomp.TypeCheckTest::testBackwardsTypedefUse8; com.google.javascript.jscomp.TypeCheckTest::testBackwardsTypedefUse9
Closure-98,Yes,No,No,
Closure-99,No,Yes,No,com.google.javascript.jscomp.CheckGlobalThisTest::testPropertyOfMethod; com.google.javascript.jscomp.CheckGlobalThisTest::testPropertyOfMethod
Closure-100,No,Yes,No,com.google.javascript.jscomp.CheckGlobalThisTest::testStaticFunction6; com.google.javascript.jscomp.CheckGlobalThisTest::testStaticFunction7; com.google.javascript.jscomp.CheckGlobalThisTest::testStaticFunction8; com.google.javascript.jscomp.CheckGlobalThisTest::testGlobalThis7; com.google.javascript.jscomp.CheckGlobalThisTest::testStaticMethod2; com.google.javascript.jscomp.CheckGlobalThisTest::testStaticMethod3; com.google.javascript.jscomp.CheckGlobalThisTest::testInnerFunction1; com.google.javascript.jscomp.CheckGlobalThisTest::testInnerFunction2; com.google.javascript.jscomp.CheckGlobalThisTest::testInnerFunction3
Closure-103,No,Yes,No,com.google.javascript.jscomp.DisambiguatePropertiesTest::testTwoSeparateFieldsTwoTypes; com.google.javascript.jscomp.DisambiguatePropertiesTest::testUnresolvedType; com.google.javascript.jscomp.DisambiguatePropertiesTest::testInterfaceOfSuperclass; com.google.javascript.jscomp.DisambiguatePropertiesTest::testTwoTypes; com.google.javascript.jscomp.DisambiguatePropertiesTest::testOneType; com.google.javascript.jscomp.DisambiguatePropertiesTest::testSubtypesWithSameField; com.google.javascript.jscomp.DisambiguatePropertiesTest::testSuperInterface; com.google.javascript.jscomp.DisambiguatePropertiesTest::testCast; com.google.javascript.jscomp.DisambiguatePropertiesTest::testPrototypeAndInstance; com.google.javascript.jscomp.DisambiguatePropertiesTest::testUnionType; com.google.javascript.jscomp.DisambiguatePropertiesTest::testTwoFields; com.google.javascript.jscomp.DisambiguatePropertiesTest::testTwoInterfacesWithSomeInheritance; com.google.javascript.jscomp.DisambiguatePropertiesTest::testMultipleInterfaces; com.google.javascript.jscomp.DisambiguatePropertiesTest::testClosureInherits; com.google.javascript.jscomp.DisambiguatePropertiesTest::testSupertypeWithSameField
Closure-105,Yes,No,No,
Closure-106,No,No,Yes,
Closure-108,No,Yes,No,com.google.javascript.jscomp.ScopedAliasesTest::testIssue1144
Closure-110,No,Yes,No,
Closure-115,Yes,No,No,
Closure-116,No,Yes,No,com.google.javascript.jscomp.FunctionInjectorTest::testIssue1101a; com.google.javascript.jscomp.FunctionInjectorTest::testIssue1101b; com.google.javascript.jscomp.InlineFunctionsTest::testBug4944818; com.google.javascript.jscomp.InlineFunctionsTest::testDoubleInlining2; com.google.javascript.jscomp.InlineFunctionsTest::testIssue1101; com.google.javascript.jscomp.InlineFunctionsTest::testInlineIfParametersModified8; com.google.javascript.jscomp.InlineFunctionsTest::testInlineIfParametersModified9; com.google.javascript.jscomp.InlineFunctionsTest::testInlineFunctions6
Closure-117,No,Yes,No,com.google.javascript.jscomp.TypeCheckTest::testIssue1047
Closure-134,No,No,Yes,
Closure-135,No,Yes,No,com.google.javascript.jscomp.DevirtualizePrototypeMethodsTest::testRewritePrototypeMethods2; com.google.javascript.jscomp.TypeCheckTest::testGoodExtends9
Closure-136,No,Yes,No,com.google.javascript.jscomp.InlineGettersTest::testIssue2508576_1; com.google.javascript.jscomp.InlineGettersTest::testIssue2508576_3; com.google.javascript.jscomp.MethodCheckTest::testSeparateMethods; com.google.javascript.jscomp.RenameVarsTest::testDollarSignSuperExport2
Closure-137,No,Yes,No,com.google.javascript.jscomp.MakeDeclaredNamesUniqueTest::testOnlyInversion3; com.google.javascript.jscomp.MakeDeclaredNamesUniqueTest::testOnlyInversion4; com.google.javascript.jscomp.MakeDeclaredNamesUniqueTest::testArguments; com.google.javascript.jscomp.MakeDeclaredNamesUniqueTest::testMakeLocalNamesUniqueWithContext1; com.google.javascript.jscomp.NormalizeTest::testRemoveDuplicateVarDeclarations2
Closure-138,No,Yes,No,com.google.javascript.jscomp.ClosureReverseAbstractInterpreterTest::testGoogIsArrayOnNull; com.google.javascript.jscomp.ClosureReverseAbstractInterpreterTest::testGoogIsFunctionOnNull; com.google.javascript.jscomp.ClosureReverseAbstractInterpreterTest::testGoogIsObjectOnNull; com.google.javascript.jscomp.TypeCheckTest::testIssue124b; com.google.javascript.jscomp.TypeCheckTest::testIssue124
Closure-139,No,Yes,No,com.google.javascript.jscomp.NormalizeTest::testNormalizeFunctionDeclarations; com.google.javascript.jscomp.NormalizeTest::testRemoveDuplicateVarDeclarations3; com.google.javascript.jscomp.NormalizeTest::testMoveFunctions2
Closure-140,No,Yes,No,com.google.javascript.jscomp.CrossModuleCodeMotionTest::testEmptyModule
Closure-141,No,Yes,No,com.google.javascript.jscomp.ExpresssionDecomposerTest::testCanExposeExpression2; com.google.javascript.jscomp.ExpresssionDecomposerTest::testCanExposeExpression7; com.google.javascript.jscomp.InlineFunctionsTest::testDecomposeAnonymousInCall
Closure-142,No,Yes,No,com.google.javascript.jscomp.CoalesceVariableNamesTest::testParameter4; com.google.javascript.jscomp.parsing.JsDocInfoParserTest::testParseLicenseWithAnnotation
Closure-143,No,Yes,No,com.google.javascript.jscomp.CommandLineRunnerTest::testDefineFlag3; com.google.javascript.jscomp.RemoveConstantExpressionsTest::testCall1; com.google.javascript.jscomp.RemoveConstantExpressionsTest::testNew1
Closure-144,No,Yes,No,com.google.javascript.jscomp.CodePrinterTest::testTypeAnnotationsAssign; com.google.javascript.jscomp.CodePrinterTest::testTypeAnnotationsMember; com.google.javascript.jscomp.CodePrinterTest::testOptionalTypesAnnotation; com.google.javascript.jscomp.CodePrinterTest::testTempConstructor; com.google.javascript.jscomp.CodePrinterTest::testTypeAnnotationsDispatcher1; com.google.javascript.jscomp.CodePrinterTest::testTypeAnnotationsDispatcher2; com.google.javascript.jscomp.CodePrinterTest::testTypeAnnotationsImplements; com.google.javascript.jscomp.CodePrinterTest::testTypeAnnotationsNamespace; com.google.javascript.jscomp.CodePrinterTest::testTypeAnnotations; com.google.javascript.jscomp.CodePrinterTest::testVariableArgumentsTypesAnnotation; com.google.javascript.jscomp.CodePrinterTest::testEmitUnknownParamTypesAsAllType; com.google.javascript.jscomp.CodePrinterTest::testTypeAnnotationsMemberSubclass; com.google.javascript.jscomp.DevirtualizePrototypeMethodsTest::testRewritePrototypeMethods2; com.google.javascript.jscomp.DisambiguatePropertiesTest::testStaticProperty; com.google.javascript.jscomp.ExternExportsPassTest::testExportDontEmitPrototypePathPrefix; com.google.javascript.jscomp.ExternExportsPassTest::testExportMultiple; com.google.javascript.jscomp.ExternExportsPassTest::testExportSymbolWithConstructor; com.google.javascript.jscomp.ExternExportsPassTest::testExportSymbolDefinedInVar; com.google.javascript.jscomp.ExternExportsPassTest::testExportSymbol; com.google.javascript.jscomp.ExternExportsPassTest::testExportMultiple2; com.google.javascript.jscomp.ExternExportsPassTest::testExportMultiple3; com.google.javascript.jscomp.ExternExportsPassTest::testExportProperty; com.google.javascript.jscomp.LooseTypeCheckTest::testNestedFunctionInference1; com.google.javascript.jscomp.LooseTypeCheckTest::testScoping10; com.google.javascript.jscomp.LooseTypeCheckTest::testDuplicateOldTypeDef; com.google.javascript.jscomp.LooseTypeCheckTest::testBadConstructorCall; com.google.javascript.jscomp.LooseTypeCheckTest::testDontAddMethodsIfNoConstructor; com.google.javascript.jscomp.LooseTypeCheckTest::testInterfaceInheritanceCheck11; com.google.javascript.jscomp.LooseTypeCheckTest::testErrorMismatchingPropertyOnInterface5; com.google.javascript.jscomp.LooseTypeCheckTest::testDuplicateTypeDef; com.google.javascript.jscomp.LooseTypeCheckTest::testBug911118; com.google.javascript.jscomp.LooseTypeCheckTest::testFunctionInference12; com.google.javascript.jscomp.LooseTypeCheckTest::testFunctionInference13; com.google.javascript.jscomp.LooseTypeCheckTest::testFunctionInference15; com.google.javascript.jscomp.LooseTypeCheckTest::testFunctionInference16; com.google.javascript.jscomp.LooseTypeCheckTest::testPrototypePropertyReference; com.google.javascript.jscomp.LooseTypeCheckTest::testGoodExtends7; com.google.javascript.jscomp.LooseTypeCheckTest::testTypeRedefinition; com.google.javascript.jscomp.LooseTypeCheckTest::testFunctionInference1; com.google.javascript.jscomp.LooseTypeCheckTest::testFunctionInference2; com.google.javascript.jscomp.LooseTypeCheckTest::testFunctionInference3; com.google.javascript.jscomp.LooseTypeCheckTest::testFunctionInference4; com.google.javascript.jscomp.LooseTypeCheckTest::testFunctionInference7; com.google.javascript.jscomp.LooseTypeCheckTest::testFunctionInference8; com.google.javascript.jscomp.LooseTypeCheckTest::testFunctionInference9; com.google.javascript.jscomp.LooseTypeCheckTest::testInterfaceInheritanceCheck7; com.google.javascript.jscomp.LooseTypeCheckTest::testDuplicateStaticMethodDecl1; com.google.javascript.jscomp.LooseTypeCheckTest::testDuplicateStaticMethodDecl5; com.google.javascript.jscomp.TypeCheckTest::testNestedFunctionInference1; com.google.javascript.jscomp.TypeCheckTest::testScoping10; com.google.javascript.jscomp.TypeCheckTest::testDuplicateOldTypeDef; com.google.javascript.jscomp.TypeCheckTest::testInferredReturn1; com.google.javascript.jscomp.TypeCheckTest::testInferredReturn2; com.google.javascript.jscomp.TypeCheckTest::testInferredReturn3; com.google.javascript.jscomp.TypeCheckTest::testInferredReturn4; com.google.javascript.jscomp.TypeCheckTest::testInferredReturn6; com.google.javascript.jscomp.TypeCheckTest::testBadConstructorCall; com.google.javascript.jscomp.TypeCheckTest::testDontAddMethodsIfNoConstructor; com.google.javascript.jscomp.TypeCheckTest::testInterfaceInheritanceCheck11; com.google.javascript.jscomp.TypeCheckTest::testErrorMismatchingPropertyOnInterface5; com.google.javascript.jscomp.TypeCheckTest::testDuplicateTypeDef; com.google.javascript.jscomp.TypeCheckTest::testBug911118; com.google.javascript.jscomp.TypeCheckTest::testFunctionInference12; com.google.javascript.jscomp.TypeCheckTest::testFunctionInference13; com.google.javascript.jscomp.TypeCheckTest::testFunctionInference15; com.google.javascript.jscomp.TypeCheckTest::testFunctionInference16; com.google.javascript.jscomp.TypeCheckTest::testPrototypePropertyReference; com.google.javascript.jscomp.TypeCheckTest::testGoodExtends7; com.google.javascript.jscomp.TypeCheckTest::testTypeRedefinition; com.google.javascript.jscomp.TypeCheckTest::testFunctionInference1; com.google.javascript.jscomp.TypeCheckTest::testFunctionInference2; com.google.javascript.jscomp.TypeCheckTest::testFunctionInference3; com.google.javascript.jscomp.TypeCheckTest::testFunctionInference4; com.google.javascript.jscomp.TypeCheckTest::testFunctionInference7; com.google.javascript.jscomp.TypeCheckTest::testFunctionInference8; com.google.javascript.jscomp.TypeCheckTest::testFunctionInference9; com.google.javascript.jscomp.TypeCheckTest::testInterfaceInheritanceCheck7; com.google.javascript.jscomp.TypeCheckTest::testDuplicateStaticMethodDecl1; com.google.javascript.jscomp.TypeCheckTest::testDuplicateStaticMethodDecl5; com.google.javascript.jscomp.TypedScopeCreatorTest::testConstructorNode; com.google.javascript.jscomp.TypedScopeCreatorTest::testPropertiesOnInterface; com.google.javascript.jscomp.TypedScopeCreatorTest::testMethodBeforeFunction; com.google.javascript.jscomp.TypedScopeCreatorTest::testConstructorProperty; com.google.javascript.jscomp.TypedScopeCreatorTest::testReturnTypeInference1
Closure-147,No,Yes,No,com.google.javascript.jscomp.CheckGlobalThisTest::testIssue182a; com.google.javascript.jscomp.CheckGlobalThisTest::testIssue182b; com.google.javascript.jscomp.RuntimeTypeCheckTest::testValueWithInnerFn
Closure-148,No,Yes,No,com.google.javascript.jscomp.PeepholeFoldConstantsTest::testFoldTypeof; com.google.javascript.jscomp.SourceMapTest::testGoldenOutput0; com.google.javascript.jscomp.SourceMapTest::testGoldenOutput1; com.google.javascript.jscomp.SourceMapTest::testGoldenOutput2; com.google.javascript.jscomp.SourceMapTest::testGoldenOutput3; com.google.javascript.jscomp.SourceMapTest::testGoldenOutput4
Closure-149,No,Yes,No,com.google.javascript.jscomp.CommandLineRunnerTest::testCharSetExpansion
Closure-151,No,Yes,No,com.google.javascript.jscomp.CommandLineRunnerTest::testVersionFlag
Closure-153,No,Yes,No,com.google.javascript.jscomp.NormalizeTest::testMakeLocalNamesUnique
Closure-154,No,Yes,No,com.google.javascript.jscomp.TypeCheckTest::testInterfaceInheritanceCheck12
Closure-155,No,Yes,No,com.google.javascript.jscomp.InlineVariablesTest::testArgumentsModifiedInInnerFunction; com.google.javascript.jscomp.InlineVariablesTest::testArgumentsModifiedInOuterFunction; com.google.javascript.jscomp.InlineVariablesTest::testIssue378ModifiedArguments1; com.google.javascript.jscomp.InlineVariablesTest::testIssue378ModifiedArguments2; com.google.javascript.jscomp.InlineVariablesTest::testIssue378EscapedArguments1; com.google.javascript.jscomp.InlineVariablesTest::testIssue378EscapedArguments2; com.google.javascript.jscomp.InlineVariablesTest::testIssue378EscapedArguments4
Closure-156,No,Yes,No,com.google.javascript.jscomp.CollapsePropertiesTest::testAliasedTopLevelEnum; com.google.javascript.jscomp.CollapsePropertiesTest::testIssue389
Closure-157,No,Yes,No,com.google.javascript.jscomp.CodePrinterTest::testPrint; com.google.javascript.jscomp.CodePrinterTest::testLineBreak; com.google.javascript.jscomp.CodePrinterTest::testObjectLit; com.google.javascript.jscomp.CodePrinterTest::testObjectLit3; com.google.javascript.jscomp.CodePrinterTest::testGetter; com.google.javascript.jscomp.CodePrinterTest::testSetter; com.google.javascript.jscomp.CodePrinterTest::testObjectLit; com.google.javascript.jscomp.FunctionNamesTest::testFunctionsNamesAndIds; com.google.javascript.jscomp.InlineSimpleMethodsTest::testSimpleGetterInline1; com.google.javascript.jscomp.InlineSimpleMethodsTest::testSimpleSetterInline1; com.google.javascript.jscomp.InlineSimpleMethodsTest::testObjectLit; com.google.javascript.jscomp.InlineSimpleMethodsTest::testObjectLit2; com.google.javascript.jscomp.InlineSimpleMethodsTest::testIssue2508576_1; com.google.javascript.jscomp.InlineSimpleMethodsTest::testIssue2508576_2; com.google.javascript.jscomp.InlineSimpleMethodsTest::testAnonymousGet; com.google.javascript.jscomp.InlineSimpleMethodsTest::testAnonymousSet; com.google.javascript.jscomp.InlineSimpleMethodsTest::testSimpleInline2; com.google.javascript.jscomp.RenamePropertiesTest::testPrototypePropertiesAsObjLitKeys2; com.google.javascript.jscomp.RenamePropertiesTest::testPrototypePropertiesAsObjLitKeys3; com.google.javascript.jscomp.SimpleDefinitionFinderTest::testDefineNumber; com.google.javascript.jscomp.parsing.IRFactoryTest::testObjectLiteral6; com.google.javascript.jscomp.parsing.IRFactoryTest::testObjectLiteral7; com.google.javascript.jscomp.parsing.IRFactoryTest::testObjectLiteral8; com.google.javascript.jscomp.parsing.ParserTest::testObjectLiteralDoc1
Closure-158,No,No,Yes,
Closure-160,No,No,Yes,
Closure-162,Yes,No,No,
Closure-163,No,No,Yes,
Closure-164,No,Yes,No,com.google.javascript.jscomp.parsing.JsDocInfoParserTest::testParseUnionType14; com.google.javascript.rhino.jstype.FunctionTypeTest::testSupAndInfWithDifferentParams
Closure-165,No,Yes,No,com.google.javascript.jscomp.RemoveUnusedNamesTest::testStatement; com.google.javascript.jscomp.RemoveUnusedNamesTest::testAnalyzeUnusedPrototypeProperties; com.google.javascript.jscomp.RemoveUnusedNamesTest::testAnalyzeUnusedPrototypeProperties3; com.google.javascript.jscomp.RemoveUnusedPrototypePropertiesTest::testUsingAnonymousObjectsToDefeatRemoval; com.google.javascript.jscomp.RemoveUnusedPrototypePropertiesTest::testAliasing1; com.google.javascript.jscomp.RemoveUnusedPrototypePropertiesTest::testAliasing2; com.google.javascript.jscomp.RemoveUnusedPrototypePropertiesTest::testAliasing3; com.google.javascript.jscomp.RemoveUnusedPrototypePropertiesTest::testAliasing4; com.google.javascript.jscomp.RemoveUnusedPrototypePropertiesTest::testAliasing5; com.google.javascript.jscomp.RemoveUnusedPrototypePropertiesTest::testAliasing6; com.google.javascript.jscomp.RemoveUnusedPrototypePropertiesTest::testAliasing7; com.google.javascript.jscomp.RemoveUnusedPrototypePropertiesTest::testMethodsFromExternsFileNotExported; com.google.javascript.jscomp.RemoveUnusedPrototypePropertiesTest::testGetterBaseline; com.google.javascript.jscomp.RemoveUnusedPrototypePropertiesTest::testHook1; com.google.javascript.jscomp.RemoveUnusedPrototypePropertiesTest::testHook2; com.google.javascript.jscomp.RemoveUnusedPrototypePropertiesTest::testExternMethodsFromExternsFile; com.google.javascript.jscomp.RemoveUnusedPrototypePropertiesTest::testGlobalFunctionsInGraph; com.google.javascript.jscomp.RemoveUnusedPrototypePropertiesTest::testGetter1; com.google.javascript.jscomp.RemoveUnusedPrototypePropertiesTest::testGetter2; com.google.javascript.jscomp.RemoveUnusedPrototypePropertiesTest::testGlobalFunctionsInGraph2; com.google.javascript.jscomp.RemoveUnusedPrototypePropertiesTest::testGlobalFunctionsInGraph3; com.google.javascript.jscomp.RemoveUnusedPrototypePropertiesTest::testGlobalFunctionsInGraph4; com.google.javascript.jscomp.RemoveUnusedPrototypePropertiesTest::testGlobalFunctionsInGraph5; com.google.javascript.jscomp.RemoveUnusedPrototypePropertiesTest::testGlobalFunctionsInGraph6; com.google.javascript.jscomp.RemoveUnusedPrototypePropertiesTest::testGlobalFunctionsInGraph7; com.google.javascript.jscomp.RemoveUnusedPrototypePropertiesTest::testNeverRemoveImplicitlyUsedProperties; com.google.javascript.jscomp.RemoveUnusedPrototypePropertiesTest::testAnalyzePrototypeProperties; com.google.javascript.jscomp.RemoveUnusedPrototypePropertiesTest::testExportedMethodsByNamingConventionAlwaysExported; com.google.javascript.jscomp.RemoveUnusedPrototypePropertiesTest::testExportedMethodsByNamingConvention; com.google.javascript.jscomp.RemoveUnusedPrototypePropertiesTest::testPropertiesDefinedWithGetElem; com.google.javascript.jscomp.RemoveUnusedPrototypePropertiesTest::testPropertyDefinedInBranch; com.google.javascript.jscomp.RemoveUnusedPrototypePropertiesTest::testStatementRestriction; com.google.javascript.jscomp.RemoveUnusedPrototypePropertiesTest::testPropertyReferenceGraph; com.google.javascript.jscomp.RemoveUnusedVarsTest::testCallSiteInteraction; com.google.javascript.jscomp.RemoveUnusedVarsTest::testVarInControlStructure; com.google.javascript.jscomp.RemoveUnusedVarsTest::testRecursiveFunction1; com.google.javascript.jscomp.RemoveUnusedVarsTest::testRecursiveFunction2; com.google.javascript.jscomp.RemoveUnusedVarsTest::testFunctionArgRemovalCausingInconsistency; com.google.javascript.jscomp.RemoveUnusedVarsTest::testDoNotOptimizeJSCompiler_renameProperty; com.google.javascript.jscomp.RemoveUnusedVarsTest::testCallSiteInteraction_contructors; com.google.javascript.jscomp.RemoveUnusedVarsTest::testRemoveInheritedClass10; com.google.javascript.jscomp.RemoveUnusedVarsTest::testRemoveInheritedClass11; com.google.javascript.jscomp.RemoveUnusedVarsTest::testRemoveInheritedClass12; com.google.javascript.jscomp.RemoveUnusedVarsTest::testRemoveGlobal1; com.google.javascript.jscomp.RemoveUnusedVarsTest::testRemoveGlobal2; com.google.javascript.jscomp.RemoveUnusedVarsTest::testRemoveGlobal3; com.google.javascript.jscomp.RemoveUnusedVarsTest::testRemoveGlobal4; com.google.javascript.jscomp.RemoveUnusedVarsTest::testFunctionArgRemovalFromCallSites; com.google.javascript.jscomp.RemoveUnusedVarsTest::testLocalVarReferencesGlobalVar1; com.google.javascript.jscomp.RemoveUnusedVarsTest::testLocalVarReferencesGlobalVar2; com.google.javascript.jscomp.RemoveUnusedVarsTest::testNestedAssign1; com.google.javascript.jscomp.RemoveUnusedVarsTest::testNestedAssign2; com.google.javascript.jscomp.RemoveUnusedVarsTest::testNestedAssign3; com.google.javascript.jscomp.RemoveUnusedVarsTest::testUnusedAssign1; com.google.javascript.jscomp.RemoveUnusedVarsTest::testUnusedAssign2; com.google.javascript.jscomp.RemoveUnusedVarsTest::testUnusedAssign3; com.google.javascript.jscomp.RemoveUnusedVarsTest::testUnusedAssign4; com.google.javascript.jscomp.RemoveUnusedVarsTest::testUnusedAssign5; com.google.javascript.jscomp.RemoveUnusedVarsTest::testUnusedAssign6; com.google.javascript.jscomp.RemoveUnusedVarsTest::testUnusedAssign7; com.google.javascript.jscomp.RemoveUnusedVarsTest::testUnusedAssign8; com.google.javascript.jscomp.RemoveUnusedVarsTest::testUsedPropAssign1; com.google.javascript.jscomp.RemoveUnusedVarsTest::testUsedPropAssign2; com.google.javascript.jscomp.RemoveUnusedVarsTest::testUsedPropAssign3; com.google.javascript.jscomp.RemoveUnusedVarsTest::testUsedPropAssign4; com.google.javascript.jscomp.RemoveUnusedVarsTest::testUsedPropAssign5; com.google.javascript.jscomp.RemoveUnusedVarsTest::testUsedPropAssign6; com.google.javascript.jscomp.RemoveUnusedVarsTest::testUsedPropAssign7; com.google.javascript.jscomp.RemoveUnusedVarsTest::testUsedPropAssign8; com.google.javascript.jscomp.RemoveUnusedVarsTest::testUsedPropAssign9; com.google.javascript.jscomp.RemoveUnusedVarsTest::testUnusedAssign5b; com.google.javascript.jscomp.RemoveUnusedVarsTest::testUnusedAssign6b; com.google.javascript.jscomp.RemoveUnusedVarsTest::testDependencies1; com.google.javascript.jscomp.RemoveUnusedVarsTest::testDependencies2; com.google.javascript.jscomp.RemoveUnusedVarsTest::testFunctionWithName1; com.google.javascript.jscomp.RemoveUnusedVarsTest::testFunctionWithName2; com.google.javascript.jscomp.RemoveUnusedVarsTest::testFunctionsDeadButEscaped; com.google.javascript.jscomp.RemoveUnusedVarsTest::testIssue618_1; com.google.javascript.jscomp.RemoveUnusedVarsTest::testIssue618_2; com.google.javascript.jscomp.RemoveUnusedVarsTest::testRValueHoisting; com.google.javascript.jscomp.RemoveUnusedVarsTest::testUnusedPropAssign1; com.google.javascript.jscomp.RemoveUnusedVarsTest::testUnusedPropAssign2; com.google.javascript.jscomp.RemoveUnusedVarsTest::testUnusedPropAssign3; com.google.javascript.jscomp.RemoveUnusedVarsTest::testUnusedPropAssign4; com.google.javascript.jscomp.RemoveUnusedVarsTest::testUnusedPropAssign5; com.google.javascript.jscomp.RemoveUnusedVarsTest::testUnusedPropAssign6; com.google.javascript.jscomp.RemoveUnusedVarsTest::testUnusedPropAssign7; com.google.javascript.jscomp.RemoveUnusedVarsTest::testIssue168a; com.google.javascript.jscomp.RemoveUnusedVarsTest::testIssue168b; com.google.javascript.jscomp.RemoveUnusedVarsTest::testDoNotOptimizeSetters; com.google.javascript.jscomp.RemoveUnusedVarsTest::testUnusedPropAssign1b; com.google.javascript.jscomp.RemoveUnusedVarsTest::testUnusedPropAssign2b; com.google.javascript.jscomp.RemoveUnusedVarsTest::testUnusedPropAssign3b; com.google.javascript.jscomp.RemoveUnusedVarsTest::testUnusedPropAssign7b; com.google.javascript.jscomp.RemoveUnusedVarsTest::testUnusedPropAssign7c; com.google.javascript.jscomp.RemoveUnusedVarsTest::testReflectedMethods; com.google.javascript.jscomp.RemoveUnusedVarsTest::testRemoveUnusedVars; com.google.javascript.jscomp.RemoveUnusedVarsTest::testDoNotOptimizeJSCompiler_ObjectPropertyString; com.google.javascript.jscomp.RemoveUnusedVarsTest::testModule; com.google.javascript.jscomp.RemoveUnusedVarsTest::testRemoveInheritedClass1; com.google.javascript.jscomp.RemoveUnusedVarsTest::testRemoveInheritedClass2; com.google.javascript.jscomp.RemoveUnusedVarsTest::testRemoveInheritedClass3; com.google.javascript.jscomp.RemoveUnusedVarsTest::testRemoveInheritedClass4; com.google.javascript.jscomp.RemoveUnusedVarsTest::testRemoveInheritedClass5; com.google.javascript.jscomp.RemoveUnusedVarsTest::testRemoveInheritedClass6; com.google.javascript.jscomp.RemoveUnusedVarsTest::testRemoveInheritedClass7; com.google.javascript.jscomp.RemoveUnusedVarsTest::testRemoveInheritedClass8; com.google.javascript.jscomp.RemoveUnusedVarsTest::testRemoveInheritedClass9; com.google.javascript.jscomp.RemoveUnusedVarsTest::testDependencies1b; com.google.javascript.jscomp.RemoveUnusedVarsTest::testDependencies1c; com.google.javascript.jscomp.RemoveUnusedVarsTest::testDependencies2b; com.google.javascript.jscomp.RemoveUnusedVarsTest::testDependencies2c; com.google.javascript.jscomp.RemoveUnusedVarsTest::testFunctionArgRemoval; com.google.javascript.jscomp.RemoveUnusedVarsTest::testGlobalVarReferencesLocalVar; com.google.javascript.jscomp.RemoveUnusedVarsTest::testRemoveUnusedVarsPossibleNpeCase; com.google.javascript.jscomp.RenameLabelsTest::testRenameGlobals; com.google.javascript.jscomp.RenameLabelsTest::testRenameInFunction; com.google.javascript.jscomp.RenameLabelsTest::testRenameReused; com.google.javascript.jscomp.RenameLocalVarsTest::testRenameLocalsClashingWithGlobals; com.google.javascript.jscomp.RenameLocalVarsTest::testRenameWithPrefix1; com.google.javascript.jscomp.RenameLocalVarsTest::testRenameWithPrefix2; com.google.javascript.jscomp.RenameLocalVarsTest::testRenameWithPrefix3; com.google.javascript.jscomp.RenameLocalVarsTest::testRenameGlobals; com.google.javascript.jscomp.RenameLocalVarsTest::testDoNotRenameExportedName; com.google.javascript.jscomp.RenameLocalVarsTest::testRenameWithNameOverlap; com.google.javascript.jscomp.RenameLocalVarsTest::testRenameLocals; com.google.javascript.jscomp.RenameLocalVarsTest::testRenameNested; com.google.javascript.jscomp.RenameLocalVarsTest::testRenameSimple; com.google.javascript.jscomp.RenameLocalVarsTest::testRenameWithExterns1; com.google.javascript.jscomp.RenameLocalVarsTest::testRenameWithExterns2; com.google.javascript.jscomp.RenamePropertiesTest::testExternedPropertyName; com.google.javascript.jscomp.RenamePropertiesTest::testExternedPropertyNameDefinedByObjectLiteral; com.google.javascript.jscomp.RenamePropertiesTest::testSetQuotedPropertyOfThis; com.google.javascript.jscomp.RenamePropertiesTest::testObjectLiteralInLocalScope; com.google.javascript.jscomp.RenamePropertiesTest::testOverlappingOriginalAndGeneratedNamesStable; com.google.javascript.jscomp.RenamePropertiesTest::testPropertyOfObjectOfUnknownType; com.google.javascript.jscomp.RenamePropertiesTest::testPrototypeProperties; com.google.javascript.jscomp.RenamePropertiesTest::testStaticAndInstanceMethodWithSameName; com.google.javascript.jscomp.RenamePropertiesTest::testAvoidingConflictsBetQuotedAndUnquotedPropertyNamesStable; com.google.javascript.jscomp.RenamePropertiesTest::testSetPropertyOfThis; com.google.javascript.jscomp.RenamePropertiesTest::testOverlappingOriginalAndGeneratedNames; com.google.javascript.jscomp.RenamePropertiesTest::testPropertyAffinityOff; com.google.javascript.jscomp.RenamePropertiesTest::testPrototypePropertiesAsObjLitKeysStable; com.google.javascript.jscomp.RenamePropertiesTest::testReadPropertyOfThis; com.google.javascript.jscomp.RenamePropertiesTest::testPrototypePropertiesAsObjLitKeys1; com.google.javascript.jscomp.RenamePropertiesTest::testPrototypePropertiesAsObjLitKeys2; com.google.javascript.jscomp.RenamePropertiesTest::testPrototypePropertiesAsObjLitKeys3; com.google.javascript.jscomp.RenamePropertiesTest::testGeneratePseudoNames; com.google.javascript.jscomp.RenamePropertiesTest::testRenamePropertiesFunctionCall1; com.google.javascript.jscomp.RenamePropertiesTest::testRenamePropertiesFunctionCall2; com.google.javascript.jscomp.RenamePropertiesTest::testMixedQuotedAndUnquotedObjLitKeysStable; com.google.javascript.jscomp.RenamePropertiesTest::testPropertyAddedToObjectStable; com.google.javascript.jscomp.RenamePropertiesTest::testQuotedPrototypeProperty; com.google.javascript.jscomp.RenamePropertiesTest::testStableWithTrickyExternsChanges; com.google.javascript.jscomp.RenamePropertiesTest::testPropertyAffinity; com.google.javascript.jscomp.RenamePropertiesTest::testSamePropertyNameQuotedAndUnquoted; com.google.javascript.jscomp.RenamePropertiesTest::testRenamePropertiesWithLeadingUnderscores; com.google.javascript.jscomp.RenamePropertiesTest::testMixedQuotedAndUnquotedObjLitKeys1; com.google.javascript.jscomp.RenamePropertiesTest::testMixedQuotedAndUnquotedObjLitKeys2; com.google.javascript.jscomp.RenamePropertiesTest::testModules; com.google.javascript.jscomp.RenamePropertiesTest::testPropertyAddedToFunction; com.google.javascript.jscomp.RenamePropertiesTest::testPropertyAddedToObject; com.google.javascript.jscomp.RenamePropertiesTest::testRenamePropertiesWithLeadingUnderscoresStable; com.google.javascript.jscomp.RenamePropertiesTest::testAvoidingConflictsBetweenQuotedAndUnquotedPropertyNames; com.google.javascript.jscomp.RenamePropertiesTest::testRemoveRenameFunctionStubs1; com.google.javascript.jscomp.RenamePropertiesTest::testRemoveRenameFunctionStubs2; com.google.javascript.jscomp.RenamePropertiesTest::testRenamePropertiesFunctionCallStable; com.google.javascript.jscomp.RenamePropertiesTest::testPrototypePropertiesStable; com.google.javascript.jscomp.RenamePropertiesTest::testIncorrectAttemptToAccessQuotedProperty; com.google.javascript.jscomp.RenamePrototypesTest::testRenamePrototypesWithGetOrSet; com.google.javascript.jscomp.RenamePrototypesTest::testRenamePrototypes1; com.google.javascript.jscomp.RenamePrototypesTest::testRenamePrototypes2; com.google.javascript.jscomp.RenamePrototypesTest::testStableOverlap; com.google.javascript.jscomp.RenamePrototypesTest::testBoth; com.google.javascript.jscomp.RenamePrototypesTest::testStableTrickyExternedMethods; com.google.javascript.jscomp.RenamePrototypesTest::testRenameProperties; com.google.javascript.jscomp.RenamePrototypesTest::testModule; com.google.javascript.jscomp.RenamePrototypesTest::testStableSimple1; com.google.javascript.jscomp.RenamePrototypesTest::testStableSimple2; com.google.javascript.jscomp.RenamePrototypesTest::testStableSimple3; com.google.javascript.jscomp.RenamePrototypesTest::testPropertyNameThatIsBothObjLitKeyAndPrototypeProperty; com.google.javascript.jscomp.RuntimeTypeCheckTest::testUntypedParam; com.google.javascript.jscomp.RuntimeTypeCheckTest::testQualifiedClass; com.google.javascript.jscomp.RuntimeTypeCheckTest::testInnerClasses; com.google.javascript.jscomp.RuntimeTypeCheckTest::testUnion; com.google.javascript.jscomp.RuntimeTypeCheckTest::testValue; com.google.javascript.jscomp.RuntimeTypeCheckTest::testImplementedInterfaceOrdering; com.google.javascript.jscomp.RuntimeTypeCheckTest::testConstValue; com.google.javascript.jscomp.RuntimeTypeCheckTest::testImplementedInterfaceOrderingGoogInherits; com.google.javascript.jscomp.RuntimeTypeCheckTest::testExtendedInterface; com.google.javascript.jscomp.RuntimeTypeCheckTest::testValueWithInnerFn; com.google.javascript.jscomp.RuntimeTypeCheckTest::testFunctionType; com.google.javascript.jscomp.RuntimeTypeCheckTest::testNativeClass; com.google.javascript.jscomp.RuntimeTypeCheckTest::testInterface; com.google.javascript.jscomp.RuntimeTypeCheckTest::testSkipParamOK; com.google.javascript.jscomp.RuntimeTypeCheckTest::testImplementedInterface; com.google.javascript.jscomp.RuntimeTypeCheckTest::testReturnNothing; com.google.javascript.jscomp.RuntimeTypeCheckTest::testReturn; com.google.javascript.jscomp.RuntimeTypeCheckTest::testNullValue; com.google.javascript.jscomp.RuntimeTypeCheckTest::testValues; com.google.javascript.jscomp.RuntimeTypeCheckTest::testInnerConstructor; com.google.javascript.jscomp.SanityCheckTest::testConstantAnnotationMismatch; com.google.javascript.jscomp.SanityCheckTest::testUnnormalizeNodeTypes; com.google.javascript.jscomp.SanityCheckTest::testUnnormalized; com.google.javascript.jscomp.ScopedAliasesTest::testPropertiesNotChanged; com.google.javascript.jscomp.ScopedAliasesTest::testObjectJsDoc; com.google.javascript.jscomp.ScopedAliasesTest::testArrayJsDoc; com.google.javascript.jscomp.ScopedAliasesTest::testNoGoogScope; com.google.javascript.jscomp.ScopedAliasesTest::testTwoLevel; com.google.javascript.jscomp.ScopedAliasesTest::testJsDocSubType; com.google.javascript.jscomp.ScopedAliasesTest::testWorksInClosures; com.google.javascript.jscomp.ScopedAliasesTest::testOneLevel; com.google.javascript.jscomp.ScopedAliasesTest::testJsDocReturn; com.google.javascript.jscomp.ScopedAliasesTest::testJsDocThrows; com.google.javascript.jscomp.ScopedAliasesTest::testNullType; com.google.javascript.jscomp.ScopedAliasesTest::testJsDocExtends; com.google.javascript.jscomp.ScopedAliasesTest::testAliasRedefinition; com.google.javascript.jscomp.ScopedAliasesTest::testTwoSymbolsInTwoScopes; com.google.javascript.jscomp.ScopedAliasesTest::testScopedThis; com.google.javascript.jscomp.ScopedAliasesTest::testTransitiveInSameVar; com.google.javascript.jscomp.ScopedAliasesTest::testRecordAliasFromMultipleGoogScope; com.google.javascript.jscomp.ScopedAliasesTest::testUsedImproperly; com.google.javascript.jscomp.ScopedAliasesTest::testRecordMultipleAliases; com.google.javascript.jscomp.ScopedAliasesTest::testJsDocTypedef; com.google.javascript.jscomp.ScopedAliasesTest::testTestTypes; com.google.javascript.jscomp.ScopedAliasesTest::testFunctionJsDoc; com.google.javascript.jscomp.ScopedAliasesTest::testAliasOfSymbolInGoogScope; com.google.javascript.jscomp.ScopedAliasesTest::testScopedFunctionReturnThis; com.google.javascript.jscomp.ScopedAliasesTest::testJsDocEnum; com.google.javascript.jscomp.ScopedAliasesTest::testJsDocThis; com.google.javascript.jscomp.ScopedAliasesTest::testJsDocType; com.google.javascript.jscomp.ScopedAliasesTest::testMultipleTransitive; com.google.javascript.jscomp.ScopedAliasesTest::testRecordOneAlias; com.google.javascript.jscomp.ScopedAliasesTest::testTwoScopes; com.google.javascript.jscomp.ScopedAliasesTest::testJsDocImplements; com.google.javascript.jscomp.ScopedAliasesTest::testForwardJsDoc; com.google.javascript.jscomp.ScopedAliasesTest::testFourLevel; com.google.javascript.jscomp.ScopedAliasesTest::testNonAliasLocal; com.google.javascript.jscomp.ScopedAliasesTest::testScopedReturn; com.google.javascript.jscomp.ScopedAliasesTest::testScopedFunctionThrows; com.google.javascript.jscomp.ScopedAliasesTest::testJsDocParameter; com.google.javascript.jscomp.ScopedAliasesTest::testScopedFunctionAssignsToVar; com.google.javascript.jscomp.ScopedAliasesTest::testBadParameters; com.google.javascript.jscomp.ScopedAliasesTest::testOverridden; com.google.javascript.jscomp.ScopedAliasesTest::testTransitive; com.google.javascript.jscomp.ScopedAliasesTest::testAliasNonRedefinition; com.google.javascript.jscomp.ScopedAliasesTest::testUnionJsDoc; com.google.javascript.jscomp.ScopedAliasesTest::testShadowedVar; com.google.javascript.jscomp.ScopedAliasesTest::testScopedThrow; com.google.javascript.jscomp.SemanticReverseAbstractInterpreterTest::testInequalitiesCondition1; com.google.javascript.jscomp.SemanticReverseAbstractInterpreterTest::testInequalitiesCondition2; com.google.javascript.jscomp.SemanticReverseAbstractInterpreterTest::testInequalitiesCondition3; com.google.javascript.jscomp.SemanticReverseAbstractInterpreterTest::testAnd; com.google.javascript.jscomp.SemanticReverseAbstractInterpreterTest::testTypeof1; com.google.javascript.jscomp.SemanticReverseAbstractInterpreterTest::testTypeof2; com.google.javascript.jscomp.SemanticReverseAbstractInterpreterTest::testNameCondition; com.google.javascript.jscomp.SemanticReverseAbstractInterpreterTest::testInstanceOf; com.google.javascript.jscomp.SemanticReverseAbstractInterpreterTest::testSheqCondition1; com.google.javascript.jscomp.SemanticReverseAbstractInterpreterTest::testSheqCondition2; com.google.javascript.jscomp.SemanticReverseAbstractInterpreterTest::testSheqCondition3; com.google.javascript.jscomp.SemanticReverseAbstractInterpreterTest::testSheqCondition4; com.google.javascript.jscomp.SemanticReverseAbstractInterpreterTest::testSheqCondition5; com.google.javascript.jscomp.SemanticReverseAbstractInterpreterTest::testSheqCondition6; com.google.javascript.jscomp.SemanticReverseAbstractInterpreterTest::testAssignCondition1; com.google.javascript.jscomp.SemanticReverseAbstractInterpreterTest::testEqCondition1; com.google.javascript.jscomp.SemanticReverseAbstractInterpreterTest::testEqCondition2; com.google.javascript.jscomp.SemanticReverseAbstractInterpreterTest::testEqCondition3; com.google.javascript.jscomp.SemanticReverseAbstractInterpreterTest::testEqCondition4; com.google.javascript.jscomp.SemanticReverseAbstractInterpreterTest::testInstanceOf2; com.google.javascript.jscomp.SemanticReverseAbstractInterpreterTest::testInstanceOf3; com.google.javascript.jscomp.SemanticReverseAbstractInterpreterTest::testInstanceOf4; com.google.javascript.jscomp.SemanticReverseAbstractInterpreterTest::testShneCondition1; com.google.javascript.jscomp.SemanticReverseAbstractInterpreterTest::testShneCondition2; com.google.javascript.jscomp.SemanticReverseAbstractInterpreterTest::testShneCondition3; com.google.javascript.jscomp.SemanticReverseAbstractInterpreterTest::testShneCondition4; com.google.javascript.jscomp.SemanticReverseAbstractInterpreterTest::testShneCondition5; com.google.javascript.jscomp.SemanticReverseAbstractInterpreterTest::testShneCondition6; com.google.javascript.jscomp.SemanticReverseAbstractInterpreterTest::testNegatedNameCondition; com.google.javascript.jscomp.ShadowVariablesTest::testShadowBug1; com.google.javascript.jscomp.ShadowVariablesTest::testOptimal; com.google.javascript.jscomp.ShadowVariablesTest::testExportedLocal1; com.google.javascript.jscomp.ShadowVariablesTest::testExportedLocal2; com.google.javascript.jscomp.ShadowVariablesTest::testShadowLotsOfScopes1; com.google.javascript.jscomp.ShadowVariablesTest::testShadowLotsOfScopes2; com.google.javascript.jscomp.ShadowVariablesTest::testShadowLotsOfScopes3; com.google.javascript.jscomp.ShadowVariablesTest::testShadowLotsOfScopes4; com.google.javascript.jscomp.ShadowVariablesTest::testShadowLotsOfScopes5; com.google.javascript.jscomp.ShadowVariablesTest::testSharingAcrossInnerScopes; com.google.javascript.jscomp.ShadowVariablesTest::testBug4172539; com.google.javascript.jscomp.ShadowVariablesTest::testShadowSimple1; com.google.javascript.jscomp.ShadowVariablesTest::testShadowSimple2; com.google.javascript.jscomp.ShadowVariablesTest::testShadowFunctionName; com.google.javascript.jscomp.ShadowVariablesTest::testShadowBleedInFunctionName; com.google.javascript.jscomp.ShadowVariablesTest::testNoShadowLessPopularName; com.google.javascript.jscomp.ShadowVariablesTest::testShadowWithShadowAlready; com.google.javascript.jscomp.ShadowVariablesTest::testShadowMostUsedVar; com.google.javascript.jscomp.ShadowVariablesTest::testNoShadowGlobalVariables; com.google.javascript.jscomp.ShadowVariablesTest::testNoShadowReferencedVariables; com.google.javascript.jscomp.SideEffectsAnalysisTest::testVisibilityUnsafeMoves; com.google.javascript.jscomp.SideEffectsAnalysisTest::testVisibilitySafeMoves; com.google.javascript.jscomp.SideEffectsAnalysisTest::testDegenerateSafeMoves; com.google.javascript.jscomp.SideEffectsAnalysisTest::testDegenerateUnsafeMoves; com.google.javascript.jscomp.SideEffectsAnalysisTest::testVisibilityMergesParametersWithHeap; com.google.javascript.jscomp.SideEffectsAnalysisTest::testVisibilityMoveCalls; com.google.javascript.jscomp.SideEffectsAnalysisTest::testMovedSideEffectsMustHaveSameControlFlow; com.google.javascript.jscomp.SimpleDefinitionFinderTest::testFunctionArgumentsBasic; com.google.javascript.jscomp.SimpleDefinitionFinderTest::testDefineGet; com.google.javascript.jscomp.SimpleDefinitionFinderTest::testDefineSet; com.google.javascript.jscomp.SimpleDefinitionFinderTest::testDefineFunction; com.google.javascript.jscomp.SimpleDefinitionFinderTest::testFunctionArgumentsInExterns; com.google.javascript.jscomp.SimpleDefinitionFinderTest::testObjectLitInExterns; com.google.javascript.jscomp.SimpleDefinitionFinderTest::testDefinitionInExterns; com.google.javascript.jscomp.SimpleDefinitionFinderTest::testDefineNumber; com.google.javascript.jscomp.SimpleDefinitionFinderTest::testMultipleDefinition; com.google.javascript.jscomp.SimpleDefinitionFinderTest::testCallInExterns; com.google.javascript.jscomp.SimpleFunctionAliasAnalysisTest::testFunctionGetIsAliased; com.google.javascript.jscomp.SimpleFunctionAliasAnalysisTest::testFunctionGetIsExposedToCallOrApply; com.google.javascript.jscomp.SourceMapTest::testPrefixReplacement1; com.google.javascript.jscomp.SourceMapTest::testPrefixReplacement2; com.google.javascript.jscomp.SourceMapTest::testPrefixReplacement3; com.google.javascript.jscomp.SourceMapTest::testPrefixReplacement4; com.google.javascript.jscomp.SpecializeModuleTest$SpecializeModuleSpecializationStateTest::testCanFixupFunction; com.google.javascript.jscomp.SpecializeModuleTest$SpecializeModuleSpecializationStateTest::testSpecializedFunctions; com.google.javascript.jscomp.SpecializeModuleTest$SpecializeModuleSpecializationStateTest::testRemovedFunctions; com.google.javascript.jscomp.SpecializeModuleTest::testSpecializeCascadedInline; com.google.javascript.jscomp.SpecializeModuleTest::testDontSpecializeAliasedFunctions_inline; com.google.javascript.jscomp.SpecializeModuleTest::testSpecializeRemoveUnusedProperties; com.google.javascript.jscomp.SpecializeModuleTest::testSpecializeInlineWithMultipleDependents; com.google.javascript.jscomp.SpecializeModuleTest::testSpecializeDevirtualizePrototypeMethods; com.google.javascript.jscomp.SpecializeModuleTest::testSpecializeInlineWithNamespaces; com.google.javascript.jscomp.SpecializeModuleTest::testSpecializeDevirtualizePrototypeMethodsWithInline; com.google.javascript.jscomp.SpecializeModuleTest::testSpecializeInline; com.google.javascript.jscomp.SpecializeModuleTest::testDontSpecializeAliasedFunctions_remove_unused_properties; com.google.javascript.jscomp.SpecializeModuleTest::testDontSpecializeLocalNonAnonymousFunctions; com.google.javascript.jscomp.SpecializeModuleTest::testAddDummyVarsForRemovedFunctions; com.google.javascript.jscomp.SpecializeModuleTest::testSpecializeInlineWithRegularFunctions; com.google.javascript.jscomp.StatementFusionTest::testFoldSwitch; com.google.javascript.jscomp.StatementFusionTest::testNothingToDo; com.google.javascript.jscomp.StatementFusionTest::testNoGlobalSchopeChanges; com.google.javascript.jscomp.StatementFusionTest::testNoFuseIntoDo; com.google.javascript.jscomp.StatementFusionTest::testNoFunctionBlockChanges; com.google.javascript.jscomp.StatementFusionTest::testFoldBlockIntoIf; com.google.javascript.jscomp.StatementFusionTest::testFuseIntoForIn; com.google.javascript.jscomp.StatementFusionTest::testFoldBlockReturn; com.google.javascript.jscomp.StatementFusionTest::testNoFuseIntoWhile; com.google.javascript.jscomp.StatementFusionTest::testFoldBlockThrow; com.google.javascript.jscomp.StatementFusionTest::testFoldBlockWithStatements; com.google.javascript.jscomp.StrictModeCheckTest::testDuplicateObjectLiteralKey; com.google.javascript.jscomp.StrictModeCheckTest::testDeleteFunction; com.google.javascript.jscomp.StrictModeCheckTest::testIllegalName10; com.google.javascript.jscomp.StrictModeCheckTest::testUnknownVariable; com.google.javascript.jscomp.StrictModeCheckTest::testArguments; com.google.javascript.jscomp.StrictModeCheckTest::testEval2; com.google.javascript.jscomp.StrictModeCheckTest::testEval3; com.google.javascript.jscomp.StrictModeCheckTest::testEval4; com.google.javascript.jscomp.StrictModeCheckTest::testEval5; com.google.javascript.jscomp.StrictModeCheckTest::testEval6; com.google.javascript.jscomp.StrictModeCheckTest::testEval7; com.google.javascript.jscomp.StrictModeCheckTest::testEval8; com.google.javascript.jscomp.StrictModeCheckTest::testEval; com.google.javascript.jscomp.StrictModeCheckTest::testDeleteArgument; com.google.javascript.jscomp.StrictModeCheckTest::testEvalAssignment2; com.google.javascript.jscomp.StrictModeCheckTest::testDeleteProperty; com.google.javascript.jscomp.StrictModeCheckTest::testDeleteVar; com.google.javascript.jscomp.StrictModeCheckTest::testArguments2; com.google.javascript.jscomp.StrictModeCheckTest::testArguments3; com.google.javascript.jscomp.StrictModeCheckTest::testArguments4; com.google.javascript.jscomp.StrictModeCheckTest::testArguments5; com.google.javascript.jscomp.StrictModeCheckTest::testEvalAssignment; com.google.javascript.jscomp.StrictModeCheckTest::testUnknownVariable2; com.google.javascript.jscomp.StrictModeCheckTest::testUnknownVariable3; com.google.javascript.jscomp.StrictModeCheckTest::testIllegalName2; com.google.javascript.jscomp.StrictModeCheckTest::testIllegalName3; com.google.javascript.jscomp.StrictModeCheckTest::testIllegalName4; com.google.javascript.jscomp.StrictModeCheckTest::testIllegalName5; com.google.javascript.jscomp.StrictModeCheckTest::testIllegalName6; com.google.javascript.jscomp.StrictModeCheckTest::testIllegalName7; com.google.javascript.jscomp.StrictModeCheckTest::testIllegalName8; com.google.javascript.jscomp.StrictModeCheckTest::testIllegalName9; com.google.javascript.jscomp.StrictModeCheckTest::testAssignToArguments; com.google.javascript.jscomp.StrictModeCheckTest::testIllegalName; com.google.javascript.jscomp.StripCodeTest::testStripCallsToStrippedNames; com.google.javascript.jscomp.StripCodeTest::testPropertyWithEmptyStringKey; com.google.javascript.jscomp.StripCodeTest::testLoggerDefinedStatically; com.google.javascript.jscomp.StripCodeTest::testLoggerDefinedInConstructor; com.google.javascript.jscomp.StripCodeTest::testLoggerMethodCallByVariableType; com.google.javascript.jscomp.StripCodeTest::testNamePrefix; com.google.javascript.jscomp.StripCodeTest::testLoggerClassDefinition; com.google.javascript.jscomp.StripCodeTest::testNewOperatior1; com.google.javascript.jscomp.StripCodeTest::testNewOperatior2; com.google.javascript.jscomp.StripCodeTest::testLoggerVarDeclaration; com.google.javascript.jscomp.StripCodeTest::testPrototypeMethodDefinition; com.google.javascript.jscomp.StripCodeTest::testPrefixedClassName; com.google.javascript.jscomp.StripCodeTest::testStaticLoggerMethodDefinition; com.google.javascript.jscomp.StripCodeTest::testClassDefiningCallWithStripType1; com.google.javascript.jscomp.StripCodeTest::testClassDefiningCallWithStripType2; com.google.javascript.jscomp.StripCodeTest::testClassDefiningCallWithStripType3; com.google.javascript.jscomp.StripCodeTest::testClassDefiningCallWithStripType4; com.google.javascript.jscomp.StripCodeTest::testClassDefiningCallWithStripType5; com.google.javascript.jscomp.StripCodeTest::testClassDefiningCallWithStripType6; com.google.javascript.jscomp.StripCodeTest::testClassDefiningCallWithStripType7; com.google.javascript.jscomp.StripCodeTest::testClassDefiningCallWithStripType8; com.google.javascript.jscomp.StripCodeTest::testPublicPropertyAssignment; com.google.javascript.jscomp.StripCodeTest::testVarinIf; com.google.javascript.jscomp.StripCodeTest::testLoggerDefinedInPrototype1; com.google.javascript.jscomp.StripCodeTest::testLoggerDefinedInPrototype2; com.google.javascript.jscomp.StripCodeTest::testLoggerDefinedInPrototype3; com.google.javascript.jscomp.StripCodeTest::testLoggerDefinedInPrototype4; com.google.javascript.jscomp.StripCodeTest::testLoggerDefinedInPrototype5; com.google.javascript.jscomp.StripCodeTest::testPrototypeFieldDefinitionWithoutAssignment; com.google.javascript.jscomp.StripCodeTest::testPrefixedPropertyName; com.google.javascript.jscomp.StripCodeTest::testPrototypeFieldDefinition; com.google.javascript.jscomp.StripCodeTest::testStaticLoggerPropertyDefinition; com.google.javascript.jscomp.StripCodeTest::testAssignInIf; com.google.javascript.jscomp.StripCodeTest::testGlobalCallWithStrippedType; com.google.javascript.jscomp.StripCodeTest::testPrefixedVariableName; com.google.javascript.jscomp.StripCodeTest::testReportErrorOnStripInNestedAssignment; com.google.javascript.jscomp.StripCodeTest::testGetElemInIf; com.google.javascript.jscomp.StripCodeTest::testCrazyNesting1; com.google.javascript.jscomp.StripCodeTest::testCrazyNesting2; com.google.javascript.jscomp.StripCodeTest::testCrazyNesting3; com.google.javascript.jscomp.StripCodeTest::testCrazyNesting4; com.google.javascript.jscomp.StripCodeTest::testCrazyNesting5; com.google.javascript.jscomp.StripCodeTest::testLoggerDefinedInObjectLiteral1; com.google.javascript.jscomp.StripCodeTest::testLoggerDefinedInObjectLiteral2; com.google.javascript.jscomp.StripCodeTest::testLoggerDefinedInObjectLiteral3; com.google.javascript.jscomp.StripCodeTest::testLoggerDefinedInObjectLiteral4; com.google.javascript.jscomp.StripCodeTest::testLoggerDefinedInPrototypeAndUsedInConstructor; com.google.javascript.jscomp.StripCodeTest::testSubPropertyAccessByVariableName; com.google.javascript.jscomp.StripCodeTest::testLoggerDefinedStaticallyAndUsedInConstructor; com.google.javascript.jscomp.StripCodeTest::testStripVarsInitializedFromStrippedNames; com.google.javascript.jscomp.StripCodeTest::testTypePrefix; com.google.javascript.jscomp.SymbolTableTest::testSuperClassMethodReferences; com.google.javascript.jscomp.SymbolTableTest::testIncompleteNamespacedReferences; com.google.javascript.jscomp.SymbolTableTest::testTypeCheckingOff; com.google.javascript.jscomp.SymbolTableTest::testSymbolsForType; com.google.javascript.jscomp.SymbolTableTest::testNaturalSymbolOrdering; com.google.javascript.jscomp.SymbolTableTest::testSuperClassReference; com.google.javascript.jscomp.SymbolTableTest::testReferencesInJSDocType2; com.google.javascript.jscomp.SymbolTableTest::testFieldReferences; com.google.javascript.jscomp.SymbolTableTest::testReferencesInJSDocName; com.google.javascript.jscomp.SymbolTableTest::testReferencesInJSDocType; com.google.javascript.jscomp.SymbolTableTest::testStaticMethodReferences; com.google.javascript.jscomp.SymbolTableTest::testMethodReferences; com.google.javascript.jscomp.SymbolTableTest::testFieldReferencesMissingTypeInfo; com.google.javascript.jscomp.SymbolTableTest::testGlobalThisReferences2; com.google.javascript.jscomp.SymbolTableTest::testGlobalThisReferences3; com.google.javascript.jscomp.SymbolTableTest::testGlobalVarInExterns; com.google.javascript.jscomp.SymbolTableTest::testGlobalThisReferences; com.google.javascript.jscomp.SymbolTableTest::testLocalThisReferences; com.google.javascript.jscomp.SymbolTableTest::testInnerEnum; com.google.javascript.jscomp.SymbolTableTest::testUndeclaredFieldReferences; com.google.javascript.jscomp.SymbolTableTest::testLocalVarInExterns; com.google.javascript.jscomp.SymbolTableTest::testNamespacedReferences; com.google.javascript.jscomp.SymbolTableTest::testGlobalVarReferences; com.google.javascript.jscomp.SymbolTableTest::testGoogScopeReferences; com.google.javascript.jscomp.SymbolTableTest::testMethodInAnonObject1; com.google.javascript.jscomp.SymbolTableTest::testMethodInAnonObject2; com.google.javascript.jscomp.SymbolTableTest::testMultipleExtends; com.google.javascript.jscomp.SymbolTableTest::testNamespaceDefinitionOrder; com.google.javascript.jscomp.SymbolTableTest::testJSDocOnlySymbol; com.google.javascript.jscomp.SymbolTableTest::testSymbolForScopeOfNatives; com.google.javascript.jscomp.SymbolTableTest::testLocalThisReferences2; com.google.javascript.jscomp.SymbolTableTest::testLocalThisReferences3; com.google.javascript.jscomp.SymbolTableTest::testLocalVarReferences; com.google.javascript.jscomp.SymbolTableTest::testRemovalOfNamespacedReferencesOfProperties; com.google.javascript.jscomp.SymbolTableTest::testGlobalThisPropertyReferences; com.google.javascript.jscomp.SymbolTableTest::testDeclarationDisagreement; com.google.javascript.jscomp.SymbolTableTest::testPrototypeReferences; com.google.javascript.jscomp.SymbolTableTest::testGlobalVar; com.google.javascript.jscomp.SymbolTableTest::testGlobalRichObjectReference; com.google.javascript.jscomp.SymbolTableTest::testGoogRequireReferences; com.google.javascript.jscomp.SymbolTableTest::testJSDocAssociationWithBadNamespace; com.google.javascript.jscomp.SymbolTableTest::testMethodReferencesMissingTypeInfo; com.google.javascript.jscomp.SymbolTableTest::testPrototypeReferences2; com.google.javascript.jscomp.SymbolTableTest::testPrototypeReferences3; com.google.javascript.jscomp.SymbolTableTest::testPrototypeReferences4; com.google.javascript.jscomp.SymbolTableTest::testPrototypeReferences5; com.google.javascript.jscomp.SymbolTableTest::testMissingConstructorTag; com.google.javascript.jscomp.SymbolTableTest::testGoogRequireReferences2; com.google.javascript.jscomp.SymbolTableTest::testLocalQualifiedNamesInLocalScopes; com.google.javascript.jscomp.SyntacticScopeCreatorTest::testRedeclaration1; com.google.javascript.jscomp.SyntacticScopeCreatorTest::testRedeclaration2; com.google.javascript.jscomp.SyntacticScopeCreatorTest::testRedeclaration3; com.google.javascript.jscomp.SyntacticScopeCreatorTest::testFunctionScope; com.google.javascript.jscomp.SyntacticScopeCreatorTest::testFunctionScopeArguments; com.google.javascript.jscomp.SyntacticScopeCreatorTest::testScopeRootNode; com.google.javascript.jscomp.TypeCheckTest::testIssue725; com.google.javascript.rhino.jstype.RecordTypeTest::testSupAndInf
Closure-167,No,Yes,No,com.google.javascript.jscomp.TypeCheckTest::testIssue783; com.google.javascript.jscomp.TypeCheckTest::testMissingProperty20; com.google.javascript.rhino.jstype.JSTypeTest::testRestrictedTypeGivenToBoolean
Closure-169,No,Yes,No,com.google.javascript.rhino.jstype.FunctionTypeTest::testRecursiveFunction; com.google.javascript.rhino.jstype.JSTypeTest::testFunctionUnionSubtypeChain; com.google.javascript.rhino.jstype.UnionTypeBuilderTest::testRemovalOfDupes2
Closure-171,No,Yes,No,com.google.javascript.jscomp.TypeCheckTest::testIssue1023; com.google.javascript.jscomp.TypedScopeCreatorTest::testMethodBeforeFunction2; com.google.javascript.jscomp.TypedScopeCreatorTest::testPropertiesOnInterface2
Closure-173,No,Yes,No,com.google.javascript.jscomp.CodePrinterTest::testPrint; com.google.javascript.jscomp.CodePrinterTest::testIssue1062; com.google.javascript.jscomp.PeepholeSubstituteAlternateSyntaxTest::testAssocitivity
Closure-174,No,Yes,No,com.google.javascript.jscomp.ScopedAliasesTest::testOkAliasLocal; com.google.javascript.jscomp.ScopedAliasesTest::testMultipleLocals; com.google.javascript.jscomp.ScopedAliasesTest::testIssue1103a; com.google.javascript.jscomp.ScopedAliasesTest::testIssue1103b; com.google.javascript.jscomp.ScopedAliasesTest::testIssue1103c
Closure-175,No,Yes,No,com.google.javascript.jscomp.FunctionInjectorTest::testIssue1101a; com.google.javascript.jscomp.FunctionInjectorTest::testIssue1101b; com.google.javascript.jscomp.InlineFunctionsTest::testCostBasedInlining10; com.google.javascript.jscomp.InlineFunctionsTest::testIssue1101; com.google.javascript.jscomp.InlineFunctionsTest::testInlineMutableArgsReferencedOnce
Closure-176,No,Yes,No,com.google.javascript.jscomp.TypeCheckTest::testIssue1056
Codec-1,No,Yes,No,org.apache.commons.codec.language.CaverphoneTest::testLocaleIndependence; org.apache.commons.codec.language.DoubleMetaphoneTest::testLocaleIndependence; org.apache.commons.codec.language.MetaphoneTest::testLocaleIndependence; org.apache.commons.codec.language.RefinedSoundexTest::testLocaleIndependence; org.apache.commons.codec.language.SoundexTest::testLocaleIndependence
Codec-8,Yes,No,No,
Codec-11,No,No,Yes,
Codec-12,Yes,No,No,
Codec-13,Yes,No,No,
Codec-14,No,Yes,No,org.apache.commons.codec.language.bm.PhoneticEngineRegressionTest::testCompatibilityWithOriginalVersion
Collections-25,No,Yes,No,org.apache.commons.collections4.IteratorUtilsTest::testCollatedIterator
Compress-2,No,Yes,No,org.apache.commons.compress.archivers.ArTestCase::testArDelete
Compress-3,No,Yes,No,org.apache.commons.compress.archivers.ArchiveOutputStreamTest::testFinish
Compress-4,No,Yes,No,org.apache.commons.compress.archivers.jar.JarArchiveOutputStreamTest::testJarMarker; org.apache.commons.compress.archivers.zip.UTF8ZipFilesTest::testCP437FileRoundtripImplicitUnicodeExtra; org.apache.commons.compress.archivers.zip.UTF8ZipFilesTest::testUtf8FileRoundtripImplicitUnicodeExtra; org.apache.commons.compress.archivers.zip.UTF8ZipFilesTest::testCP437FileRoundtripExplicitUnicodeExtra; org.apache.commons.compress.archivers.zip.UTF8ZipFilesTest::testUtf8FileRoundtripExplicitUnicodeExtra; org.apache.commons.compress.archivers.zip.UTF8ZipFilesTest::testASCIIFileRoundtripImplicitUnicodeExtra; org.apache.commons.compress.archivers.zip.UTF8ZipFilesTest::testUtf8FileRoundtripNoEFSImplicitUnicodeExtra; org.apache.commons.compress.archivers.zip.UTF8ZipFilesTest::testZipArchiveInputStreamReadsUnicodeFields; org.apache.commons.compress.archivers.zip.UTF8ZipFilesTest::testASCIIFileRoundtripExplicitUnicodeExtra; org.apache.commons.compress.archivers.zip.UTF8ZipFilesTest::testUtf8FileRoundtripNoEFSExplicitUnicodeExtra
Compress-6,Yes,No,No,
Compress-9,No,Yes,No,org.apache.commons.compress.archivers.tar.TarArchiveOutputStreamTest::testCount
Compress-10,No,Yes,No,org.apache.commons.compress.archivers.zip.UTF8ZipFilesTest::testReadWinZipArchive
Compress-11,Yes,No,No,
Compress-20,No,Yes,No,org.apache.commons.compress.archivers.cpio.CpioArchiveInputStreamTest::testCpioUnarchiveCreatedByRedlineRpm
Compress-22,No,Yes,No,org.apache.commons.compress.compressors.bzip2.PythonTruncatedBzip2Test::testPartialReadTruncatedData
Compress-29,No,Yes,No,org.apache.commons.compress.archivers.ArchiveStreamFactoryTest::testEncodingInputStream; org.apache.commons.compress.archivers.ArchiveStreamFactoryTest::testEncodingInputStreamAutodetect; org.apache.commons.compress.archivers.ArchiveStreamFactoryTest::testEncodingOutputStream
Compress-33,No,Yes,No,org.apache.commons.compress.compressors.DetectCompressorTestCase::testDetection
Compress-34,Yes,No,No,
Compress-35,Yes,No,No,
Compress-39,No,Yes,No,org.apache.commons.compress.ArchiveUtilsTest::sanitizeShortensString
Compress-40,No,Yes,No,org.apache.commons.compress.utils.BitInputStreamTest::littleEndianWithOverflow; org.apache.commons.compress.utils.BitInputStreamTest::bigEndianWithOverflow
Compress-42,No,Yes,No,org.apache.commons.compress.archivers.zip.ZipArchiveEntryTest::isUnixSymlinkIsFalseIfMoreThanOneFlagIsSet
Compress-43,No,Yes,No,org.apache.commons.compress.archivers.zip.DataDescriptorTest::doesntWriteDataDescriptorWhenAddingRawEntries
Compress-47,Yes,No,No,
Csv-7,Yes,No,No,
Csv-8,Yes,No,No,
Csv-13,No,Yes,No,org.apache.commons.csv.CSVPrinterTest::testMySqlNullOutput; org.apache.commons.csv.CSVPrinterTest::testMySqlNullStringDefault
Csv-16,Yes,No,No,
Gson-1,Yes,No,No,
Gson-3,No,Yes,No,com.google.gson.functional.MapTest::testConcurrentMap; com.google.gson.functional.MapTest::testConcurrentNavigableMap
Gson-4,No,Yes,No,com.google.gson.stream.JsonReaderTest::testTopLevelValueTypeWithSkipValue; com.google.gson.stream.JsonReaderTest::testTopLevelValueTypes; com.google.gson.stream.JsonWriterTest::testTopLevelValueTypes
Gson-7,Yes,No,No,
Gson-8,Yes,No,No,
Gson-9,No,No,Yes,
Gson-14,Yes,No,No,
JacksonCore-1,No,Yes,No,com.fasterxml.jackson.core.json.TestParserNonStandard::testAllowNaN
JacksonCore-2,No,Yes,No,com.fasterxml.jackson.core.json.TestParserErrorHandling::testMangledNumbersBytes; com.fasterxml.jackson.core.json.TestParserErrorHandling::testMangledNumbersChars
JacksonCore-9,No,Yes,No,com.fasterxml.jackson.core.json.TestJsonParser::testGetValueAsTextBytes; com.fasterxml.jackson.core.json.TestJsonParser::testGetValueAsTextChars
JacksonCore-10,Yes,No,No,
JacksonCore-12,Yes,No,No,
JacksonCore-16,Yes,No,No,
JacksonCore-17,Yes,No,No,
JacksonCore-18,No,Yes,No,com.fasterxml.jackson.core.json.TestJsonGeneratorFeatures::testTooBigBigDecimal
JacksonCore-19,No,Yes,No,com.fasterxml.jackson.core.json.TestNumericValues::testLongerFloatingPoint
JacksonCore-21,No,Yes,No,com.fasterxml.jackson.core.filter.TokenVerifyingParserFiltering330Test::testTokensSingleMatchWithPath; com.fasterxml.jackson.core.filter.TokenVerifyingParserFiltering330Test::testBasicSingleMatchFilteringWithPath; com.fasterxml.jackson.core.filter.TokenVerifyingParserFiltering330Test::testSkippingForSingleWithPath
JacksonCore-22,No,Yes,No,com.fasterxml.jackson.core.filter.BasicParserFilteringTest::testSingleMatchFilteringWithPath; com.fasterxml.jackson.core.filter.BasicParserFilteringTest::testAllowMultipleMatchesWithPath1; com.fasterxml.jackson.core.filter.BasicParserFilteringTest::testAllowMultipleMatchesWithPath2; com.fasterxml.jackson.core.filter.BasicParserFilteringTest::testMultipleMatchFilteringWithPath1; com.fasterxml.jackson.core.filter.BasicParserFilteringTest::testMultipleMatchFilteringWithPath2; com.fasterxml.jackson.core.filter.BasicParserFilteringTest::testMultipleMatchFilteringWithPath3; com.fasterxml.jackson.core.filter.BasicParserFilteringTest::testSingleMatchFilteringWithoutPath; com.fasterxml.jackson.core.filter.BasicParserFilteringTest::testNotAllowMultipleMatchesWithoutPath1; com.fasterxml.jackson.core.filter.BasicParserFilteringTest::testNotAllowMultipleMatchesWithoutPath2; com.fasterxml.jackson.core.filter.BasicParserFilteringTest::testIndexMatchWithPath1; com.fasterxml.jackson.core.filter.BasicParserFilteringTest::testIndexMatchWithPath2; com.fasterxml.jackson.core.filter.BasicParserFilteringTest::testAllowMultipleMatchesWithoutPath
JacksonCore-24,Yes,No,No,
JacksonDatabind-3,Yes,No,No,
JacksonDatabind-4,No,Yes,No,com.fasterxml.jackson.databind.deser.TestCollectionDeserialization::testArrayIndexForExceptions
JacksonDatabind-6,Yes,No,No,
JacksonDatabind-8,Yes,No,No,
JacksonDatabind-10,No,Yes,No,com.fasterxml.jackson.databind.ser.TestAnyGetter::testIssue705
JacksonDatabind-13,Yes,No,No,
JacksonDatabind-14,Yes,No,No,
JacksonDatabind-15,No,No,Yes,
JacksonDatabind-18,No,Yes,No,com.fasterxml.jackson.databind.seq.ReadRecoveryTest::testSimpleRootRecovery; com.fasterxml.jackson.databind.seq.ReadRecoveryTest::testRootBeans; com.fasterxml.jackson.databind.seq.ReadRecoveryTest::testSimpleArrayRecovery; com.fasterxml.jackson.databind.seq.ReadValuesTest::testNonRootArraysUsingParser; com.fasterxml.jackson.databind.seq.ReadValuesTest::testRootBeansWithParser
JacksonDatabind-20,Yes,No,No,
JacksonDatabind-21,No,Yes,No,com.fasterxml.jackson.databind.deser.TestEnumDeserialization::testEnumWithJsonPropertyRename
JacksonDatabind-22,Yes,No,No,
JacksonDatabind-23,Yes,No,No,
JacksonDatabind-25,No,Yes,No,com.fasterxml.jackson.databind.deser.TestArrayDeserialization::testByteArrayTypeOverride890
JacksonDatabind-29,Yes,No,No,
JacksonDatabind-30,No,Yes,No,com.fasterxml.jackson.databind.failing.JacksonTest::test; com.fasterxml.jackson.databind.jsontype.TestDefaultForLists::testListOfNumbers; com.fasterxml.jackson.databind.jsontype.TestExternalId::testBigDecimal965
JacksonDatabind-31,No,Yes,No,com.fasterxml.jackson.databind.util.TestTokenBuffer::testOutputContext
JacksonDatabind-32,No,Yes,No,com.fasterxml.jackson.databind.deser.TestUntypedDeserialization::testNestedUntyped989
JacksonDatabind-36,No,No,Yes,
JacksonDatabind-38,No,Yes,No,com.fasterxml.jackson.databind.interop.DeprecatedTypeHandling1102Test::testExplicitMapType; com.fasterxml.jackson.databind.interop.DeprecatedTypeHandling1102Test::testExplicitCollectionType; com.fasterxml.jackson.databind.interop.DeprecatedTypeHandling1102Test::testPOJOSubType
JacksonDatabind-41,Yes,No,No,
JacksonDatabind-43,Yes,No,No,
JacksonDatabind-48,No,Yes,No,com.fasterxml.jackson.databind.ser.TestFeatures::testVisibilityFeatures
JacksonDatabind-50,No,Yes,No,com.fasterxml.jackson.databind.objectid.ObjectWithCreator1261Test::testObjectIds1261
JacksonDatabind-52,Yes,No,No,
JacksonDatabind-53,Yes,No,No,
JacksonDatabind-54,No,Yes,No,com.fasterxml.jackson.databind.deser.TestJDKAtomicTypes::testEmpty1256
JacksonDatabind-55,No,Yes,No,com.fasterxml.jackson.databind.ser.TestEnumSerialization::testEnumsWithJsonPropertyAsKey
JacksonDatabind-56,Yes,No,No,
JacksonDatabind-59,No,Yes,No,com.fasterxml.jackson.databind.failing.TestJacksonDatabind59::testFails; com.fasterxml.jackson.databind.jsontype.TypeRefinementForMapTest::testMapKeyRefinement1384
JacksonDatabind-60,Yes,No,No,
JacksonDatabind-61,Yes,No,No,
JacksonDatabind-65,Yes,No,No,
JacksonDatabind-66,Yes,No,No,
JacksonDatabind-68,No,Yes,No,com.fasterxml.jackson.databind.creators.JsonCreatorWithCollectionTest::test; com.fasterxml.jackson.databind.struct.SingleValueAsArrayTest::testSuccessfulDeserializationOfObjectWithChainedArrayCreators; com.fasterxml.jackson.databind.struct.SingleValueAsArrayTest::testWithSingleString
JacksonDatabind-69,No,Yes,No,com.fasterxml.jackson.databind.creators.Creator1476Test::testConstructorChoice; com.fasterxml.jackson.databind.failing.TestJackson::testJackson
JacksonDatabind-72,No,Yes,No,com.fasterxml.jackson.databind.creators.InnerClassCreatorTest::testIssue1501
JacksonDatabind-73,No,No,Yes,
JacksonDatabind-75,No,Yes,No,com.fasterxml.jackson.databind.struct.EnumFormatShapeTest::testEnumPropertyAsNumber
JacksonDatabind-77,No,Yes,No,com.fasterxml.jackson.databind.interop.IllegalTypesCheckTest::testIssue1599
JacksonDatabind-78,No,Yes,No,com.fasterxml.jackson.databind.interop.IllegalTypesCheckTest::testIssue1599
JacksonDatabind-79,Yes,No,No,
JacksonDatabind-80,No,Yes,No,com.fasterxml.jackson.databind.jsontype.TestTypeNames::testBaseTypeId1616
JacksonDatabind-81,No,Yes,No,com.fasterxml.jackson.databind.introspect.TypeCoercion1592Test::testTypeCoercion1592
JacksonDatabind-87,Yes,No,No,
JacksonDatabind-90,No,No,Yes,
JacksonDatabind-94,Yes,No,No,
JacksonDatabind-95,Yes,No,No,
JacksonDatabind-103,No,Yes,No,com.fasterxml.jackson.databind.exc.BasicExceptionTest::testLocationAddition
JacksonDatabind-104,No,Yes,No,com.fasterxml.jackson.databind.ser.jdk.DateSerializationTest::testDateISO8601_10k; com.fasterxml.jackson.databind.ser.jdk.DateSerializationTest::testDateISO8601_BCE
JacksonDatabind-105,No,Yes,No,com.fasterxml.jackson.databind.deser.jdk.JDKScalarsTest::testVoidDeser
JacksonDatabind-108,No,Yes,No,com.fasterxml.jackson.databind.node.EmptyContentAsTreeTest::testNullFromEOFWithParserAndReader
JacksonDatabind-109,No,Yes,No,com.fasterxml.jackson.databind.ser.jdk.BigDecimalPlain2230Test::testBigIntegerAsPlainTest
JacksonDatabind-110,No,No,Yes,
JacksonDatabind-111,Yes,No,No,
JacksonXml-1,No,No,Yes,
JacksonXml-2,No,Yes,No,com.fasterxml.jackson.dataformat.xml.misc.XmlTextTest::testMixedContent
JacksonXml-6,No,Yes,No,com.fasterxml.jackson.dataformat.xml.ser.TestBinaryStreamToXMLSerialization::testWith0Bytes
Jsoup-3,No,Yes,No,org.jsoup.nodes.ElementTest::testAppendRowToTable; org.jsoup.nodes.ElementTest::testPrependRowToTable; org.jsoup.parser.ParserTest::handlesNestedImplicitTable
Jsoup-4,No,Yes,No,org.jsoup.nodes.EntitiesTest::escape; org.jsoup.nodes.EntitiesTest::caseSensitive
Jsoup-7,No,Yes,No,org.jsoup.nodes.DocumentTest::testNormalisesStructure
Jsoup-11,Yes,No,No,
Jsoup-12,Yes,No,No,
Jsoup-14,No,Yes,No,org.jsoup.integration.ParseTest::testSmhBizArticle; org.jsoup.integration.ParseTest::testYahooArticle; org.jsoup.nodes.ElementTest::parentlessToString; org.jsoup.nodes.ElementTest::testOuterHtml; org.jsoup.nodes.ElementTest::testClassDomMethods; org.jsoup.nodes.ElementTest::testWrap; org.jsoup.nodes.ElementTest::testGetElementsWithAttribute; org.jsoup.nodes.ElementTest::testGetElementsWithClass; org.jsoup.nodes.ElementTest::testWrapWithRemainder; org.jsoup.nodes.ElementTest::testGetElementsWithAttributeValue; org.jsoup.nodes.ElementTest::testClassUpdates; org.jsoup.nodes.NodeTest::absHandlesRelativeQuery; org.jsoup.nodes.NodeTest::literalAbsPrefix; org.jsoup.nodes.NodeTest::handlesAbsPrefixOnHasAttr; org.jsoup.parser.AttributeParseTest::parsesRoughAttributeString; org.jsoup.parser.AttributeParseTest::strictAttributeUnescapes; org.jsoup.parser.ParserTest::parsesUnterminatedTextarea; org.jsoup.parser.ParserTest::handlesEscapedData; org.jsoup.parser.ParserTest::handlesUnclosedTitle; org.jsoup.parser.ParserTest::emptyTdTag; org.jsoup.parser.ParserTest::handlesKnownEmptyBlocks; org.jsoup.parser.ParserTest::handlesBaseTags; org.jsoup.parser.ParserTest::handlesSpanInTbody; org.jsoup.parser.ParserTest::handlesUnclosedTitleAtEof; org.jsoup.parser.ParserTest::handlesUnknownNamespaceTags; org.jsoup.parser.ParserTest::testNoImagesInNoScriptInHead; org.jsoup.parser.ParserTest::handlesBaseWithoutHref; org.jsoup.parser.ParserTest::parsesBodyFragment; org.jsoup.safety.CleanerTest::basicBehaviourTest; org.jsoup.safety.CleanerTest::resolvesRelativeLinks; org.jsoup.safety.CleanerTest::simpleBehaviourTest; org.jsoup.safety.CleanerTest::dropsUnresolvableRelativeLinks; org.jsoup.safety.CleanerTest::basicWithImagesTest; org.jsoup.select.ElementsTest::absAttr; org.jsoup.select.ElementsTest::val; org.jsoup.select.ElementsTest::hasAbsAttr; org.jsoup.select.ElementsTest::classes; org.jsoup.select.SelectorTest::testByClass; org.jsoup.select.SelectorTest::and; org.jsoup.select.SelectorTest::testCharactersInIdAndClass; org.jsoup.select.SelectorTest::testPseudoCombined
Jsoup-16,No,Yes,No,org.jsoup.nodes.DocumentTypeTest::outerHtmlGeneration; org.jsoup.nodes.DocumentTypeTest::constructorValidationThrowsExceptionOnBlankName
Jsoup-18,No,Yes,No,org.jsoup.nodes.ElementTest::testOuterHtmlWithNewlineInAttribute; org.jsoup.parser.CharacterReaderTest::handleCarriageReturnAsLineFeed; org.jsoup.parser.CharacterReaderTest::consumeToEnd; org.jsoup.parser.ParserTest::handlesNewlinesAndWhitespaceInTag
Jsoup-21,No,Yes,No,org.jsoup.select.SelectorTest::handlesCommasInSelector; org.jsoup.select.SelectorTest::mixCombinatorGroup
Jsoup-22,Yes,No,No,
Jsoup-23,Yes,No,No,
Jsoup-28,No,Yes,No,org.jsoup.nodes.EntitiesTest::unescape; org.jsoup.nodes.EntitiesTest::noSpuriousDecodes; org.jsoup.parser.AttributeParseTest::moreAttributeUnescapes; org.jsoup.parser.AttributeParseTest::strictAttributeUnescapes; org.jsoup.parser.HtmlParserTest::doesNotFindShortestMatchingEntity; org.jsoup.parser.HtmlParserTest::relaxedBaseEntityMatchAndStrictExtendedMatch
Jsoup-29,No,Yes,No,org.jsoup.nodes.DocumentTest::testTitles
Jsoup-30,No,Yes,No,org.jsoup.safety.CleanerTest::testIsValid
Jsoup-31,No,Yes,No,org.jsoup.parser.XmlTreeBuilderTest::handlesXmlDeclarationAsDeclaration
Jsoup-36,No,Yes,No,org.jsoup.helper.DataUtilTest::shouldCorrectCharsetForDuplicateCharsetString; org.jsoup.helper.DataUtilTest::shouldNotThrowExceptionOnEmptyCharset; org.jsoup.helper.DataUtilTest::testQuotedCharset; org.jsoup.helper.DataUtilTest::shouldSelectFirstCharsetOnWeirdMultileCharsetsInMetaTags; org.jsoup.helper.DataUtilTest::shouldReturnNullForIllegalCharsetNames; org.jsoup.integration.ParseTest::testBrokenHtml5CharsetWithASingleDoubleQuote
Jsoup-42,Yes,No,No,
Jsoup-50,No,Yes,No,org.jsoup.helper.DataUtilTest::supportsBOMinFiles
Jsoup-52,No,Yes,No,org.jsoup.nodes.DocumentTest::testMetaCharsetUpdateXmlNoCharset; org.jsoup.nodes.DocumentTest::testMetaCharsetUpdateXmlIso8859; org.jsoup.nodes.DocumentTest::testMetaCharsetUpdateXmlUtf8; org.jsoup.nodes.DocumentTest::testMetaCharsetUpdateXmlDisabledNoChanges; org.jsoup.parser.XmlTreeBuilderTest::handlesXmlDeclarationAsDeclaration; org.jsoup.parser.XmlTreeBuilderTest::testDetectCharsetEncodingDeclaration; org.jsoup.parser.XmlTreeBuilderTest::testParseDeclarationAttributes
Jsoup-56,No,No,Yes,
Jsoup-58,Yes,No,No,
Jsoup-59,No,Yes,No,org.jsoup.parser.HtmlParserTest::handlesControlCodeInAttributeName; org.jsoup.safety.CleanerTest::handlesControlCharactersAfterTagName
Jsoup-60,Yes,No,No,
Jsoup-63,No,Yes,No,org.jsoup.parser.HtmlParserTest::selfClosingOnNonvoidIsError; org.jsoup.parser.HtmlParserTest::selfClosingVoidIsNotAnError; org.jsoup.parser.HtmlParserTest::tracksErrorsWhenRequested
Jsoup-65,No,Yes,No,org.jsoup.parser.HtmlParserTest::testTemplateInsideTable
Jsoup-66,No,Yes,No,org.jsoup.nodes.ElementTest::testNextElementSiblingAfterClone
Jsoup-67,No,Yes,No,org.jsoup.parser.HtmlParserTest::handlesDeepStack
Jsoup-71,No,Yes,No,org.jsoup.select.SelectorTest::splitOnBr; org.jsoup.select.SelectorTest::textAsElements
Jsoup-73,Yes,No,No,
Jsoup-74,Yes,No,No,
Jsoup-78,No,Yes,No,org.jsoup.integration.ConnectTest::handlesEmptyStreamDuringParseRead
Jsoup-79,No,Yes,No,org.jsoup.nodes.TextNodeTest::testLeadNodesHaveNoChildren
Jsoup-81,No,Yes,No,org.jsoup.helper.DataUtilTest::supportsXmlCharsetDeclaration
Jsoup-83,No,No,Yes,
Jsoup-87,No,No,Yes,
Jsoup-91,No,Yes,No,org.jsoup.parser.HtmlParserTest::handlesNullInComments; org.jsoup.parser.HtmlParserTest::handlesInvalidDoctypes; org.jsoup.parser.HtmlParserTest::handlesNullInData
Jsoup-92,No,Yes,No,org.jsoup.parser.HtmlParserTest::retainsAttributesOfDifferentCaseIfSensitive; org.jsoup.parser.HtmlParserTest::dropsDuplicateAttributes; org.jsoup.parser.XmlTreeBuilderTest::dropsDuplicateAttributes
JxPath-1,No,Yes,No,org.apache.commons.jxpath.ri.model.beans.BeanModelTest::testAxisDescendantOrSelf; org.apache.commons.jxpath.ri.model.beans.BeanModelTest::testAxisPrecedingSibling; org.apache.commons.jxpath.ri.model.beans.BeanModelTest::testAxisDescendant; org.apache.commons.jxpath.ri.model.beans.BeanModelTest::testAxisFollowingSibling; org.apache.commons.jxpath.ri.model.dom.DOMModelTest::testGetNode; org.apache.commons.jxpath.ri.model.dom.DOMModelTest::testBuggyXPath; org.apache.commons.jxpath.ri.model.dom.DOMModelTest::testAxisAttribute; org.apache.commons.jxpath.ri.model.dom.DOMModelTest::testLang; org.apache.commons.jxpath.ri.model.dom.DOMModelTest::testCreatePathAndSetValue; org.apache.commons.jxpath.ri.model.dynabeans.DynaBeanModelTest::testAxisDescendantOrSelf; org.apache.commons.jxpath.ri.model.dynabeans.DynaBeanModelTest::testAxisPrecedingSibling; org.apache.commons.jxpath.ri.model.dynabeans.DynaBeanModelTest::testAxisDescendant; org.apache.commons.jxpath.ri.model.dynabeans.DynaBeanModelTest::testAxisFollowingSibling; org.apache.commons.jxpath.ri.model.jdom.JDOMModelTest::testGetNode; org.apache.commons.jxpath.ri.model.jdom.JDOMModelTest::testBuggyXPath
JxPath-2,Yes,No,No,
JxPath-3,No,Yes,No,org.apache.commons.jxpath.ri.compiler.VariableTest::testCreatePathDeclareVariableSetCollectionElementProperty; org.apache.commons.jxpath.ri.compiler.VariableTest::testCreateAndSetValuePathDeclareVariableSetCollectionElement; org.apache.commons.jxpath.ri.compiler.VariableTest::testCreatePathDeclareVariableSetCollectionElement; org.apache.commons.jxpath.ri.compiler.VariableTest::testCreatePathAndSetValueDeclVarSetCollectionElementProperty; org.apache.commons.jxpath.ri.model.beans.BadlyImplementedFactoryTest::testBadFactoryImplementation
JxPath-4,No,Yes,No,org.apache.commons.jxpath.ri.model.XMLSpaceTest::testNestedJDOM; org.apache.commons.jxpath.ri.model.XMLSpaceTest::testDefaultJDOM; org.apache.commons.jxpath.ri.model.XMLSpaceTest::testDefaultDOM; org.apache.commons.jxpath.ri.model.XMLSpaceTest::testNestedWithCommentsJDOM; org.apache.commons.jxpath.ri.model.XMLSpaceTest::testUnspecifiedDOM; org.apache.commons.jxpath.ri.model.XMLSpaceTest::testUnspecifiedJDOM; org.apache.commons.jxpath.ri.model.XMLSpaceTest::testNestedDOM; org.apache.commons.jxpath.ri.model.XMLSpaceTest::testNestedWithCommentsDOM; org.apache.commons.jxpath.ri.model.dom.DOMModelTest::testNodeTypeText
JxPath-7,Yes,No,No,
JxPath-9,No,Yes,No,org.apache.commons.jxpath.ri.compiler.CoreOperationTest::testNan
JxPath-11,No,Yes,No,org.apache.commons.jxpath.ri.model.dom.DOMModelTest::testNamespaceMapping; org.apache.commons.jxpath.ri.model.jdom.JDOMModelTest::testNamespaceMapping
JxPath-13,Yes,No,No,
JxPath-15,Yes,No,No,
JxPath-16,Yes,No,No,
JxPath-17,Yes,No,No,
JxPath-18,No,Yes,No,org.apache.commons.jxpath.ri.model.dom.DOMModelTest::testAxisAttribute
JxPath-19,Yes,No,No,
JxPath-20,No,Yes,No,org.apache.commons.jxpath.ri.compiler.JXPath149Test::testComplexOperationWithVariables
Lang-4,Yes,No,No,
Lang-5,No,Yes,No,org.apache.commons.lang3.LocaleUtilsTest::testLang865
Lang-7,Yes,No,No,
Lang-8,Yes,No,No,
Lang-13,Yes,No,No,
Lang-15,No,Yes,No,org.apache.commons.lang3.reflect.TypeUtilsTest::testGetTypeArguments; org.apache.commons.lang3.reflect.TypeUtilsTest::testIsAssignable; org.apache.commons.lang3.reflect.TypeUtilsTest::testGetRawType
Lang-19,No,Yes,No,org.apache.commons.lang3.text.translate.NumericEntityUnescaperTest::testUnfinishedEntity; org.apache.commons.lang3.text.translate.NumericEntityUnescaperTest::testOutOfBounds
Lang-20,No,Yes,No,org.apache.commons.lang3.StringUtilsTest::testJoin_Objectarray
Lang-23,No,Yes,No,org.apache.commons.lang3.text.ExtendedMessageFormatTest::testEqualsHashcode
Lang-27,Yes,No,No,
Lang-30,Yes,No,No,
Lang-32,Yes,No,No,
Lang-34,No,Yes,No,org.apache.commons.lang3.builder.ToStringBuilderTest::testObjectCycle; org.apache.commons.lang3.builder.ToStringBuilderTest::testReflectionHierarchy; org.apache.commons.lang3.builder.ToStringBuilderTest::testSelfInstanceTwoVarsReflectionObjectCycle; org.apache.commons.lang3.builder.ToStringBuilderTest::testReflectionArrayCycle; org.apache.commons.lang3.builder.ToStringBuilderTest::testReflectionLongArrayArray; org.apache.commons.lang3.builder.ToStringBuilderTest::testReflectionArrayArrayCycle; org.apache.commons.lang3.builder.ToStringBuilderTest::testReflectionFloatArray; org.apache.commons.lang3.builder.ToStringBuilderTest::testReflectionDoubleArrayArray; org.apache.commons.lang3.builder.ToStringBuilderTest::testReflectionBooleanArray; org.apache.commons.lang3.builder.ToStringBuilderTest::testReflectionyteArray; org.apache.commons.lang3.builder.ToStringBuilderTest::testReflectionDoubleArray; org.apache.commons.lang3.builder.ToStringBuilderTest::testReflectionIntArrayArray; org.apache.commons.lang3.builder.ToStringBuilderTest::testReflectionLongArray; org.apache.commons.lang3.builder.ToStringBuilderTest::testReflectionhortArrayArray; org.apache.commons.lang3.builder.ToStringBuilderTest::testReflectionObjectArray; org.apache.commons.lang3.builder.ToStringBuilderTest::testReflectionObjectCycle; org.apache.commons.lang3.builder.ToStringBuilderTest::testReflectionBooleanArrayArray; org.apache.commons.lang3.builder.ToStringBuilderTest::testSimpleReflectionObjectCycle; org.apache.commons.lang3.builder.ToStringBuilderTest::testReflectionByteArrayArray; org.apache.commons.lang3.builder.ToStringBuilderTest::testReflectionArrayCycleLevel2; org.apache.commons.lang3.builder.ToStringBuilderTest::testReflectionArrayAndObjectCycle; org.apache.commons.lang3.builder.ToStringBuilderTest::testReflectionCharArrayArray; org.apache.commons.lang3.builder.ToStringBuilderTest::testReflectionShortArray; org.apache.commons.lang3.builder.ToStringBuilderTest::testSelfInstanceVarReflectionObjectCycle; org.apache.commons.lang3.builder.ToStringBuilderTest::testReflectionIntArray; org.apache.commons.lang3.builder.ToStringBuilderTest::testReflectionCharArray; org.apache.commons.lang3.builder.ToStringBuilderTest::testReflectionFloatArrayArray
Lang-35,Yes,No,No,
Lang-36,Yes,No,No,
Lang-41,Yes,No,No,
Lang-46,Yes,No,No,
Lang-47,Yes,No,No,
Lang-50,Yes,No,No,
Lang-56,Yes,No,No,
Lang-60,Yes,No,No,
Lang-62,Yes,No,No,
Lang-63,Yes,No,No,
Lang-64,Yes,No,No,
Lang-65,No,Yes,No,org.apache.commons.lang.time.DateUtilsTest::testTruncateLang59
Math-1,Yes,No,No,
Math-4,Yes,No,No,
Math-6,Yes,No,No,
Math-7,Yes,No,No,
Math-12,Yes,No,No,
Math-14,Yes,No,No,
Math-15,Yes,No,No,
Math-16,Yes,No,No,
Math-18,No,Yes,No,org.apache.commons.math3.optimization.direct.CMAESOptimizerTest::testInputSigmaOutOfRange; org.apache.commons.math3.optimization.direct.CMAESOptimizerTest::testFitAccuracyDependsOnBoundary
Math-21,Yes,No,No,
Math-22,Yes,No,No,
Math-23,Yes,No,No,
Math-24,Yes,No,No,
Math-26,Yes,No,No,
Math-28,Yes,No,No,
Math-29,Yes,No,No,
Math-31,No,Yes,No,org.apache.commons.math3.distribution.FDistributionTest::testMath785
Math-35,Yes,No,No,
Math-36,Yes,No,No,
Math-37,Yes,No,No,
Math-38,No,Yes,No,org.apache.commons.math.optimization.direct.BOBYQAOptimizerTest::testConstrainedRosen; org.apache.commons.math.optimization.direct.BOBYQAOptimizerTest::testElliRotated; org.apache.commons.math.optimization.direct.BOBYQAOptimizerTest::testEllipse; org.apache.commons.math.optimization.direct.BOBYQAOptimizerTest::testTwoAxes; org.apache.commons.math.optimization.direct.BOBYQAOptimizerTest::testCigar; org.apache.commons.math.optimization.direct.BOBYQAOptimizerTest::testRosen; org.apache.commons.math.optimization.direct.BOBYQAOptimizerTest::testRastrigin; org.apache.commons.math.optimization.direct.BOBYQAOptimizerTest::testSsDiffPow; org.apache.commons.math.optimization.direct.BOBYQAOptimizerTest::testMaximize; org.apache.commons.math.optimization.direct.BOBYQAOptimizerTest::testConstrainedRosenWithMoreInterpolationPoints; org.apache.commons.math.optimization.direct.BOBYQAOptimizerTest::testCigTab; org.apache.commons.math.optimization.direct.BOBYQAOptimizerTest::testSphere; org.apache.commons.math.optimization.direct.BOBYQAOptimizerTest::testTablet
Math-44,No,Yes,No,org.apache.commons.math.ode.events.EventStateTest::testIssue695; org.apache.commons.math.ode.events.EventStateTest::testIssue695
Math-46,Yes,No,No,
Math-47,Yes,No,No,
Math-49,Yes,No,No,
Math-52,No,Yes,No,org.apache.commons.math.geometry.euclidean.threed.RotationTest::testIssue639
Math-54,Yes,No,No,
Math-55,No,Yes,No,org.apache.commons.math.geometry.Vector3DTest::testCrossProductCancellation
Math-61,No,Yes,No,org.apache.commons.math.distribution.PoissonDistributionTest::testMean; org.apache.commons.math.distribution.PoissonDistributionTest::testMean
Math-62,Yes,No,No,
Math-64,Yes,No,No,
Math-65,Yes,No,No,
Math-66,No,Yes,No,org.apache.commons.math.optimization.MultiStartUnivariateRealOptimizerTest::testQuinticMin; org.apache.commons.math.optimization.MultiStartUnivariateRealOptimizerTest::testSinMin; org.apache.commons.math.optimization.univariate.BrentOptimizerTest::testQuinticMinStatistics; org.apache.commons.math.optimization.univariate.BrentOptimizerTest::testSinMin
Math-68,No,No,Yes,
Math-72,Yes,No,No,
Math-76,No,Yes,No,org.apache.commons.math.linear.SingularValueSolverTest::testMath320A; org.apache.commons.math.linear.SingularValueSolverTest::testMath320B; org.apache.commons.math.linear.SingularValueSolverTest::testMath320A; org.apache.commons.math.linear.SingularValueSolverTest::testMath320B
Math-77,Yes,No,No,
Math-78,No,Yes,No,org.apache.commons.math.ode.events.EventStateTest::closeEvents
Math-81,No,Yes,No,org.apache.commons.math.linear.EigenDecompositionImplTest::testDimension4WithoutSplit; org.apache.commons.math.linear.EigenDecompositionImplTest::testEigenvectors; org.apache.commons.math.linear.EigenDecompositionImplTest::testTridiagonal; org.apache.commons.math.linear.EigenDecompositionImplTest::testDimensions; org.apache.commons.math.linear.EigenDecompositionImplTest::testEigenvalues; org.apache.commons.math.linear.EigenDecompositionImplTest::testAEqualVDVt; org.apache.commons.math.linear.EigenDecompositionImplTest::testMath308; org.apache.commons.math.linear.EigenDecompositionImplTest::testVOrthogonal; org.apache.commons.math.linear.EigenDecompositionImplTest::testBigMatrix; org.apache.commons.math.linear.EigenSolverTest::testSolve; org.apache.commons.math.linear.EigenSolverTest::testSolveDimensionErrors; org.apache.commons.math.linear.EigenSolverTest::testNonInvertible; org.apache.commons.math.linear.EigenSolverTest::testInvertible; org.apache.commons.math.linear.SingularValueDecompositionImplTest::testMoreColumns; org.apache.commons.math.linear.SingularValueDecompositionImplTest::testHadamard; org.apache.commons.math.linear.SingularValueDecompositionImplTest::testMoreRows
Math-83,No,Yes,No,org.apache.commons.math.optimization.linear.SimplexSolverTest::testMath286
Math-84,Yes,No,No,
Math-86,Yes,No,No,
Math-90,Yes,No,No,
Math-92,Yes,No,No,
Math-93,Yes,No,No,
Math-98,Yes,No,No,
Math-99,Yes,No,No,
Math-100,Yes,No,No,
Math-106,No,Yes,No,org.apache.commons.math.fraction.FractionFormatTest::testParseProperInvalidMinus
Mockito-2,Yes,No,No,
Mockito-3,Yes,No,No,
Mockito-4,No,Yes,No,org.mockito.exceptions.ReporterTest::can_use_print_mock_name_even_when_mock_bogus_default_answer_and_when_reporting_injection_failure
Mockito-6,Yes,No,No,
Mockito-9,Yes,No,No,
Mockito-10,No,No,Yes,
Mockito-14,No,Yes,No,org.mockitousage.bugs.VerifyingWithAnExtraCallToADifferentMockTest::shouldAllowVerifyingWhenOtherMockCallIsInTheSameLine
Mockito-15,No,Yes,No,org.mockitousage.bugs.InjectMocksShouldTryPropertySettersFirstBeforeFieldAccessTest::shouldInjectUsingPropertySetterIfAvailable
Mockito-16,No,Yes,No,org.mockito.internal.InvalidStateDetectionTest::shouldDetectUnfinishedStubbingVoid; org.mockito.internal.InvalidStateDetectionTest::shouldDetectUnfinishedStubbing; org.mockito.internal.InvalidStateDetectionTest::shouldDetectUnfinishedDoAnswerStubbing; org.mockitousage.bugs.StubbingMocksThatAreConfiguredToReturnMocksTest::shouldAllowStubbingMocksConfiguredWithRETURNS_MOCKS; org.mockitousage.spies.PartialMockingWithSpiesTest::shouldAllowStubbingOfMethodsThatDelegateToOtherMethods; org.mockitousage.spies.SpyingOnRealObjectsTest::shouldAllowOverridingStubs
Mockito-17,Yes,No,No,
Mockito-19,No,Yes,No,org.mockito.internal.configuration.MockInjectionTest::can_try_property_or_setter_injection; org.mockitousage.annotation.DeprecatedAnnotationEngineApiTest::shouldInjectMocksIfThereIsNoUserDefinedEngine; org.mockitousage.annotation.DeprecatedMockAnnotationTest::shouldInjectDeprecatedMockAnnotation; org.mockitousage.annotation.MockInjectionUsingSetterOrPropertyTest::shouldIInjectMocksInSpy; org.mockitousage.annotation.MockInjectionUsingSetterOrPropertyTest::shouldInjectMocksForClassHierarchyIfAnnotated; org.mockitousage.annotation.MockInjectionUsingSetterOrPropertyTest::shouldInitializeSpyIfNullAndInjectMocks; org.mockitousage.annotation.MockInjectionUsingSetterOrPropertyTest::shouldInjectMocksIfAnnotated; org.mockitousage.bugs.InjectionByTypeShouldFirstLookForExactTypeThenAncestorTest::should_inject_the_mock_only_once_and_in_the_correct_type; org.mockitousage.bugs.InjectionByTypeShouldFirstLookForExactTypeThenAncestorTest::should_match_be_consistent_regardless_of_order; org.mockitousage.bugs.InjectionByTypeShouldFirstLookForExactTypeThenAncestorTest::mock_should_be_injected_once_and_in_the_best_matching_type; org.mockitousage.bugs.Issue353InjectionMightNotHappenInCertainConfigurationTest::when_identical_types_and_the_correct_mock_name_is_greater_than_the_non_matching_name_then_injection_occurs_only_on_the_named_one
Mockito-20,Yes,No,No,
Mockito-21,Yes,No,No,
Mockito-23,No,Yes,No,org.mockito.internal.stubbing.defaultanswers.ReturnsGenericDeepStubsTest::will_return_default_value_on_non_mockable_nested_generic; org.mockito.internal.stubbing.defaultanswers.ReturnsGenericDeepStubsTest::can_create_mock_from_return_types_declared_with_a_bounded_wildcard; org.mockito.internal.stubbing.defaultanswers.ReturnsGenericDeepStubsTest::can_create_mock_from_multiple_type_variable_bounds_when_return_type_of_parameterized_method_is_a_parameterizedtype_that_is_referencing_a_typevar_on_class; org.mockito.internal.stubbing.defaultanswers.ReturnsGenericDeepStubsTest::generic_deep_mock_frenzy__look_at_these_chained_calls; org.mockitousage.stubbing.DeepStubsSerializableTest::should_serialize_and_deserialize_mock_created_by_deep_stubs
Mockito-25,No,No,Yes,
Mockito-30,Yes,No,No,
Mockito-31,Yes,No,No,
Mockito-32,Yes,No,No,
Mockito-35,No,Yes,No,org.mockitousage.matchers.CapturingArgumentsTest; org.mockitousage.bugs.Bug35ReproducerTest::shouldAllowIsAForPrimitiveArgumentsInVerification; org.mockitousage.bugs.NPEWithCertainMatchersTest::shouldNotThrowNPEWhenIntegerPassedToEq; org.mockitousage.bugs.NPEWithCertainMatchersTest::shouldNotThrowNPEWhenIntegerPassedToSame; org.mockitousage.matchers.CapturingArgumentsTest::shouldAllowAssertionsOnCapturedArgument; org.mockitousage.matchers.CapturingArgumentsTest::shouldAllowAssertionsOnCapturedArgument; org.mockitousage.spies.SpyingOnRealObjectsTest::shouldStubWithDoReturnAndVerify
Mockito-36,No,Yes,No,org.mockito.internal.invocation.InvocationTest::shouldScreamWhenCallingRealMethodOnInterface; org.mockitousage.spies.SpyingOnInterfacesTest::shouldFailInRuntimeWhenCallingRealMethodOnInterface
Time-1,No,Yes,No,org.joda.time.TestPartial_Basics::testWith3; org.joda.time.TestPartial_Constructors::testConstructorEx8_TypeArray_intArray; org.joda.time.TestPartial_Constructors::testConstructorEx7_TypeArray_intArray
Time-2,No,Yes,No,org.joda.time.TestPartial_Basics::testWith_baseAndArgHaveNoRange
Time-3,Yes,No,No,
Time-6,No,Yes,No,org.joda.time.TestDateMidnight_Basics; org.joda.time.TestDateTime_Basics; org.joda.time.TestLocalDateTime_Basics; org.joda.time.TestLocalDateTime_Constructors; org.joda.time.TestLocalDate_Basics; org.joda.time.TestLocalDate_Constructors; org.joda.time.TestLocalTime_Basics; org.joda.time.TestLocalTime_Constructors; org.joda.time.TestMonthDay_Basics; org.joda.time.TestPartial_Basics; org.joda.time.TestPartial_Match; org.joda.time.TestTimeOfDay_Basics; org.joda.time.TestYearMonthDay_Basics; org.joda.time.TestYearMonth_Basics; org.joda.time.chrono.TestBuddhistChronology; org.joda.time.format.TestDateTimeFormatter; org.joda.time.format.TestPeriodFormatter; org.joda.time.TestAbstractPartial::testGetFieldTypes; org.joda.time.TestAbstractPartial::testGetFieldType; org.joda.time.TestAbstractPartial::testGetField; org.joda.time.TestAbstractPartial::testGetPropertyEquals; org.joda.time.TestChronology::testToString; org.joda.time.TestDateTimeUtils::testGetIntervalChronology_RInterval; org.joda.time.TestDateTimeUtils::testGetInstantChronology_RI; org.joda.time.TestDateTimeUtils::testGetChronology_Chronology; org.joda.time.TestDateTimeUtils::testGetIntervalChronology_RI_RI; org.joda.time.TestInterval_Basics::testWithChronology1; org.joda.time.TestInterval_Constructors::testConstructor_Object_Chronology1; org.joda.time.TestMutableDateTime_Sets::testSetMillis_RI1; org.joda.time.TestMutableDateTime_Sets::testSetMillis_RI2; org.joda.time.TestMutableInterval_Constructors::testConstructor_Object_Chronology1; org.joda.time.TestSerialization::testSerializedBuddhistChronology; org.joda.time.TestSerialization::testSerializedLocalDateBuddhist; org.joda.time.convert.TestCalendarConverter::testGetChronology_Object_Zone; org.joda.time.convert.TestCalendarConverter::testGetChronology_Object_nullChronology; org.joda.time.convert.TestReadableIntervalConverter::testSetIntoInterval_Object1; org.joda.time.convert.TestReadableIntervalConverter::testSetIntoInterval_Object2; org.joda.time.convert.TestReadableIntervalConverter::testSetIntoInterval_Object3; org.joda.time.convert.TestReadableIntervalConverter::testSetIntoInterval_Object4; org.joda.time.convert.TestReadablePartialConverter::testToString; org.joda.time.convert.TestReadablePartialConverter::testGetChronology_Object_Zone; org.joda.time.convert.TestReadablePartialConverter::testSingleton; org.joda.time.convert.TestReadablePartialConverter::testGetPartialValues; org.joda.time.convert.TestReadablePartialConverter::testGetChronology_Object_Chronology; org.joda.time.convert.TestReadablePartialConverter::testSupportedType; org.joda.time.convert.TestStringConverter::testSetIntoInterval_Object_Chronology7; org.joda.time.convert.TestStringConverter::testSetIntoInterval_Object_Chronology8
Time-9,Yes,No,No,
Time-10,Yes,No,No,
Time-12,Yes,No,No,
Time-13,Yes,No,No,
Time-23,No,Yes,No,org.joda.time.TestDateTimeZone::testForID_String_old
Time-26,No,Yes,No,org.joda.time.TestDateTimeZoneCutover::testWithSecondOfMinuteInDstChange; org.joda.time.TestDateTimeZoneCutover::testWithMinuteOfHourInDstChange; org.joda.time.TestDateTimeZoneCutover::testWithMinuteOfHourInDstChange_mockZone; org.joda.time.TestDateTimeZoneCutover::testBug2182444_usCentral; org.joda.time.TestDateTimeZoneCutover::testWithMillisOfSecondInDstChange_Paris_summer; org.joda.time.TestDateTimeZoneCutover::testWithHourOfDayInDstChange; org.joda.time.TestDateTimeZoneCutover::testWithMillisOfSecondInDstChange_NewYork_winter; org.joda.time.TestDateTimeZoneCutover::testBug2182444_ausNSW
Codec-6,Yes,No,No,
Math-71,No,No,Yes,
