bug,tool,command,parsed_command,category
chart_14,read_file,,read_file,READ
chart_14,run_shell_command,./run_bug_exposing_tests.sh,run_bug_exposing_tests.sh,TEST
chart_14,read_file,,read_file,READ
chart_14,glob,,glob,SEARCH_FILES
chart_14,read_file,,read_file,READ
chart_14,run_shell_command,defects4j compile,defects4j compile,BUILD
chart_14,glob,,glob,SEARCH_FILES
chart_14,read_file,,read_file,READ
chart_14,run_shell_command,defects4j test -t org.jfree.chart.plot.junit.CategoryPlotTests::testRemoveRangeMarker,defects4j test,TEST
chart_14,run_shell_command,defects4j test,defects4j test,TEST
chart_14,read_file,,read_file,READ
chart_14,search_file_content,,search_file_content,SEARCH_CONTENT
chart_14,read_file,,read_file,READ
chart_14,replace,,replace,WRITE
chart_14,read_file,,read_file,READ
chart_14,replace,,replace,WRITE
chart_14,read_file,,read_file,READ
chart_14,search_file_content,,search_file_content,SEARCH_CONTENT
chart_14,read_file,,read_file,READ
chart_14,replace,,replace,WRITE
chart_14,read_file,,read_file,READ
chart_14,replace,,replace,WRITE
chart_14,run_shell_command,defects4j compile,defects4j compile,BUILD
chart_14,run_shell_command,defects4j test,defects4j test,TEST
chart_14,run_shell_command,git diff,git diff,VCS
chart_15,read_file,,read_file,READ
chart_15,run_shell_command,./run_bug_exposing_tests.sh,run_bug_exposing_tests.sh,TEST
chart_15,read_file,,read_file,READ
chart_15,run_shell_command,defects4j compile,defects4j compile,BUILD
chart_15,run_shell_command,defects4j test,defects4j test,TEST
chart_15,glob,,glob,SEARCH_FILES
chart_15,read_file,,read_file,READ
chart_15,glob,,glob,SEARCH_FILES
chart_15,read_file,,read_file,READ
chart_15,glob,,glob,SEARCH_FILES
chart_15,read_file,,read_file,READ
chart_15,replace,,replace,WRITE
chart_15,run_shell_command,defects4j compile,defects4j compile,BUILD
chart_15,run_shell_command,defects4j test,defects4j test,TEST
chart_15,glob,,glob,SEARCH_FILES
chart_15,read_file,,read_file,READ
chart_15,replace,,replace,WRITE
chart_15,run_shell_command,defects4j compile,defects4j compile,BUILD
chart_15,run_shell_command,./run_bug_exposing_tests.sh,run_bug_exposing_tests.sh,TEST
chart_15,read_file,,read_file,READ
chart_15,replace,,replace,WRITE
chart_15,read_file,,read_file,READ
chart_15,replace,,replace,WRITE
chart_15,run_shell_command,defects4j compile,defects4j compile,BUILD
chart_15,run_shell_command,./run_bug_exposing_tests.sh,run_bug_exposing_tests.sh,TEST
chart_15,read_file,,read_file,READ
chart_15,glob,,glob,SEARCH_FILES
chart_15,read_file,,read_file,READ
chart_15,replace,,replace,WRITE
chart_15,read_file,,read_file,READ
chart_15,replace,,replace,WRITE
chart_15,run_shell_command,defects4j compile,defects4j compile,BUILD
chart_15,run_shell_command,defects4j test,defects4j test,TEST
chart_15,run_shell_command,./run_bug_exposing_tests.sh,run_bug_exposing_tests.sh,TEST
chart_15,read_file,,read_file,READ
chart_15,read_file,,read_file,READ
chart_15,replace,,replace,WRITE
chart_15,replace,,replace,WRITE
chart_15,read_file,,read_file,READ
chart_15,replace,,replace,WRITE
chart_15,run_shell_command,defects4j compile,defects4j compile,BUILD
chart_15,run_shell_command,defects4j test,defects4j test,TEST
chart_15,run_shell_command,git diff,git diff,VCS
chart_16,read_file,,read_file,READ
chart_16,run_shell_command,./run_bug_exposing_tests.sh,run_bug_exposing_tests.sh,TEST
chart_16,read_file,,read_file,READ
chart_16,glob,,glob,SEARCH_FILES
chart_16,run_shell_command,defects4j compile,defects4j compile,BUILD
chart_16,run_shell_command,./run_bug_exposing_tests.sh,run_bug_exposing_tests.sh,TEST
chart_16,read_file,,read_file,READ
chart_16,read_file,,read_file,READ
chart_16,replace,,replace,WRITE
chart_16,replace,,replace,WRITE
chart_16,replace,,replace,WRITE
chart_16,replace,,replace,WRITE
chart_16,replace,,replace,WRITE
chart_16,replace,,replace,WRITE
chart_16,replace,,replace,WRITE
chart_16,run_shell_command,defects4j compile,defects4j compile,BUILD
chart_16,run_shell_command,./run_bug_exposing_tests.sh,run_bug_exposing_tests.sh,TEST
chart_16,read_file,,read_file,READ
chart_16,read_file,,read_file,READ
chart_16,replace,,replace,WRITE
chart_16,run_shell_command,defects4j compile,defects4j compile,BUILD
chart_16,run_shell_command,./run_bug_exposing_tests.sh,run_bug_exposing_tests.sh,TEST
chart_16,read_file,,read_file,READ
chart_16,run_shell_command,defects4j test,defects4j test,TEST
chart_16,run_shell_command,git diff > fix.patch,git diff,VCS
chart_16,read_file,,read_file,READ
chart_18,read_file,,read_file,READ
chart_18,run_shell_command,./run_bug_exposing_tests.sh,run_bug_exposing_tests.sh,TEST
chart_18,read_file,,read_file,READ
chart_18,glob,,glob,SEARCH_FILES
chart_18,glob,,glob,SEARCH_FILES
chart_18,glob,,glob,SEARCH_FILES
chart_18,run_shell_command,defects4j compile,defects4j compile,BUILD
chart_18,run_shell_command,./run_bug_exposing_tests.sh,run_bug_exposing_tests.sh,TEST
chart_18,read_file,,read_file,READ
chart_18,read_file,,read_file,READ
chart_18,replace,,replace,WRITE
chart_18,run_shell_command,defects4j compile,defects4j compile,BUILD
chart_18,run_shell_command,./run_bug_exposing_tests.sh,run_bug_exposing_tests.sh,TEST
chart_18,read_file,,read_file,READ
chart_18,read_file,,read_file,READ
chart_18,read_file,,read_file,READ
chart_18,replace,,replace,WRITE
chart_18,read_file,,read_file,READ
chart_18,replace,,replace,WRITE
chart_18,run_shell_command,defects4j compile,defects4j compile,BUILD
chart_18,run_shell_command,./run_bug_exposing_tests.sh,run_bug_exposing_tests.sh,TEST
chart_18,read_file,,read_file,READ
chart_18,replace,,replace,WRITE
chart_18,run_shell_command,defects4j compile,defects4j compile,BUILD
chart_18,run_shell_command,./run_bug_exposing_tests.sh,run_bug_exposing_tests.sh,TEST
chart_18,read_file,,read_file,READ
chart_18,replace,,replace,WRITE
chart_18,run_shell_command,defects4j compile,defects4j compile,BUILD
chart_18,run_shell_command,./run_bug_exposing_tests.sh,run_bug_exposing_tests.sh,TEST
chart_18,read_file,,read_file,READ
chart_18,replace,,replace,WRITE
chart_18,run_shell_command,defects4j compile,defects4j compile,BUILD
chart_18,run_shell_command,./run_bug_exposing_tests.sh,run_bug_exposing_tests.sh,TEST
chart_18,read_file,,read_file,READ
chart_18,replace,,replace,WRITE
chart_18,run_shell_command,defects4j compile,defects4j compile,BUILD
chart_18,run_shell_command,./run_bug_exposing_tests.sh,run_bug_exposing_tests.sh,TEST
chart_18,read_file,,read_file,READ
chart_18,run_shell_command,./run_all_tests_trace.sh,run_all_tests_trace.sh,TEST
chart_18,read_file,,read_file,READ
chart_18,read_file,,read_file,READ
chart_18,run_shell_command,git diff,git diff,VCS
chart_21,read_file,,read_file,READ
chart_21,run_shell_command,./run_bug_exposing_tests.sh,run_bug_exposing_tests.sh,TEST
chart_21,read_file,,read_file,READ
chart_21,glob,,glob,SEARCH_FILES
chart_21,read_file,,read_file,READ
chart_21,read_file,,read_file,READ
chart_21,run_shell_command,defects4j compile,defects4j compile,BUILD
chart_21,list_directory,,list_directory,SEARCH_FILES
chart_21,run_shell_command,defects4j export -p cp.test,defects4j export,DEFECTS4J_OTHER
chart_21,run_shell_command,defects4j test -t org.jfree.data.statistics.junit.DefaultBoxAndWhiskerCategoryDatasetTests::testGetRangeBounds,defects4j test,TEST
chart_21,read_file,,read_file,READ
chart_21,read_file,,read_file,READ
chart_21,replace,,replace,WRITE
chart_21,replace,,replace,WRITE
chart_21,run_shell_command,defects4j compile,defects4j compile,BUILD
chart_21,run_shell_command,defects4j test -t org.jfree.data.statistics.junit.DefaultBoxAndWhiskerCategoryDatasetTests::testGetRangeBounds,defects4j test,TEST
chart_21,run_shell_command,defects4j test,defects4j test,TEST
chart_21,run_shell_command,git diff,git diff,VCS
chart_22,read_file,,read_file,READ
chart_22,run_shell_command,./run_bug_exposing_tests.sh,run_bug_exposing_tests.sh,TEST
chart_22,read_file,,read_file,READ
chart_22,glob,,glob,SEARCH_FILES
chart_22,read_file,,read_file,READ
chart_22,run_shell_command,defects4j compile,defects4j compile,BUILD
chart_22,run_shell_command,./run_bug_exposing_tests.sh,run_bug_exposing_tests.sh,TEST
chart_22,read_file,,read_file,READ
chart_22,read_file,,read_file,READ
chart_22,read_file,,read_file,READ
chart_22,replace,,replace,WRITE
chart_22,replace,,replace,WRITE
chart_22,replace,,replace,WRITE
chart_22,run_shell_command,defects4j compile,defects4j compile,BUILD
chart_22,run_shell_command,./run_bug_exposing_tests.sh,run_bug_exposing_tests.sh,TEST
chart_22,read_file,,read_file,READ
chart_22,replace,,replace,WRITE
chart_22,run_shell_command,defects4j compile,defects4j compile,BUILD
chart_22,run_shell_command,./run_bug_exposing_tests.sh,run_bug_exposing_tests.sh,TEST
chart_22,read_file,,read_file,READ
chart_22,read_file,,read_file,READ
chart_22,replace,,replace,WRITE
chart_22,replace,,replace,WRITE
chart_22,run_shell_command,defects4j compile,defects4j compile,BUILD
chart_22,run_shell_command,./run_bug_exposing_tests.sh,run_bug_exposing_tests.sh,TEST
chart_22,read_file,,read_file,READ
chart_22,run_shell_command,defects4j test,defects4j test,TEST
chart_22,run_shell_command,git diff > /Users/danielding/Desktop/example_dir/Chart_22/fix.patch,git diff,VCS
chart_25,read_file,,read_file,READ
cli_10,read_file,,read_file,READ
cli_10,run_shell_command,./run_bug_exposing_tests.sh,run_bug_exposing_tests.sh,TEST
cli_10,read_file,,read_file,READ
cli_10,run_shell_command,defects4j test -t org.apache.commons.cli.ParseRequiredTest,defects4j test,TEST
cli_10,read_file,,read_file,READ
cli_10,run_shell_command,defects4j test -t org.apache.commons.cli.ParseRequiredTest::testReuseOptionsTwice,defects4j test,TEST
cli_10,read_file,,read_file,READ
cli_10,replace,,replace,WRITE
cli_10,run_shell_command,defects4j test -t org.apache.commons.cli.ParseRequiredTest::testReuseOptionsTwice,defects4j test,TEST
cli_10,run_shell_command,defects4j compile,defects4j compile,BUILD
cli_10,run_shell_command,defects4j test,defects4j test,TEST
cli_10,run_shell_command,git diff,git diff,VCS
cli_13,read_file,,read_file,READ
cli_13,run_shell_command,./run_bug_exposing_tests.sh,run_bug_exposing_tests.sh,TEST
cli_13,read_file,,read_file,READ
cli_13,run_shell_command,defects4j test,defects4j test,TEST
cli_13,read_file,,read_file,READ
cli_13,read_file,,read_file,READ
cli_13,read_file,,read_file,READ
cli_13,read_file,,read_file,READ
cli_13,replace,,replace,WRITE
cli_13,replace,,replace,WRITE
cli_13,replace,,replace,WRITE
cli_13,run_shell_command,defects4j compile,defects4j compile,BUILD
cli_13,run_shell_command,defects4j test -t org.apache.commons.cli2.bug.BugLoopingOptionLookAlikeTest::testLoopingOptionLookAlike2,defects4j test,TEST
cli_13,replace,,replace,WRITE
cli_13,replace,,replace,WRITE
cli_13,run_shell_command,defects4j compile,defects4j compile,BUILD
cli_13,run_shell_command,defects4j test -t org.apache.commons.cli2.bug.BugLoopingOptionLookAlikeTest::testLoopingOptionLookAlike2,defects4j test,TEST
cli_13,run_shell_command,defects4j test,defects4j test,TEST
cli_13,read_file,,read_file,READ
cli_13,replace,,replace,WRITE
cli_13,run_shell_command,defects4j compile,defects4j compile,BUILD
cli_13,run_shell_command,defects4j test,defects4j test,TEST
cli_13,read_file,,read_file,READ
cli_13,replace,,replace,WRITE
cli_13,replace,,replace,WRITE
cli_13,run_shell_command,defects4j compile,defects4j compile,BUILD
cli_13,run_shell_command,defects4j test,defects4j test,TEST
cli_13,replace,,replace,WRITE
cli_13,run_shell_command,defects4j compile,defects4j compile,BUILD
cli_13,run_shell_command,./run_all_tests_trace.sh -t org.apache.commons.cli2.bug.BugCLI145Test::testWithMaximumUsingDefaultValues,run_all_tests_trace.sh,TEST
cli_13,read_file,,read_file,READ
cli_13,replace,,replace,WRITE
cli_13,replace,,replace,WRITE
cli_13,run_shell_command,defects4j compile,defects4j compile,BUILD
cli_13,run_shell_command,defects4j test,defects4j test,TEST
cli_13,run_shell_command,git diff > fix.patch,git diff,VCS
cli_13,read_file,,read_file,READ
cli_14,read_file,,read_file,READ
cli_14,write_file,,write_file,WRITE
cli_14,write_file,,write_file,WRITE
cli_14,run_shell_command,defects4j compile,defects4j compile,BUILD
cli_14,run_shell_command,"find . -name ""*.jar""",find,SEARCH_FILES
cli_14,list_directory,,list_directory,SEARCH_FILES
cli_14,run_shell_command,java -cp target/classes:target/lib/junit/jars/junit-3.8.1.jar:target/lib/commons-lang/jars/commons-lang-2.1.jar org.apache.commons.cli2.issues.CLI2Sample --file-name /Users/danielding/Desktop/example_dir/Cli_14/dummy.txt,java,BUILD
cli_14,read_file,,read_file,READ
cli_14,read_file,,read_file,READ
cli_14,read_file,,read_file,READ
cli_14,read_file,,read_file,READ
cli_14,replace,,replace,WRITE
cli_14,run_shell_command,defects4j compile,defects4j compile,BUILD
cli_14,read_file,,read_file,READ
cli_14,replace,,replace,WRITE
cli_14,run_shell_command,defects4j compile,defects4j compile,BUILD
cli_14,run_shell_command,java -cp target/classes:target/lib/junit/jars/junit-3.8.1.jar:target/lib/commons-lang/jars/commons-lang-2.1.jar org.apache.commons.cli2.issues.CLI2Sample --file-name /Users/danielding/Desktop/example_dir/Cli_14/dummy.txt,java,BUILD
cli_14,run_shell_command,./run_all_tests_trace.sh,run_all_tests_trace.sh,TEST
cli_14,run_shell_command,git diff,git diff,VCS
cli_14,run_shell_command,rm /Users/danielding/Desktop/example_dir/Cli_14/src/java/org/apache/commons/cli2/issues/CLI2Sample.java /Users/danielding/Desktop/example_dir/Cli_14/dummy.txt,rm,FILE_OPS
cli_16,read_file,,read_file,READ
cli_16,run_shell_command,./run_bug_exposing_tests.sh,run_bug_exposing_tests.sh,TEST
cli_16,read_file,,read_file,READ
cli_16,run_shell_command,defects4j compile,defects4j compile,BUILD
cli_16,run_shell_command,./run_bug_exposing_tests.sh,run_bug_exposing_tests.sh,TEST
cli_16,read_file,,read_file,READ
cli_16,read_file,,read_file,READ
cli_16,replace,,replace,WRITE
cli_16,run_shell_command,./run_bug_exposing_tests.sh,run_bug_exposing_tests.sh,TEST
cli_16,read_file,,read_file,READ
cli_16,replace,,replace,WRITE
cli_16,run_shell_command,defects4j compile,defects4j compile,BUILD
cli_16,read_file,,read_file,READ
cli_16,read_file,,read_file,READ
cli_16,replace,,replace,WRITE
cli_16,run_shell_command,defects4j compile,defects4j compile,BUILD
cli_16,run_shell_command,defects4j compile -c,defects4j compile,BUILD
cli_16,run_shell_command,rm -rf target,rm,FILE_OPS
cli_16,run_shell_command,defects4j compile,defects4j compile,BUILD
cli_16,replace,,replace,WRITE
cli_16,replace,,replace,WRITE
cli_16,replace,,replace,WRITE
cli_16,run_shell_command,defects4j compile,defects4j compile,BUILD
cli_16,read_file,,read_file,READ
cli_16,replace,,replace,WRITE
cli_16,replace,,replace,WRITE
cli_16,run_shell_command,defects4j compile,defects4j compile,BUILD
cli_16,replace,,replace,WRITE
cli_16,replace,,replace,WRITE
cli_16,run_shell_command,defects4j compile,defects4j compile,BUILD
cli_16,read_file,,read_file,READ
cli_16,replace,,replace,WRITE
cli_16,run_shell_command,defects4j compile,defects4j compile,BUILD
cli_16,replace,,replace,WRITE
cli_16,replace,,replace,WRITE
cli_16,replace,,replace,WRITE
cli_16,replace,,replace,WRITE
cli_16,replace,,replace,WRITE
cli_16,run_shell_command,defects4j compile,defects4j compile,BUILD
cli_16,read_file,,read_file,READ
cli_16,replace,,replace,WRITE
cli_16,run_shell_command,defects4j compile,defects4j compile,BUILD
cli_16,read_file,,read_file,READ
cli_16,replace,,replace,WRITE
cli_16,read_file,,read_file,READ
cli_16,replace,,replace,WRITE
cli_16,read_file,,read_file,READ
cli_16,replace,,replace,WRITE
cli_16,read_file,,read_file,READ
cli_16,replace,,replace,WRITE
cli_16,read_file,,read_file,READ
cli_16,replace,,replace,WRITE
cli_16,replace,,replace,WRITE
cli_16,read_file,,read_file,READ
cli_16,replace,,replace,WRITE
cli_16,run_shell_command,git checkout /Users/danielding/Desktop/example_dir/Cli_16/src/java/org/apache/commons/cli2/option/GroupImpl.java,git checkout,VCS
cli_16,replace,,replace,WRITE
cli_16,run_shell_command,defects4j compile,defects4j compile,BUILD
cli_16,replace,,replace,WRITE
cli_16,run_shell_command,defects4j compile,defects4j compile,BUILD
cli_16,replace,,replace,WRITE
cli_16,run_shell_command,defects4j compile,defects4j compile,BUILD
cli_16,run_shell_command,./run_bug_exposing_tests.sh,run_bug_exposing_tests.sh,TEST
cli_16,read_file,,read_file,READ
cli_16,replace,,replace,WRITE
cli_16,replace,,replace,WRITE
cli_16,replace,,replace,WRITE
cli_16,replace,,replace,WRITE
cli_16,replace,,replace,WRITE
cli_16,run_shell_command,defects4j compile,defects4j compile,BUILD
cli_16,replace,,replace,WRITE
cli_16,replace,,replace,WRITE
cli_16,read_file,,read_file,READ
cli_16,read_file,,read_file,READ
cli_16,replace,,replace,WRITE
cli_16,run_shell_command,defects4j compile,defects4j compile,BUILD
cli_16,run_shell_command,./run_bug_exposing_tests.sh,run_bug_exposing_tests.sh,TEST
cli_16,read_file,,read_file,READ
cli_16,read_file,,read_file,READ
cli_16,replace,,replace,WRITE
cli_16,replace,,replace,WRITE
cli_16,run_shell_command,defects4j compile,defects4j compile,BUILD
cli_16,replace,,replace,WRITE
cli_16,run_shell_command,defects4j compile,defects4j compile,BUILD
cli_16,run_shell_command,./run_bug_exposing_tests.sh,run_bug_exposing_tests.sh,TEST
cli_16,read_file,,read_file,READ
cli_16,run_shell_command,git checkout /Users/danielding/Desktop/example_dir/Cli_16/src/java/org/apache/commons/cli2/commandline/WriteableCommandLineImpl.java,git checkout,VCS
cli_16,read_file,,read_file,READ
cli_16,replace,,replace,WRITE
cli_16,replace,,replace,WRITE
cli_16,run_shell_command,defects4j compile,defects4j compile,BUILD
cli_16,replace,,replace,WRITE
cli_16,run_shell_command,defects4j compile,defects4j compile,BUILD
cli_16,run_shell_command,./run_bug_exposing_tests.sh,run_bug_exposing_tests.sh,TEST
cli_16,read_file,,read_file,READ
cli_16,read_file,,read_file,READ
cli_16,replace,,replace,WRITE
cli_16,run_shell_command,defects4j compile,defects4j compile,BUILD
cli_16,replace,,replace,WRITE
cli_16,run_shell_command,defects4j compile,defects4j compile,BUILD
cli_16,run_shell_command,./run_bug_exposing_tests.sh,run_bug_exposing_tests.sh,TEST
cli_16,read_file,,read_file,READ
cli_16,read_file,,read_file,READ
cli_16,replace,,replace,WRITE
cli_16,run_shell_command,defects4j compile,defects4j compile,BUILD
cli_16,run_shell_command,./run_bug_exposing_tests.sh,run_bug_exposing_tests.sh,TEST
cli_16,read_file,,read_file,READ
cli_16,run_shell_command,git checkout /Users/danielding/Desktop/example_dir/Cli_16/src/java/org/apache/commons/cli2/commandline/WriteableCommandLineImpl.java,git checkout,VCS
cli_16,replace,,replace,WRITE
cli_16,run_shell_command,defects4j compile,defects4j compile,BUILD
cli_16,run_shell_command,./run_bug_exposing_tests.sh,run_bug_exposing_tests.sh,TEST
cli_16,read_file,,read_file,READ
cli_16,run_shell_command,git checkout /Users/danielding/Desktop/example_dir/Cli_16/src/java/org/apache/commons/cli2/commandline/WriteableCommandLineImpl.java /Users/danielding/Desktop/example_dir/Cli_16/src/java/org/apache/commons/cli2/Group.java /Users/danielding/Desktop/example_dir/Cli_16/src/java/org/apache/commons/cli2/option/OptionImpl.java /Users/danielding/Desktop/example_dir/Cli_16/src/java/org/apache/commons/cli2/builder/GroupBuilder.java,git checkout,VCS
cli_16,replace,,replace,WRITE
cli_16,replace,,replace,WRITE
cli_16,replace,,replace,WRITE
cli_16,replace,,replace,WRITE
cli_16,replace,,replace,WRITE
cli_16,replace,,replace,WRITE
cli_16,read_file,,read_file,READ
cli_16,replace,,replace,WRITE
cli_16,read_file,,read_file,READ
cli_16,replace,,replace,WRITE
cli_16,read_file,,read_file,READ
cli_16,replace,,replace,WRITE
cli_16,read_file,,read_file,READ
cli_16,replace,,replace,WRITE
cli_16,read_file,,read_file,READ
cli_16,replace,,replace,WRITE
cli_16,read_file,,read_file,READ
cli_16,replace,,replace,WRITE
cli_16,read_file,,read_file,READ
cli_16,replace,,replace,WRITE
cli_16,run_shell_command,defects4j compile,defects4j compile,BUILD
cli_16,run_shell_command,git checkout /Users/danielding/Desktop/example_dir/Cli_16/src/java/org/apache/commons/cli2/Option.java /Users/danielding/Desktop/example_dir/Cli_16/src/java/org/apache/commons/cli2/option/OptionImpl.java,git checkout,VCS
cli_16,read_file,,read_file,READ
cli_16,replace,,replace,WRITE
cli_16,read_file,,read_file,READ
cli_16,replace,,replace,WRITE
cli_16,read_file,,read_file,READ
cli_16,read_file,,read_file,READ
cli_16,replace,,replace,WRITE
cli_16,replace,,replace,WRITE
cli_16,replace,,replace,WRITE
cli_16,replace,,replace,WRITE
cli_16,read_file,,read_file,READ
cli_16,replace,,replace,WRITE
cli_16,read_file,,read_file,READ
cli_18,read_file,,read_file,READ
cli_18,run_shell_command,./run_bug_exposing_tests.sh,run_bug_exposing_tests.sh,TEST
cli_18,read_file,,read_file,READ
cli_18,run_shell_command,defects4j compile,defects4j compile,BUILD
cli_18,run_shell_command,./run_bug_exposing_tests.sh,run_bug_exposing_tests.sh,TEST
cli_18,run_shell_command,defects4j test,defects4j test,TEST
cli_18,read_file,,read_file,READ
cli_18,read_file,,read_file,READ
cli_18,replace,,replace,WRITE
cli_18,run_shell_command,defects4j test,defects4j test,TEST
cli_18,run_shell_command,git diff,git diff,VCS
cli_1,read_file,,read_file,READ
cli_1,run_shell_command,./run_bug_exposing_tests.sh,run_bug_exposing_tests.sh,TEST
cli_1,read_file,,read_file,READ
cli_1,glob,,glob,SEARCH_FILES
cli_1,read_file,,read_file,READ
cli_1,run_shell_command,defects4j compile,defects4j compile,BUILD
cli_1,run_shell_command,defects4j test -t org.apache.commons.cli.bug.BugCLI13Test,defects4j test,TEST
cli_1,read_file,,read_file,READ
cli_1,run_shell_command,defects4j test -t org.apache.commons.cli.bug.BugCLI13Test::testCLI13,defects4j test,TEST
cli_1,read_file,,read_file,READ
cli_1,read_file,,read_file,READ
cli_1,read_file,,read_file,READ
cli_1,read_file,,read_file,READ
cli_1,read_file,,read_file,READ
cli_1,replace,,replace,WRITE
cli_1,run_shell_command,defects4j compile,defects4j compile,BUILD
cli_1,run_shell_command,defects4j test -t org.apache.commons.cli.bug.BugCLI13Test::testCLI13,defects4j test,TEST
cli_1,run_shell_command,defects4j test,defects4j test,TEST
cli_1,run_shell_command,git diff,git diff,VCS
cli_22,read_file,,read_file,READ
cli_22,run_shell_command,./run_bug_exposing_tests.sh,run_bug_exposing_tests.sh,TEST
cli_22,read_file,,read_file,READ
cli_22,run_shell_command,defects4j compile,defects4j compile,BUILD
cli_22,run_shell_command,./run_bug_exposing_tests.sh,run_bug_exposing_tests.sh,TEST
cli_22,read_file,,read_file,READ
cli_22,run_shell_command,defects4j test -t org.apache.commons.cli.PosixParserTest,defects4j test,TEST
cli_22,run_shell_command,defects4j test -t org.apache.commons.cli.PosixParserTest,defects4j test,TEST
cli_22,run_shell_command,defects4j test,defects4j test,TEST
cli_22,read_file,,read_file,READ
cli_22,replace,,replace,WRITE
cli_22,run_shell_command,defects4j test -t org.apache.commons.cli.PosixParserTest::testStopAtExpectedArg,defects4j test,TEST
cli_22,read_file,,read_file,READ
cli_22,read_file,,read_file,READ
cli_22,read_file,,read_file,READ
cli_22,read_file,,read_file,READ
cli_22,replace,,replace,WRITE
cli_22,replace,,replace,WRITE
cli_22,replace,,replace,WRITE
cli_22,replace,,replace,WRITE
cli_22,run_shell_command,defects4j test -t org.apache.commons.cli.PosixParserTest::testStopAtExpectedArg,defects4j test,TEST
cli_22,run_shell_command,defects4j test -t org.apache.commons.cli.ApplicationTest::testGroovy,defects4j test,TEST
cli_22,run_shell_command,defects4j test,defects4j test,TEST
cli_22,run_shell_command,git diff,git diff,VCS
cli_26,read_file,,read_file,READ
cli_26,run_shell_command,./run_bug_exposing_tests.sh,run_bug_exposing_tests.sh,TEST
cli_26,read_file,,read_file,READ
cli_26,run_shell_command,defects4j test -t org.apache.commons.cli.OptionBuilderTest,defects4j test,TEST
cli_26,run_shell_command,defects4j compile,defects4j compile,BUILD
cli_26,run_shell_command,defects4j test,defects4j test,TEST
cli_26,read_file,,read_file,READ
cli_26,read_file,,read_file,READ
cli_26,replace,,replace,WRITE
cli_26,run_shell_command,defects4j test -t org.apache.commons.cli.OptionBuilderTest::testBuilderIsResettedAlways,defects4j test,TEST
cli_26,run_shell_command,defects4j test,defects4j test,TEST
cli_26,run_shell_command,git diff,git diff,VCS
cli_30,read_file,,read_file,READ
cli_30,run_shell_command,./run_bug_exposing_tests.sh,run_bug_exposing_tests.sh,TEST
cli_30,read_file,,read_file,READ
cli_30,run_shell_command,defects4j compile,defects4j compile,BUILD
cli_30,run_shell_command,./run_bug_exposing_tests.sh,run_bug_exposing_tests.sh,TEST
cli_30,read_file,,read_file,READ
cli_30,run_shell_command,defects4j test,defects4j test,TEST
cli_30,read_many_files,,read_many_files,READ
cli_30,replace,,replace,WRITE
cli_30,replace,,replace,WRITE
cli_30,run_shell_command,defects4j test -t org.apache.commons.cli.BasicParserTest::testPropertyOptionGroup && defects4j test -t org.apache.commons.cli.BasicParserTest::testPropertyOptionUnexpected && defects4j test -t org.apache.commons.cli.DefaultParserTest::testPropertyOptionGroup && defects4j test -t org.apache.commons.cli.DefaultParserTest::testPropertyOptionUnexpected && defects4j test -t org.apache.commons.cli.GnuParserTest::testPropertyOptionGroup && defects4j test -t org.apache.commons.cli.GnuParserTest::testPropertyOptionUnexpected && defects4j test -t org.apache.commons.cli.OptionGroupTest::testTwoOptionsFromGroupWithProperties && defects4j test -t org.apache.commons.cli.PosixParserTest::testPropertyOptionGroup && defects4j test -t org.apache.commons.cli.PosixParserTest::testPropertyOptionUnexpected,defects4j test,TEST
cli_30,run_shell_command,defects4j test -t org.apache.commons.cli.BasicParserTest::testPropertyOptionGroup && defects4j test -t org.apache.commons.cli.BasicParserTest::testPropertyOptionUnexpected && defects4j test -t org.apache.commons.cli.DefaultParserTest::testPropertyOptionGroup && defects4j test -t org.apache.commons.cli.DefaultParserTest::testPropertyOptionUnexpected && defects4j test -t org.apache.commons.cli.GnuParserTest::testPropertyOptionGroup && defects4j test -t org.apache.commons.cli.GnuParserTest::testPropertyOptionUnexpected && defects4j test -t org.apache.commons.cli.OptionGroupTest::testTwoOptionsFromGroupWithProperties && defects4j test -t org.apache.commons.cli.PosixParserTest::testPropertyOptionGroup && defects4j test -t org.apache.commons.cli.PosixParserTest::testPropertyOptionUnexpected,defects4j test,TEST
cli_30,run_shell_command,defects4j test -t org.apache.commons.cli.BasicParserTest::testPropertyOptionGroup && defects4j test -t org.apache.commons.cli.BasicParserTest::testPropertyOptionUnexpected && defects4j test -t org.apache.commons.cli.DefaultParserTest::testPropertyOptionGroup && defects4j test -t org.apache.commons.cli.DefaultParserTest::testPropertyOptionUnexpected && defects4j test -t org.apache.commons.cli.GnuParserTest::testPropertyOptionGroup && defects4j test -t org.apache.commons.cli.GnuParserTest::testPropertyOptionUnexpected && defects4j test -t org.apache.commons.cli.OptionGroupTest::testTwoOptionsFromGroupWithProperties && defects4j test -t org.apache.commons.cli.PosixParserTest::testPropertyOptionGroup && defects4j test -t org.apache.commons.cli.PosixParserTest::testPropertyOptionUnexpected,defects4j test,TEST
cli_30,run_shell_command,defects4j test -t org.apache.commons.cli.BasicParserTest::testPropertyOptionGroup && defects4j test -t org.apache.commons.cli.BasicParserTest::testPropertyOptionUnexpected && defects4j test -t org.apache.commons.cli.DefaultParserTest::testPropertyOptionGroup && defects4j test -t org.apache.commons.cli.DefaultParserTest::testPropertyOptionUnexpected && defects4j test -t org.apache.commons.cli.GnuParserTest::testPropertyOptionGroup && defects4j test -t org.apache.commons.cli.GnuParserTest::testPropertyOptionUnexpected && defects4j test -t org.apache.commons.cli.OptionGroupTest::testTwoOptionsFromGroupWithProperties && defects4j test -t org.apache.commons.cli.PosixParserTest::testPropertyOptionGroup && defects4j test -t org.apache.commons.cli.PosixParserTest::testPropertyOptionUnexpected,defects4j test,TEST
cli_30,run_shell_command,defects4j test -t org.apache.commons.cli.BasicParserTest::testPropertyOptionGroup && defects4j test -t org.apache.commons.cli.BasicParserTest::testPropertyOptionUnexpected && defects4j test -t org.apache.commons.cli.DefaultParserTest::testPropertyOptionGroup && defects4j test -t org.apache.commons.cli.DefaultParserTest::testPropertyOptionUnexpected && defects4j test -t org.apache.commons.cli.GnuParserTest::testPropertyOptionGroup && defects4j test -t org.apache.commons.cli.GnuParserTest::testPropertyOptionUnexpected && defects4j test -t org.apache.commons.cli.OptionGroupTest::testTwoOptionsFromGroupWithProperties && defects4j test -t org.apache.commons.cli.PosixParserTest::testPropertyOptionGroup && defects4j test -t org.apache.commons.cli.PosixParserTest::testPropertyOptionUnexpected,defects4j test,TEST
cli_30,run_shell_command,defects4j test -t org.apache.commons.cli.BasicParserTest::testPropertyOptionGroup && defects4j test -t org.apache.commons.cli.BasicParserTest::testPropertyOptionUnexpected && defects4j test -t org.apache.commons.cli.DefaultParserTest::testPropertyOptionGroup && defects4j test -t org.apache.commons.cli.DefaultParserTest::testPropertyOptionUnexpected && defects4j test -t org.apache.commons.cli.GnuParserTest::testPropertyOptionGroup && defects4j test -t org.apache.commons.cli.GnuParserTest::testPropertyOptionUnexpected && defects4j test -t org.apache.commons.cli.OptionGroupTest::testTwoOptionsFromGroupWithProperties && defects4j test -t org.apache.commons.cli.PosixParserTest::testPropertyOptionGroup && defects4j test -t org.apache.commons.cli.PosixParserTest::testPropertyOptionUnexpected,defects4j test,TEST
cli_30,run_shell_command,defects4j test -t org.apache.commons.cli.BasicParserTest::testPropertyOptionGroup && defects4j test -t org.apache.commons.cli.BasicParserTest::testPropertyOptionUnexpected && defects4j test -t org.apache.commons.cli.DefaultParserTest::testPropertyOptionGroup && defects4j test -t org.apache.commons.cli.DefaultParserTest::testPropertyOptionUnexpected && defects4j test -t org.apache.commons.cli.GnuParserTest::testPropertyOptionGroup && defects4j test -t org.apache.commons.cli.GnuParserTest::testPropertyOptionUnexpected && defects4j test -t org.apache.commons.cli.OptionGroupTest::testTwoOptionsFromGroupWithProperties && defects4j test -t org.apache.commons.cli.PosixParserTest::testPropertyOptionGroup && defects4j test -t org.apache.commons.cli.PosixParserTest::testPropertyOptionUnexpected,defects4j test,TEST
cli_30,run_shell_command,defects4j test -t org.apache.commons.cli.BasicParserTest::testPropertyOptionGroup && defects4j test -t org.apache.commons.cli.BasicParserTest::testPropertyOptionUnexpected && defects4j test -t org.apache.commons.cli.DefaultParserTest::testPropertyOptionGroup && defects4j test -t org.apache.commons.cli.DefaultParserTest::testPropertyOptionUnexpected && defects4j test -t org.apache.commons.cli.GnuParserTest::testPropertyOptionGroup && defects4j test -t org.apache.commons.cli.GnuParserTest::testPropertyOptionUnexpected && defects4j test -t org.apache.commons.cli.OptionGroupTest::testTwoOptionsFromGroupWithProperties && defects4j test -t org.apache.commons.cli.PosixParserTest::testPropertyOptionGroup && defects4j test -t org.apache.commons.cli.PosixParserTest::testPropertyOptionUnexpected,defects4j test,TEST
cli_30,run_shell_command,defects4j test -t org.apache.commons.cli.BasicParserTest::testPropertyOptionGroup && defects4j test -t org.apache.commons.cli.BasicParserTest::testPropertyOptionUnexpected && defects4j test -t org.apache.commons.cli.DefaultParserTest::testPropertyOptionGroup && defects4j test -t org.apache.commons.cli.DefaultParserTest::testPropertyOptionUnexpected && defects4j test -t org.apache.commons.cli.GnuParserTest::testPropertyOptionGroup && defects4j test -t org.apache.commons.cli.GnuParserTest::testPropertyOptionUnexpected && defects4j test -t org.apache.commons.cli.OptionGroupTest::testTwoOptionsFromGroupWithProperties && defects4j test -t org.apache.commons.cli.PosixParserTest::testPropertyOptionGroup && defects4j test -t org.apache.commons.cli.PosixParserTest::testPropertyOptionUnexpected,defects4j test,TEST
cli_30,replace,,replace,WRITE
cli_30,replace,,replace,WRITE
cli_30,replace,,replace,WRITE
cli_30,replace,,replace,WRITE
cli_30,run_shell_command,defects4j test,defects4j test,TEST
cli_30,replace,,replace,WRITE
cli_30,replace,,replace,WRITE
cli_30,replace,,replace,WRITE
cli_30,replace,,replace,WRITE
cli_30,run_shell_command,defects4j test,defects4j test,TEST
cli_30,replace,,replace,WRITE
cli_30,replace,,replace,WRITE
cli_30,replace,,replace,WRITE
cli_30,replace,,replace,WRITE
cli_30,run_shell_command,defects4j test,defects4j test,TEST
cli_30,replace,,replace,WRITE
cli_30,replace,,replace,WRITE
cli_30,replace,,replace,WRITE
cli_30,replace,,replace,WRITE
cli_30,run_shell_command,defects4j test,defects4j test,TEST
cli_30,replace,,replace,WRITE
cli_30,replace,,replace,WRITE
cli_30,replace,,replace,WRITE
cli_30,replace,,replace,WRITE
cli_30,run_shell_command,defects4j test,defects4j test,TEST
cli_30,read_file,,read_file,READ
cli_30,replace,,replace,WRITE
cli_30,replace,,replace,WRITE
cli_30,replace,,replace,WRITE
cli_30,replace,,replace,WRITE
cli_30,replace,,replace,WRITE
cli_30,replace,,replace,WRITE
cli_30,run_shell_command,defects4j test,defects4j test,TEST
cli_30,read_file,,read_file,READ
cli_30,read_file,,read_file,READ
cli_30,replace,,replace,WRITE
cli_30,replace,,replace,WRITE
cli_30,run_shell_command,defects4j test,defects4j test,TEST
cli_30,run_shell_command,git diff > /Users/danielding/Desktop/example_dir/Cli_30/fix.patch,git diff,VCS
cli_30,read_file,,read_file,READ
cli_31,read_file,,read_file,READ
cli_31,run_shell_command,./run_bug_exposing_tests.sh,run_bug_exposing_tests.sh,TEST
cli_31,read_file,,read_file,READ
cli_31,read_file,,read_file,READ
cli_31,read_file,,read_file,READ
cli_31,replace,,replace,WRITE
cli_31,run_shell_command,./run_bug_exposing_tests.sh,run_bug_exposing_tests.sh,TEST
cli_31,read_file,,read_file,READ
cli_31,run_shell_command,defects4j compile,defects4j compile,BUILD
cli_31,run_shell_command,./run_bug_exposing_tests.sh,run_bug_exposing_tests.sh,TEST
cli_31,read_file,,read_file,READ
cli_31,read_file,,read_file,READ
cli_33,read_file,,read_file,READ
cli_33,run_shell_command,./run_bug_exposing_tests.sh,run_bug_exposing_tests.sh,TEST
cli_33,read_file,,read_file,READ
cli_33,read_file,,read_file,READ
cli_33,read_file,,read_file,READ
cli_33,replace,,replace,WRITE
cli_34,read_file,,read_file,READ
cli_34,run_shell_command,./run_bug_exposing_tests.sh,run_bug_exposing_tests.sh,TEST
cli_34,read_file,,read_file,READ
cli_34,run_shell_command,defects4j compile,defects4j compile,BUILD
cli_34,run_shell_command,defects4j test,defects4j test,TEST
cli_34,glob,,glob,SEARCH_FILES
cli_34,read_file,,read_file,READ
cli_34,glob,,glob,SEARCH_FILES
cli_34,read_file,,read_file,READ
cli_34,replace,,replace,WRITE
cli_34,replace,,replace,WRITE
cli_34,run_shell_command,defects4j compile,defects4j compile,BUILD
cli_34,run_shell_command,defects4j test,defects4j test,TEST
cli_34,glob,,glob,SEARCH_FILES
cli_34,read_file,,read_file,READ
cli_34,glob,,glob,SEARCH_FILES
cli_34,read_file,,read_file,READ
cli_34,replace,,replace,WRITE
cli_34,replace,,replace,WRITE
cli_34,replace,,replace,WRITE
cli_34,run_shell_command,defects4j compile,defects4j compile,BUILD
cli_34,run_shell_command,defects4j test,defects4j test,TEST
cli_34,run_shell_command,./run_all_tests_trace.sh,run_all_tests_trace.sh,TEST
cli_34,run_shell_command,git diff,git diff,VCS
cli_36,read_file,,read_file,READ
cli_7,read_file,,read_file,READ
cli_7,run_shell_command,defects4j test -t org.apache.commons.cli2.bug.Bug27575Test::testRequiredOptions,defects4j test,TEST
cli_7,read_file,,read_file,READ
cli_7,search_file_content,,search_file_content,SEARCH_CONTENT
cli_7,read_file,,read_file,READ
cli_7,replace,,replace,WRITE
cli_7,run_shell_command,defects4j test -t org.apache.commons.cli2.bug.Bug27575Test::testRequiredOptions,defects4j test,TEST
cli_7,replace,,replace,WRITE
cli_7,run_shell_command,defects4j test -t org.apache.commons.cli2.bug.Bug27575Test::testRequiredOptions,defects4j test,TEST
cli_7,run_shell_command,defects4j test,defects4j test,TEST
cli_7,run_shell_command,git diff HEAD,git diff,VCS
closure_103,read_file,,read_file,READ
closure_103,run_shell_command,./run_bug_exposing_tests.sh,run_bug_exposing_tests.sh,TEST
closure_103,read_file,,read_file,READ
closure_103,run_shell_command,defects4j test,defects4j test,TEST
closure_103,glob,,glob,SEARCH_FILES
closure_103,read_file,,read_file,READ
closure_103,glob,,glob,SEARCH_FILES
closure_103,read_file,,read_file,READ
closure_103,glob,,glob,SEARCH_FILES
closure_103,read_file,,read_file,READ
closure_103,replace,,replace,WRITE
closure_103,run_shell_command,./run_bug_exposing_tests.sh,run_bug_exposing_tests.sh,TEST
closure_103,read_file,,read_file,READ
closure_103,glob,,glob,SEARCH_FILES
closure_103,read_file,,read_file,READ
closure_103,glob,,glob,SEARCH_FILES
closure_103,read_file,,read_file,READ
closure_103,replace,,replace,WRITE
closure_103,run_shell_command,./run_bug_exposing_tests.sh,run_bug_exposing_tests.sh,TEST
closure_103,search_file_content,,search_file_content,SEARCH_CONTENT
closure_103,replace,,replace,WRITE
closure_103,run_shell_command,./run_bug_exposing_tests.sh,run_bug_exposing_tests.sh,TEST
closure_103,replace,,replace,WRITE
closure_103,run_shell_command,./run_bug_exposing_tests.sh,run_bug_exposing_tests.sh,TEST
closure_103,read_file,,read_file,READ
closure_103,replace,,replace,WRITE
closure_103,run_shell_command,./run_bug_exposing_tests.sh,run_bug_exposing_tests.sh,TEST
closure_103,replace,,replace,WRITE
closure_103,run_shell_command,./run_bug_exposing_tests.sh,run_bug_exposing_tests.sh,TEST
closure_103,read_file,,read_file,READ
closure_103,glob,,glob,SEARCH_FILES
closure_103,read_file,,read_file,READ
closure_103,replace,,replace,WRITE
closure_103,read_file,,read_file,READ
closure_103,replace,,replace,WRITE
closure_103,run_shell_command,./run_bug_exposing_tests.sh,run_bug_exposing_tests.sh,TEST
closure_103,read_file,,read_file,READ
closure_103,replace,,replace,WRITE
closure_103,run_shell_command,./run_bug_exposing_tests.sh,run_bug_exposing_tests.sh,TEST
closure_103,read_file,,read_file,READ
closure_103,replace,,replace,WRITE
closure_103,run_shell_command,./run_bug_exposing_tests.sh,run_bug_exposing_tests.sh,TEST
closure_103,read_file,,read_file,READ
closure_103,replace,,replace,WRITE
closure_103,read_file,,read_file,READ
closure_103,replace,,replace,WRITE
closure_103,run_shell_command,./run_bug_exposing_tests.sh,run_bug_exposing_tests.sh,TEST
closure_103,read_file,,read_file,READ
closure_103,read_file,,read_file,READ
closure_103,replace,,replace,WRITE
closure_103,run_shell_command,./run_bug_exposing_tests.sh,run_bug_exposing_tests.sh,TEST
closure_103,read_file,,read_file,READ
closure_103,replace,,replace,WRITE
closure_103,run_shell_command,./run_bug_exposing_tests.sh,run_bug_exposing_tests.sh,TEST
closure_103,read_file,,read_file,READ
closure_103,replace,,replace,WRITE
closure_103,read_file,,read_file,READ
closure_103,replace,,replace,WRITE
closure_103,read_file,,read_file,READ
closure_103,replace,,replace,WRITE
closure_103,read_file,,read_file,READ
closure_103,replace,,replace,WRITE
closure_103,run_shell_command,./run_bug_exposing_tests.sh,run_bug_exposing_tests.sh,TEST
closure_103,read_file,,read_file,READ
closure_103,replace,,replace,WRITE
closure_103,run_shell_command,./run_bug_exposing_tests.sh,run_bug_exposing_tests.sh,TEST
closure_103,read_file,,read_file,READ
closure_103,read_file,,read_file,READ
closure_103,replace,,replace,WRITE
closure_103,read_file,,read_file,READ
closure_103,replace,,replace,WRITE
closure_103,run_shell_command,./run_bug_exposing_tests.sh,run_bug_exposing_tests.sh,TEST
closure_103,read_file,,read_file,READ
closure_103,replace,,replace,WRITE
closure_103,run_shell_command,./run_bug_exposing_tests.sh,run_bug_exposing_tests.sh,TEST
closure_103,read_file,,read_file,READ
closure_103,replace,,replace,WRITE
closure_103,read_file,,read_file,READ
closure_103,replace,,replace,WRITE
closure_103,run_shell_command,./run_bug_exposing_tests.sh,run_bug_exposing_tests.sh,TEST
closure_103,read_file,,read_file,READ
closure_103,replace,,replace,WRITE
closure_103,run_shell_command,./run_bug_exposing_tests.sh,run_bug_exposing_tests.sh,TEST
closure_103,read_file,,read_file,READ
closure_103,replace,,replace,WRITE
closure_103,read_file,,read_file,READ
closure_103,replace,,replace,WRITE
closure_103,read_file,,read_file,READ
closure_103,replace,,replace,WRITE
closure_103,read_file,,read_file,READ
closure_103,replace,,replace,WRITE
closure_103,read_file,,read_file,READ
closure_105,read_file,,read_file,READ
closure_105,run_shell_command,./run_bug_exposing_tests.sh,run_bug_exposing_tests.sh,TEST
closure_105,read_file,,read_file,READ
closure_105,run_shell_command,defects4j compile,defects4j compile,BUILD
closure_105,run_shell_command,defects4j test,defects4j test,TEST
closure_105,glob,,glob,SEARCH_FILES
closure_105,read_file,,read_file,READ
closure_105,glob,,glob,SEARCH_FILES
closure_105,read_file,,read_file,READ
closure_105,replace,,replace,WRITE
closure_105,run_shell_command,defects4j test,defects4j test,TEST
closure_105,replace,,replace,WRITE
closure_105,read_file,,read_file,READ
closure_105,replace,,replace,WRITE
closure_105,run_shell_command,defects4j test,defects4j test,TEST
closure_105,read_file,,read_file,READ
closure_105,replace,,replace,WRITE
closure_105,run_shell_command,defects4j test,defects4j test,TEST
closure_105,run_shell_command,./run_all_tests_trace.sh,run_all_tests_trace.sh,TEST
closure_105,run_shell_command,git diff,git diff,VCS
closure_106,read_file,,read_file,READ
closure_106,run_shell_command,./run_bug_exposing_tests.sh,run_bug_exposing_tests.sh,TEST
closure_106,read_file,,read_file,READ
closure_106,run_shell_command,defects4j compile,defects4j compile,BUILD
closure_106,read_file,,read_file,READ
closure_106,run_shell_command,defects4j test -t com.google.javascript.jscomp.CollapsePropertiesTest,defects4j test,TEST
closure_106,run_shell_command,defects4j test,defects4j test,TEST
closure_106,read_file,,read_file,READ
closure_106,replace,,replace,WRITE
closure_106,run_shell_command,defects4j compile,defects4j compile,BUILD
closure_106,run_shell_command,defects4j test,defects4j test,TEST
closure_106,run_shell_command,./run_all_tests_trace.sh,run_all_tests_trace.sh,TEST
closure_106,read_file,,read_file,READ
closure_106,replace,,replace,WRITE
closure_106,run_shell_command,defects4j compile,defects4j compile,BUILD
closure_106,replace,,replace,WRITE
closure_106,run_shell_command,defects4j compile,defects4j compile,BUILD
closure_106,replace,,replace,WRITE
closure_106,run_shell_command,defects4j compile,defects4j compile,BUILD
closure_106,run_shell_command,defects4j test,defects4j test,TEST
closure_106,replace,,replace,WRITE
closure_106,run_shell_command,defects4j compile,defects4j compile,BUILD
closure_106,run_shell_command,defects4j test,defects4j test,TEST
closure_106,replace,,replace,WRITE
closure_106,run_shell_command,defects4j compile,defects4j compile,BUILD
closure_106,run_shell_command,defects4j test,defects4j test,TEST
closure_106,replace,,replace,WRITE
closure_106,run_shell_command,defects4j compile,defects4j compile,BUILD
closure_106,run_shell_command,defects4j test,defects4j test,TEST
closure_106,replace,,replace,WRITE
closure_106,run_shell_command,defects4j compile,defects4j compile,BUILD
closure_106,run_shell_command,defects4j test,defects4j test,TEST
closure_106,replace,,replace,WRITE
closure_106,run_shell_command,defects4j compile,defects4j compile,BUILD
closure_106,run_shell_command,defects4j test,defects4j test,TEST
closure_106,replace,,replace,WRITE
closure_106,read_file,,read_file,READ
closure_106,replace,,replace,WRITE
closure_106,run_shell_command,defects4j compile,defects4j compile,BUILD
closure_106,run_shell_command,defects4j test,defects4j test,TEST
closure_106,replace,,replace,WRITE
closure_106,read_file,,read_file,READ
closure_106,replace,,replace,WRITE
closure_106,run_shell_command,defects4j compile,defects4j compile,BUILD
closure_106,replace,,replace,WRITE
closure_106,run_shell_command,defects4j compile,defects4j compile,BUILD
closure_106,replace,,replace,WRITE
closure_106,read_file,,read_file,READ
closure_106,replace,,replace,WRITE
closure_106,run_shell_command,defects4j compile,defects4j compile,BUILD
closure_106,read_file,,read_file,READ
closure_106,replace,,replace,WRITE
closure_106,run_shell_command,defects4j compile,defects4j compile,BUILD
closure_106,read_file,,read_file,READ
closure_106,replace,,replace,WRITE
closure_106,run_shell_command,defects4j compile,defects4j compile,BUILD
closure_106,read_file,,read_file,READ
closure_106,read_file,,read_file,READ
closure_106,read_file,,read_file,READ
closure_106,read_file,,read_file,READ
closure_108,read_file,,read_file,READ
closure_108,run_shell_command,./run_bug_exposing_tests.sh,run_bug_exposing_tests.sh,TEST
closure_108,read_file,,read_file,READ
closure_108,glob,,glob,SEARCH_FILES
closure_108,run_shell_command,defects4j compile,defects4j compile,BUILD
closure_108,run_shell_command,./run_bug_exposing_tests.sh,run_bug_exposing_tests.sh,TEST
closure_108,read_file,,read_file,READ
closure_108,read_file,,read_file,READ
closure_108,read_file,,read_file,READ
closure_108,replace,,replace,WRITE
closure_108,run_shell_command,defects4j compile,defects4j compile,BUILD
closure_108,run_shell_command,./run_bug_exposing_tests.sh,run_bug_exposing_tests.sh,TEST
closure_108,read_file,,read_file,READ
closure_110,read_file,,read_file,READ
closure_110,run_shell_command,./run_bug_exposing_tests.sh,run_bug_exposing_tests.sh,TEST
closure_110,read_file,,read_file,READ
closure_110,run_shell_command,defects4j compile,defects4j compile,BUILD
closure_110,run_shell_command,defects4j test,defects4j test,TEST
closure_110,glob,,glob,SEARCH_FILES
closure_110,glob,,glob,SEARCH_FILES
closure_110,read_file,,read_file,READ
closure_110,read_file,,read_file,READ
closure_110,replace,,replace,WRITE
closure_110,run_shell_command,defects4j compile,defects4j compile,BUILD
closure_110,run_shell_command,defects4j test,defects4j test,TEST
closure_110,replace,,replace,WRITE
closure_110,run_shell_command,defects4j compile,defects4j compile,BUILD
closure_110,read_file,,read_file,READ
closure_110,replace,,replace,WRITE
closure_110,run_shell_command,defects4j compile,defects4j compile,BUILD
closure_110,run_shell_command,git checkout /Users/danielding/Desktop/example_dir/Closure_110/src/com/google/javascript/jscomp/ScopedAliases.java,git checkout,VCS
closure_110,replace,,replace,WRITE
closure_110,read_file,,read_file,READ
closure_110,replace,,replace,WRITE
closure_110,read_file,,read_file,READ
closure_110,replace,,replace,WRITE
closure_110,run_shell_command,defects4j compile,defects4j compile,BUILD
closure_110,run_shell_command,defects4j test,defects4j test,TEST
closure_110,replace,,replace,WRITE
closure_110,run_shell_command,defects4j compile,defects4j compile,BUILD
closure_110,run_shell_command,defects4j test,defects4j test,TEST
closure_110,replace,,replace,WRITE
closure_110,run_shell_command,defects4j compile,defects4j compile,BUILD
closure_110,run_shell_command,defects4j test,defects4j test,TEST
closure_110,replace,,replace,WRITE
closure_110,run_shell_command,defects4j compile,defects4j compile,BUILD
closure_110,run_shell_command,git checkout /Users/danielding/Desktop/example_dir/Closure_110/src/com/google/javascript/jscomp/ScopedAliases.java,git checkout,VCS
closure_110,replace,,replace,WRITE
closure_110,replace,,replace,WRITE
closure_110,run_shell_command,defects4j compile,defects4j compile,BUILD
closure_110,run_shell_command,defects4j test,defects4j test,TEST
closure_110,run_shell_command,git checkout /Users/danielding/Desktop/example_dir/Closure_110/src/com/google/javascript/jscomp/ScopedAliases.java,git checkout,VCS
closure_110,replace,,replace,WRITE
closure_110,replace,,replace,WRITE
closure_110,replace,,replace,WRITE
closure_110,run_shell_command,defects4j compile,defects4j compile,BUILD
closure_110,run_shell_command,defects4j test,defects4j test,TEST
closure_110,run_shell_command,git checkout /Users/danielding/Desktop/example_dir/Closure_110/src/com/google/javascript/jscomp/ScopedAliases.java,git checkout,VCS
closure_110,replace,,replace,WRITE
closure_110,replace,,replace,WRITE
closure_110,replace,,replace,WRITE
closure_110,run_shell_command,defects4j compile,defects4j compile,BUILD
closure_110,run_shell_command,defects4j test,defects4j test,TEST
closure_110,run_shell_command,git checkout /Users/danielding/Desktop/example_dir/Closure_110/src/com/google/javascript/jscomp/ScopedAliases.java,git checkout,VCS
closure_110,replace,,replace,WRITE
closure_110,replace,,replace,WRITE
closure_110,run_shell_command,defects4j compile,defects4j compile,BUILD
closure_110,run_shell_command,defects4j test,defects4j test,TEST
closure_110,run_shell_command,git checkout /Users/danielding/Desktop/example_dir/Closure_110/src/com/google/javascript/jscomp/ScopedAliases.java,git checkout,VCS
closure_110,replace,,replace,WRITE
closure_110,replace,,replace,WRITE
closure_110,read_file,,read_file,READ
closure_110,replace,,replace,WRITE
closure_110,read_file,,read_file,READ
closure_110,replace,,replace,WRITE
closure_110,read_file,,read_file,READ
closure_110,replace,,replace,WRITE
closure_110,read_file,,read_file,READ
closure_110,replace,,replace,WRITE
closure_110,read_file,,read_file,READ
closure_110,replace,,replace,WRITE
closure_110,read_file,,read_file,READ
closure_110,replace,,replace,WRITE
closure_110,read_file,,read_file,READ
closure_110,replace,,replace,WRITE
closure_110,read_file,,read_file,READ
closure_110,replace,,replace,WRITE
closure_110,read_file,,read_file,READ
closure_110,replace,,replace,WRITE
closure_110,read_file,,read_file,READ
closure_110,replace,,replace,WRITE
closure_110,read_file,,read_file,READ
closure_110,replace,,replace,WRITE
closure_110,read_file,,read_file,READ
closure_110,replace,,replace,WRITE
closure_110,read_file,,read_file,READ
closure_110,replace,,replace,WRITE
closure_110,read_file,,read_file,READ
closure_110,replace,,replace,WRITE
closure_110,read_file,,read_file,READ
closure_110,replace,,replace,WRITE
closure_110,run_shell_command,defects4j compile,defects4j compile,BUILD
closure_110,run_shell_command,defects4j clean,defects4j clean,DEFECTS4J_OTHER
closure_115,read_file,,read_file,READ
closure_115,run_shell_command,./run_bug_exposing_tests.sh,run_bug_exposing_tests.sh,TEST
closure_115,read_file,,read_file,READ
closure_115,run_shell_command,defects4j compile,defects4j compile,BUILD
closure_115,run_shell_command,defects4j test,defects4j test,TEST
closure_115,read_file,,read_file,READ
closure_115,read_file,,read_file,READ
closure_115,read_file,,read_file,READ
closure_115,read_file,,read_file,READ
closure_115,replace,,replace,WRITE
closure_115,run_shell_command,defects4j compile,defects4j compile,BUILD
closure_115,run_shell_command,defects4j test,defects4j test,TEST
closure_115,read_file,,read_file,READ
closure_115,replace,,replace,WRITE
closure_115,run_shell_command,defects4j compile,defects4j compile,BUILD
closure_115,run_shell_command,defects4j test,defects4j test,TEST
closure_115,read_file,,read_file,READ
closure_115,replace,,replace,WRITE
closure_115,run_shell_command,defects4j compile,defects4j compile,BUILD
closure_115,run_shell_command,defects4j test,defects4j test,TEST
closure_115,replace,,replace,WRITE
closure_115,read_file,,read_file,READ
closure_115,replace,,replace,WRITE
closure_115,replace,,replace,WRITE
closure_115,run_shell_command,defects4j compile,defects4j compile,BUILD
closure_115,run_shell_command,defects4j test,defects4j test,TEST
closure_115,read_file,,read_file,READ
closure_115,replace,,replace,WRITE
closure_115,run_shell_command,defects4j compile,defects4j compile,BUILD
closure_115,run_shell_command,defects4j test,defects4j test,TEST
closure_115,replace,,replace,WRITE
closure_115,run_shell_command,defects4j compile,defects4j compile,BUILD
closure_115,run_shell_command,defects4j test,defects4j test,TEST
closure_115,run_shell_command,./run_all_tests_trace.sh,run_all_tests_trace.sh,TEST
closure_115,run_shell_command,git diff HEAD,git diff,VCS
closure_116,read_file,,read_file,READ
closure_116,run_shell_command,./run_bug_exposing_tests.sh,run_bug_exposing_tests.sh,TEST
closure_116,read_file,,read_file,READ
closure_116,read_file,,read_file,READ
closure_116,run_shell_command,ant compile-tests,ant,BUILD
closure_117,read_file,,read_file,READ
closure_117,run_shell_command,./run_bug_exposing_tests.sh,run_bug_exposing_tests.sh,TEST
closure_117,read_file,,read_file,READ
closure_117,run_shell_command,defects4j compile,defects4j compile,BUILD
closure_117,read_file,,read_file,READ
closure_117,run_shell_command,defects4j export -p cp.test,defects4j export,DEFECTS4J_OTHER
closure_117,list_directory,,list_directory,SEARCH_FILES
closure_117,run_shell_command,defects4j test -t com.google.javascript.jscomp.TypeCheckTest,defects4j test,TEST
closure_117,run_shell_command,defects4j test -t com.google.javascript.jscomp.TypeCheckTest,defects4j test,TEST
closure_117,run_shell_command,defects4j test,defects4j test,TEST
closure_117,read_file,,read_file,READ
closure_117,search_file_content,,search_file_content,SEARCH_CONTENT
closure_117,read_file,,read_file,READ
closure_117,search_file_content,,search_file_content,SEARCH_CONTENT
closure_117,read_file,,read_file,READ
closure_117,read_file,,read_file,READ
closure_117,replace,,replace,WRITE
closure_117,run_shell_command,defects4j test -t com.google.javascript.jscomp.TypeCheckTest::testIssue1047,defects4j test,TEST
closure_117,replace,,replace,WRITE
closure_117,replace,,replace,WRITE
closure_117,run_shell_command,defects4j test -t com.google.javascript.jscomp.TypeCheckTest::testIssue1047,defects4j test,TEST
closure_117,replace,,replace,WRITE
closure_117,replace,,replace,WRITE
closure_117,read_file,,read_file,READ
closure_117,replace,,replace,WRITE
closure_117,run_shell_command,defects4j test -t com.google.javascript.jscomp.TypeCheckTest::testIssue1047,defects4j test,TEST
closure_117,replace,,replace,WRITE
closure_117,replace,,replace,WRITE
closure_117,run_shell_command,defects4j test -t com.google.javascript.jscomp.TypeCheckTest::testIssue1047,defects4j test,TEST
closure_117,run_shell_command,defects4j test,defects4j test,TEST
closure_117,read_file,,read_file,READ
closure_117,search_file_content,,search_file_content,SEARCH_CONTENT
closure_117,read_file,,read_file,READ
closure_117,replace,,replace,WRITE
closure_117,replace,,replace,WRITE
closure_117,read_file,,read_file,READ
closure_117,replace,,replace,WRITE
closure_117,read_file,,read_file,READ
closure_117,replace,,replace,WRITE
closure_117,read_file,,read_file,READ
closure_117,replace,,replace,WRITE
closure_117,read_file,,read_file,READ
closure_117,replace,,replace,WRITE
closure_117,read_file,,read_file,READ
closure_134,read_file,,read_file,READ
closure_134,run_shell_command,./run_bug_exposing_tests.sh,run_bug_exposing_tests.sh,TEST
closure_134,read_file,,read_file,READ
closure_134,run_shell_command,defects4j compile,defects4j compile,BUILD
closure_134,run_shell_command,defects4j export -p tests.trigger,defects4j export,DEFECTS4J_OTHER
closure_134,read_file,,read_file,READ
closure_134,replace,,replace,WRITE
closure_134,run_shell_command,./run_bug_exposing_tests.sh,run_bug_exposing_tests.sh,TEST
closure_134,read_file,,read_file,READ
closure_134,glob,,glob,SEARCH_FILES
closure_134,read_file,,read_file,READ
closure_134,search_file_content,,search_file_content,SEARCH_CONTENT
closure_134,read_file,,read_file,READ
closure_134,search_file_content,,search_file_content,SEARCH_CONTENT
closure_134,glob,,glob,SEARCH_FILES
closure_134,read_file,,read_file,READ
closure_134,search_file_content,,search_file_content,SEARCH_CONTENT
closure_134,glob,,glob,SEARCH_FILES
closure_134,read_file,,read_file,READ
closure_134,glob,,glob,SEARCH_FILES
closure_134,read_file,,read_file,READ
closure_134,glob,,glob,SEARCH_FILES
closure_134,read_file,,read_file,READ
closure_134,replace,,replace,WRITE
closure_134,run_shell_command,./run_bug_exposing_tests.sh,run_bug_exposing_tests.sh,TEST
closure_134,replace,,replace,WRITE
closure_134,run_shell_command,./run_bug_exposing_tests.sh,run_bug_exposing_tests.sh,TEST
closure_134,read_file,,read_file,READ
closure_134,search_file_content,,search_file_content,SEARCH_CONTENT
closure_134,glob,,glob,SEARCH_FILES
closure_134,read_file,,read_file,READ
closure_134,read_file,,read_file,READ
closure_134,replace,,replace,WRITE
closure_134,run_shell_command,defects4j test -t com.google.javascript.jscomp.TypeCheckTest::testInheritDocWithInterface,defects4j test,TEST
closure_134,replace,,replace,WRITE
closure_134,replace,,replace,WRITE
closure_134,read_file,,read_file,READ
closure_134,replace,,replace,WRITE
closure_134,read_file,,read_file,READ
closure_134,replace,,replace,WRITE
closure_134,read_file,,read_file,READ
closure_134,replace,,replace,WRITE
closure_134,read_file,,read_file,READ
closure_134,replace,,replace,WRITE
closure_134,read_file,,read_file,READ
closure_134,replace,,replace,WRITE
closure_134,read_file,,read_file,READ
closure_134,replace,,replace,WRITE
closure_134,read_file,,read_file,READ
closure_134,replace,,replace,WRITE
closure_134,read_file,,read_file,READ
closure_134,replace,,replace,WRITE
closure_134,read_file,,read_file,READ
closure_134,replace,,replace,WRITE
closure_134,read_file,,read_file,READ
closure_134,replace,,replace,WRITE
closure_134,read_file,,read_file,READ
closure_134,replace,,replace,WRITE
closure_134,read_file,,read_file,READ
closure_134,replace,,replace,WRITE
closure_134,read_file,,read_file,READ
closure_134,replace,,replace,WRITE
closure_134,read_file,,read_file,READ
closure_134,replace,,replace,WRITE
closure_134,read_file,,read_file,READ
closure_134,replace,,replace,WRITE
closure_134,read_file,,read_file,READ
closure_134,replace,,replace,WRITE
closure_134,read_file,,read_file,READ
closure_134,replace,,replace,WRITE
closure_134,read_file,,read_file,READ
closure_134,replace,,replace,WRITE
closure_134,read_file,,read_file,READ
closure_134,replace,,replace,WRITE
closure_134,read_file,,read_file,READ
closure_134,replace,,replace,WRITE
closure_134,read_file,,read_file,READ
closure_134,replace,,replace,WRITE
closure_134,read_file,,read_file,READ
closure_134,replace,,replace,WRITE
closure_134,read_file,,read_file,READ
closure_134,replace,,replace,WRITE
closure_134,read_file,,read_file,READ
closure_134,replace,,replace,WRITE
closure_134,read_file,,read_file,READ
closure_134,replace,,replace,WRITE
closure_135,read_file,,read_file,READ
closure_135,run_shell_command,./run_bug_exposing_tests.sh,run_bug_exposing_tests.sh,TEST
closure_135,read_file,,read_file,READ
closure_135,run_shell_command,defects4j compile,defects4j compile,BUILD
closure_135,run_shell_command,defects4j test,defects4j test,TEST
closure_135,read_file,,read_file,READ
closure_135,search_file_content,,search_file_content,SEARCH_CONTENT
closure_135,read_file,,read_file,READ
closure_135,glob,,glob,SEARCH_FILES
closure_135,read_file,,read_file,READ
closure_135,glob,,glob,SEARCH_FILES
closure_135,read_file,,read_file,READ
closure_135,search_file_content,,search_file_content,SEARCH_CONTENT
closure_135,replace,,replace,WRITE
closure_135,run_shell_command,defects4j compile,defects4j compile,BUILD
closure_135,run_shell_command,defects4j test,defects4j test,TEST
closure_135,search_file_content,,search_file_content,SEARCH_CONTENT
closure_135,read_file,,read_file,READ
closure_135,search_file_content,,search_file_content,SEARCH_CONTENT
closure_135,read_file,,read_file,READ
closure_135,search_file_content,,search_file_content,SEARCH_CONTENT
closure_136,read_file,,read_file,READ
closure_136,run_shell_command,./run_bug_exposing_tests.sh,run_bug_exposing_tests.sh,TEST
closure_136,read_file,,read_file,READ
closure_136,run_shell_command,defects4j test,defects4j test,TEST
closure_136,read_file,,read_file,READ
closure_136,read_file,,read_file,READ
closure_136,read_file,,read_file,READ
closure_136,read_file,,read_file,READ
closure_136,replace,,replace,WRITE
closure_136,run_shell_command,defects4j compile,defects4j compile,BUILD
closure_136,search_file_content,,search_file_content,SEARCH_CONTENT
closure_136,search_file_content,,search_file_content,SEARCH_CONTENT
closure_136,search_file_content,,search_file_content,SEARCH_CONTENT
closure_136,search_file_content,,search_file_content,SEARCH_CONTENT
closure_136,search_file_content,,search_file_content,SEARCH_CONTENT
closure_136,replace,,replace,WRITE
closure_136,run_shell_command,defects4j compile,defects4j compile,BUILD
closure_136,run_shell_command,defects4j test,defects4j test,TEST
closure_136,search_file_content,,search_file_content,SEARCH_CONTENT
closure_136,search_file_content,,search_file_content,SEARCH_CONTENT
closure_136,replace,,replace,WRITE
closure_136,run_shell_command,defects4j compile,defects4j compile,BUILD
closure_136,run_shell_command,defects4j test,defects4j test,TEST
closure_136,replace,,replace,WRITE
closure_136,replace,,replace,WRITE
closure_136,run_shell_command,defects4j compile,defects4j compile,BUILD
closure_136,run_shell_command,defects4j test,defects4j test,TEST
closure_136,replace,,replace,WRITE
closure_136,replace,,replace,WRITE
closure_136,run_shell_command,defects4j compile,defects4j compile,BUILD
closure_136,run_shell_command,defects4j test,defects4j test,TEST
closure_136,replace,,replace,WRITE
closure_136,replace,,replace,WRITE
closure_136,run_shell_command,defects4j compile,defects4j compile,BUILD
closure_136,run_shell_command,defects4j test,defects4j test,TEST
closure_136,search_file_content,,search_file_content,SEARCH_CONTENT
closure_136,search_file_content,,search_file_content,SEARCH_CONTENT
closure_136,search_file_content,,search_file_content,SEARCH_CONTENT
closure_136,search_file_content,,search_file_content,SEARCH_CONTENT
closure_136,replace,,replace,WRITE
closure_139,read_file,,read_file,READ
closure_139,run_shell_command,./run_bug_exposing_tests.sh,run_bug_exposing_tests.sh,TEST
closure_139,read_file,,read_file,READ
closure_139,run_shell_command,defects4j compile,defects4j compile,BUILD
closure_139,run_shell_command,./run_bug_exposing_tests.sh,run_bug_exposing_tests.sh,TEST
closure_139,read_file,,read_file,READ
closure_139,read_file,,read_file,READ
closure_139,replace,,replace,WRITE
closure_139,run_shell_command,defects4j compile,defects4j compile,BUILD
closure_139,run_shell_command,./run_bug_exposing_tests.sh,run_bug_exposing_tests.sh,TEST
closure_139,read_file,,read_file,READ
closure_139,run_shell_command,git restore /Users/danielding/Desktop/example_dir/Closure_139/src/com/google/javascript/jscomp/Normalize.java,git restore,VCS
closure_139,run_shell_command,defects4j compile,defects4j compile,BUILD
closure_139,run_shell_command,./run_bug_exposing_tests.sh,run_bug_exposing_tests.sh,TEST
closure_139,read_file,,read_file,READ
closure_139,search_file_content,,search_file_content,SEARCH_CONTENT
closure_139,read_file,,read_file,READ
closure_139,replace,,replace,WRITE
closure_139,run_shell_command,defects4j compile,defects4j compile,BUILD
closure_139,run_shell_command,./run_bug_exposing_tests.sh,run_bug_exposing_tests.sh,TEST
closure_139,read_file,,read_file,READ
closure_139,run_shell_command,git restore /Users/danielding/Desktop/example_dir/Closure_139/src/com/google/javascript/jscomp/Normalize.java,git restore,VCS
closure_139,run_shell_command,defects4j compile,defects4j compile,BUILD
closure_139,run_shell_command,./run_bug_exposing_tests.sh,run_bug_exposing_tests.sh,TEST
closure_139,read_file,,read_file,READ
closure_139,replace,,replace,WRITE
closure_139,run_shell_command,defects4j compile,defects4j compile,BUILD
closure_139,run_shell_command,./run_bug_exposing_tests.sh,run_bug_exposing_tests.sh,TEST
closure_139,read_file,,read_file,READ
closure_139,run_shell_command,git restore /Users/danielding/Desktop/example_dir/Closure_139/src/com/google/javascript/jscomp/Normalize.java,git restore,VCS
closure_139,run_shell_command,defects4j compile,defects4j compile,BUILD
closure_139,run_shell_command,./run_bug_exposing_tests.sh,run_bug_exposing_tests.sh,TEST
closure_139,read_file,,read_file,READ
closure_139,replace,,replace,WRITE
closure_139,run_shell_command,defects4j compile,defects4j compile,BUILD
closure_139,run_shell_command,./run_bug_exposing_tests.sh,run_bug_exposing_tests.sh,TEST
closure_139,read_file,,read_file,READ
closure_139,run_shell_command,git restore /Users/danielding/Desktop/example_dir/Closure_139/src/com/google/javascript/jscomp/Normalize.java,git restore,VCS
closure_139,run_shell_command,defects4j compile,defects4j compile,BUILD
closure_139,run_shell_command,./run_bug_exposing_tests.sh,run_bug_exposing_tests.sh,TEST
closure_139,read_file,,read_file,READ
closure_139,replace,,replace,WRITE
closure_139,run_shell_command,defects4j compile,defects4j compile,BUILD
closure_139,replace,,replace,WRITE
closure_139,run_shell_command,defects4j compile,defects4j compile,BUILD
closure_139,run_shell_command,./run_bug_exposing_tests.sh,run_bug_exposing_tests.sh,TEST
closure_139,read_file,,read_file,READ
closure_139,replace,,replace,WRITE
closure_139,run_shell_command,defects4j compile,defects4j compile,BUILD
closure_139,replace,,replace,WRITE
closure_139,run_shell_command,defects4j compile,defects4j compile,BUILD
closure_139,run_shell_command,./run_bug_exposing_tests.sh,run_bug_exposing_tests.sh,TEST
closure_139,read_file,,read_file,READ
closure_139,replace,,replace,WRITE
closure_139,read_file,,read_file,READ
closure_139,replace,,replace,WRITE
closure_139,read_file,,read_file,READ
closure_139,replace,,replace,WRITE
closure_139,run_shell_command,defects4j compile,defects4j compile,BUILD
closure_139,replace,,replace,WRITE
closure_139,run_shell_command,defects4j compile,defects4j compile,BUILD
closure_139,run_shell_command,./run_bug_exposing_tests.sh,run_bug_exposing_tests.sh,TEST
closure_139,read_file,,read_file,READ
closure_139,replace,,replace,WRITE
closure_139,run_shell_command,defects4j compile,defects4j compile,BUILD
closure_139,run_shell_command,./run_bug_exposing_tests.sh,run_bug_exposing_tests.sh,TEST
closure_139,read_file,,read_file,READ
closure_139,replace,,replace,WRITE
closure_139,read_file,,read_file,READ
closure_139,replace,,replace,WRITE
closure_139,run_shell_command,defects4j compile,defects4j compile,BUILD
closure_139,run_shell_command,./run_bug_exposing_tests.sh,run_bug_exposing_tests.sh,TEST
closure_139,read_file,,read_file,READ
closure_139,replace,,replace,WRITE
closure_139,read_file,,read_file,READ
closure_139,replace,,replace,WRITE
closure_139,run_shell_command,defects4j compile,defects4j compile,BUILD
closure_139,run_shell_command,./run_bug_exposing_tests.sh,run_bug_exposing_tests.sh,TEST
closure_139,read_file,,read_file,READ
closure_139,replace,,replace,WRITE
closure_139,run_shell_command,git restore /Users/danielding/Desktop/example_dir/Closure_139/src/com/google/javascript/jscomp/Normalize.java,git restore,VCS
closure_139,run_shell_command,defects4j compile,defects4j compile,BUILD
closure_139,run_shell_command,./run_bug_exposing_tests.sh,run_bug_exposing_tests.sh,TEST
closure_139,read_file,,read_file,READ
closure_139,replace,,replace,WRITE
closure_139,run_shell_command,defects4j compile,defects4j compile,BUILD
closure_139,replace,,replace,WRITE
closure_139,run_shell_command,defects4j compile,defects4j compile,BUILD
closure_139,run_shell_command,./run_bug_exposing_tests.sh,run_bug_exposing_tests.sh,TEST
closure_139,read_file,,read_file,READ
closure_139,replace,,replace,WRITE
closure_139,run_shell_command,defects4j compile,defects4j compile,BUILD
closure_139,replace,,replace,WRITE
closure_139,run_shell_command,defects4j compile,defects4j compile,BUILD
closure_139,run_shell_command,./run_bug_exposing_tests.sh,run_bug_exposing_tests.sh,TEST
closure_139,read_file,,read_file,READ
closure_139,replace,,replace,WRITE
closure_139,run_shell_command,defects4j compile,defects4j compile,BUILD
closure_139,run_shell_command,./run_bug_exposing_tests.sh,run_bug_exposing_tests.sh,TEST
closure_139,read_file,,read_file,READ
closure_139,run_shell_command,git restore /Users/danielding/Desktop/example_dir/Closure_139/src/com/google/javascript/jscomp/Normalize.java,git restore,VCS
closure_139,run_shell_command,defects4j compile,defects4j compile,BUILD
closure_139,run_shell_command,./run_bug_exposing_tests.sh,run_bug_exposing_tests.sh,TEST
closure_139,read_file,,read_file,READ
closure_139,read_file,,read_file,READ
closure_139,replace,,replace,WRITE
closure_139,run_shell_command,defects4j compile,defects4j compile,BUILD
closure_139,run_shell_command,git restore /Users/danielding/Desktop/example_dir/Closure_139/src/com/google/javascript/jscomp/Normalize.java,git restore,VCS
closure_139,read_file,,read_file,READ
closure_139,replace,,replace,WRITE
closure_139,run_shell_command,defects4j compile,defects4j compile,BUILD
closure_139,run_shell_command,./run_bug_exposing_tests.sh,run_bug_exposing_tests.sh,TEST
closure_139,read_file,,read_file,READ
closure_139,replace,,replace,WRITE
closure_139,run_shell_command,git restore /Users/danielding/Desktop/example_dir/Closure_139/src/com/google/javascript/jscomp/Normalize.java,git restore,VCS
closure_139,read_file,,read_file,READ
closure_139,replace,,replace,WRITE
closure_139,run_shell_command,defects4j compile,defects4j compile,BUILD
closure_139,run_shell_command,./run_bug_exposing_tests.sh,run_bug_exposing_tests.sh,TEST
closure_139,read_file,,read_file,READ
closure_139,run_shell_command,git restore /Users/danielding/Desktop/example_dir/Closure_139/src/com/google/javascript/jscomp/Normalize.java,git restore,VCS
closure_139,read_file,,read_file,READ
closure_139,replace,,replace,WRITE
closure_139,run_shell_command,defects4j compile,defects4j compile,BUILD
closure_139,run_shell_command,./run_bug_exposing_tests.sh,run_bug_exposing_tests.sh,TEST
closure_139,read_file,,read_file,READ
closure_139,run_shell_command,git restore /Users/danielding/Desktop/example_dir/Closure_139/src/com/google/javascript/jscomp/Normalize.java,git restore,VCS
closure_139,read_file,,read_file,READ
closure_139,replace,,replace,WRITE
closure_139,run_shell_command,defects4j compile,defects4j compile,BUILD
closure_139,run_shell_command,./run_bug_exposing_tests.sh,run_bug_exposing_tests.sh,TEST
closure_139,read_file,,read_file,READ
closure_139,run_shell_command,git restore /Users/danielding/Desktop/example_dir/Closure_139/src/com/google/javascript/jscomp/Normalize.java,git restore,VCS
closure_139,read_file,,read_file,READ
closure_139,replace,,replace,WRITE
closure_139,run_shell_command,defects4j compile,defects4j compile,BUILD
closure_139,run_shell_command,./run_bug_exposing_tests.sh,run_bug_exposing_tests.sh,TEST
closure_139,read_file,,read_file,READ
closure_139,run_shell_command,git restore /Users/danielding/Desktop/example_dir/Closure_139/src/com/google/javascript/jscomp/Normalize.java,git restore,VCS
closure_139,read_file,,read_file,READ
closure_139,replace,,replace,WRITE
closure_139,run_shell_command,defects4j compile,defects4j compile,BUILD
closure_139,run_shell_command,./run_bug_exposing_tests.sh,run_bug_exposing_tests.sh,TEST
closure_139,read_file,,read_file,READ
closure_139,run_shell_command,git restore /Users/danielding/Desktop/example_dir/Closure_139/src/com/google/javascript/jscomp/Normalize.java,git restore,VCS
closure_139,read_file,,read_file,READ
closure_139,replace,,replace,WRITE
closure_139,run_shell_command,defects4j compile,defects4j compile,BUILD
closure_139,run_shell_command,./run_bug_exposing_tests.sh,run_bug_exposing_tests.sh,TEST
closure_139,read_file,,read_file,READ
closure_139,run_shell_command,git restore /Users/danielding/Desktop/example_dir/Closure_139/src/com/google/javascript/jscomp/Normalize.java,git restore,VCS
closure_139,read_file,,read_file,READ
closure_141,read_file,,read_file,READ
closure_141,run_shell_command,./run_bug_exposing_tests.sh,run_bug_exposing_tests.sh,TEST
closure_141,read_file,,read_file,READ
closure_141,run_shell_command,defects4j test,defects4j test,TEST
closure_141,read_file,,read_file,READ
closure_141,read_file,,read_file,READ
closure_141,glob,,glob,SEARCH_FILES
closure_141,read_file,,read_file,READ
closure_141,replace,,replace,WRITE
closure_141,run_shell_command,defects4j test,defects4j test,TEST
closure_141,replace,,replace,WRITE
closure_141,replace,,replace,WRITE
closure_141,replace,,replace,WRITE
closure_141,run_shell_command,defects4j test,defects4j test,TEST
closure_141,replace,,replace,WRITE
closure_141,replace,,replace,WRITE
closure_141,run_shell_command,defects4j test,defects4j test,TEST
closure_141,replace,,replace,WRITE
closure_141,run_shell_command,defects4j test,defects4j test,TEST
closure_141,read_file,,read_file,READ
closure_141,glob,,glob,SEARCH_FILES
closure_141,read_file,,read_file,READ
closure_141,replace,,replace,WRITE
closure_141,run_shell_command,defects4j test,defects4j test,TEST
closure_141,replace,,replace,WRITE
closure_141,run_shell_command,defects4j test,defects4j test,TEST
closure_141,replace,,replace,WRITE
closure_141,run_shell_command,defects4j test,defects4j test,TEST
closure_141,replace,,replace,WRITE
closure_144,read_file,,read_file,READ
closure_144,run_shell_command,./run_bug_exposing_tests.sh,run_bug_exposing_tests.sh,TEST
closure_144,read_file,,read_file,READ
closure_144,run_shell_command,defects4j test,defects4j test,TEST
closure_144,glob,,glob,SEARCH_FILES
closure_144,glob,,glob,SEARCH_FILES
closure_144,read_file,,read_file,READ
closure_144,read_file,,read_file,READ
closure_144,glob,,glob,SEARCH_FILES
closure_144,read_file,,read_file,READ
closure_144,glob,,glob,SEARCH_FILES
closure_144,read_file,,read_file,READ
closure_144,glob,,glob,SEARCH_FILES
closure_144,read_file,,read_file,READ
closure_144,glob,,glob,SEARCH_FILES
closure_144,read_file,,read_file,READ
closure_144,glob,,glob,SEARCH_FILES
closure_144,read_file,,read_file,READ
closure_144,replace,,replace,WRITE
closure_144,run_shell_command,defects4j compile,defects4j compile,BUILD
closure_144,run_shell_command,./run_bug_exposing_tests.sh,run_bug_exposing_tests.sh,TEST
closure_144,read_file,,read_file,READ
closure_144,replace,,replace,WRITE
closure_144,run_shell_command,defects4j compile,defects4j compile,BUILD
closure_144,glob,,glob,SEARCH_FILES
closure_144,read_file,,read_file,READ
closure_144,glob,,glob,SEARCH_FILES
closure_144,read_file,,read_file,READ
closure_144,read_file,,read_file,READ
closure_144,replace,,replace,WRITE
closure_144,read_file,,read_file,READ
closure_144,read_file,,read_file,READ
closure_144,read_file,,read_file,READ
closure_144,replace,,replace,WRITE
closure_144,read_file,,read_file,READ
closure_144,replace,,replace,WRITE
closure_144,read_file,,read_file,READ
closure_153,read_file,,read_file,READ
closure_153,run_shell_command,./run_bug_exposing_tests.sh,run_bug_exposing_tests.sh,TEST
closure_153,read_file,,read_file,READ
closure_153,run_shell_command,defects4j export -p tests.trigger,defects4j export,DEFECTS4J_OTHER
closure_153,read_file,,read_file,READ
closure_153,run_shell_command,defects4j export -p cp.test,defects4j export,DEFECTS4J_OTHER
closure_153,run_shell_command,defects4j test -t com.google.javascript.jscomp.NormalizeTest::testDuplicateVarInExterns,defects4j test,TEST
closure_153,run_shell_command,defects4j export -p tests.trigger,defects4j export,DEFECTS4J_OTHER
closure_153,replace,,replace,WRITE
closure_153,run_shell_command,./run_bug_exposing_tests.sh,run_bug_exposing_tests.sh,TEST
closure_153,read_file,,read_file,READ
closure_153,run_shell_command,./run_all_tests_trace.sh,run_all_tests_trace.sh,TEST
closure_153,read_file,,read_file,READ
closure_153,run_shell_command,defects4j export -p tests.all,defects4j export,DEFECTS4J_OTHER
closure_153,list_directory,,list_directory,SEARCH_FILES
closure_153,list_directory,,list_directory,SEARCH_FILES
closure_153,run_shell_command,"java -cp ""/Users/danielding/Desktop/example_dir/Closure_153/build/classes:/Users/danielding/Desktop/example_dir/Closure_153/lib/ant-launcher.jar:/Users/danielding/Desktop/example_dir/Closure_153/lib/ant.jar:/Users/danielding/Desktop/example_dir/Closure_153/lib/args4j.jar:/Users/danielding/Desktop/example_dir/Closure_153/lib/guava.jar:/Users/danielding/Desktop/example_dir/Closure_153/lib/json.jar:/Users/danielding/Desktop/example_dir/Closure_153/lib/jsr305.jar:/Users/danielding/Desktop/example_dir/Closure_153/lib/junit.jar:/Users/danielding/Desktop/example_dir/Closure_153/lib/libtrunk_rhino_parser_jarjared.jar:/Users/danielding/Desktop/example_dir/Closure_153/lib/protobuf-java.jar:/Users/danielding/Desktop/example_dir/Closure_153/build/test"" org.junit.runner.JUnitCore com.google.javascript.jscomp.NormalizeTest",java,BUILD
closure_153,read_file,,read_file,READ
closure_153,read_file,,read_file,READ
closure_153,replace,,replace,WRITE
closure_153,run_shell_command,"java -cp ""/Users/danielding/Desktop/example_dir/Closure_153/build/classes:/Users/danielding/Desktop/example_dir/Closure_153/lib/ant-launcher.jar:/Users/danielding/Desktop/example_dir/Closure_153/lib/ant.jar:/Users/danielding/Desktop/example_dir/Closure_153/lib/args4j.jar:/Users/danielding/Desktop/example_dir/Closure_153/lib/guava.jar:/Users/danielding/Desktop/example_dir/Closure_153/lib/json.jar:/Users/danielding/Desktop/example_dir/Closure_153/lib/jsr305.jar:/Users/danielding/Desktop/example_dir/Closure_153/lib/junit.jar:/Users/danielding/Desktop/example_dir/Closure_153/lib/libtrunk_rhino_parser_jarjared.jar:/Users/danielding/Desktop/example_dir/Closure_153/lib/protobuf-java.jar:/Users/danielding/Desktop/example_dir/Closure_153/build/test"" org.junit.runner.JUnitCore com.google.javascript.jscomp.NormalizeTest",java,BUILD
closure_153,replace,,replace,WRITE
closure_153,replace,,replace,WRITE
closure_153,run_shell_command,"java -cp ""/Users/danielding/Desktop/example_dir/Closure_153/build/classes:/Users/danielding/Desktop/example_dir/Closure_153/lib/ant-launcher.jar:/Users/danielding/Desktop/example_dir/Closure_153/lib/ant.jar:/Users/danielding/Desktop/example_dir/Closure_153/lib/args4j.jar:/Users/danielding/Desktop/example_dir/Closure_153/lib/guava.jar:/Users/danielding/Desktop/example_dir/Closure_153/lib/json.jar:/Users/danielding/Desktop/example_dir/Closure_153/lib/jsr305.jar:/Users/danielding/Desktop/example_dir/Closure_153/lib/junit.jar:/Users/danielding/Desktop/example_dir/Closure_153/lib/libtrunk_rhino_parser_jarjared.jar:/Users/danielding/Desktop/example_dir/Closure_153/lib/protobuf-java.jar:/Users/danielding/Desktop/example_dir/Closure_153/build/test"" org.junit.runner.JUnitCore com.google.javascript.jscomp.NormalizeTest",java,BUILD
closure_153,replace,,replace,WRITE
closure_153,read_file,,read_file,READ
closure_153,replace,,replace,WRITE
closure_153,run_shell_command,"java -cp ""/Users/danielding/Desktop/example_dir/Closure_153/build/classes:/Users/danielding/Desktop/example_dir/Closure_153/lib/ant-launcher.jar:/Users/danielding/Desktop/example_dir/Closure_153/lib/ant.jar:/Users/danielding/Desktop/example_dir/Closure_153/lib/args4j.jar:/Users/danielding/Desktop/example_dir/Closure_153/lib/guava.jar:/Users/danielding/Desktop/example_dir/Closure_153/lib/json.jar:/Users/danielding/Desktop/example_dir/Closure_153/lib/jsr305.jar:/Users/danielding/Desktop/example_dir/Closure_153/lib/junit.jar:/Users/danielding/Desktop/example_dir/Closure_153/lib/libtrunk_rhino_parser_jarjared.jar:/Users/danielding/Desktop/example_dir/Closure_153/lib/protobuf-java.jar:/Users/danielding/Desktop/example_dir/Closure_153/build/test"" org.junit.runner.JUnitCore com.google.javascript.jscomp.NormalizeTest",java,BUILD
closure_153,replace,,replace,WRITE
closure_153,read_file,,read_file,READ
closure_153,replace,,replace,WRITE
closure_153,replace,,replace,WRITE
closure_153,run_shell_command,"java -cp ""/Users/danielding/Desktop/example_dir/Closure_153/build/classes:/Users/danielding/Desktop/example_dir/Closure_153/lib/ant-launcher.jar:/Users/danielding/Desktop/example_dir/Closure_153/lib/ant.jar:/Users/danielding/Desktop/example_dir/Closure_153/lib/args4j.jar:/Users/danielding/Desktop/example_dir/Closure_153/lib/guava.jar:/Users/danielding/Desktop/example_dir/Closure_153/lib/json.jar:/Users/danielding/Desktop/example_dir/Closure_153/lib/jsr305.jar:/Users/danielding/Desktop/example_dir/Closure_153/lib/junit.jar:/Users/danielding/Desktop/example_dir/Closure_153/lib/libtrunk_rhino_parser_jarjared.jar:/Users/danielding/Desktop/example_dir/Closure_153/lib/protobuf-java.jar:/Users/danielding/Desktop/example_dir/Closure_153/build/test"" org.junit.runner.JUnitCore com.google.javascript.jscomp.NormalizeTest",java,BUILD
closure_153,replace,,replace,WRITE
closure_153,replace,,replace,WRITE
closure_153,run_shell_command,"java -cp ""/Users/danielding/Desktop/example_dir/Closure_153/build/classes:/Users/danielding/Desktop/example_dir/Closure_153/lib/ant-launcher.jar:/Users/danielding/Desktop/example_dir/Closure_153/lib/ant.jar:/Users/danielding/Desktop/example_dir/Closure_153/lib/args4j.jar:/Users/danielding/Desktop/example_dir/Closure_153/lib/guava.jar:/Users/danielding/Desktop/example_dir/Closure_153/lib/json.jar:/Users/danielding/Desktop/example_dir/Closure_153/lib/jsr305.jar:/Users/danielding/Desktop/example_dir/Closure_153/lib/junit.jar:/Users/danielding/Desktop/example_dir/Closure_153/lib/libtrunk_rhino_parser_jarjared.jar:/Users/danielding/Desktop/example_dir/Closure_153/lib/protobuf-java.jar:/Users/danielding/Desktop/example_dir/Closure_153/build/test"" org.junit.runner.JUnitCore com.google.javascript.jscomp.NormalizeTest",java,BUILD
closure_153,replace,,replace,WRITE
closure_153,replace,,replace,WRITE
closure_153,run_shell_command,"java -cp ""/Users/danielding/Desktop/example_dir/Closure_153/build/classes:/Users/danielding/Desktop/example_dir/Closure_153/lib/ant-launcher.jar:/Users/danielding/Desktop/example_dir/Closure_153/lib/ant.jar:/Users/danielding/Desktop/example_dir/Closure_153/lib/args4j.jar:/Users/danielding/Desktop/example_dir/Closure_153/lib/guava.jar:/Users/danielding/Desktop/example_dir/Closure_153/lib/json.jar:/Users/danielding/Desktop/example_dir/Closure_153/lib/jsr305.jar:/Users/danielding/Desktop/example_dir/Closure_153/lib/junit.jar:/Users/danielding/Desktop/example_dir/Closure_153/lib/libtrunk_rhino_parser_jarjared.jar:/Users/danielding/Desktop/example_dir/Closure_153/lib/protobuf-java.jar:/Users/danielding/Desktop/example_dir/Closure_153/build/test"" org.junit.runner.JUnitCore com.google.javascript.jscomp.NormalizeTest",java,BUILD
closure_153,replace,,replace,WRITE
closure_153,replace,,replace,WRITE
closure_153,run_shell_command,"java -cp ""/Users/danielding/Desktop/example_dir/Closure_153/build/classes:/Users/danielding/Desktop/example_dir/Closure_153/lib/ant-launcher.jar:/Users/danielding/Desktop/example_dir/Closure_153/lib/ant.jar:/Users/danielding/Desktop/example_dir/Closure_153/lib/args4j.jar:/Users/danielding/Desktop/example_dir/Closure_153/lib/guava.jar:/Users/danielding/Desktop/example_dir/Closure_153/lib/json.jar:/Users/danielding/Desktop/example_dir/Closure_153/lib/jsr305.jar:/Users/danielding/Desktop/example_dir/Closure_153/lib/junit.jar:/Users/danielding/Desktop/example_dir/Closure_153/lib/libtrunk_rhino_parser_jarjared.jar:/Users/danielding/Desktop/example_dir/Closure_153/lib/protobuf-java.jar:/Users/danielding/Desktop/example_dir/Closure_153/build/test"" org.junit.runner.JUnitCore com.google.javascript.jscomp.NormalizeTest",java,BUILD
closure_153,replace,,replace,WRITE
closure_153,replace,,replace,WRITE
closure_153,run_shell_command,"java -cp ""/Users/danielding/Desktop/example_dir/Closure_153/build/classes:/Users/danielding/Desktop/example_dir/Closure_153/lib/ant-launcher.jar:/Users/danielding/Desktop/example_dir/Closure_153/lib/ant.jar:/Users/danielding/Desktop/example_dir/Closure_153/lib/args4j.jar:/Users/danielding/Desktop/example_dir/Closure_153/lib/guava.jar:/Users/danielding/Desktop/example_dir/Closure_153/lib/json.jar:/Users/danielding/Desktop/example_dir/Closure_153/lib/jsr305.jar:/Users/danielding/Desktop/example_dir/Closure_153/lib/junit.jar:/Users/danielding/Desktop/example_dir/Closure_153/lib/libtrunk_rhino_parser_jarjared.jar:/Users/danielding/Desktop/example_dir/Closure_153/lib/protobuf-java.jar:/Users/danielding/Desktop/example_dir/Closure_153/build/test"" org.junit.runner.JUnitCore com.google.javascript.jscomp.NormalizeTest",java,BUILD
closure_153,replace,,replace,WRITE
closure_153,replace,,replace,WRITE
closure_153,run_shell_command,"java -cp ""/Users/danielding/Desktop/example_dir/Closure_153/build/classes:/Users/danielding/Desktop/example_dir/Closure_153/lib/ant-launcher.jar:/Users/danielding/Desktop/example_dir/Closure_153/lib/ant.jar:/Users/danielding/Desktop/example_dir/Closure_153/lib/args4j.jar:/Users/danielding/Desktop/example_dir/Closure_153/lib/guava.jar:/Users/danielding/Desktop/example_dir/Closure_153/lib/json.jar:/Users/danielding/Desktop/example_dir/Closure_153/lib/jsr305.jar:/Users/danielding/Desktop/example_dir/Closure_153/lib/junit.jar:/Users/danielding/Desktop/example_dir/Closure_153/lib/libtrunk_rhino_parser_jarjared.jar:/Users/danielding/Desktop/example_dir/Closure_153/lib/protobuf-java.jar:/Users/danielding/Desktop/example_dir/Closure_153/build/test"" org.junit.runner.JUnitCore com.google.javascript.jscomp.NormalizeTest 2> debug_output.log",java,BUILD
closure_153,read_file,,read_file,READ
closure_153,replace,,replace,WRITE
closure_153,read_many_files,,read_many_files,READ
closure_153,replace,,replace,WRITE
closure_153,replace,,replace,WRITE
closure_153,replace,,replace,WRITE
closure_153,run_shell_command,./run_bug_exposing_tests.sh,run_bug_exposing_tests.sh,TEST
closure_153,read_file,,read_file,READ
closure_153,run_shell_command,defects4j test -t com.google.javascript.jscomp.NormalizeTest::testDuplicateVarInExterns -v,defects4j test,TEST
closure_153,run_shell_command,"java -cp ""/Users/danielding/Desktop/example_dir/Closure_153/build/classes:/Users/danielding/Desktop/example_dir/Closure_153/build/test:/Users/danielding/Desktop/example_dir/Closure_153/lib/junit.jar"" org.junit.runner.JUnitCore com.google.javascript.jscomp.NormalizeTest 2> debug_output.log",java,BUILD
closure_153,replace,,replace,WRITE
closure_153,run_shell_command,./run_bug_exposing_tests.sh > full_debug_output.log 2>&1,run_bug_exposing_tests.sh,TEST
closure_153,read_file,,read_file,READ
closure_153,read_file,,read_file,READ
closure_153,replace,,replace,WRITE
closure_153,replace,,replace,WRITE
closure_153,run_shell_command,./run_bug_exposing_tests.sh > full_debug_output.log 2>&1,run_bug_exposing_tests.sh,TEST
closure_153,read_file,,read_file,READ
closure_153,read_file,,read_file,READ
closure_153,replace,,replace,WRITE
closure_153,run_shell_command,./run_bug_exposing_tests.sh > test_results_after_make_declared_names_unique_fix.log 2>&1,run_bug_exposing_tests.sh,TEST
closure_153,read_file,,read_file,READ
closure_153,read_file,,read_file,READ
closure_153,read_file,,read_file,READ
closure_153,replace,,replace,WRITE
closure_153,replace,,replace,WRITE
closure_153,run_shell_command,./run_bug_exposing_tests.sh > test_results_after_both_fixes.log 2>&1,run_bug_exposing_tests.sh,TEST
closure_153,read_file,,read_file,READ
closure_153,read_file,,read_file,READ
closure_153,read_file,,read_file,READ
closure_153,read_file,,read_file,READ
closure_153,replace,,replace,WRITE
closure_153,replace,,replace,WRITE
closure_153,run_shell_command,./run_bug_exposing_tests.sh > test_results_after_all_fixes_final.log 2>&1,run_bug_exposing_tests.sh,TEST
closure_153,read_file,,read_file,READ
closure_153,read_file,,read_file,READ
closure_153,replace,,replace,WRITE
closure_153,replace,,replace,WRITE
closure_153,run_shell_command,./run_bug_exposing_tests.sh > debug_make_declared_names_unique.log 2>&1,run_bug_exposing_tests.sh,TEST
closure_153,read_file,,read_file,READ
closure_153,replace,,replace,WRITE
closure_153,replace,,replace,WRITE
closure_153,run_shell_command,./run_bug_exposing_tests.sh > test_results_after_all_fixes_final_2.log 2>&1,run_bug_exposing_tests.sh,TEST
closure_153,read_file,,read_file,READ
closure_153,read_file,,read_file,READ
closure_153,replace,,replace,WRITE
closure_153,replace,,replace,WRITE
closure_153,run_shell_command,./run_bug_exposing_tests.sh > debug_normalize_onredeclaration.log 2>&1,run_bug_exposing_tests.sh,TEST
closure_153,read_file,,read_file,READ
closure_153,replace,,replace,WRITE
closure_153,replace,,replace,WRITE
closure_153,run_shell_command,./run_bug_exposing_tests.sh > test_results_after_all_fixes_final_3.log 2>&1,run_bug_exposing_tests.sh,TEST
closure_153,read_file,,read_file,READ
closure_153,read_file,,read_file,READ
closure_153,replace,,replace,WRITE
closure_153,replace,,replace,WRITE
closure_153,run_shell_command,./run_bug_exposing_tests.sh > check_state_output.log 2>&1,run_bug_exposing_tests.sh,TEST
closure_153,read_file,,read_file,READ
closure_153,replace,,replace,WRITE
closure_153,replace,,replace,WRITE
closure_153,run_shell_command,./run_bug_exposing_tests.sh > test_results_after_all_fixes_final_4.log 2>&1,run_bug_exposing_tests.sh,TEST
closure_153,read_file,,read_file,READ
closure_153,read_file,,read_file,READ
closure_153,replace,,replace,WRITE
closure_153,replace,,replace,WRITE
closure_153,run_shell_command,./run_bug_exposing_tests.sh > test_results_after_all_fixes_final_4.log 2>&1,run_bug_exposing_tests.sh,TEST
closure_153,read_file,,read_file,READ
closure_153,read_file,,read_file,READ
closure_153,replace,,replace,WRITE
closure_156,read_file,,read_file,READ
closure_156,run_shell_command,./run_bug_exposing_tests.sh,run_bug_exposing_tests.sh,TEST
closure_156,read_file,,read_file,READ
closure_156,run_shell_command,defects4j compile,defects4j compile,BUILD
closure_156,glob,,glob,SEARCH_FILES
closure_156,read_file,,read_file,READ
closure_156,run_shell_command,./run_all_tests_trace.sh,run_all_tests_trace.sh,TEST
closure_156,read_file,,read_file,READ
closure_156,glob,,glob,SEARCH_FILES
closure_156,read_file,,read_file,READ
closure_156,glob,,glob,SEARCH_FILES
closure_156,read_file,,read_file,READ
closure_156,replace,,replace,WRITE
closure_156,run_shell_command,./run_bug_exposing_tests.sh,run_bug_exposing_tests.sh,TEST
closure_156,read_file,,read_file,READ
closure_156,replace,,replace,WRITE
closure_156,replace,,replace,WRITE
closure_156,run_shell_command,./run_bug_exposing_tests.sh,run_bug_exposing_tests.sh,TEST
closure_156,read_file,,read_file,READ
closure_156,replace,,replace,WRITE
closure_156,replace,,replace,WRITE
closure_156,run_shell_command,./run_bug_exposing_tests.sh,run_bug_exposing_tests.sh,TEST
closure_156,read_file,,read_file,READ
closure_156,replace,,replace,WRITE
closure_156,replace,,replace,WRITE
closure_156,run_shell_command,./run_bug_exposing_tests.sh,run_bug_exposing_tests.sh,TEST
closure_156,read_file,,read_file,READ
closure_156,replace,,replace,WRITE
closure_156,replace,,replace,WRITE
closure_156,run_shell_command,./run_bug_exposing_tests.sh,run_bug_exposing_tests.sh,TEST
closure_156,read_file,,read_file,READ
closure_156,replace,,replace,WRITE
closure_156,replace,,replace,WRITE
closure_156,run_shell_command,./run_bug_exposing_tests.sh,run_bug_exposing_tests.sh,TEST
closure_156,read_file,,read_file,READ
closure_156,replace,,replace,WRITE
closure_156,replace,,replace,WRITE
closure_156,run_shell_command,./run_bug_exposing_tests.sh,run_bug_exposing_tests.sh,TEST
closure_156,read_file,,read_file,READ
closure_156,replace,,replace,WRITE
closure_156,replace,,replace,WRITE
closure_156,run_shell_command,./run_bug_exposing_tests.sh,run_bug_exposing_tests.sh,TEST
closure_156,read_file,,read_file,READ
closure_156,replace,,replace,WRITE
closure_156,replace,,replace,WRITE
closure_156,run_shell_command,./run_bug_exposing_tests.sh,run_bug_exposing_tests.sh,TEST
closure_156,read_file,,read_file,READ
closure_156,replace,,replace,WRITE
closure_156,replace,,replace,WRITE
closure_156,run_shell_command,./run_bug_exposing_tests.sh,run_bug_exposing_tests.sh,TEST
closure_156,read_file,,read_file,READ
closure_156,replace,,replace,WRITE
closure_156,replace,,replace,WRITE
closure_156,run_shell_command,./run_bug_exposing_tests.sh,run_bug_exposing_tests.sh,TEST
closure_156,read_file,,read_file,READ
closure_156,replace,,replace,WRITE
closure_156,replace,,replace,WRITE
closure_156,read_file,,read_file,READ
closure_156,replace,,replace,WRITE
closure_156,replace,,replace,WRITE
closure_156,run_shell_command,./run_bug_exposing_tests.sh,run_bug_exposing_tests.sh,TEST
closure_156,read_file,,read_file,READ
closure_156,replace,,replace,WRITE
closure_156,read_file,,read_file,READ
closure_156,replace,,replace,WRITE
closure_156,replace,,replace,WRITE
closure_156,replace,,replace,WRITE
closure_156,replace,,replace,WRITE
closure_156,replace,,replace,WRITE
closure_156,replace,,replace,WRITE
closure_156,replace,,replace,WRITE
closure_156,run_shell_command,./run_bug_exposing_tests.sh,run_bug_exposing_tests.sh,TEST
closure_156,read_file,,read_file,READ
closure_156,replace,,replace,WRITE
closure_156,replace,,replace,WRITE
closure_156,replace,,replace,WRITE
closure_156,replace,,replace,WRITE
closure_156,replace,,replace,WRITE
closure_156,read_file,,read_file,READ
closure_156,replace,,replace,WRITE
closure_156,replace,,replace,WRITE
closure_156,replace,,replace,WRITE
closure_156,replace,,replace,WRITE
closure_156,replace,,replace,WRITE
closure_156,replace,,replace,WRITE
closure_156,replace,,replace,WRITE
closure_157,read_file,,read_file,READ
closure_157,run_shell_command,./run_bug_exposing_tests.sh,run_bug_exposing_tests.sh,TEST
closure_157,read_file,,read_file,READ
closure_157,run_shell_command,defects4j test,defects4j test,TEST
closure_157,search_file_content,,search_file_content,SEARCH_CONTENT
closure_157,read_file,,read_file,READ
closure_157,search_file_content,,search_file_content,SEARCH_CONTENT
closure_157,read_file,,read_file,READ
closure_157,search_file_content,,search_file_content,SEARCH_CONTENT
closure_157,read_file,,read_file,READ
closure_157,search_file_content,,search_file_content,SEARCH_CONTENT
closure_157,read_file,,read_file,READ
closure_157,replace,,replace,WRITE
closure_157,replace,,replace,WRITE
closure_157,run_shell_command,defects4j compile,defects4j compile,BUILD
closure_157,run_shell_command,defects4j test,defects4j test,TEST
closure_157,run_shell_command,git restore src/com/google/javascript/jscomp/CodeGenerator.java,git restore,VCS
closure_157,replace,,replace,WRITE
closure_157,replace,,replace,WRITE
closure_157,read_file,,read_file,READ
closure_157,replace,,replace,WRITE
closure_157,run_shell_command,defects4j compile,defects4j compile,BUILD
closure_157,run_shell_command,git restore src/com/google/javascript/jscomp/CodeGenerator.java,git restore,VCS
closure_157,replace,,replace,WRITE
closure_157,replace,,replace,WRITE
closure_157,run_shell_command,defects4j compile,defects4j compile,BUILD
closure_157,run_shell_command,git restore src/com/google/javascript/jscomp/CodeGenerator.java,git restore,VCS
closure_157,replace,,replace,WRITE
closure_157,replace,,replace,WRITE
closure_157,run_shell_command,defects4j compile,defects4j compile,BUILD
closure_157,run_shell_command,git restore src/com/google/javascript/jscomp/CodeGenerator.java,git restore,VCS
closure_157,replace,,replace,WRITE
closure_157,replace,,replace,WRITE
closure_157,replace,,replace,WRITE
closure_157,run_shell_command,defects4j compile,defects4j compile,BUILD
closure_157,run_shell_command,defects4j test,defects4j test,TEST
closure_157,run_shell_command,git restore src/com/google/javascript/jscomp/CodeGenerator.java,git restore,VCS
closure_157,replace,,replace,WRITE
closure_157,replace,,replace,WRITE
closure_157,replace,,replace,WRITE
closure_157,run_shell_command,defects4j compile,defects4j compile,BUILD
closure_157,run_shell_command,git restore src/com/google/javascript/jscomp/CodeGenerator.java,git restore,VCS
closure_157,replace,,replace,WRITE
closure_157,replace,,replace,WRITE
closure_157,replace,,replace,WRITE
closure_157,run_shell_command,defects4j compile,defects4j compile,BUILD
closure_157,run_shell_command,defects4j test,defects4j test,TEST
closure_157,run_shell_command,git restore src/com/google/javascript/jscomp/CodeGenerator.java,git restore,VCS
closure_157,replace,,replace,WRITE
closure_157,replace,,replace,WRITE
closure_157,replace,,replace,WRITE
closure_157,run_shell_command,defects4j compile,defects4j compile,BUILD
closure_157,run_shell_command,defects4j test,defects4j test,TEST
closure_157,run_shell_command,git restore src/com/google/javascript/jscomp/CodeGenerator.java,git restore,VCS
closure_157,replace,,replace,WRITE
closure_157,replace,,replace,WRITE
closure_157,replace,,replace,WRITE
closure_157,run_shell_command,defects4j compile,defects4j compile,BUILD
closure_157,run_shell_command,defects4j test,defects4j test,TEST
closure_157,run_shell_command,git restore src/com/google/javascript/jscomp/CodeGenerator.java,git restore,VCS
closure_157,replace,,replace,WRITE
closure_157,replace,,replace,WRITE
closure_157,replace,,replace,WRITE
closure_157,run_shell_command,defects4j compile,defects4j compile,BUILD
closure_157,run_shell_command,defects4j test,defects4j test,TEST
closure_157,run_shell_command,git restore src/com/google/javascript/jscomp/CodeGenerator.java,git restore,VCS
closure_157,replace,,replace,WRITE
closure_157,replace,,replace,WRITE
closure_157,replace,,replace,WRITE
closure_157,run_shell_command,defects4j compile,defects4j compile,BUILD
closure_157,run_shell_command,defects4j test,defects4j test,TEST
closure_157,run_shell_command,git restore src/com/google/javascript/jscomp/CodeGenerator.java,git restore,VCS
closure_157,replace,,replace,WRITE
closure_157,replace,,replace,WRITE
closure_157,replace,,replace,WRITE
closure_157,run_shell_command,defects4j compile,defects4j compile,BUILD
closure_157,run_shell_command,defects4j test,defects4j test,TEST
closure_157,search_file_content,,search_file_content,SEARCH_CONTENT
closure_157,read_file,,read_file,READ
closure_157,run_shell_command,git restore src/com/google/javascript/jscomp/CodeGenerator.java,git restore,VCS
closure_157,replace,,replace,WRITE
closure_157,replace,,replace,WRITE
closure_157,run_shell_command,defects4j compile,defects4j compile,BUILD
closure_157,run_shell_command,defects4j test,defects4j test,TEST
closure_157,run_shell_command,git restore src/com/google/javascript/jscomp/CodeGenerator.java,git restore,VCS
closure_157,replace,,replace,WRITE
closure_157,replace,,replace,WRITE
closure_157,run_shell_command,defects4j compile,defects4j compile,BUILD
closure_157,run_shell_command,defects4j test,defects4j test,TEST
closure_157,run_shell_command,git restore src/com/google/javascript/jscomp/CodeGenerator.java,git restore,VCS
closure_157,replace,,replace,WRITE
closure_157,replace,,replace,WRITE
closure_157,replace,,replace,WRITE
closure_157,run_shell_command,defects4j compile,defects4j compile,BUILD
closure_157,run_shell_command,defects4j test,defects4j test,TEST
closure_157,run_shell_command,git restore src/com/google/javascript/jscomp/CodeGenerator.java,git restore,VCS
closure_157,replace,,replace,WRITE
closure_157,replace,,replace,WRITE
closure_157,run_shell_command,defects4j compile,defects4j compile,BUILD
closure_157,run_shell_command,defects4j test,defects4j test,TEST
closure_157,run_shell_command,defects4j test -t com.google.javascript.jscomp.CodePrinterTest,defects4j test,TEST
closure_157,run_shell_command,defects4j test -t com.google.javascript.jscomp.CodePrinterTest::testObjectLit,defects4j test,TEST
closure_157,run_shell_command,git diff src/com/google/javascript/jscomp/CodeGenerator.java,git diff,VCS
closure_157,run_shell_command,defects4j test,defects4j test,TEST
closure_157,run_shell_command,defects4j test -t com.google.javascript.jscomp.CodePrinterTest::testObjectLit,defects4j test,TEST
closure_157,run_shell_command,git restore src/com/google/javascript/jscomp/CodeGenerator.java,git restore,VCS
closure_157,replace,,replace,WRITE
closure_157,replace,,replace,WRITE
closure_157,run_shell_command,defects4j compile,defects4j compile,BUILD
closure_157,run_shell_command,defects4j test,defects4j test,TEST
closure_157,run_shell_command,git restore src/com/google/javascript/jscomp/CodeGenerator.java,git restore,VCS
closure_157,replace,,replace,WRITE
closure_157,replace,,replace,WRITE
closure_157,run_shell_command,defects4j compile,defects4j compile,BUILD
closure_157,run_shell_command,git restore src/com/google/javascript/jscomp/CodeGenerator.java,git restore,VCS
closure_157,replace,,replace,WRITE
closure_157,replace,,replace,WRITE
closure_157,replace,,replace,WRITE
closure_157,run_shell_command,defects4j compile,defects4j compile,BUILD
closure_157,run_shell_command,defects4j test,defects4j test,TEST
closure_157,run_shell_command,defects4j test -t com.google.javascript.jscomp.CodePrinterTest::testObjectLit,defects4j test,TEST
closure_157,run_shell_command,git restore src/com/google/javascript/jscomp/CodeGenerator.java,git restore,VCS
closure_157,replace,,replace,WRITE
closure_157,replace,,replace,WRITE
closure_157,run_shell_command,defects4j compile,defects4j compile,BUILD
closure_157,run_shell_command,defects4j test,defects4j test,TEST
closure_157,run_shell_command,git restore src/com/google/javascript/jscomp/CodeGenerator.java,git restore,VCS
closure_157,replace,,replace,WRITE
closure_157,replace,,replace,WRITE
closure_157,run_shell_command,defects4j compile,defects4j compile,BUILD
closure_157,run_shell_command,defects4j test,defects4j test,TEST
closure_157,run_shell_command,defects4j test -t com.google.javascript.jscomp.CodePrinterTest::testObjectLit,defects4j test,TEST
closure_158,read_file,,read_file,READ
closure_158,run_shell_command,./run_bug_exposing_tests.sh,run_bug_exposing_tests.sh,TEST
closure_158,read_file,,read_file,READ
closure_158,glob,,glob,SEARCH_FILES
closure_158,run_shell_command,defects4j compile,defects4j compile,BUILD
closure_158,run_shell_command,./run_bug_exposing_tests.sh,run_bug_exposing_tests.sh,TEST
closure_158,read_file,,read_file,READ
closure_158,read_file,,read_file,READ
closure_158,glob,,glob,SEARCH_FILES
closure_158,read_file,,read_file,READ
closure_158,glob,,glob,SEARCH_FILES
closure_158,glob,,glob,SEARCH_FILES
closure_158,read_file,,read_file,READ
closure_158,replace,,replace,WRITE
closure_158,run_shell_command,./run_bug_exposing_tests.sh,run_bug_exposing_tests.sh,TEST
closure_158,read_file,,read_file,READ
closure_158,glob,,glob,SEARCH_FILES
closure_158,read_file,,read_file,READ
closure_158,replace,,replace,WRITE
closure_158,read_file,,read_file,READ
closure_158,replace,,replace,WRITE
closure_158,replace,,replace,WRITE
closure_158,replace,,replace,WRITE
closure_158,replace,,replace,WRITE
closure_158,replace,,replace,WRITE
closure_158,replace,,replace,WRITE
closure_158,replace,,replace,WRITE
closure_158,replace,,replace,WRITE
closure_158,run_shell_command,git checkout /Users/danielding/Desktop/example_dir/Closure_158/src/com/google/javascript/jscomp/CommandLineRunner.java,git checkout,VCS
closure_158,replace,,replace,WRITE
closure_158,replace,,replace,WRITE
closure_158,replace,,replace,WRITE
closure_158,replace,,replace,WRITE
closure_158,replace,,replace,WRITE
closure_158,replace,,replace,WRITE
closure_158,replace,,replace,WRITE
closure_158,replace,,replace,WRITE
closure_158,read_file,,read_file,READ
closure_158,replace,,replace,WRITE
closure_158,run_shell_command,defects4j compile,defects4j compile,BUILD
closure_158,run_shell_command,git checkout /Users/danielding/Desktop/example_dir/Closure_158/src/com/google/javascript/jscomp/AbstractCommandLineRunner.java,git checkout,VCS
closure_158,replace,,replace,WRITE
closure_158,replace,,replace,WRITE
closure_158,replace,,replace,WRITE
closure_158,read_file,,read_file,READ
closure_158,replace,,replace,WRITE
closure_158,run_shell_command,defects4j compile,defects4j compile,BUILD
closure_158,run_shell_command,git checkout /Users/danielding/Desktop/example_dir/Closure_158/src/com/google/javascript/jscomp/CommandLineRunner.java,git checkout,VCS
closure_158,replace,,replace,WRITE
closure_158,replace,,replace,WRITE
closure_158,replace,,replace,WRITE
closure_158,replace,,replace,WRITE
closure_158,replace,,replace,WRITE
closure_158,run_shell_command,defects4j compile,defects4j compile,BUILD
closure_158,replace,,replace,WRITE
closure_158,run_shell_command,defects4j compile,defects4j compile,BUILD
closure_158,replace,,replace,WRITE
closure_158,run_shell_command,defects4j compile,defects4j compile,BUILD
closure_158,run_shell_command,git checkout /Users/danielding/Desktop/example_dir/Closure_158/src/com/google/javascript/jscomp/AbstractCommandLineRunner.java,git checkout,VCS
closure_158,replace,,replace,WRITE
closure_158,read_file,,read_file,READ
closure_158,replace,,replace,WRITE
closure_158,replace,,replace,WRITE
closure_158,replace,,replace,WRITE
closure_158,replace,,replace,WRITE
closure_158,replace,,replace,WRITE
closure_158,read_file,,read_file,READ
closure_158,replace,,replace,WRITE
closure_158,replace,,replace,WRITE
closure_158,replace,,replace,WRITE
closure_158,replace,,replace,WRITE
closure_158,replace,,replace,WRITE
closure_158,replace,,replace,WRITE
closure_158,replace,,replace,WRITE
closure_158,replace,,replace,WRITE
closure_158,read_file,,read_file,READ
closure_158,replace,,replace,WRITE
closure_158,read_file,,read_file,READ
closure_158,replace,,replace,WRITE
closure_158,read_file,,read_file,READ
closure_158,replace,,replace,WRITE
closure_158,read_file,,read_file,READ
closure_158,replace,,replace,WRITE
closure_158,read_file,,read_file,READ
closure_158,replace,,replace,WRITE
closure_158,read_file,,read_file,READ
closure_158,replace,,replace,WRITE
closure_158,read_file,,read_file,READ
closure_158,replace,,replace,WRITE
closure_158,read_file,,read_file,READ
closure_158,replace,,replace,WRITE
closure_158,read_file,,read_file,READ
closure_158,replace,,replace,WRITE
closure_158,read_file,,read_file,READ
closure_158,replace,,replace,WRITE
closure_158,read_file,,read_file,READ
closure_158,replace,,replace,WRITE
closure_158,read_file,,read_file,READ
closure_158,replace,,replace,WRITE
closure_158,read_file,,read_file,READ
closure_158,replace,,replace,WRITE
closure_158,read_file,,read_file,READ
closure_158,replace,,replace,WRITE
closure_158,read_file,,read_file,READ
closure_158,replace,,replace,WRITE
closure_158,read_file,,read_file,READ
closure_158,replace,,replace,WRITE
closure_158,read_file,,read_file,READ
closure_158,replace,,replace,WRITE
closure_158,read_file,,read_file,READ
closure_158,replace,,replace,WRITE
closure_158,read_file,,read_file,READ
closure_158,replace,,replace,WRITE
closure_158,read_file,,read_file,READ
closure_158,replace,,replace,WRITE
closure_158,read_file,,read_file,READ
closure_158,replace,,replace,WRITE
closure_158,read_file,,read_file,READ
closure_158,replace,,replace,WRITE
closure_158,read_file,,read_file,READ
closure_158,replace,,replace,WRITE
closure_158,read_file,,read_file,READ
closure_158,replace,,replace,WRITE
closure_158,read_file,,read_file,READ
closure_158,replace,,replace,WRITE
closure_158,read_file,,read_file,READ
closure_158,replace,,replace,WRITE
closure_158,read_file,,read_file,READ
closure_158,replace,,replace,WRITE
closure_158,read_file,,read_file,READ
closure_158,replace,,replace,WRITE
closure_158,read_file,,read_file,READ
closure_158,replace,,replace,WRITE
closure_160,read_file,,read_file,READ
closure_160,run_shell_command,./run_bug_exposing_tests.sh,run_bug_exposing_tests.sh,TEST
closure_160,read_file,,read_file,READ
closure_160,run_shell_command,defects4j compile,defects4j compile,BUILD
closure_160,run_shell_command,defects4j test -t com.google.javascript.jscomp.CommandLineRunnerTest,defects4j test,TEST
closure_160,glob,,glob,SEARCH_FILES
closure_160,read_file,,read_file,READ
closure_160,run_shell_command,defects4j test -t com.google.javascript.jscomp.CommandLineRunnerTest::testCheckSymbolsOverrideForQuiet,defects4j test,TEST
closure_160,glob,,glob,SEARCH_FILES
closure_160,read_file,,read_file,READ
closure_160,read_file,,read_file,READ
closure_160,read_file,,read_file,READ
closure_160,read_file,,read_file,READ
closure_160,read_file,,read_file,READ
closure_160,read_file,,read_file,READ
closure_160,read_file,,read_file,READ
closure_160,replace,,replace,WRITE
closure_160,replace,,replace,WRITE
closure_160,replace,,replace,WRITE
closure_160,replace,,replace,WRITE
closure_160,replace,,replace,WRITE
closure_160,read_file,,read_file,READ
closure_160,replace,,replace,WRITE
closure_160,replace,,replace,WRITE
closure_160,read_file,,read_file,READ
closure_160,replace,,replace,WRITE
closure_160,read_file,,read_file,READ
closure_160,replace,,replace,WRITE
closure_160,read_file,,read_file,READ
closure_160,replace,,replace,WRITE
closure_160,read_file,,read_file,READ
closure_160,replace,,replace,WRITE
closure_160,run_shell_command,defects4j compile,defects4j compile,BUILD
closure_160,read_file,,read_file,READ
closure_160,replace,,replace,WRITE
closure_160,replace,,replace,WRITE
closure_160,run_shell_command,defects4j compile,defects4j compile,BUILD
closure_160,glob,,glob,SEARCH_FILES
closure_160,glob,,glob,SEARCH_FILES
closure_160,glob,,glob,SEARCH_FILES
closure_160,glob,,glob,SEARCH_FILES
closure_160,glob,,glob,SEARCH_FILES
closure_160,glob,,glob,SEARCH_FILES
closure_160,glob,,glob,SEARCH_FILES
closure_160,glob,,glob,SEARCH_FILES
closure_160,run_shell_command,git show HEAD:src/com/google/javascript/jscomp/DiagnosticGroups.java,git show,VCS
closure_160,write_file,,write_file,WRITE
closure_160,replace,,replace,WRITE
closure_160,replace,,replace,WRITE
closure_160,run_shell_command,defects4j compile,defects4j compile,BUILD
closure_160,glob,,glob,SEARCH_FILES
closure_160,glob,,glob,SEARCH_FILES
closure_160,glob,,glob,SEARCH_FILES
closure_160,search_file_content,,search_file_content,SEARCH_CONTENT
closure_160,search_file_content,,search_file_content,SEARCH_CONTENT
closure_160,search_file_content,,search_file_content,SEARCH_CONTENT
closure_160,search_file_content,,search_file_content,SEARCH_CONTENT
closure_160,search_file_content,,search_file_content,SEARCH_CONTENT
closure_160,glob,,glob,SEARCH_FILES
closure_160,glob,,glob,SEARCH_FILES
closure_160,glob,,glob,SEARCH_FILES
closure_160,run_shell_command,git show HEAD:src/com/google/javascript/jscomp/WarningLevel.java,git show,VCS
closure_160,write_file,,write_file,WRITE
closure_160,run_shell_command,git show HEAD:src/com/google/javascript/jscomp/DiagnosticGroups.java,git show,VCS
closure_160,write_file,,write_file,WRITE
closure_160,read_file,,read_file,READ
closure_160,run_shell_command,defects4j compile,defects4j compile,BUILD
closure_160,read_file,,read_file,READ
closure_160,replace,,replace,WRITE
closure_160,run_shell_command,defects4j compile,defects4j compile,BUILD
closure_160,run_shell_command,defects4j test -t com.google.javascript.jscomp.CommandLineRunnerTest::testCheckSymbolsOverrideForQuiet,defects4j test,TEST
closure_160,run_shell_command,defects4j test,defects4j test,TEST
closure_160,read_file,,read_file,READ
closure_160,replace,,replace,WRITE
closure_160,replace,,replace,WRITE
closure_160,run_shell_command,defects4j compile,defects4j compile,BUILD
closure_160,run_shell_command,git show HEAD:src/com/google/javascript/jscomp/AbstractCommandLineRunner.java,git show,VCS
closure_160,write_file,,write_file,WRITE
closure_160,write_file,,write_file,WRITE
closure_160,write_file,,write_file,WRITE
closure_160,write_file,,write_file,WRITE
closure_160,run_shell_command,defects4j test -t com.google.javascript.jscomp.CommandLineRunnerTest::testCheckSymbolsOverrideForQuiet,defects4j test,TEST
closure_160,run_shell_command,git checkout -- src/com/google/javascript/jscomp/AbstractCommandLineRunner.java,git checkout,VCS
closure_160,run_shell_command,git checkout -- src/com/google/javascript/jscomp/CommandLineRunner.java,git checkout,VCS
closure_160,run_shell_command,git checkout -- src/com/google/javascript/jscomp/DiagnosticGroups.java,git checkout,VCS
closure_160,run_shell_command,git checkout -- src/com/google/javascript/jscomp/WarningLevel.java,git checkout,VCS
closure_160,run_shell_command,./run_bug_exposing_tests.sh,run_bug_exposing_tests.sh,TEST
closure_160,run_shell_command,defects4j test -t com.google.javascript.jscomp.CommandLineRunnerTest::testCheckSymbolsOverrideForQuiet,defects4j test,TEST
closure_160,replace,,replace,WRITE
closure_160,replace,,replace,WRITE
closure_160,replace,,replace,WRITE
closure_160,replace,,replace,WRITE
closure_160,replace,,replace,WRITE
closure_160,replace,,replace,WRITE
closure_160,replace,,replace,WRITE
closure_160,replace,,replace,WRITE
closure_160,replace,,replace,WRITE
closure_160,run_shell_command,defects4j compile,defects4j compile,BUILD
closure_160,run_shell_command,git checkout -- src/com/google/javascript/jscomp/DiagnosticGroups.java,git checkout,VCS
closure_160,replace,,replace,WRITE
closure_160,run_shell_command,defects4j compile,defects4j compile,BUILD
closure_160,search_file_content,,search_file_content,SEARCH_CONTENT
closure_160,search_file_content,,search_file_content,SEARCH_CONTENT
closure_160,search_file_content,,search_file_content,SEARCH_CONTENT
closure_162,read_file,,read_file,READ
closure_162,run_shell_command,./run_bug_exposing_tests.sh,run_bug_exposing_tests.sh,TEST
closure_162,read_file,,read_file,READ
closure_162,run_shell_command,defects4j compile,defects4j compile,BUILD
closure_162,run_shell_command,defects4j test,defects4j test,TEST
closure_162,read_file,,read_file,READ
closure_162,read_file,,read_file,READ
closure_162,replace,,replace,WRITE
closure_162,replace,,replace,WRITE
closure_162,replace,,replace,WRITE
closure_162,run_shell_command,defects4j compile,defects4j compile,BUILD
closure_162,run_shell_command,defects4j test -t com.google.javascript.jscomp.ScopedAliasesTest::testForwardJsDoc,defects4j test,TEST
closure_162,run_shell_command,defects4j test,defects4j test,TEST
closure_162,run_shell_command,git diff > fix.patch,git diff,VCS
closure_162,read_file,,read_file,READ
closure_163,read_file,,read_file,READ
closure_163,run_shell_command,./run_bug_exposing_tests.sh,run_bug_exposing_tests.sh,TEST
closure_163,read_file,,read_file,READ
closure_163,glob,,glob,SEARCH_FILES
closure_163,run_shell_command,defects4j compile,defects4j compile,BUILD
closure_163,run_shell_command,defects4j test -t com.google.javascript.jscomp.CrossModuleMethodMotionTest,defects4j test,TEST
closure_163,read_file,,read_file,READ
closure_163,run_shell_command,defects4j test -t com.google.javascript.jscomp.CrossModuleMethodMotionTest::testMovePrototypeMethod1,defects4j test,TEST
closure_163,run_shell_command,defects4j test,defects4j test,TEST
closure_163,read_file,,read_file,READ
closure_163,glob,,glob,SEARCH_FILES
closure_163,read_file,,read_file,READ
closure_163,glob,,glob,SEARCH_FILES
closure_163,read_file,,read_file,READ
closure_163,replace,,replace,WRITE
closure_163,replace,,replace,WRITE
closure_163,run_shell_command,defects4j test,defects4j test,TEST
closure_164,read_file,,read_file,READ
closure_164,run_shell_command,./run_bug_exposing_tests.sh,run_bug_exposing_tests.sh,TEST
closure_164,read_file,,read_file,READ
closure_164,run_shell_command,defects4j compile,defects4j compile,BUILD
closure_164,read_file,,read_file,READ
closure_164,run_shell_command,defects4j export -p cp.test,defects4j export,DEFECTS4J_OTHER
closure_164,run_shell_command,defects4j test,defects4j test,TEST
closure_164,read_file,,read_file,READ
closure_164,search_file_content,,search_file_content,SEARCH_CONTENT
closure_164,read_file,,read_file,READ
closure_164,replace,,replace,WRITE
closure_164,replace,,replace,WRITE
closure_164,replace,,replace,WRITE
closure_164,run_shell_command,defects4j test -t com.google.javascript.rhino.jstype.FunctionTypeTest::testSupAndInfOfReturnTypesWithNumOfParams,defects4j test,TEST
closure_164,replace,,replace,WRITE
closure_164,run_shell_command,defects4j test -t com.google.javascript.rhino.jstype.FunctionTypeTest::testSupAndInfOfReturnTypesWithNumOfParams,defects4j test,TEST
closure_164,replace,,replace,WRITE
closure_164,replace,,replace,WRITE
closure_164,run_shell_command,defects4j test -t com.google.javascript.rhino.jstype.FunctionTypeTest::testSupAndInfOfReturnTypesWithNumOfParams,defects4j test,TEST
closure_164,run_shell_command,defects4j test -t com.google.javascript.jscomp.LooseTypeCheckTest::testMethodInference7,defects4j test,TEST
closure_164,read_file,,read_file,READ
closure_164,read_file,,read_file,READ
closure_164,replace,,replace,WRITE
closure_164,run_shell_command,defects4j test -t com.google.javascript.jscomp.LooseTypeCheckTest::testMethodInference7,defects4j test,TEST
closure_164,run_shell_command,defects4j test -t com.google.javascript.jscomp.TypeCheckTest::testMethodInference7,defects4j test,TEST
closure_164,run_shell_command,defects4j test,defects4j test,TEST
closure_164,read_file,,read_file,READ
closure_164,replace,,replace,WRITE
closure_164,replace,,replace,WRITE
closure_164,run_shell_command,defects4j test -t com.google.javascript.rhino.jstype.FunctionTypeTest::testSupAndInfOfReturnTypesWithDifferentParams,defects4j test,TEST
closure_164,replace,,replace,WRITE
closure_164,replace,,replace,WRITE
closure_164,run_shell_command,defects4j test -t com.google.javascript.rhino.jstype.FunctionTypeTest::testSupAndInfOfReturnTypesWithDifferentParams,defects4j test,TEST
closure_164,run_shell_command,defects4j test -t com.google.javascript.rhino.jstype.FunctionTypeTest::testSupAndInfWithDifferentParams,defects4j test,TEST
closure_165,read_file,,read_file,READ
closure_165,run_shell_command,./run_bug_exposing_tests.sh,run_bug_exposing_tests.sh,TEST
closure_165,read_file,,read_file,READ
closure_165,glob,,glob,SEARCH_FILES
closure_165,run_shell_command,defects4j compile,defects4j compile,BUILD
closure_165,run_shell_command,./run_bug_exposing_tests.sh,run_bug_exposing_tests.sh,TEST
closure_165,read_file,,read_file,READ
closure_165,read_file,,read_file,READ
closure_165,read_file,,read_file,READ
closure_165,search_file_content,,search_file_content,SEARCH_CONTENT
closure_165,search_file_content,,search_file_content,SEARCH_CONTENT
closure_165,read_file,,read_file,READ
closure_165,search_file_content,,search_file_content,SEARCH_CONTENT
closure_165,read_file,,read_file,READ
closure_165,read_file,,read_file,READ
closure_165,read_file,,read_file,READ
closure_165,search_file_content,,search_file_content,SEARCH_CONTENT
closure_165,read_file,,read_file,READ
closure_165,replace,,replace,WRITE
closure_165,run_shell_command,defects4j compile,defects4j compile,BUILD
closure_165,run_shell_command,./run_bug_exposing_tests.sh,run_bug_exposing_tests.sh,TEST
closure_165,read_file,,read_file,READ
closure_165,replace,,replace,WRITE
closure_165,run_shell_command,defects4j compile,defects4j compile,BUILD
closure_165,replace,,replace,WRITE
closure_165,run_shell_command,defects4j compile,defects4j compile,BUILD
closure_165,run_shell_command,./run_bug_exposing_tests.sh,run_bug_exposing_tests.sh,TEST
closure_165,read_file,,read_file,READ
closure_165,run_shell_command,./run_all_tests_trace.sh,run_all_tests_trace.sh,TEST
closure_165,read_file,,read_file,READ
closure_165,read_file,,read_file,READ
closure_165,run_shell_command,git restore /Users/danielding/Desktop/example_dir/Closure_165/src/com/google/javascript/rhino/jstype/RecordType.java,git restore,VCS
closure_165,run_shell_command,defects4j compile,defects4j compile,BUILD
closure_165,run_shell_command,./run_bug_exposing_tests.sh,run_bug_exposing_tests.sh,TEST
closure_165,read_file,,read_file,READ
closure_165,replace,,replace,WRITE
closure_165,run_shell_command,defects4j compile,defects4j compile,BUILD
closure_165,read_file,,read_file,READ
closure_165,replace,,replace,WRITE
closure_165,run_shell_command,defects4j compile,defects4j compile,BUILD
closure_165,replace,,replace,WRITE
closure_165,replace,,replace,WRITE
closure_165,run_shell_command,defects4j compile,defects4j compile,BUILD
closure_165,run_shell_command,./run_bug_exposing_tests.sh,run_bug_exposing_tests.sh,TEST
closure_165,read_file,,read_file,READ
closure_165,run_shell_command,./run_all_tests_trace.sh,run_all_tests_trace.sh,TEST
closure_165,read_file,,read_file,READ
closure_165,run_shell_command,git restore /Users/danielding/Desktop/example_dir/Closure_165/src/com/google/javascript/rhino/jstype/RecordTypeBuilder.java,git restore,VCS
closure_165,run_shell_command,git restore /Users/danielding/Desktop/example_dir/Closure_165/src/com/google/javascript/rhino/jstype/RecordType.java,git restore,VCS
closure_165,read_file,,read_file,READ
closure_165,replace,,replace,WRITE
closure_165,read_file,,read_file,READ
closure_165,replace,,replace,WRITE
closure_165,run_shell_command,defects4j compile,defects4j compile,BUILD
closure_165,run_shell_command,./run_all_tests_trace.sh,run_all_tests_trace.sh,TEST
closure_165,read_file,,read_file,READ
closure_165,read_file,,read_file,READ
closure_165,read_file,,read_file,READ
closure_165,replace,,replace,WRITE
closure_165,run_shell_command,defects4j compile,defects4j compile,BUILD
closure_165,run_shell_command,./run_all_tests_trace.sh,run_all_tests_trace.sh,TEST
closure_165,run_shell_command,git restore /Users/danielding/Desktop/example_dir/Closure_165/test/com/google/javascript/rhino/jstype/RecordTypeTest.java,git restore,VCS
closure_165,run_shell_command,defects4j compile,defects4j compile,BUILD
closure_165,run_shell_command,./run_bug_exposing_tests.sh,run_bug_exposing_tests.sh,TEST
closure_165,read_file,,read_file,READ
closure_165,replace,,replace,WRITE
closure_165,run_shell_command,defects4j compile,defects4j compile,BUILD
closure_165,run_shell_command,./run_all_tests_trace.sh,run_all_tests_trace.sh,TEST
closure_165,replace,,replace,WRITE
closure_165,run_shell_command,defects4j compile,defects4j compile,BUILD
closure_169,read_file,,read_file,READ
closure_169,run_shell_command,./run_bug_exposing_tests.sh,run_bug_exposing_tests.sh,TEST
closure_169,read_file,,read_file,READ
closure_169,run_shell_command,defects4j compile,defects4j compile,BUILD
closure_169,run_shell_command,./run_bug_exposing_tests.sh,run_bug_exposing_tests.sh,TEST
closure_169,read_file,,read_file,READ
closure_169,read_file,,read_file,READ
closure_169,search_file_content,,search_file_content,SEARCH_CONTENT
closure_169,read_file,,read_file,READ
closure_169,glob,,glob,SEARCH_FILES
closure_169,read_file,,read_file,READ
closure_169,glob,,glob,SEARCH_FILES
closure_169,read_file,,read_file,READ
closure_169,glob,,glob,SEARCH_FILES
closure_169,read_file,,read_file,READ
closure_169,glob,,glob,SEARCH_FILES
closure_169,read_file,,read_file,READ
closure_169,glob,,glob,SEARCH_FILES
closure_169,read_file,,read_file,READ
closure_169,glob,,glob,SEARCH_FILES
closure_169,read_file,,read_file,READ
closure_169,glob,,glob,SEARCH_FILES
closure_169,read_file,,read_file,READ
closure_169,glob,,glob,SEARCH_FILES
closure_169,read_file,,read_file,READ
closure_169,glob,,glob,SEARCH_FILES
closure_169,read_file,,read_file,READ
closure_169,read_file,,read_file,READ
closure_169,replace,,replace,WRITE
closure_169,run_shell_command,defects4j compile,defects4j compile,BUILD
closure_169,run_shell_command,./run_bug_exposing_tests.sh,run_bug_exposing_tests.sh,TEST
closure_169,read_file,,read_file,READ
closure_169,read_file,,read_file,READ
closure_169,replace,,replace,WRITE
closure_169,run_shell_command,defects4j compile,defects4j compile,BUILD
closure_169,run_shell_command,./run_bug_exposing_tests.sh,run_bug_exposing_tests.sh,TEST
closure_169,read_file,,read_file,READ
closure_169,replace,,replace,WRITE
closure_169,replace,,replace,WRITE
closure_169,run_shell_command,defects4j compile,defects4j compile,BUILD
closure_169,glob,,glob,SEARCH_FILES
closure_169,read_file,,read_file,READ
closure_169,replace,,replace,WRITE
closure_169,run_shell_command,defects4j compile,defects4j compile,BUILD
closure_169,run_shell_command,./run_bug_exposing_tests.sh,run_bug_exposing_tests.sh,TEST
closure_169,read_file,,read_file,READ
closure_169,read_file,,read_file,READ
closure_169,replace,,replace,WRITE
closure_169,run_shell_command,defects4j compile,defects4j compile,BUILD
closure_169,run_shell_command,./run_bug_exposing_tests.sh,run_bug_exposing_tests.sh,TEST
closure_169,read_file,,read_file,READ
closure_169,read_file,,read_file,READ
closure_169,replace,,replace,WRITE
closure_169,run_shell_command,defects4j compile,defects4j compile,BUILD
closure_169,run_shell_command,./run_bug_exposing_tests.sh,run_bug_exposing_tests.sh,TEST
closure_169,read_file,,read_file,READ
closure_169,read_file,,read_file,READ
closure_169,replace,,replace,WRITE
closure_169,run_shell_command,defects4j compile,defects4j compile,BUILD
closure_169,run_shell_command,./run_bug_exposing_tests.sh,run_bug_exposing_tests.sh,TEST
closure_169,read_file,,read_file,READ
closure_169,read_file,,read_file,READ
closure_169,replace,,replace,WRITE
closure_169,run_shell_command,defects4j compile,defects4j compile,BUILD
closure_169,run_shell_command,./run_bug_exposing_tests.sh,run_bug_exposing_tests.sh,TEST
closure_169,read_file,,read_file,READ
closure_169,run_shell_command,./run_all_tests_trace.sh,run_all_tests_trace.sh,TEST
closure_169,read_file,,read_file,READ
closure_169,run_shell_command,git diff > /Users/danielding/Desktop/example_dir/Closure_169/fix_closure_169.patch,git diff,VCS
closure_169,read_file,,read_file,READ
closure_169,replace,,replace,WRITE
closure_169,replace,,replace,WRITE
closure_169,run_shell_command,defects4j compile,defects4j compile,BUILD
closure_169,run_shell_command,git diff > /Users/danielding/Desktop/example_dir/Closure_169/fix_closure_169.patch,git diff,VCS
closure_169,read_file,,read_file,READ
closure_174,read_file,,read_file,READ
closure_174,run_shell_command,./run_bug_exposing_tests.sh,run_bug_exposing_tests.sh,TEST
closure_174,read_file,,read_file,READ
closure_174,run_shell_command,defects4j compile,defects4j compile,BUILD
closure_174,run_shell_command,defects4j test -t com.google.javascript.jscomp.ScopedAliasesTest,defects4j test,TEST
closure_174,glob,,glob,SEARCH_FILES
closure_174,read_file,,read_file,READ
closure_174,run_shell_command,defects4j test -t com.google.javascript.jscomp.ScopedAliasesTest::testOneLevel,defects4j test,TEST
closure_174,run_shell_command,defects4j test,defects4j test,TEST
closure_174,glob,,glob,SEARCH_FILES
closure_174,read_file,,read_file,READ
closure_174,read_file,,read_file,READ
closure_174,replace,,replace,WRITE
closure_174,run_shell_command,defects4j test -t com.google.javascript.jscomp.ScopedAliasesTest::testIssue1103a,defects4j test,TEST
closure_174,replace,,replace,WRITE
closure_174,run_shell_command,defects4j test -t com.google.javascript.jscomp.ScopedAliasesTest::testIssue1103a,defects4j test,TEST
closure_174,glob,,glob,SEARCH_FILES
closure_174,replace,,replace,WRITE
closure_174,replace,,replace,WRITE
closure_174,replace,,replace,WRITE
closure_174,replace,,replace,WRITE
closure_174,replace,,replace,WRITE
closure_174,run_shell_command,defects4j test -t com.google.javascript.jscomp.ScopedAliasesTest::testIssue1103a,defects4j test,TEST
closure_174,replace,,replace,WRITE
closure_174,run_shell_command,defects4j test -t com.google.javascript.jscomp.ScopedAliasesTest::testIssue1103a,defects4j test,TEST
closure_174,replace,,replace,WRITE
closure_174,replace,,replace,WRITE
closure_174,run_shell_command,defects4j test -t com.google.javascript.jscomp.ScopedAliasesTest::testIssue1103a,defects4j test,TEST
closure_174,replace,,replace,WRITE
closure_174,replace,,replace,WRITE
closure_174,read_file,,read_file,READ
closure_174,replace,,replace,WRITE
closure_174,run_shell_command,defects4j test -t com.google.javascript.jscomp.ScopedAliasesTest::testIssue1103a,defects4j test,TEST
closure_174,replace,,replace,WRITE
closure_174,run_shell_command,defects4j test -t com.google.javascript.jscomp.ScopedAliasesTest::testIssue1103a,defects4j test,TEST
closure_174,replace,,replace,WRITE
closure_174,run_shell_command,defects4j test -t com.google.javascript.jscomp.ScopedAliasesTest::testIssue1103a,defects4j test,TEST
closure_174,replace,,replace,WRITE
closure_174,replace,,replace,WRITE
closure_174,run_shell_command,defects4j test -t com.google.javascript.jscomp.ScopedAliasesTest::testIssue1103a,defects4j test,TEST
closure_174,replace,,replace,WRITE
closure_174,replace,,replace,WRITE
closure_174,replace,,replace,WRITE
closure_174,replace,,replace,WRITE
closure_174,replace,,replace,WRITE
closure_174,replace,,replace,WRITE
closure_174,replace,,replace,WRITE
closure_174,run_shell_command,defects4j test -t com.google.javascript.jscomp.ScopedAliasesTest::testIssue1103a,defects4j test,TEST
closure_174,replace,,replace,WRITE
closure_174,replace,,replace,WRITE
closure_174,replace,,replace,WRITE
closure_174,replace,,replace,WRITE
closure_174,replace,,replace,WRITE
closure_174,replace,,replace,WRITE
closure_174,replace,,replace,WRITE
closure_174,replace,,replace,WRITE
closure_174,replace,,replace,WRITE
closure_174,replace,,replace,WRITE
closure_174,replace,,replace,WRITE
closure_174,replace,,replace,WRITE
closure_174,replace,,replace,WRITE
closure_174,replace,,replace,WRITE
closure_174,run_shell_command,defects4j test -t com.google.javascript.jscomp.ScopedAliasesTest::testIssue1103a,defects4j test,TEST
closure_174,replace,,replace,WRITE
closure_174,replace,,replace,WRITE
closure_174,replace,,replace,WRITE
closure_174,replace,,replace,WRITE
closure_174,replace,,replace,WRITE
closure_174,replace,,replace,WRITE
closure_174,replace,,replace,WRITE
closure_174,replace,,replace,WRITE
closure_174,replace,,replace,WRITE
closure_174,replace,,replace,WRITE
closure_174,replace,,replace,WRITE
closure_174,replace,,replace,WRITE
closure_174,replace,,replace,WRITE
closure_174,replace,,replace,WRITE
closure_174,replace,,replace,WRITE
closure_174,run_shell_command,defects4j test -t com.google.javascript.jscomp.ScopedAliasesTest::testIssue1103a,defects4j test,TEST
closure_174,replace,,replace,WRITE
closure_174,read_file,,read_file,READ
closure_174,replace,,replace,WRITE
closure_174,replace,,replace,WRITE
closure_174,run_shell_command,defects4j test -t com.google.javascript.jscomp.ScopedAliasesTest::testIssue1103a,defects4j test,TEST
closure_174,replace,,replace,WRITE
closure_174,replace,,replace,WRITE
closure_174,replace,,replace,WRITE
closure_174,replace,,replace,WRITE
closure_174,replace,,replace,WRITE
closure_174,replace,,replace,WRITE
closure_174,replace,,replace,WRITE
closure_174,replace,,replace,WRITE
closure_174,replace,,replace,WRITE
closure_174,replace,,replace,WRITE
closure_174,replace,,replace,WRITE
closure_174,replace,,replace,WRITE
closure_174,replace,,replace,WRITE
closure_174,replace,,replace,WRITE
closure_174,replace,,replace,WRITE
closure_174,run_shell_command,defects4j test -t com.google.javascript.jscomp.ScopedAliasesTest::testIssue1103a,defects4j test,TEST
closure_174,replace,,replace,WRITE
closure_174,replace,,replace,WRITE
closure_174,read_file,,read_file,READ
closure_174,replace,,replace,WRITE
closure_174,replace,,replace,WRITE
closure_174,read_file,,read_file,READ
closure_174,replace,,replace,WRITE
closure_174,read_file,,read_file,READ
closure_174,replace,,replace,WRITE
closure_174,read_file,,read_file,READ
closure_174,replace,,replace,WRITE
closure_174,read_file,,read_file,READ
closure_174,replace,,replace,WRITE
closure_174,read_file,,read_file,READ
closure_21,read_file,,read_file,READ
closure_21,run_shell_command,./run_bug_exposing_tests.sh,run_bug_exposing_tests.sh,TEST
closure_21,read_file,,read_file,READ
closure_21,glob,,glob,SEARCH_FILES
closure_21,run_shell_command,defects4j compile,defects4j compile,BUILD
closure_21,run_shell_command,./run_bug_exposing_tests.sh,run_bug_exposing_tests.sh,TEST
closure_21,read_file,,read_file,READ
closure_21,read_file,,read_file,READ
closure_21,glob,,glob,SEARCH_FILES
closure_21,read_file,,read_file,READ
closure_21,replace,,replace,WRITE
closure_21,read_file,,read_file,READ
closure_21,replace,,replace,WRITE
closure_21,replace,,replace,WRITE
closure_21,run_shell_command,defects4j compile,defects4j compile,BUILD
closure_21,run_shell_command,./run_bug_exposing_tests.sh,run_bug_exposing_tests.sh,TEST
closure_21,read_file,,read_file,READ
closure_21,replace,,replace,WRITE
closure_21,run_shell_command,defects4j compile,defects4j compile,BUILD
closure_21,read_file,,read_file,READ
closure_21,replace,,replace,WRITE
closure_21,run_shell_command,defects4j compile,defects4j compile,BUILD
closure_21,run_shell_command,./run_bug_exposing_tests.sh,run_bug_exposing_tests.sh,TEST
closure_21,read_file,,read_file,READ
closure_21,glob,,glob,SEARCH_FILES
closure_21,read_file,,read_file,READ
closure_21,replace,,replace,WRITE
closure_21,read_file,,read_file,READ
closure_21,replace,,replace,WRITE
closure_21,read_file,,read_file,READ
closure_21,write_file,,write_file,WRITE
closure_21,run_shell_command,defects4j compile,defects4j compile,BUILD
closure_21,run_shell_command,./run_bug_exposing_tests.sh,run_bug_exposing_tests.sh,TEST
closure_21,read_file,,read_file,READ
closure_21,replace,,replace,WRITE
closure_21,read_file,,read_file,READ
closure_21,write_file,,write_file,WRITE
closure_21,run_shell_command,defects4j compile,defects4j compile,BUILD
closure_21,run_shell_command,./run_bug_exposing_tests.sh,run_bug_exposing_tests.sh,TEST
closure_21,read_file,,read_file,READ
closure_21,write_file,,write_file,WRITE
closure_21,run_shell_command,defects4j compile,defects4j compile,BUILD
closure_21,run_shell_command,./run_bug_exposing_tests.sh,run_bug_exposing_tests.sh,TEST
closure_21,read_file,,read_file,READ
closure_21,run_shell_command,git diff /Users/danielding/Desktop/example_dir/Closure_21/src/com/google/javascript/jscomp/CheckSideEffects.java,git diff,VCS
closure_21,read_file,,read_file,READ
closure_21,write_file,,write_file,WRITE
closure_21,run_shell_command,defects4j compile,defects4j compile,BUILD
closure_21,replace,,replace,WRITE
closure_21,run_shell_command,defects4j compile,defects4j compile,BUILD
closure_21,run_shell_command,./run_bug_exposing_tests.sh,run_bug_exposing_tests.sh,TEST
closure_21,read_file,,read_file,READ
closure_21,write_file,,write_file,WRITE
closure_21,run_shell_command,defects4j compile,defects4j compile,BUILD
closure_21,run_shell_command,./run_bug_exposing_tests.sh,run_bug_exposing_tests.sh,TEST
closure_21,read_file,,read_file,READ
closure_21,write_file,,write_file,WRITE
closure_21,run_shell_command,defects4j compile,defects4j compile,BUILD
closure_24,read_file,,read_file,READ
closure_24,run_shell_command,./run_bug_exposing_tests.sh,run_bug_exposing_tests.sh,TEST
closure_24,read_file,,read_file,READ
closure_24,run_shell_command,defects4j compile,defects4j compile,BUILD
closure_24,run_shell_command,./run_bug_exposing_tests.sh,run_bug_exposing_tests.sh,TEST
closure_24,read_file,,read_file,READ
closure_24,read_file,,read_file,READ
closure_24,glob,,glob,SEARCH_FILES
closure_24,read_file,,read_file,READ
closure_24,replace,,replace,WRITE
closure_24,run_shell_command,defects4j compile,defects4j compile,BUILD
closure_24,run_shell_command,./run_bug_exposing_tests.sh,run_bug_exposing_tests.sh,TEST
closure_24,read_file,,read_file,READ
closure_24,replace,,replace,WRITE
closure_24,replace,,replace,WRITE
closure_24,run_shell_command,defects4j compile,defects4j compile,BUILD
closure_24,run_shell_command,./run_bug_exposing_tests.sh,run_bug_exposing_tests.sh,TEST
closure_24,read_file,,read_file,READ
closure_24,replace,,replace,WRITE
closure_24,replace,,replace,WRITE
closure_24,replace,,replace,WRITE
closure_24,run_shell_command,defects4j compile,defects4j compile,BUILD
closure_24,run_shell_command,./run_bug_exposing_tests.sh,run_bug_exposing_tests.sh,TEST
closure_24,read_file,,read_file,READ
closure_24,replace,,replace,WRITE
closure_24,run_shell_command,defects4j compile,defects4j compile,BUILD
closure_24,replace,,replace,WRITE
closure_24,run_shell_command,defects4j compile,defects4j compile,BUILD
closure_24,replace,,replace,WRITE
closure_24,run_shell_command,defects4j compile,defects4j compile,BUILD
closure_24,run_shell_command,./run_bug_exposing_tests.sh,run_bug_exposing_tests.sh,TEST
closure_24,read_file,,read_file,READ
closure_24,replace,,replace,WRITE
closure_24,replace,,replace,WRITE
closure_24,run_shell_command,defects4j compile,defects4j compile,BUILD
closure_24,run_shell_command,./run_bug_exposing_tests.sh,run_bug_exposing_tests.sh,TEST
closure_24,read_file,,read_file,READ
closure_24,replace,,replace,WRITE
closure_24,read_file,,read_file,READ
closure_24,replace,,replace,WRITE
closure_24,replace,,replace,WRITE
closure_24,replace,,replace,WRITE
closure_24,run_shell_command,defects4j compile,defects4j compile,BUILD
closure_24,run_shell_command,./run_bug_exposing_tests.sh,run_bug_exposing_tests.sh,TEST
closure_24,read_file,,read_file,READ
closure_24,replace,,replace,WRITE
closure_24,run_shell_command,defects4j compile,defects4j compile,BUILD
closure_24,run_shell_command,./run_bug_exposing_tests.sh,run_bug_exposing_tests.sh,TEST
closure_24,read_file,,read_file,READ
closure_24,replace,,replace,WRITE
closure_24,replace,,replace,WRITE
closure_24,run_shell_command,defects4j compile,defects4j compile,BUILD
closure_24,run_shell_command,./run_bug_exposing_tests.sh,run_bug_exposing_tests.sh,TEST
closure_24,read_file,,read_file,READ
closure_24,replace,,replace,WRITE
closure_24,run_shell_command,defects4j compile,defects4j compile,BUILD
closure_24,run_shell_command,./run_bug_exposing_tests.sh,run_bug_exposing_tests.sh,TEST
closure_24,read_file,,read_file,READ
closure_24,replace,,replace,WRITE
closure_24,read_file,,read_file,READ
closure_24,replace,,replace,WRITE
closure_24,replace,,replace,WRITE
closure_24,read_file,,read_file,READ
closure_24,replace,,replace,WRITE
closure_24,replace,,replace,WRITE
closure_24,run_shell_command,defects4j compile,defects4j compile,BUILD
closure_24,run_shell_command,./run_bug_exposing_tests.sh,run_bug_exposing_tests.sh,TEST
closure_24,read_file,,read_file,READ
closure_24,replace,,replace,WRITE
closure_24,run_shell_command,defects4j compile,defects4j compile,BUILD
closure_24,replace,,replace,WRITE
closure_24,replace,,replace,WRITE
closure_24,replace,,replace,WRITE
closure_24,run_shell_command,defects4j compile,defects4j compile,BUILD
closure_24,run_shell_command,git show HEAD:src/com/google/javascript/jscomp/ScopedAliases.java,git show,VCS
closure_24,write_file,,write_file,WRITE
closure_24,run_shell_command,defects4j compile,defects4j compile,BUILD
closure_24,run_shell_command,./run_bug_exposing_tests.sh,run_bug_exposing_tests.sh,TEST
closure_24,read_file,,read_file,READ
closure_24,replace,,replace,WRITE
closure_24,run_shell_command,defects4j compile,defects4j compile,BUILD
closure_24,run_shell_command,./run_bug_exposing_tests.sh,run_bug_exposing_tests.sh,TEST
closure_24,read_file,,read_file,READ
closure_24,replace,,replace,WRITE
closure_24,replace,,replace,WRITE
closure_24,run_shell_command,defects4j compile,defects4j compile,BUILD
closure_24,run_shell_command,./run_bug_exposing_tests.sh,run_bug_exposing_tests.sh,TEST
closure_24,read_file,,read_file,READ
closure_24,replace,,replace,WRITE
closure_24,run_shell_command,defects4j compile,defects4j compile,BUILD
closure_24,run_shell_command,git show HEAD:src/com/google/javascript/jscomp/ScopedAliases.java,git show,VCS
closure_24,run_shell_command,defects4j compile,defects4j compile,BUILD
closure_24,run_shell_command,git show HEAD:src/com/google/javascript/jscomp/ScopedAliases.java,git show,VCS
closure_24,run_shell_command,defects4j compile,defects4j compile,BUILD
closure_24,run_shell_command,git show HEAD:src/com/google/javascript/jscomp/ScopedAliases.java,git show,VCS
closure_24,run_shell_command,defects4j compile,defects4j compile,BUILD
closure_24,run_shell_command,git show HEAD:src/com/google/javascript/jscomp/ScopedAliases.java,git show,VCS
closure_24,run_shell_command,defects4j compile,defects4j compile,BUILD
closure_24,run_shell_command,git show HEAD:src/com/google/javascript/jscomp/ScopedAliases.java,git show,VCS
closure_24,run_shell_command,defects4j compile,defects4j compile,BUILD
closure_24,run_shell_command,git show HEAD:src/com/google/javascript/jscomp/ScopedAliases.java,git show,VCS
closure_24,run_shell_command,defects4j compile,defects4j compile,BUILD
closure_24,run_shell_command,git show HEAD:src/com/google/javascript/jscomp/ScopedAliases.java,git show,VCS
closure_24,run_shell_command,defects4j compile,defects4j compile,BUILD
closure_24,run_shell_command,git show HEAD:src/com/google/javascript/jscomp/ScopedAliases.java,git show,VCS
closure_24,run_shell_command,defects4j compile,defects4j compile,BUILD
closure_24,run_shell_command,git show HEAD:src/com/google/javascript/jscomp/ScopedAliases.java,git show,VCS
closure_24,run_shell_command,defects4j compile,defects4j compile,BUILD
closure_24,run_shell_command,git show HEAD:src/com/google/javascript/jscomp/ScopedAliases.java,git show,VCS
closure_24,run_shell_command,defects4j compile,defects4j compile,BUILD
closure_24,run_shell_command,git show HEAD:src/com/google/javascript/jscomp/ScopedAliases.java,git show,VCS
closure_24,run_shell_command,defects4j compile,defects4j compile,BUILD
closure_24,run_shell_command,git show HEAD:src/com/google/javascript/jscomp/ScopedAliases.java,git show,VCS
closure_24,run_shell_command,defects4j compile,defects4j compile,BUILD
closure_24,run_shell_command,git show HEAD:src/com/google/javascript/jscomp/ScopedAliases.java,git show,VCS
closure_24,run_shell_command,defects4j compile,defects4j compile,BUILD
closure_24,run_shell_command,git show HEAD:src/com/google/javascript/jscomp/ScopedAliases.java,git show,VCS
closure_25,read_file,,read_file,READ
closure_25,run_shell_command,./run_bug_exposing_tests.sh,run_bug_exposing_tests.sh,TEST
closure_25,read_file,,read_file,READ
closure_25,glob,,glob,SEARCH_FILES
closure_25,read_file,,read_file,READ
closure_25,run_shell_command,defects4j export -p cp.test,defects4j export,DEFECTS4J_OTHER
closure_25,glob,,glob,SEARCH_FILES
closure_25,run_shell_command,defects4j compile,defects4j compile,BUILD
closure_25,glob,,glob,SEARCH_FILES
closure_25,run_shell_command,./run_bug_exposing_tests.sh,run_bug_exposing_tests.sh,TEST
closure_25,read_file,,read_file,READ
closure_25,read_file,,read_file,READ
closure_25,search_file_content,,search_file_content,SEARCH_CONTENT
closure_25,read_file,,read_file,READ
closure_25,replace,,replace,WRITE
closure_25,run_shell_command,defects4j compile,defects4j compile,BUILD
closure_25,replace,,replace,WRITE
closure_25,run_shell_command,defects4j compile,defects4j compile,BUILD
closure_25,run_shell_command,./run_bug_exposing_tests.sh,run_bug_exposing_tests.sh,TEST
closure_25,read_file,,read_file,READ
closure_25,run_shell_command,defects4j test,defects4j test,TEST
closure_25,run_shell_command,git diff,git diff,VCS
closure_26,read_file,,read_file,READ
closure_26,run_shell_command,./run_bug_exposing_tests.sh,run_bug_exposing_tests.sh,TEST
closure_26,read_file,,read_file,READ
closure_26,run_shell_command,defects4j compile,defects4j compile,BUILD
closure_26,list_directory,,list_directory,SEARCH_FILES
closure_26,list_directory,,list_directory,SEARCH_FILES
closure_26,read_file,,read_file,READ
closure_26,run_shell_command,defects4j test -t com.google.javascript.jscomp.ProcessCommonJSModulesTest,defects4j test,TEST
closure_26,run_shell_command,defects4j test,defects4j test,TEST
closure_26,read_file,,read_file,READ
closure_26,read_file,,read_file,READ
closure_26,read_file,,read_file,READ
closure_26,read_file,,read_file,READ
closure_26,replace,,replace,WRITE
closure_26,replace,,replace,WRITE
closure_26,replace,,replace,WRITE
closure_26,run_shell_command,defects4j compile,defects4j compile,BUILD
closure_26,run_shell_command,defects4j test,defects4j test,TEST
closure_26,replace,,replace,WRITE
closure_26,run_shell_command,defects4j compile,defects4j compile,BUILD
closure_26,run_shell_command,defects4j test,defects4j test,TEST
closure_26,run_shell_command,defects4j test -t com.google.javascript.jscomp.ProcessCommonJSModulesTest::testExports,defects4j test,TEST
closure_26,replace,,replace,WRITE
closure_26,replace,,replace,WRITE
closure_26,run_shell_command,./run_bug_exposing_tests.sh,run_bug_exposing_tests.sh,TEST
closure_26,replace,,replace,WRITE
closure_26,replace,,replace,WRITE
closure_26,run_shell_command,defects4j compile,defects4j compile,BUILD
closure_26,read_file,,read_file,READ
closure_26,replace,,replace,WRITE
closure_26,replace,,replace,WRITE
closure_26,read_file,,read_file,READ
closure_26,replace,,replace,WRITE
closure_26,run_shell_command,defects4j compile,defects4j compile,BUILD
closure_26,replace,,replace,WRITE
closure_26,replace,,replace,WRITE
closure_26,read_file,,read_file,READ
closure_26,replace,,replace,WRITE
closure_26,run_shell_command,defects4j compile,defects4j compile,BUILD
closure_26,run_shell_command,defects4j test,defects4j test,TEST
closure_26,replace,,replace,WRITE
closure_26,read_file,,read_file,READ
closure_26,replace,,replace,WRITE
closure_26,run_shell_command,defects4j compile,defects4j compile,BUILD
closure_26,run_shell_command,defects4j test,defects4j test,TEST
closure_26,replace,,replace,WRITE
closure_26,run_shell_command,defects4j compile,defects4j compile,BUILD
closure_26,run_shell_command,defects4j test,defects4j test,TEST
closure_26,replace,,replace,WRITE
closure_26,run_shell_command,defects4j compile,defects4j compile,BUILD
closure_26,run_shell_command,defects4j test,defects4j test,TEST
closure_26,read_file,,read_file,READ
closure_26,replace,,replace,WRITE
closure_26,run_shell_command,defects4j compile,defects4j compile,BUILD
closure_26,run_shell_command,defects4j test,defects4j test,TEST
closure_26,read_file,,read_file,READ
closure_26,replace,,replace,WRITE
closure_26,run_shell_command,defects4j compile,defects4j compile,BUILD
closure_26,run_shell_command,defects4j test,defects4j test,TEST
closure_26,read_file,,read_file,READ
closure_26,replace,,replace,WRITE
closure_26,run_shell_command,defects4j compile,defects4j compile,BUILD
closure_26,run_shell_command,defects4j test,defects4j test,TEST
closure_26,read_file,,read_file,READ
closure_26,replace,,replace,WRITE
closure_26,run_shell_command,defects4j compile,defects4j compile,BUILD
closure_26,run_shell_command,defects4j test,defects4j test,TEST
closure_26,read_file,,read_file,READ
closure_26,replace,,replace,WRITE
closure_26,run_shell_command,defects4j compile,defects4j compile,BUILD
closure_26,run_shell_command,defects4j test,defects4j test,TEST
closure_26,read_file,,read_file,READ
closure_26,replace,,replace,WRITE
closure_26,run_shell_command,defects4j compile,defects4j compile,BUILD
closure_26,run_shell_command,defects4j test,defects4j test,TEST
closure_26,read_file,,read_file,READ
closure_26,replace,,replace,WRITE
closure_26,run_shell_command,defects4j compile,defects4j compile,BUILD
closure_26,run_shell_command,defects4j test,defects4j test,TEST
closure_26,read_file,,read_file,READ
closure_26,replace,,replace,WRITE
closure_26,run_shell_command,defects4j compile,defects4j compile,BUILD
closure_26,run_shell_command,defects4j test,defects4j test,TEST
closure_26,read_file,,read_file,READ
closure_26,replace,,replace,WRITE
closure_26,run_shell_command,defects4j compile,defects4j compile,BUILD
closure_26,run_shell_command,defects4j test,defects4j test,TEST
closure_26,read_file,,read_file,READ
closure_26,replace,,replace,WRITE
closure_26,run_shell_command,defects4j compile,defects4j compile,BUILD
closure_26,run_shell_command,defects4j test,defects4j test,TEST
closure_26,read_file,,read_file,READ
closure_26,replace,,replace,WRITE
closure_26,run_shell_command,defects4j compile,defects4j compile,BUILD
closure_26,run_shell_command,defects4j test,defects4j test,TEST
closure_26,read_file,,read_file,READ
closure_26,replace,,replace,WRITE
closure_27,read_file,,read_file,READ
closure_27,run_shell_command,./run_bug_exposing_tests.sh,run_bug_exposing_tests.sh,TEST
closure_27,read_file,,read_file,READ
closure_27,run_shell_command,defects4j test,defects4j test,TEST
closure_27,glob,,glob,SEARCH_FILES
closure_27,read_file,,read_file,READ
closure_27,glob,,glob,SEARCH_FILES
closure_27,read_file,,read_file,READ
closure_27,replace,,replace,WRITE
closure_27,replace,,replace,WRITE
closure_27,run_shell_command,defects4j test,defects4j test,TEST
closure_27,glob,,glob,SEARCH_FILES
closure_27,read_file,,read_file,READ
closure_27,replace,,replace,WRITE
closure_27,run_shell_command,defects4j test -t com.google.javascript.rhino.IRTest::testIssue727_1,defects4j test,TEST
closure_27,replace,,replace,WRITE
closure_27,run_shell_command,defects4j test,defects4j test,TEST
closure_27,replace,,replace,WRITE
closure_27,replace,,replace,WRITE
closure_27,replace,,replace,WRITE
closure_27,run_shell_command,defects4j test,defects4j test,TEST
closure_27,run_shell_command,./run_all_tests_trace.sh,run_all_tests_trace.sh,TEST
closure_27,read_file,,read_file,READ
closure_27,run_shell_command,git diff,git diff,VCS
closure_30,read_file,,read_file,READ
closure_30,run_shell_command,./run_bug_exposing_tests.sh,run_bug_exposing_tests.sh,TEST
closure_30,read_file,,read_file,READ
closure_30,read_file,,read_file,READ
closure_30,run_shell_command,defects4j compile,defects4j compile,BUILD
closure_30,run_shell_command,defects4j test,defects4j test,TEST
closure_30,glob,,glob,SEARCH_FILES
closure_30,read_many_files,,read_many_files,READ
closure_30,replace,,replace,WRITE
closure_30,run_shell_command,defects4j compile,defects4j compile,BUILD
closure_30,run_shell_command,defects4j test,defects4j test,TEST
closure_32,read_file,,read_file,READ
closure_32,run_shell_command,./run_bug_exposing_tests.sh,run_bug_exposing_tests.sh,TEST
closure_32,read_file,,read_file,READ
closure_32,run_shell_command,defects4j test,defects4j test,TEST
closure_32,glob,,glob,SEARCH_FILES
closure_32,read_file,,read_file,READ
closure_32,search_file_content,,search_file_content,SEARCH_CONTENT
closure_32,glob,,glob,SEARCH_FILES
closure_32,read_file,,read_file,READ
closure_32,glob,,glob,SEARCH_FILES
closure_32,read_file,,read_file,READ
closure_32,replace,,replace,WRITE
closure_32,run_shell_command,./run_bug_exposing_tests.sh,run_bug_exposing_tests.sh,TEST
closure_32,replace,,replace,WRITE
closure_34,read_file,,read_file,READ
closure_34,run_shell_command,./run_bug_exposing_tests.sh,run_bug_exposing_tests.sh,TEST
closure_34,read_file,,read_file,READ
closure_34,run_shell_command,defects4j compile,defects4j compile,BUILD
closure_34,run_shell_command,defects4j test,defects4j test,TEST
closure_34,run_shell_command,defects4j test -t com.google.javascript.jscomp.CodePrinterTest::testManyAdds,defects4j test,TEST
closure_34,run_shell_command,./run_all_tests_trace.sh,run_all_tests_trace.sh,TEST
closure_34,read_file,,read_file,READ
closure_34,read_file,,read_file,READ
closure_34,read_file,,read_file,READ
closure_34,replace,,replace,WRITE
closure_34,run_shell_command,defects4j test -t com.google.javascript.jscomp.CodePrinterTest::testManyAdds,defects4j test,TEST
closure_34,search_file_content,,search_file_content,SEARCH_CONTENT
closure_34,read_file,,read_file,READ
closure_34,replace,,replace,WRITE
closure_34,run_shell_command,defects4j test -t com.google.javascript.jscomp.CodePrinterTest::testManyAdds,defects4j test,TEST
closure_34,replace,,replace,WRITE
closure_34,replace,,replace,WRITE
closure_34,run_shell_command,defects4j test -t com.google.javascript.jscomp.CodePrinterTest::testManyAdds,defects4j test,TEST
closure_34,run_shell_command,./run_all_tests_trace.sh,run_all_tests_trace.sh,TEST
closure_34,read_file,,read_file,READ
closure_34,replace,,replace,WRITE
closure_34,run_shell_command,defects4j test -t com.google.javascript.jscomp.CodePrinterTest::testManyAdds,defects4j test,TEST
closure_34,replace,,replace,WRITE
closure_34,run_shell_command,defects4j test -t com.google.javascript.jscomp.CodePrinterTest::testManyAdds,defects4j test,TEST
closure_34,read_file,,read_file,READ
closure_34,replace,,replace,WRITE
closure_34,read_file,,read_file,READ
closure_34,replace,,replace,WRITE
closure_34,run_shell_command,defects4j test -t com.google.javascript.jscomp.CodePrinterTest::testManyAdds,defects4j test,TEST
closure_34,replace,,replace,WRITE
closure_34,run_shell_command,defects4j test -t com.google.javascript.jscomp.CodePrinterTest::testManyAdds,defects4j test,TEST
closure_34,replace,,replace,WRITE
closure_34,run_shell_command,defects4j test -t com.google.javascript.jscomp.CodePrinterTest::testManyAdds,defects4j test,TEST
closure_34,replace,,replace,WRITE
closure_34,replace,,replace,WRITE
closure_34,replace,,replace,WRITE
closure_34,run_shell_command,./run_all_tests_trace.sh,run_all_tests_trace.sh,TEST
closure_34,write_file,,write_file,WRITE
closure_34,replace,,replace,WRITE
closure_34,run_shell_command,defects4j test -t com.google.javascript.jscomp.CodePrinterTest::testManyAdds,defects4j test,TEST
closure_34,replace,,replace,WRITE
closure_34,replace,,replace,WRITE
closure_34,replace,,replace,WRITE
closure_34,replace,,replace,WRITE
closure_34,replace,,replace,WRITE
closure_34,replace,,replace,WRITE
closure_34,read_file,,read_file,READ
closure_34,replace,,replace,WRITE
closure_34,read_file,,read_file,READ
closure_34,read_file,,read_file,READ
closure_34,run_shell_command,git checkout -- src/com/google/javascript/jscomp/CodeGenerator.java,git checkout,VCS
closure_34,replace,,replace,WRITE
closure_34,run_shell_command,defects4j test -t com.google.javascript.jscomp.CodePrinterTest::testManyAdds,defects4j test,TEST
closure_34,read_file,,read_file,READ
closure_34,read_file,,read_file,READ
closure_34,replace,,replace,WRITE
closure_34,run_shell_command,defects4j test -t com.google.javascript.jscomp.CodePrinterTest::testManyAdds,defects4j test,TEST
closure_34,run_shell_command,git checkout -- src/com/google/javascript/jscomp/CodeGenerator.java,git checkout,VCS
closure_34,replace,,replace,WRITE
closure_34,run_shell_command,defects4j test -t com.google.javascript.jscomp.CodePrinterTest::testManyAdds,defects4j test,TEST
closure_34,replace,,replace,WRITE
closure_34,read_file,,read_file,READ
closure_37,read_file,,read_file,READ
closure_37,run_shell_command,./run_bug_exposing_tests.sh,run_bug_exposing_tests.sh,TEST
closure_37,read_file,,read_file,READ
closure_37,read_file,,read_file,READ
closure_37,run_shell_command,defects4j test,defects4j test,TEST
closure_37,glob,,glob,SEARCH_FILES
closure_37,read_file,,read_file,READ
closure_37,search_file_content,,search_file_content,SEARCH_CONTENT
closure_37,read_file,,read_file,READ
closure_37,replace,,replace,WRITE
closure_37,run_shell_command,defects4j compile,defects4j compile,BUILD
closure_37,replace,,replace,WRITE
closure_37,run_shell_command,defects4j compile,defects4j compile,BUILD
closure_37,replace,,replace,WRITE
closure_37,run_shell_command,defects4j compile,defects4j compile,BUILD
closure_37,run_shell_command,defects4j test -t com.google.javascript.jscomp.IntegrationTest::testIncompleteFunction,defects4j test,TEST
closure_37,glob,,glob,SEARCH_FILES
closure_37,read_file,,read_file,READ
closure_37,read_file,,read_file,READ
closure_37,replace,,replace,WRITE
closure_37,read_file,,read_file,READ
closure_37,replace,,replace,WRITE
closure_37,read_file,,read_file,READ
closure_37,read_file,,read_file,READ
closure_37,replace,,replace,WRITE
closure_37,run_shell_command,defects4j test -t com.google.javascript.jscomp.IntegrationTest::testIncompleteFunction,defects4j test,TEST
closure_37,replace,,replace,WRITE
closure_37,replace,,replace,WRITE
closure_37,run_shell_command,defects4j test -t com.google.javascript.jscomp.IntegrationTest::testIncompleteFunction,defects4j test,TEST
closure_41,read_file,,read_file,READ
closure_41,run_shell_command,./run_bug_exposing_tests.sh,run_bug_exposing_tests.sh,TEST
closure_41,read_file,,read_file,READ
closure_41,glob,,glob,SEARCH_FILES
closure_41,read_file,,read_file,READ
closure_41,run_shell_command,defects4j compile,defects4j compile,BUILD
closure_41,list_directory,,list_directory,SEARCH_FILES
closure_41,run_shell_command,defects4j test -t com.google.javascript.jscomp.TypeCheckTest,defects4j test,TEST
closure_41,run_shell_command,defects4j test -t com.google.javascript.jscomp.TypeCheckTest,defects4j test,TEST
closure_41,run_shell_command,defects4j export -p cp.test,defects4j export,DEFECTS4J_OTHER
closure_41,run_shell_command,"java -cp ""/Users/danielding/Desktop/example_dir/Closure_41/build/classes:/Users/danielding/Desktop/example_dir/Closure_41/lib/args4j.jar:/Users/danielding/Desktop/example_dir/Closure_41/lib/guava.jar:/Users/danielding/Desktop/example_dir/Closure_41/lib/json.jar:/Users/danielding/Desktop/example_dir/Closure_41/lib/jsr305.jar:/Users/danielding/Desktop/example_dir/Closure_41/lib/protobuf-java.jar:/Users/danielding/Desktop/example_dir/Closure_41/build/lib/rhino.jar:/Users/danielding/Desktop/example_dir/Closure_41/lib/ant.jar:/Users/danielding/Desktop/example_dir/Closure_41/lib/ant-launcher.jar:/Users/danielding/Desktop/example_dir/Closure_41/lib/caja-r4314.jar:/Users/danielding/Desktop/example_dir/Closure_41/lib/jarjar.jar:/Users/danielding/Desktop/example_dir/Closure_41/lib/junit.jar:/Users/danielding/Desktop/example_dir/Closure_41/build/test"" org.junit.runner.JUnitCore com.google.javascript.jscomp.TypeCheckTest",java,BUILD
closure_41,read_file,,read_file,READ
closure_41,search_file_content,,search_file_content,SEARCH_CONTENT
closure_41,read_file,,read_file,READ
closure_41,read_file,,read_file,READ
closure_41,glob,,glob,SEARCH_FILES
closure_41,read_file,,read_file,READ
closure_41,glob,,glob,SEARCH_FILES
closure_41,read_file,,read_file,READ
closure_41,glob,,glob,SEARCH_FILES
closure_41,read_file,,read_file,READ
closure_41,replace,,replace,WRITE
closure_41,run_shell_command,./run_bug_exposing_tests.sh,run_bug_exposing_tests.sh,TEST
closure_41,read_file,,read_file,READ
closure_41,read_file,,read_file,READ
closure_41,read_file,,read_file,READ
closure_41,replace,,replace,WRITE
closure_41,replace,,replace,WRITE
closure_41,run_shell_command,./run_bug_exposing_tests.sh,run_bug_exposing_tests.sh,TEST
closure_41,read_file,,read_file,READ
closure_41,search_file_content,,search_file_content,SEARCH_CONTENT
closure_41,read_file,,read_file,READ
closure_41,read_file,,read_file,READ
closure_41,read_file,,read_file,READ
closure_41,read_file,,read_file,READ
closure_41,replace,,replace,WRITE
closure_41,replace,,replace,WRITE
closure_41,replace,,replace,WRITE
closure_41,replace,,replace,WRITE
closure_41,replace,,replace,WRITE
closure_41,replace,,replace,WRITE
closure_41,replace,,replace,WRITE
closure_41,replace,,replace,WRITE
closure_41,replace,,replace,WRITE
closure_41,replace,,replace,WRITE
closure_41,read_file,,read_file,READ
closure_41,read_file,,read_file,READ
closure_41,replace,,replace,WRITE
closure_41,replace,,replace,WRITE
closure_41,read_file,,read_file,READ
closure_41,search_file_content,,search_file_content,SEARCH_CONTENT
closure_41,read_file,,read_file,READ
closure_41,replace,,replace,WRITE
closure_41,run_shell_command,./run_bug_exposing_tests.sh,run_bug_exposing_tests.sh,TEST
closure_41,read_file,,read_file,READ
closure_41,run_shell_command,./run_bug_exposing_tests.sh,run_bug_exposing_tests.sh,TEST
closure_41,read_file,,read_file,READ
closure_41,replace,,replace,WRITE
closure_41,replace,,replace,WRITE
closure_41,replace,,replace,WRITE
closure_41,replace,,replace,WRITE
closure_41,replace,,replace,WRITE
closure_41,replace,,replace,WRITE
closure_41,replace,,replace,WRITE
closure_41,replace,,replace,WRITE
closure_41,replace,,replace,WRITE
closure_41,read_file,,read_file,READ
closure_41,replace,,replace,WRITE
closure_41,replace,,replace,WRITE
closure_41,replace,,replace,WRITE
closure_41,replace,,replace,WRITE
closure_41,replace,,replace,WRITE
closure_41,replace,,replace,WRITE
closure_41,replace,,replace,WRITE
closure_41,replace,,replace,WRITE
closure_41,replace,,replace,WRITE
closure_41,read_file,,read_file,READ
closure_41,read_file,,read_file,READ
closure_41,read_file,,read_file,READ
closure_45,read_file,,read_file,READ
closure_45,run_shell_command,./run_bug_exposing_tests.sh,run_bug_exposing_tests.sh,TEST
closure_45,read_file,,read_file,READ
closure_45,glob,,glob,SEARCH_FILES
closure_45,read_file,,read_file,READ
closure_45,run_shell_command,defects4j test -t com.google.javascript.jscomp.RemoveUnusedVarsTest::testIssue618_1,defects4j test,TEST
closure_45,glob,,glob,SEARCH_FILES
closure_45,read_file,,read_file,READ
closure_45,replace,,replace,WRITE
closure_45,run_shell_command,defects4j test -t com.google.javascript.jscomp.RemoveUnusedVarsTest::testIssue618_1,defects4j test,TEST
closure_45,replace,,replace,WRITE
closure_45,replace,,replace,WRITE
closure_45,run_shell_command,defects4j test -t com.google.javascript.jscomp.RemoveUnusedVarsTest::testIssue618_1,defects4j test,TEST
closure_45,replace,,replace,WRITE
closure_45,replace,,replace,WRITE
closure_45,run_shell_command,defects4j test -t com.google.javascript.jscomp.RemoveUnusedVarsTest::testIssue618_1,defects4j test,TEST
closure_45,run_shell_command,defects4j test,defects4j test,TEST
closure_45,replace,,replace,WRITE
closure_45,read_file,,read_file,READ
closure_45,replace,,replace,WRITE
closure_45,replace,,replace,WRITE
closure_45,run_shell_command,defects4j test -t com.google.javascript.jscomp.RemoveUnusedVarsTest::testIssue618_1,defects4j test,TEST
closure_45,run_shell_command,defects4j test,defects4j test,TEST
closure_45,replace,,replace,WRITE
closure_45,replace,,replace,WRITE
closure_45,run_shell_command,defects4j test -t com.google.javascript.jscomp.RemoveUnusedVarsTest::testIssue618_1,defects4j test,TEST
closure_45,replace,,replace,WRITE
closure_45,run_shell_command,defects4j test -t com.google.javascript.jscomp.RemoveUnusedVarsTest::testIssue618_1,defects4j test,TEST
closure_45,replace,,replace,WRITE
closure_45,replace,,replace,WRITE
closure_45,run_shell_command,defects4j test -t com.google.javascript.jscomp.RemoveUnusedVarsTest::testIssue618_1,defects4j test,TEST
closure_45,run_shell_command,defects4j test,defects4j test,TEST
closure_45,replace,,replace,WRITE
closure_45,replace,,replace,WRITE
closure_45,replace,,replace,WRITE
closure_45,run_shell_command,defects4j test -t com.google.javascript.jscomp.RemoveUnusedVarsTest::testIssue618_1,defects4j test,TEST
closure_45,replace,,replace,WRITE
closure_45,replace,,replace,WRITE
closure_45,replace,,replace,WRITE
closure_45,read_file,,read_file,READ
closure_45,replace,,replace,WRITE
closure_45,read_file,,read_file,READ
closure_45,replace,,replace,WRITE
closure_45,read_file,,read_file,READ
closure_45,replace,,replace,WRITE
closure_45,read_file,,read_file,READ
closure_45,replace,,replace,WRITE
closure_45,read_file,,read_file,READ
closure_45,replace,,replace,WRITE
closure_45,read_file,,read_file,READ
closure_45,replace,,replace,WRITE
closure_45,run_shell_command,defects4j test -t com.google.javascript.jscomp.RemoveUnusedVarsTest::testIssue618_1,defects4j test,TEST
closure_45,replace,,replace,WRITE
closure_45,run_shell_command,defects4j test -t com.google.javascript.jscomp.RemoveUnusedVarsTest::testIssue618_1,defects4j test,TEST
closure_45,replace,,replace,WRITE
closure_45,run_shell_command,defects4j test -t com.google.javascript.jscomp.RemoveUnusedVarsTest::testIssue618_1,defects4j test,TEST
closure_45,replace,,replace,WRITE
closure_45,run_shell_command,defects4j test -t com.google.javascript.jscomp.RemoveUnusedVarsTest::testIssue618_1,defects4j test,TEST
closure_45,replace,,replace,WRITE
closure_45,read_file,,read_file,READ
closure_45,replace,,replace,WRITE
closure_45,replace,,replace,WRITE
closure_45,read_file,,read_file,READ
closure_45,replace,,replace,WRITE
closure_45,read_file,,read_file,READ
closure_45,replace,,replace,WRITE
closure_45,read_file,,read_file,READ
closure_45,replace,,replace,WRITE
closure_45,read_file,,read_file,READ
closure_45,replace,,replace,WRITE
closure_45,read_file,,read_file,READ
closure_45,replace,,replace,WRITE
closure_45,read_file,,read_file,READ
closure_45,replace,,replace,WRITE
closure_45,read_file,,read_file,READ
closure_45,replace,,replace,WRITE
closure_45,read_file,,read_file,READ
closure_45,replace,,replace,WRITE
closure_45,read_file,,read_file,READ
closure_45,replace,,replace,WRITE
closure_45,read_file,,read_file,READ
closure_45,replace,,replace,WRITE
closure_45,read_file,,read_file,READ
closure_45,replace,,replace,WRITE
closure_45,read_file,,read_file,READ
closure_45,replace,,replace,WRITE
closure_45,read_file,,read_file,READ
closure_45,replace,,replace,WRITE
closure_45,read_file,,read_file,READ
closure_45,replace,,replace,WRITE
closure_45,read_file,,read_file,READ
closure_45,replace,,replace,WRITE
closure_45,read_file,,read_file,READ
closure_45,replace,,replace,WRITE
closure_45,read_file,,read_file,READ
closure_45,replace,,replace,WRITE
closure_45,read_file,,read_file,READ
closure_45,replace,,replace,WRITE
closure_45,read_file,,read_file,READ
closure_45,replace,,replace,WRITE
closure_45,read_file,,read_file,READ
closure_45,replace,,replace,WRITE
closure_45,read_file,,read_file,READ
closure_45,replace,,replace,WRITE
closure_45,read_file,,read_file,READ
closure_45,replace,,replace,WRITE
closure_45,read_file,,read_file,READ
closure_45,replace,,replace,WRITE
closure_45,read_file,,read_file,READ
closure_45,replace,,replace,WRITE
closure_45,read_file,,read_file,READ
closure_45,replace,,replace,WRITE
closure_47,read_file,,read_file,READ
closure_47,run_shell_command,./run_bug_exposing_tests.sh,run_bug_exposing_tests.sh,TEST
closure_47,read_file,,read_file,READ
closure_47,run_shell_command,defects4j compile,defects4j compile,BUILD
closure_47,run_shell_command,defects4j test -t com.google.debugging.sourcemap.SourceMapGeneratorV3Test,defects4j test,TEST
closure_47,run_shell_command,defects4j test,defects4j test,TEST
closure_47,glob,,glob,SEARCH_FILES
closure_47,read_file,,read_file,READ
closure_47,glob,,glob,SEARCH_FILES
closure_47,read_file,,read_file,READ
closure_47,replace,,replace,WRITE
closure_47,run_shell_command,defects4j compile,defects4j compile,BUILD
closure_47,run_shell_command,defects4j test,defects4j test,TEST
closure_47,replace,,replace,WRITE
closure_47,run_shell_command,defects4j compile,defects4j compile,BUILD
closure_47,run_shell_command,defects4j test,defects4j test,TEST
closure_47,replace,,replace,WRITE
closure_47,run_shell_command,defects4j compile,defects4j compile,BUILD
closure_47,run_shell_command,defects4j test,defects4j test,TEST
closure_47,replace,,replace,WRITE
closure_47,run_shell_command,defects4j compile,defects4j compile,BUILD
closure_47,run_shell_command,defects4j test,defects4j test,TEST
closure_47,replace,,replace,WRITE
closure_47,replace,,replace,WRITE
closure_47,replace,,replace,WRITE
closure_47,read_file,,read_file,READ
closure_47,replace,,replace,WRITE
closure_47,run_shell_command,defects4j compile,defects4j compile,BUILD
closure_47,run_shell_command,defects4j test,defects4j test,TEST
closure_47,replace,,replace,WRITE
closure_47,replace,,replace,WRITE
closure_47,run_shell_command,defects4j compile,defects4j compile,BUILD
closure_47,run_shell_command,defects4j test,defects4j test,TEST
closure_47,replace,,replace,WRITE
closure_47,replace,,replace,WRITE
closure_47,replace,,replace,WRITE
closure_47,run_shell_command,defects4j compile,defects4j compile,BUILD
closure_47,run_shell_command,defects4j test,defects4j test,TEST
closure_47,replace,,replace,WRITE
closure_47,replace,,replace,WRITE
closure_47,replace,,replace,WRITE
closure_47,replace,,replace,WRITE
closure_47,run_shell_command,defects4j compile,defects4j compile,BUILD
closure_47,run_shell_command,defects4j test,defects4j test,TEST
closure_47,glob,,glob,SEARCH_FILES
closure_47,read_file,,read_file,READ
closure_47,read_file,,read_file,READ
closure_47,replace,,replace,WRITE
closure_47,replace,,replace,WRITE
closure_47,run_shell_command,defects4j compile,defects4j compile,BUILD
closure_47,run_shell_command,defects4j test,defects4j test,TEST
closure_47,replace,,replace,WRITE
closure_47,run_shell_command,defects4j compile,defects4j compile,BUILD
closure_47,run_shell_command,defects4j test,defects4j test,TEST
closure_47,replace,,replace,WRITE
closure_47,glob,,glob,SEARCH_FILES
closure_47,read_file,,read_file,READ
closure_47,replace,,replace,WRITE
closure_47,run_shell_command,defects4j compile,defects4j compile,BUILD
closure_47,run_shell_command,defects4j test,defects4j test,TEST
closure_47,replace,,replace,WRITE
closure_47,read_file,,read_file,READ
closure_47,read_file,,read_file,READ
closure_47,replace,,replace,WRITE
closure_47,run_shell_command,defects4j compile,defects4j compile,BUILD
closure_47,run_shell_command,defects4j test,defects4j test,TEST
closure_47,replace,,replace,WRITE
closure_47,replace,,replace,WRITE
closure_47,replace,,replace,WRITE
closure_47,run_shell_command,defects4j compile,defects4j compile,BUILD
closure_47,run_shell_command,defects4j test,defects4j test,TEST
closure_47,replace,,replace,WRITE
closure_47,replace,,replace,WRITE
closure_47,read_file,,read_file,READ
closure_47,replace,,replace,WRITE
closure_47,run_shell_command,defects4j compile,defects4j compile,BUILD
closure_47,run_shell_command,defects4j test,defects4j test,TEST
closure_47,replace,,replace,WRITE
closure_47,replace,,replace,WRITE
closure_47,run_shell_command,defects4j compile,defects4j compile,BUILD
closure_47,run_shell_command,defects4j test,defects4j test,TEST
closure_47,replace,,replace,WRITE
closure_47,replace,,replace,WRITE
closure_47,replace,,replace,WRITE
closure_47,replace,,replace,WRITE
closure_47,run_shell_command,defects4j compile,defects4j compile,BUILD
closure_47,run_shell_command,defects4j test,defects4j test,TEST
closure_47,replace,,replace,WRITE
closure_47,replace,,replace,WRITE
closure_47,replace,,replace,WRITE
closure_47,replace,,replace,WRITE
closure_47,replace,,replace,WRITE
closure_47,replace,,replace,WRITE
closure_47,replace,,replace,WRITE
closure_47,run_shell_command,defects4j compile,defects4j compile,BUILD
closure_47,run_shell_command,defects4j test,defects4j test,TEST
closure_47,replace,,replace,WRITE
closure_47,replace,,replace,WRITE
closure_49,read_file,,read_file,READ
closure_49,run_shell_command,./run_bug_exposing_tests.sh,run_bug_exposing_tests.sh,TEST
closure_49,read_file,,read_file,READ
closure_49,run_shell_command,defects4j test,defects4j test,TEST
closure_49,glob,,glob,SEARCH_FILES
closure_49,glob,,glob,SEARCH_FILES
closure_49,read_file,,read_file,READ
closure_49,glob,,glob,SEARCH_FILES
closure_49,read_file,,read_file,READ
closure_49,replace,,replace,WRITE
closure_49,run_shell_command,defects4j compile,defects4j compile,BUILD
closure_49,run_shell_command,defects4j test,defects4j test,TEST
closure_49,glob,,glob,SEARCH_FILES
closure_49,read_file,,read_file,READ
closure_49,glob,,glob,SEARCH_FILES
closure_49,read_file,,read_file,READ
closure_49,replace,,replace,WRITE
closure_49,run_shell_command,git restore src/com/google/javascript/jscomp/FunctionInjector.java,git restore,VCS
closure_49,replace,,replace,WRITE
closure_49,run_shell_command,defects4j compile,defects4j compile,BUILD
closure_49,run_shell_command,defects4j test,defects4j test,TEST
closure_49,run_shell_command,git restore src/com/google/javascript/jscomp/MakeDeclaredNamesUnique.java,git restore,VCS
closure_49,replace,,replace,WRITE
closure_49,run_shell_command,defects4j compile,defects4j compile,BUILD
closure_49,run_shell_command,defects4j test,defects4j test,TEST
closure_49,run_shell_command,git restore src/com/google/javascript/jscomp/MakeDeclaredNamesUnique.java,git restore,VCS
closure_49,run_shell_command,defects4j test,defects4j test,TEST
closure_49,replace,,replace,WRITE
closure_49,run_shell_command,defects4j compile,defects4j compile,BUILD
closure_49,run_shell_command,defects4j test,defects4j test,TEST
closure_49,run_shell_command,git restore src/com/google/javascript/jscomp/MakeDeclaredNamesUnique.java,git restore,VCS
closure_49,replace,,replace,WRITE
closure_49,run_shell_command,defects4j compile,defects4j compile,BUILD
closure_49,run_shell_command,defects4j test -t com.google.javascript.jscomp.MakeDeclaredNamesUniqueTest::testMakeLocalNamesUniqueWithoutContext,defects4j test,TEST
closure_49,run_shell_command,git restore src/com/google/javascript/jscomp/MakeDeclaredNamesUnique.java,git restore,VCS
closure_49,replace,,replace,WRITE
closure_49,run_shell_command,defects4j compile,defects4j compile,BUILD
closure_49,run_shell_command,defects4j test,defects4j test,TEST
closure_49,run_shell_command,git restore src/com/google/javascript/jscomp/MakeDeclaredNamesUnique.java,git restore,VCS
closure_49,run_shell_command,git restore src/com/google/javascript/jscomp/MakeDeclaredNamesUnique.java,git restore,VCS
closure_49,run_shell_command,git restore src/com/google/javascript/jscomp/MakeDeclaredNamesUnique.java,git restore,VCS
closure_49,run_shell_command,git restore src/com/google/javascript/jscomp/MakeDeclaredNamesUnique.java,git restore,VCS
closure_49,run_shell_command,git restore src/com/google/javascript/jscomp/MakeDeclaredNamesUnique.java,git restore,VCS
closure_49,run_shell_command,git restore src/com/google/javascript/jscomp/MakeDeclaredNamesUnique.java,git restore,VCS
closure_49,run_shell_command,git restore src/com/google/javascript/jscomp/MakeDeclaredNamesUnique.java,git restore,VCS
closure_49,run_shell_command,git restore src/com/google/javascript/jscomp/MakeDeclaredNamesUnique.java,git restore,VCS
closure_49,run_shell_command,git restore src/com/google/javascript/jscomp/MakeDeclaredNamesUnique.java,git restore,VCS
closure_49,run_shell_command,git restore src/com/google/javascript/jscomp/MakeDeclaredNamesUnique.java,git restore,VCS
closure_49,run_shell_command,git restore src/com/google/javascript/jscomp/MakeDeclaredNamesUnique.java,git restore,VCS
closure_49,run_shell_command,git restore src/com/google/javascript/jscomp/MakeDeclaredNamesUnique.java,git restore,VCS
closure_49,run_shell_command,git restore src/com/google/javascript/jscomp/MakeDeclaredNamesUnique.java,git restore,VCS
closure_49,run_shell_command,git restore src/com/google/javascript/jscomp/MakeDeclaredNamesUnique.java,git restore,VCS
closure_49,run_shell_command,git restore src/com/google/javascript/jscomp/MakeDeclaredNamesUnique.java,git restore,VCS
closure_49,run_shell_command,git restore src/com/google/javascript/jscomp/MakeDeclaredNamesUnique.java,git restore,VCS
closure_49,run_shell_command,git restore src/com/google/javascript/jscomp/MakeDeclaredNamesUnique.java,git restore,VCS
closure_49,run_shell_command,git restore src/com/google/javascript/jscomp/MakeDeclaredNamesUnique.java,git restore,VCS
closure_49,run_shell_command,git restore src/com/google/javascript/jscomp/MakeDeclaredNamesUnique.java,git restore,VCS
closure_49,run_shell_command,git restore src/com/google/javascript/jscomp/MakeDeclaredNamesUnique.java,git restore,VCS
closure_49,run_shell_command,git restore src/com/google/javascript/jscomp/MakeDeclaredNamesUnique.java,git restore,VCS
closure_49,run_shell_command,git restore src/com/google/javascript/jscomp/MakeDeclaredNamesUnique.java,git restore,VCS
closure_49,run_shell_command,git restore src/com/google/javascript/jscomp/MakeDeclaredNamesUnique.java,git restore,VCS
closure_49,run_shell_command,git restore src/com/google/javascript/jscomp/MakeDeclaredNamesUnique.java,git restore,VCS
closure_4,read_file,,read_file,READ
closure_4,run_shell_command,./run_bug_exposing_tests.sh,run_bug_exposing_tests.sh,TEST
closure_4,read_file,,read_file,READ
closure_4,run_shell_command,defects4j test,defects4j test,TEST
closure_4,glob,,glob,SEARCH_FILES
closure_4,read_file,,read_file,READ
closure_4,search_file_content,,search_file_content,SEARCH_CONTENT
closure_4,read_file,,read_file,READ
closure_4,glob,,glob,SEARCH_FILES
closure_4,read_file,,read_file,READ
closure_4,search_file_content,,search_file_content,SEARCH_CONTENT
closure_4,read_file,,read_file,READ
closure_4,glob,,glob,SEARCH_FILES
closure_4,read_file,,read_file,READ
closure_4,replace,,replace,WRITE
closure_4,run_shell_command,defects4j compile,defects4j compile,BUILD
closure_4,replace,,replace,WRITE
closure_4,run_shell_command,defects4j compile,defects4j compile,BUILD
closure_4,run_shell_command,./run_bug_exposing_tests.sh,run_bug_exposing_tests.sh,TEST
closure_4,read_file,,read_file,READ
closure_4,replace,,replace,WRITE
closure_4,run_shell_command,defects4j compile,defects4j compile,BUILD
closure_4,run_shell_command,./run_bug_exposing_tests.sh,run_bug_exposing_tests.sh,TEST
closure_4,read_file,,read_file,READ
closure_4,replace,,replace,WRITE
closure_4,replace,,replace,WRITE
closure_4,run_shell_command,defects4j compile,defects4j compile,BUILD
closure_4,run_shell_command,./run_bug_exposing_tests.sh,run_bug_exposing_tests.sh,TEST
closure_4,read_file,,read_file,READ
closure_4,replace,,replace,WRITE
closure_4,run_shell_command,defects4j compile,defects4j compile,BUILD
closure_4,run_shell_command,./run_bug_exposing_tests.sh,run_bug_exposing_tests.sh,TEST
closure_4,read_file,,read_file,READ
closure_4,replace,,replace,WRITE
closure_4,replace,,replace,WRITE
closure_4,replace,,replace,WRITE
closure_4,replace,,replace,WRITE
closure_4,glob,,glob,SEARCH_FILES
closure_4,read_file,,read_file,READ
closure_4,glob,,glob,SEARCH_FILES
closure_4,read_file,,read_file,READ
closure_4,replace,,replace,WRITE
closure_4,replace,,replace,WRITE
closure_4,replace,,replace,WRITE
closure_4,replace,,replace,WRITE
closure_4,run_shell_command,defects4j compile,defects4j compile,BUILD
closure_4,run_shell_command,./run_bug_exposing_tests.sh,run_bug_exposing_tests.sh,TEST
closure_4,read_file,,read_file,READ
closure_4,glob,,glob,SEARCH_FILES
closure_4,read_file,,read_file,READ
closure_4,replace,,replace,WRITE
closure_4,replace,,replace,WRITE
closure_4,replace,,replace,WRITE
closure_4,run_shell_command,defects4j compile,defects4j compile,BUILD
closure_4,run_shell_command,./run_bug_exposing_tests.sh,run_bug_exposing_tests.sh,TEST
closure_4,read_file,,read_file,READ
closure_4,replace,,replace,WRITE
closure_4,replace,,replace,WRITE
closure_4,replace,,replace,WRITE
closure_4,run_shell_command,defects4j compile,defects4j compile,BUILD
closure_4,replace,,replace,WRITE
closure_4,replace,,replace,WRITE
closure_4,read_file,,read_file,READ
closure_4,replace,,replace,WRITE
closure_4,read_file,,read_file,READ
closure_4,replace,,replace,WRITE
closure_4,read_file,,read_file,READ
closure_4,replace,,replace,WRITE
closure_4,run_shell_command,defects4j compile,defects4j compile,BUILD
closure_4,run_shell_command,./run_bug_exposing_tests.sh,run_bug_exposing_tests.sh,TEST
closure_4,read_file,,read_file,READ
closure_4,replace,,replace,WRITE
closure_4,replace,,replace,WRITE
closure_4,replace,,replace,WRITE
closure_4,read_file,,read_file,READ
closure_4,read_file,,read_file,READ
closure_4,replace,,replace,WRITE
closure_4,read_file,,read_file,READ
closure_4,replace,,replace,WRITE
closure_4,replace,,replace,WRITE
closure_4,replace,,replace,WRITE
closure_4,replace,,replace,WRITE
closure_4,read_file,,read_file,READ
closure_4,replace,,replace,WRITE
closure_4,replace,,replace,WRITE
closure_4,replace,,replace,WRITE
closure_4,run_shell_command,defects4j compile,defects4j compile,BUILD
closure_4,replace,,replace,WRITE
closure_4,replace,,replace,WRITE
closure_51,read_file,,read_file,READ
closure_51,run_shell_command,./run_bug_exposing_tests.sh,run_bug_exposing_tests.sh,TEST
closure_51,read_file,,read_file,READ
closure_51,run_shell_command,defects4j compile,defects4j compile,BUILD
closure_51,run_shell_command,defects4j test -t com.google.javascript.jscomp.CodePrinterTest,defects4j test,TEST
closure_51,read_file,,read_file,READ
closure_51,run_shell_command,defects4j test -t com.google.javascript.jscomp.CodePrinterTest::testIssue582,defects4j test,TEST
closure_51,glob,,glob,SEARCH_FILES
closure_51,read_file,,read_file,READ
closure_51,glob,,glob,SEARCH_FILES
closure_51,read_file,,read_file,READ
closure_51,glob,,glob,SEARCH_FILES
closure_51,read_file,,read_file,READ
closure_51,replace,,replace,WRITE
closure_51,run_shell_command,defects4j compile,defects4j compile,BUILD
closure_51,run_shell_command,defects4j test -t com.google.javascript.jscomp.CodePrinterTest::testIssue582,defects4j test,TEST
closure_51,run_shell_command,defects4j test,defects4j test,TEST
closure_51,run_shell_command,git diff,git diff,VCS
closure_53,read_file,,read_file,READ
closure_53,run_shell_command,./run_bug_exposing_tests.sh,run_bug_exposing_tests.sh,TEST
closure_53,read_file,,read_file,READ
closure_53,run_shell_command,defects4j compile,defects4j compile,BUILD
closure_53,run_shell_command,./run_bug_exposing_tests.sh,run_bug_exposing_tests.sh,TEST
closure_53,read_file,,read_file,READ
closure_53,read_file,,read_file,READ
closure_53,replace,,replace,WRITE
closure_53,run_shell_command,defects4j compile,defects4j compile,BUILD
closure_53,run_shell_command,./run_bug_exposing_tests.sh,run_bug_exposing_tests.sh,TEST
closure_53,read_file,,read_file,READ
closure_53,run_shell_command,defects4j test,defects4j test,TEST
closure_53,run_shell_command,git diff,git diff,VCS
closure_60,read_file,,read_file,READ
closure_60,run_shell_command,./run_bug_exposing_tests.sh,run_bug_exposing_tests.sh,TEST
closure_60,read_file,,read_file,READ
closure_60,run_shell_command,defects4j compile,defects4j compile,BUILD
closure_60,run_shell_command,defects4j test,defects4j test,TEST
closure_60,glob,,glob,SEARCH_FILES
closure_60,read_file,,read_file,READ
closure_60,search_file_content,,search_file_content,SEARCH_CONTENT
closure_60,read_file,,read_file,READ
closure_60,search_file_content,,search_file_content,SEARCH_CONTENT
closure_60,search_file_content,,search_file_content,SEARCH_CONTENT
closure_60,search_file_content,,search_file_content,SEARCH_CONTENT
closure_60,search_file_content,,search_file_content,SEARCH_CONTENT
closure_60,search_file_content,,search_file_content,SEARCH_CONTENT
closure_60,glob,,glob,SEARCH_FILES
closure_60,read_file,,read_file,READ
closure_60,glob,,glob,SEARCH_FILES
closure_60,read_file,,read_file,READ
closure_60,replace,,replace,WRITE
closure_60,run_shell_command,./run_bug_exposing_tests.sh,run_bug_exposing_tests.sh,TEST
closure_60,read_file,,read_file,READ
closure_60,replace,,replace,WRITE
closure_60,run_shell_command,./run_bug_exposing_tests.sh,run_bug_exposing_tests.sh,TEST
closure_60,read_file,,read_file,READ
closure_60,replace,,replace,WRITE
closure_60,run_shell_command,defects4j test,defects4j test,TEST
closure_60,replace,,replace,WRITE
closure_60,run_shell_command,./run_bug_exposing_tests.sh,run_bug_exposing_tests.sh,TEST
closure_60,read_file,,read_file,READ
closure_60,replace,,replace,WRITE
closure_60,run_shell_command,./run_bug_exposing_tests.sh,run_bug_exposing_tests.sh,TEST
closure_60,replace,,replace,WRITE
closure_60,replace,,replace,WRITE
closure_60,run_shell_command,./run_bug_exposing_tests.sh,run_bug_exposing_tests.sh,TEST
closure_60,read_file,,read_file,READ
closure_60,replace,,replace,WRITE
closure_60,replace,,replace,WRITE
closure_60,run_shell_command,./run_bug_exposing_tests.sh,run_bug_exposing_tests.sh,TEST
closure_60,read_file,,read_file,READ
closure_60,replace,,replace,WRITE
closure_60,run_shell_command,./run_bug_exposing_tests.sh,run_bug_exposing_tests.sh,TEST
closure_60,read_file,,read_file,READ
closure_60,run_shell_command,defects4j test,defects4j test,TEST
closure_60,read_file,,read_file,READ
closure_60,replace,,replace,WRITE
closure_60,replace,,replace,WRITE
closure_60,read_file,,read_file,READ
closure_60,replace,,replace,WRITE
closure_60,run_shell_command,defects4j test,defects4j test,TEST
closure_60,search_file_content,,search_file_content,SEARCH_CONTENT
closure_60,run_shell_command,defects4j compile,defects4j compile,BUILD
closure_60,run_shell_command,defects4j test,defects4j test,TEST
closure_60,replace,,replace,WRITE
closure_60,replace,,replace,WRITE
closure_60,run_shell_command,defects4j test,defects4j test,TEST
closure_60,replace,,replace,WRITE
closure_60,replace,,replace,WRITE
closure_60,replace,,replace,WRITE
closure_60,run_shell_command,defects4j test,defects4j test,TEST
closure_60,replace,,replace,WRITE
closure_60,run_shell_command,defects4j test,defects4j test,TEST
closure_60,replace,,replace,WRITE
closure_60,read_file,,read_file,READ
closure_60,replace,,replace,WRITE
closure_60,run_shell_command,defects4j test,defects4j test,TEST
closure_60,replace,,replace,WRITE
closure_60,replace,,replace,WRITE
closure_60,run_shell_command,defects4j test,defects4j test,TEST
closure_60,replace,,replace,WRITE
closure_60,replace,,replace,WRITE
closure_60,run_shell_command,defects4j test,defects4j test,TEST
closure_60,replace,,replace,WRITE
closure_60,run_shell_command,defects4j test,defects4j test,TEST
closure_60,replace,,replace,WRITE
closure_60,read_file,,read_file,READ
closure_60,replace,,replace,WRITE
closure_60,run_shell_command,defects4j test,defects4j test,TEST
closure_60,replace,,replace,WRITE
closure_60,run_shell_command,defects4j test,defects4j test,TEST
closure_60,read_file,,read_file,READ
closure_60,run_shell_command,./run_bug_exposing_tests.sh,run_bug_exposing_tests.sh,TEST
closure_60,read_file,,read_file,READ
closure_60,replace,,replace,WRITE
closure_60,run_shell_command,defects4j test,defects4j test,TEST
closure_60,replace,,replace,WRITE
closure_60,run_shell_command,defects4j test,defects4j test,TEST
closure_60,run_shell_command,git diff > fix.patch,git diff,VCS
closure_60,read_file,,read_file,READ
closure_64,read_file,,read_file,READ
closure_64,run_shell_command,./run_bug_exposing_tests.sh,run_bug_exposing_tests.sh,TEST
closure_64,read_file,,read_file,READ
closure_64,run_shell_command,defects4j compile,defects4j compile,BUILD
closure_64,search_file_content,,search_file_content,SEARCH_CONTENT
closure_64,read_many_files,,read_many_files,READ
closure_64,read_many_files,,read_many_files,READ
closure_64,glob,,glob,SEARCH_FILES
closure_64,read_file,,read_file,READ
closure_64,glob,,glob,SEARCH_FILES
closure_64,read_file,,read_file,READ
closure_64,read_file,,read_file,READ
closure_64,replace,,replace,WRITE
closure_64,replace,,replace,WRITE
closure_64,replace,,replace,WRITE
closure_64,replace,,replace,WRITE
closure_64,replace,,replace,WRITE
closure_64,replace,,replace,WRITE
closure_64,replace,,replace,WRITE
closure_64,replace,,replace,WRITE
closure_64,replace,,replace,WRITE
closure_64,run_shell_command,./run_bug_exposing_tests.sh,run_bug_exposing_tests.sh,TEST
closure_64,replace,,replace,WRITE
closure_64,run_shell_command,defects4j compile,defects4j compile,BUILD
closure_64,run_shell_command,./run_bug_exposing_tests.sh,run_bug_exposing_tests.sh,TEST
closure_64,read_file,,read_file,READ
closure_64,replace,,replace,WRITE
closure_64,replace,,replace,WRITE
closure_64,replace,,replace,WRITE
closure_64,replace,,replace,WRITE
closure_64,run_shell_command,defects4j compile,defects4j compile,BUILD
closure_64,run_shell_command,./run_bug_exposing_tests.sh,run_bug_exposing_tests.sh,TEST
closure_64,read_file,,read_file,READ
closure_64,run_shell_command,./run_all_tests_trace.sh,run_all_tests_trace.sh,TEST
closure_64,read_file,,read_file,READ
closure_64,run_shell_command,git diff HEAD,git diff,VCS
closure_6,read_file,,read_file,READ
closure_6,run_shell_command,./run_bug_exposing_tests.sh,run_bug_exposing_tests.sh,TEST
closure_6,read_file,,read_file,READ
closure_6,glob,,glob,SEARCH_FILES
closure_6,glob,,glob,SEARCH_FILES
closure_6,read_file,,read_file,READ
closure_6,run_shell_command,defects4j compile,defects4j compile,BUILD
closure_6,run_shell_command,./run_bug_exposing_tests.sh,run_bug_exposing_tests.sh,TEST
closure_6,read_file,,read_file,READ
closure_6,read_file,,read_file,READ
closure_6,glob,,glob,SEARCH_FILES
closure_6,read_file,,read_file,READ
closure_6,glob,,glob,SEARCH_FILES
closure_6,read_file,,read_file,READ
closure_6,replace,,replace,WRITE
closure_6,replace,,replace,WRITE
closure_6,replace,,replace,WRITE
closure_6,run_shell_command,defects4j compile,defects4j compile,BUILD
closure_6,run_shell_command,./run_bug_exposing_tests.sh,run_bug_exposing_tests.sh,TEST
closure_6,read_file,,read_file,READ
closure_6,run_shell_command,defects4j test,defects4j test,TEST
closure_6,run_shell_command,git diff,git diff,VCS
closure_74,read_file,,read_file,READ
closure_74,run_shell_command,./run_bug_exposing_tests.sh,run_bug_exposing_tests.sh,TEST
closure_74,read_file,,read_file,READ
closure_74,glob,,glob,SEARCH_FILES
closure_74,read_file,,read_file,READ
closure_74,list_directory,,list_directory,SEARCH_FILES
closure_74,run_shell_command,defects4j compile,defects4j compile,BUILD
closure_74,run_shell_command,./run_bug_exposing_tests.sh,run_bug_exposing_tests.sh,TEST
closure_74,read_file,,read_file,READ
closure_74,read_file,,read_file,READ
closure_74,replace,,replace,WRITE
closure_74,run_shell_command,defects4j compile,defects4j compile,BUILD
closure_74,run_shell_command,./run_bug_exposing_tests.sh,run_bug_exposing_tests.sh,TEST
closure_74,read_file,,read_file,READ
closure_74,read_file,,read_file,READ
closure_74,replace,,replace,WRITE
closure_74,run_shell_command,defects4j compile,defects4j compile,BUILD
closure_74,run_shell_command,./run_bug_exposing_tests.sh,run_bug_exposing_tests.sh,TEST
closure_74,read_file,,read_file,READ
closure_74,replace,,replace,WRITE
closure_74,replace,,replace,WRITE
closure_74,run_shell_command,defects4j compile,defects4j compile,BUILD
closure_74,run_shell_command,./run_bug_exposing_tests.sh,run_bug_exposing_tests.sh,TEST
closure_74,read_file,,read_file,READ
closure_74,replace,,replace,WRITE
closure_74,run_shell_command,defects4j compile,defects4j compile,BUILD
closure_74,replace,,replace,WRITE
closure_74,replace,,replace,WRITE
closure_74,run_shell_command,defects4j compile,defects4j compile,BUILD
closure_74,replace,,replace,WRITE
closure_74,read_file,,read_file,READ
closure_74,replace,,replace,WRITE
closure_74,replace,,replace,WRITE
closure_74,read_file,,read_file,READ
closure_74,replace,,replace,WRITE
closure_74,replace,,replace,WRITE
closure_74,read_file,,read_file,READ
closure_74,replace,,replace,WRITE
closure_74,replace,,replace,WRITE
closure_74,read_file,,read_file,READ
closure_74,replace,,replace,WRITE
closure_74,read_file,,read_file,READ
closure_74,replace,,replace,WRITE
closure_74,read_file,,read_file,READ
closure_74,replace,,replace,WRITE
closure_74,read_file,,read_file,READ
closure_74,replace,,replace,WRITE
closure_74,read_file,,read_file,READ
closure_74,replace,,replace,WRITE
closure_74,read_file,,read_file,READ
closure_74,replace,,replace,WRITE
closure_74,read_file,,read_file,READ
closure_74,replace,,replace,WRITE
closure_74,read_file,,read_file,READ
closure_74,replace,,replace,WRITE
closure_74,read_file,,read_file,READ
closure_74,replace,,replace,WRITE
closure_74,replace,,replace,WRITE
closure_74,read_file,,read_file,READ
closure_74,replace,,replace,WRITE
closure_74,replace,,replace,WRITE
closure_74,read_file,,read_file,READ
closure_74,replace,,replace,WRITE
closure_74,replace,,replace,WRITE
closure_74,read_file,,read_file,READ
closure_74,replace,,replace,WRITE
closure_74,replace,,replace,WRITE
closure_74,read_file,,read_file,READ
closure_74,replace,,replace,WRITE
closure_74,replace,,replace,WRITE
closure_74,read_file,,read_file,READ
closure_74,replace,,replace,WRITE
closure_74,replace,,replace,WRITE
closure_74,read_file,,read_file,READ
closure_74,replace,,replace,WRITE
closure_74,replace,,replace,WRITE
closure_74,read_file,,read_file,READ
closure_74,replace,,replace,WRITE
closure_74,replace,,replace,WRITE
closure_74,read_file,,read_file,READ
closure_74,replace,,replace,WRITE
closure_74,replace,,replace,WRITE
closure_74,read_file,,read_file,READ
closure_74,replace,,replace,WRITE
closure_74,replace,,replace,WRITE
closure_74,read_file,,read_file,READ
closure_74,replace,,replace,WRITE
closure_74,replace,,replace,WRITE
closure_74,read_file,,read_file,READ
closure_74,replace,,replace,WRITE
closure_74,replace,,replace,WRITE
closure_74,read_file,,read_file,READ
closure_74,replace,,replace,WRITE
closure_74,replace,,replace,WRITE
closure_74,read_file,,read_file,READ
closure_74,replace,,replace,WRITE
closure_74,replace,,replace,WRITE
closure_74,read_file,,read_file,READ
closure_74,replace,,replace,WRITE
closure_74,replace,,replace,WRITE
closure_74,read_file,,read_file,READ
closure_75,read_file,,read_file,READ
closure_75,run_shell_command,./run_bug_exposing_tests.sh,run_bug_exposing_tests.sh,TEST
closure_75,read_file,,read_file,READ
closure_75,run_shell_command,defects4j compile,defects4j compile,BUILD
closure_75,run_shell_command,./run_bug_exposing_tests.sh,run_bug_exposing_tests.sh,TEST
closure_75,read_file,,read_file,READ
closure_75,read_file,,read_file,READ
closure_75,read_file,,read_file,READ
closure_75,read_file,,read_file,READ
closure_75,replace,,replace,WRITE
closure_75,run_shell_command,defects4j compile,defects4j compile,BUILD
closure_75,run_shell_command,./run_bug_exposing_tests.sh,run_bug_exposing_tests.sh,TEST
closure_75,read_file,,read_file,READ
closure_75,replace,,replace,WRITE
closure_75,run_shell_command,defects4j compile,defects4j compile,BUILD
closure_75,run_shell_command,./run_bug_exposing_tests.sh,run_bug_exposing_tests.sh,TEST
closure_75,read_file,,read_file,READ
closure_75,replace,,replace,WRITE
closure_75,run_shell_command,defects4j compile,defects4j compile,BUILD
closure_75,run_shell_command,./run_bug_exposing_tests.sh,run_bug_exposing_tests.sh,TEST
closure_75,read_file,,read_file,READ
closure_75,replace,,replace,WRITE
closure_75,run_shell_command,defects4j compile,defects4j compile,BUILD
closure_75,run_shell_command,./run_bug_exposing_tests.sh,run_bug_exposing_tests.sh,TEST
closure_75,read_file,,read_file,READ
closure_75,replace,,replace,WRITE
closure_75,read_file,,read_file,READ
closure_75,replace,,replace,WRITE
closure_75,run_shell_command,defects4j compile,defects4j compile,BUILD
closure_75,run_shell_command,./run_bug_exposing_tests.sh,run_bug_exposing_tests.sh,TEST
closure_75,read_file,,read_file,READ
closure_75,replace,,replace,WRITE
closure_75,run_shell_command,defects4j compile,defects4j compile,BUILD
closure_75,run_shell_command,./run_bug_exposing_tests.sh,run_bug_exposing_tests.sh,TEST
closure_75,read_file,,read_file,READ
closure_75,replace,,replace,WRITE
closure_75,run_shell_command,defects4j compile,defects4j compile,BUILD
closure_75,run_shell_command,./run_bug_exposing_tests.sh,run_bug_exposing_tests.sh,TEST
closure_75,read_file,,read_file,READ
closure_75,replace,,replace,WRITE
closure_75,replace,,replace,WRITE
closure_75,run_shell_command,defects4j compile,defects4j compile,BUILD
closure_75,run_shell_command,./run_bug_exposing_tests.sh,run_bug_exposing_tests.sh,TEST
closure_75,read_file,,read_file,READ
closure_75,run_shell_command,./run_all_tests_trace.sh,run_all_tests_trace.sh,TEST
closure_75,read_file,,read_file,READ
closure_75,replace,,replace,WRITE
closure_75,replace,,replace,WRITE
closure_75,run_shell_command,defects4j compile,defects4j compile,BUILD
closure_75,replace,,replace,WRITE
closure_75,run_shell_command,defects4j compile,defects4j compile,BUILD
closure_75,replace,,replace,WRITE
closure_75,replace,,replace,WRITE
closure_75,run_shell_command,defects4j compile,defects4j compile,BUILD
closure_75,run_shell_command,./run_bug_exposing_tests.sh,run_bug_exposing_tests.sh,TEST
closure_75,read_file,,read_file,READ
closure_75,replace,,replace,WRITE
closure_75,replace,,replace,WRITE
closure_75,read_file,,read_file,READ
closure_75,replace,,replace,WRITE
closure_75,read_file,,read_file,READ
closure_75,replace,,replace,WRITE
closure_75,run_shell_command,defects4j compile,defects4j compile,BUILD
closure_75,run_shell_command,./run_bug_exposing_tests.sh,run_bug_exposing_tests.sh,TEST
closure_75,read_file,,read_file,READ
closure_75,replace,,replace,WRITE
closure_75,read_file,,read_file,READ
closure_75,replace,,replace,WRITE
closure_75,run_shell_command,defects4j compile,defects4j compile,BUILD
closure_75,run_shell_command,./run_bug_exposing_tests.sh,run_bug_exposing_tests.sh,TEST
closure_75,read_file,,read_file,READ
closure_75,replace,,replace,WRITE
closure_75,run_shell_command,defects4j compile,defects4j compile,BUILD
closure_75,run_shell_command,./run_bug_exposing_tests.sh,run_bug_exposing_tests.sh,TEST
closure_75,read_file,,read_file,READ
closure_75,replace,,replace,WRITE
closure_75,read_file,,read_file,READ
closure_75,replace,,replace,WRITE
closure_75,read_file,,read_file,READ
closure_75,replace,,replace,WRITE
closure_75,read_file,,read_file,READ
closure_75,replace,,replace,WRITE
closure_75,run_shell_command,defects4j compile,defects4j compile,BUILD
closure_75,run_shell_command,./run_bug_exposing_tests.sh,run_bug_exposing_tests.sh,TEST
closure_75,read_file,,read_file,READ
closure_75,read_file,,read_file,READ
closure_75,replace,,replace,WRITE
closure_75,replace,,replace,WRITE
closure_75,replace,,replace,WRITE
closure_75,run_shell_command,defects4j compile,defects4j compile,BUILD
closure_75,run_shell_command,./run_bug_exposing_tests.sh,run_bug_exposing_tests.sh,TEST
closure_75,read_file,,read_file,READ
closure_75,read_file,,read_file,READ
closure_75,replace,,replace,WRITE
closure_75,run_shell_command,defects4j compile,defects4j compile,BUILD
closure_75,run_shell_command,./run_bug_exposing_tests.sh,run_bug_exposing_tests.sh,TEST
closure_75,read_file,,read_file,READ
closure_75,replace,,replace,WRITE
closure_75,run_shell_command,defects4j compile,defects4j compile,BUILD
closure_75,run_shell_command,./run_bug_exposing_tests.sh,run_bug_exposing_tests.sh,TEST
closure_75,read_file,,read_file,READ
closure_76,read_file,,read_file,READ
closure_76,run_shell_command,./run_bug_exposing_tests.sh,run_bug_exposing_tests.sh,TEST
closure_76,read_file,,read_file,READ
closure_76,glob,,glob,SEARCH_FILES
closure_76,read_file,,read_file,READ
closure_76,run_shell_command,defects4j compile,defects4j compile,BUILD
closure_76,run_shell_command,./run_bug_exposing_tests.sh,run_bug_exposing_tests.sh,TEST
closure_76,read_file,,read_file,READ
closure_76,glob,,glob,SEARCH_FILES
closure_76,read_file,,read_file,READ
closure_76,read_file,,read_file,READ
closure_76,replace,,replace,WRITE
closure_76,run_shell_command,defects4j compile,defects4j compile,BUILD
closure_76,run_shell_command,./run_bug_exposing_tests.sh,run_bug_exposing_tests.sh,TEST
closure_76,read_file,,read_file,READ
closure_76,replace,,replace,WRITE
closure_76,run_shell_command,defects4j compile,defects4j compile,BUILD
closure_76,run_shell_command,./run_bug_exposing_tests.sh,run_bug_exposing_tests.sh,TEST
closure_76,read_file,,read_file,READ
closure_76,replace,,replace,WRITE
closure_76,run_shell_command,defects4j compile,defects4j compile,BUILD
closure_76,run_shell_command,./run_bug_exposing_tests.sh,run_bug_exposing_tests.sh,TEST
closure_76,read_file,,read_file,READ
closure_76,replace,,replace,WRITE
closure_76,run_shell_command,defects4j compile,defects4j compile,BUILD
closure_76,run_shell_command,./run_bug_exposing_tests.sh,run_bug_exposing_tests.sh,TEST
closure_76,read_file,,read_file,READ
closure_76,replace,,replace,WRITE
closure_76,run_shell_command,defects4j compile,defects4j compile,BUILD
closure_76,run_shell_command,./run_bug_exposing_tests.sh,run_bug_exposing_tests.sh,TEST
closure_76,read_file,,read_file,READ
closure_79,read_file,,read_file,READ
closure_79,run_shell_command,./run_bug_exposing_tests.sh,run_bug_exposing_tests.sh,TEST
closure_79,read_file,,read_file,READ
closure_79,run_shell_command,defects4j export -p tests.trigger,defects4j export,DEFECTS4J_OTHER
closure_79,run_shell_command,defects4j test -t com.google.javascript.jscomp.NormalizeTest::testIssue,defects4j test,TEST
closure_79,run_shell_command,defects4j compile,defects4j compile,BUILD
closure_79,run_shell_command,defects4j test -t com.google.javascript.jscomp.NormalizeTest::testIssue,defects4j test,TEST
closure_79,glob,,glob,SEARCH_FILES
closure_79,run_shell_command,rm -f /Users/danielding/Desktop/example_dir/Closure_79/bug_triggering_tests.*.log,rm,FILE_OPS
closure_79,run_shell_command,./run_all_tests_trace.sh,run_all_tests_trace.sh,TEST
closure_79,read_file,,read_file,READ
closure_79,search_file_content,,search_file_content,SEARCH_CONTENT
closure_79,read_file,,read_file,READ
closure_79,read_file,,read_file,READ
closure_79,read_file,,read_file,READ
closure_79,replace,,replace,WRITE
closure_79,run_shell_command,defects4j test -t com.google.javascript.jscomp.NormalizeTest::testIssue,defects4j test,TEST
closure_79,run_shell_command,defects4j test,defects4j test,TEST
closure_79,run_shell_command,rm -f /Users/danielding/Desktop/example_dir/Closure_79/all_tests_trace.*.log,rm,FILE_OPS
closure_79,run_shell_command,./run_all_tests_trace.sh,run_all_tests_trace.sh,TEST
closure_79,search_file_content,,search_file_content,SEARCH_CONTENT
closure_79,search_file_content,,search_file_content,SEARCH_CONTENT
closure_79,read_file,,read_file,READ
closure_79,read_file,,read_file,READ
closure_79,read_file,,read_file,READ
closure_79,read_file,,read_file,READ
closure_79,replace,,replace,WRITE
closure_79,read_file,,read_file,READ
closure_79,replace,,replace,WRITE
closure_79,read_file,,read_file,READ
closure_79,replace,,replace,WRITE
closure_79,read_file,,read_file,READ
closure_80,read_file,,read_file,READ
closure_80,run_shell_command,./run_bug_exposing_tests.sh,run_bug_exposing_tests.sh,TEST
closure_80,read_file,,read_file,READ
closure_80,glob,,glob,SEARCH_FILES
closure_80,run_shell_command,defects4j compile,defects4j compile,BUILD
closure_80,read_file,,read_file,READ
closure_80,run_shell_command,defects4j export -p cp.test,defects4j export,DEFECTS4J_OTHER
closure_80,read_file,,read_file,READ
closure_80,run_shell_command,defects4j test,defects4j test,TEST
closure_80,read_file,,read_file,READ
closure_80,glob,,glob,SEARCH_FILES
closure_80,read_file,,read_file,READ
closure_80,search_file_content,,search_file_content,SEARCH_CONTENT
closure_80,read_file,,read_file,READ
closure_80,replace,,replace,WRITE
closure_80,replace,,replace,WRITE
closure_80,read_file,,read_file,READ
closure_80,read_file,,read_file,READ
closure_80,replace,,replace,WRITE
closure_80,run_shell_command,defects4j test,defects4j test,TEST
closure_80,run_shell_command,./run_all_tests_trace.sh,run_all_tests_trace.sh,TEST
closure_80,run_shell_command,git diff,git diff,VCS
closure_98,read_file,,read_file,READ
closure_98,run_shell_command,./run_bug_exposing_tests.sh,run_bug_exposing_tests.sh,TEST
closure_98,read_file,,read_file,READ
closure_98,run_shell_command,defects4j test,defects4j test,TEST
closure_98,glob,,glob,SEARCH_FILES
closure_98,glob,,glob,SEARCH_FILES
closure_98,read_file,,read_file,READ
closure_98,read_file,,read_file,READ
closure_98,replace,,replace,WRITE
closure_98,run_shell_command,defects4j compile,defects4j compile,BUILD
closure_98,replace,,replace,WRITE
closure_98,run_shell_command,defects4j compile,defects4j compile,BUILD
closure_98,run_shell_command,defects4j test -t com.google.javascript.jscomp.InlineVariablesTest::testNoInlineAliasesInLoop,defects4j test,TEST
closure_98,run_shell_command,defects4j test,defects4j test,TEST
closure_98,replace,,replace,WRITE
closure_98,replace,,replace,WRITE
closure_98,replace,,replace,WRITE
closure_98,replace,,replace,WRITE
closure_98,run_shell_command,defects4j compile,defects4j compile,BUILD
closure_98,read_file,,read_file,READ
closure_98,replace,,replace,WRITE
closure_98,replace,,replace,WRITE
closure_98,run_shell_command,defects4j compile,defects4j compile,BUILD
closure_98,read_file,,read_file,READ
closure_98,replace,,replace,WRITE
closure_98,replace,,replace,WRITE
closure_98,replace,,replace,WRITE
closure_98,replace,,replace,WRITE
closure_98,run_shell_command,defects4j compile,defects4j compile,BUILD
closure_98,replace,,replace,WRITE
closure_98,read_file,,read_file,READ
closure_98,replace,,replace,WRITE
closure_98,run_shell_command,defects4j compile,defects4j compile,BUILD
closure_98,run_shell_command,defects4j test -t com.google.javascript.jscomp.InlineVariablesTest::testNoInlineAliasesInLoop,defects4j test,TEST
closure_98,run_shell_command,defects4j test,defects4j test,TEST
closure_98,run_shell_command,git diff > /Users/danielding/Desktop/example_dir/Closure_98/fix.patch,git diff,VCS
closure_99,read_file,,read_file,READ
closure_99,run_shell_command,./run_bug_exposing_tests.sh,run_bug_exposing_tests.sh,TEST
closure_99,read_file,,read_file,READ
closure_99,run_shell_command,defects4j compile,defects4j compile,BUILD
closure_99,run_shell_command,defects4j test,defects4j test,TEST
closure_99,read_many_files,,read_many_files,READ
closure_99,replace,,replace,WRITE
closure_99,run_shell_command,defects4j compile && defects4j test,defects4j compile,BUILD
closure_99,run_shell_command,defects4j compile && defects4j test,defects4j test,TEST
closure_99,search_file_content,,search_file_content,SEARCH_CONTENT
closure_99,replace,,replace,WRITE
closure_99,run_shell_command,defects4j compile && defects4j test,defects4j compile,BUILD
closure_99,run_shell_command,defects4j compile && defects4j test,defects4j test,TEST
closure_99,replace,,replace,WRITE
closure_99,replace,,replace,WRITE
closure_99,run_shell_command,defects4j compile && defects4j test,defects4j compile,BUILD
closure_99,run_shell_command,defects4j compile && defects4j test,defects4j test,TEST
closure_99,replace,,replace,WRITE
closure_99,replace,,replace,WRITE
closure_99,run_shell_command,defects4j compile && defects4j test,defects4j compile,BUILD
closure_99,run_shell_command,defects4j compile && defects4j test,defects4j test,TEST
closure_99,replace,,replace,WRITE
closure_99,run_shell_command,defects4j compile && defects4j test,defects4j compile,BUILD
closure_99,run_shell_command,defects4j compile && defects4j test,defects4j test,TEST
closure_99,replace,,replace,WRITE
closure_99,run_shell_command,defects4j compile && defects4j test,defects4j compile,BUILD
closure_99,run_shell_command,defects4j compile && defects4j test,defects4j test,TEST
closure_99,replace,,replace,WRITE
closure_99,replace,,replace,WRITE
closure_99,read_file,,read_file,READ
closure_99,replace,,replace,WRITE
closure_99,replace,,replace,WRITE
closure_99,run_shell_command,defects4j compile && defects4j test,defects4j compile,BUILD
closure_99,run_shell_command,defects4j compile && defects4j test,defects4j test,TEST
closure_99,replace,,replace,WRITE
closure_99,replace,,replace,WRITE
closure_99,replace,,replace,WRITE
closure_99,run_shell_command,defects4j compile && defects4j test,defects4j compile,BUILD
closure_99,run_shell_command,defects4j compile && defects4j test,defects4j test,TEST
closure_99,replace,,replace,WRITE
closure_99,run_shell_command,defects4j compile && defects4j test,defects4j compile,BUILD
closure_99,run_shell_command,defects4j compile && defects4j test,defects4j test,TEST
closure_99,replace,,replace,WRITE
closure_99,replace,,replace,WRITE
closure_99,replace,,replace,WRITE
closure_99,run_shell_command,defects4j compile && defects4j test,defects4j compile,BUILD
closure_99,run_shell_command,defects4j compile && defects4j test,defects4j test,TEST
closure_99,replace,,replace,WRITE
closure_99,read_file,,read_file,READ
closure_99,replace,,replace,WRITE
closure_99,run_shell_command,defects4j compile && defects4j test,defects4j compile,BUILD
closure_99,run_shell_command,defects4j compile && defects4j test,defects4j test,TEST
closure_99,replace,,replace,WRITE
closure_99,replace,,replace,WRITE
closure_99,replace,,replace,WRITE
closure_99,replace,,replace,WRITE
closure_99,run_shell_command,defects4j compile && defects4j test,defects4j compile,BUILD
closure_99,run_shell_command,defects4j compile && defects4j test,defects4j test,TEST
closure_99,replace,,replace,WRITE
closure_99,replace,,replace,WRITE
closure_99,replace,,replace,WRITE
closure_99,replace,,replace,WRITE
closure_99,run_shell_command,defects4j compile && defects4j test,defects4j compile,BUILD
closure_99,run_shell_command,defects4j compile && defects4j test,defects4j test,TEST
closure_99,replace,,replace,WRITE
closure_99,run_shell_command,defects4j compile && defects4j test,defects4j compile,BUILD
closure_99,run_shell_command,defects4j compile && defects4j test,defects4j test,TEST
closure_99,replace,,replace,WRITE
closure_99,run_shell_command,defects4j compile && defects4j test,defects4j compile,BUILD
closure_99,run_shell_command,defects4j compile && defects4j test,defects4j test,TEST
closure_99,replace,,replace,WRITE
closure_99,replace,,replace,WRITE
closure_99,replace,,replace,WRITE
closure_99,replace,,replace,WRITE
closure_99,run_shell_command,defects4j compile && defects4j test,defects4j compile,BUILD
closure_99,run_shell_command,defects4j compile && defects4j test,defects4j test,TEST
closure_99,replace,,replace,WRITE
closure_99,replace,,replace,WRITE
closure_99,run_shell_command,defects4j compile && defects4j test,defects4j compile,BUILD
closure_99,run_shell_command,defects4j compile && defects4j test,defects4j test,TEST
closure_99,glob,,glob,SEARCH_FILES
closure_99,read_file,,read_file,READ
closure_99,replace,,replace,WRITE
closure_99,replace,,replace,WRITE
closure_99,run_shell_command,defects4j compile && defects4j test,defects4j compile,BUILD
closure_99,run_shell_command,defects4j compile && defects4j test,defects4j test,TEST
closure_99,replace,,replace,WRITE
closure_99,replace,,replace,WRITE
closure_99,run_shell_command,defects4j compile && defects4j test,defects4j compile,BUILD
closure_99,run_shell_command,defects4j compile && defects4j test,defects4j test,TEST
closure_99,replace,,replace,WRITE
closure_99,replace,,replace,WRITE
closure_99,run_shell_command,defects4j compile && defects4j test,defects4j compile,BUILD
closure_99,run_shell_command,defects4j compile && defects4j test,defects4j test,TEST
closure_99,replace,,replace,WRITE
closure_99,replace,,replace,WRITE
closure_99,run_shell_command,defects4j compile && defects4j test,defects4j compile,BUILD
closure_99,run_shell_command,defects4j compile && defects4j test,defects4j test,TEST
closure_99,replace,,replace,WRITE
closure_99,run_shell_command,defects4j compile && defects4j test,defects4j compile,BUILD
closure_99,run_shell_command,defects4j compile && defects4j test,defects4j test,TEST
closure_99,replace,,replace,WRITE
closure_99,read_file,,read_file,READ
closure_99,replace,,replace,WRITE
closure_99,run_shell_command,defects4j compile && defects4j test,defects4j compile,BUILD
closure_99,run_shell_command,defects4j compile && defects4j test,defects4j test,TEST
closure_99,replace,,replace,WRITE
closure_99,replace,,replace,WRITE
closure_99,run_shell_command,defects4j compile && defects4j test,defects4j compile,BUILD
closure_99,run_shell_command,defects4j compile && defects4j test,defects4j test,TEST
closure_99,replace,,replace,WRITE
closure_99,replace,,replace,WRITE
closure_99,run_shell_command,defects4j compile && defects4j test,defects4j compile,BUILD
closure_99,run_shell_command,defects4j compile && defects4j test,defects4j test,TEST
closure_99,replace,,replace,WRITE
closure_99,run_shell_command,defects4j compile && defects4j test,defects4j compile,BUILD
closure_99,run_shell_command,defects4j compile && defects4j test,defects4j test,TEST
codec_11,read_file,,read_file,READ
codec_11,run_shell_command,./run_bug_exposing_tests.sh,run_bug_exposing_tests.sh,TEST
codec_11,read_file,,read_file,READ
codec_11,run_shell_command,defects4j test -t org.apache.commons.codec.net.QuotedPrintableCodecTest,defects4j test,TEST
codec_11,glob,,glob,SEARCH_FILES
codec_11,read_file,,read_file,READ
codec_11,run_shell_command,defects4j test,defects4j test,TEST
codec_11,glob,,glob,SEARCH_FILES
codec_11,read_file,,read_file,READ
codec_11,replace,,replace,WRITE
codec_11,run_shell_command,defects4j test,defects4j test,TEST
codec_11,replace,,replace,WRITE
codec_11,replace,,replace,WRITE
codec_11,run_shell_command,defects4j test,defects4j test,TEST
codec_11,replace,,replace,WRITE
codec_11,run_shell_command,defects4j test,defects4j test,TEST
codec_11,replace,,replace,WRITE
codec_11,run_shell_command,defects4j test,defects4j test,TEST
codec_11,replace,,replace,WRITE
codec_11,replace,,replace,WRITE
codec_11,run_shell_command,defects4j test,defects4j test,TEST
codec_11,replace,,replace,WRITE
codec_11,replace,,replace,WRITE
codec_11,run_shell_command,defects4j test,defects4j test,TEST
codec_11,replace,,replace,WRITE
codec_11,replace,,replace,WRITE
codec_11,run_shell_command,defects4j test,defects4j test,TEST
codec_11,replace,,replace,WRITE
codec_11,replace,,replace,WRITE
codec_11,replace,,replace,WRITE
codec_11,run_shell_command,defects4j test,defects4j test,TEST
codec_11,replace,,replace,WRITE
codec_11,replace,,replace,WRITE
codec_11,run_shell_command,defects4j test,defects4j test,TEST
codec_11,replace,,replace,WRITE
codec_11,run_shell_command,defects4j test,defects4j test,TEST
codec_11,replace,,replace,WRITE
codec_11,replace,,replace,WRITE
codec_11,run_shell_command,defects4j test,defects4j test,TEST
codec_11,replace,,replace,WRITE
codec_11,replace,,replace,WRITE
codec_11,run_shell_command,defects4j test,defects4j test,TEST
codec_11,replace,,replace,WRITE
codec_11,replace,,replace,WRITE
codec_11,run_shell_command,defects4j test,defects4j test,TEST
codec_11,replace,,replace,WRITE
codec_11,replace,,replace,WRITE
codec_11,run_shell_command,defects4j test,defects4j test,TEST
codec_11,replace,,replace,WRITE
codec_11,replace,,replace,WRITE
codec_11,run_shell_command,defects4j test,defects4j test,TEST
codec_11,replace,,replace,WRITE
codec_11,replace,,replace,WRITE
codec_11,run_shell_command,defects4j test,defects4j test,TEST
codec_11,replace,,replace,WRITE
codec_11,replace,,replace,WRITE
codec_11,run_shell_command,defects4j test,defects4j test,TEST
codec_11,replace,,replace,WRITE
codec_11,replace,,replace,WRITE
codec_11,run_shell_command,defects4j test,defects4j test,TEST
codec_11,replace,,replace,WRITE
codec_11,replace,,replace,WRITE
codec_11,run_shell_command,defects4j test,defects4j test,TEST
codec_11,replace,,replace,WRITE
codec_11,replace,,replace,WRITE
codec_11,run_shell_command,defects4j test,defects4j test,TEST
codec_11,replace,,replace,WRITE
codec_11,replace,,replace,WRITE
codec_11,run_shell_command,defects4j test,defects4j test,TEST
codec_11,replace,,replace,WRITE
codec_11,replace,,replace,WRITE
codec_11,run_shell_command,defects4j test,defects4j test,TEST
codec_11,replace,,replace,WRITE
codec_11,replace,,replace,WRITE
codec_11,run_shell_command,defects4j test,defects4j test,TEST
codec_11,replace,,replace,WRITE
codec_11,replace,,replace,WRITE
codec_11,run_shell_command,defects4j test,defects4j test,TEST
codec_11,replace,,replace,WRITE
codec_11,replace,,replace,WRITE
codec_11,run_shell_command,defects4j test,defects4j test,TEST
codec_11,replace,,replace,WRITE
codec_11,replace,,replace,WRITE
codec_11,run_shell_command,defects4j test,defects4j test,TEST
codec_11,replace,,replace,WRITE
codec_11,replace,,replace,WRITE
codec_11,run_shell_command,defects4j test,defects4j test,TEST
codec_11,replace,,replace,WRITE
codec_11,replace,,replace,WRITE
codec_11,run_shell_command,defects4j test,defects4j test,TEST
codec_11,replace,,replace,WRITE
codec_11,replace,,replace,WRITE
codec_11,run_shell_command,defects4j test,defects4j test,TEST
codec_11,replace,,replace,WRITE
codec_11,replace,,replace,WRITE
codec_11,run_shell_command,defects4j test,defects4j test,TEST
codec_11,replace,,replace,WRITE
codec_11,replace,,replace,WRITE
codec_11,run_shell_command,defects4j test,defects4j test,TEST
codec_11,replace,,replace,WRITE
codec_11,replace,,replace,WRITE
codec_11,run_shell_command,defects4j test,defects4j test,TEST
codec_11,replace,,replace,WRITE
codec_11,replace,,replace,WRITE
codec_11,run_shell_command,defects4j test,defects4j test,TEST
codec_11,replace,,replace,WRITE
codec_11,replace,,replace,WRITE
codec_11,run_shell_command,defects4j test,defects4j test,TEST
codec_11,replace,,replace,WRITE
codec_11,replace,,replace,WRITE
codec_11,replace,,replace,WRITE
codec_11,run_shell_command,defects4j test,defects4j test,TEST
codec_11,replace,,replace,WRITE
codec_11,replace,,replace,WRITE
codec_11,run_shell_command,defects4j test,defects4j test,TEST
codec_11,replace,,replace,WRITE
codec_11,replace,,replace,WRITE
codec_11,run_shell_command,defects4j test,defects4j test,TEST
codec_11,replace,,replace,WRITE
codec_11,replace,,replace,WRITE
codec_11,run_shell_command,defects4j test,defects4j test,TEST
codec_11,replace,,replace,WRITE
codec_11,replace,,replace,WRITE
codec_11,run_shell_command,defects4j test,defects4j test,TEST
codec_11,replace,,replace,WRITE
codec_11,replace,,replace,WRITE
codec_11,replace,,replace,WRITE
codec_11,run_shell_command,defects4j test,defects4j test,TEST
codec_11,replace,,replace,WRITE
codec_11,replace,,replace,WRITE
codec_11,run_shell_command,defects4j test,defects4j test,TEST
codec_11,replace,,replace,WRITE
codec_11,replace,,replace,WRITE
codec_11,run_shell_command,defects4j test,defects4j test,TEST
codec_11,replace,,replace,WRITE
codec_11,replace,,replace,WRITE
codec_11,run_shell_command,defects4j test,defects4j test,TEST
codec_11,replace,,replace,WRITE
codec_11,replace,,replace,WRITE
codec_11,run_shell_command,defects4j test,defects4j test,TEST
codec_11,replace,,replace,WRITE
codec_11,replace,,replace,WRITE
codec_11,run_shell_command,defects4j test,defects4j test,TEST
codec_11,replace,,replace,WRITE
codec_11,replace,,replace,WRITE
codec_11,run_shell_command,defects4j test,defects4j test,TEST
codec_11,replace,,replace,WRITE
codec_11,replace,,replace,WRITE
codec_11,run_shell_command,defects4j test,defects4j test,TEST
codec_11,replace,,replace,WRITE
codec_11,replace,,replace,WRITE
codec_11,replace,,replace,WRITE
codec_11,replace,,replace,WRITE
codec_11,replace,,replace,WRITE
codec_11,replace,,replace,WRITE
codec_11,replace,,replace,WRITE
codec_11,replace,,replace,WRITE
codec_11,replace,,replace,WRITE
codec_11,replace,,replace,WRITE
codec_11,replace,,replace,WRITE
codec_11,replace,,replace,WRITE
codec_11,replace,,replace,WRITE
codec_11,replace,,replace,WRITE
codec_11,replace,,replace,WRITE
codec_11,replace,,replace,WRITE
codec_11,replace,,replace,WRITE
codec_11,replace,,replace,WRITE
codec_11,replace,,replace,WRITE
codec_11,replace,,replace,WRITE
codec_11,replace,,replace,WRITE
codec_11,replace,,replace,WRITE
codec_11,replace,,replace,WRITE
codec_11,replace,,replace,WRITE
codec_11,replace,,replace,WRITE
codec_11,replace,,replace,WRITE
codec_11,replace,,replace,WRITE
codec_11,replace,,replace,WRITE
codec_11,replace,,replace,WRITE
codec_11,replace,,replace,WRITE
codec_11,replace,,replace,WRITE
codec_11,replace,,replace,WRITE
codec_11,replace,,replace,WRITE
codec_11,replace,,replace,WRITE
codec_11,replace,,replace,WRITE
codec_11,replace,,replace,WRITE
codec_11,replace,,replace,WRITE
codec_11,replace,,replace,WRITE
codec_11,replace,,replace,WRITE
codec_11,replace,,replace,WRITE
codec_11,replace,,replace,WRITE
codec_11,replace,,replace,WRITE
codec_11,replace,,replace,WRITE
codec_12,read_file,,read_file,READ
codec_12,read_file,,read_file,READ
codec_12,replace,,replace,WRITE
codec_12,run_shell_command,defects4j compile,defects4j compile,BUILD
codec_12,replace,,replace,WRITE
codec_12,run_shell_command,defects4j compile,defects4j compile,BUILD
codec_12,read_file,,read_file,READ
codec_12,replace,,replace,WRITE
codec_12,run_shell_command,defects4j test -t org.apache.commons.codec.binary.Base64Test::testSkip,defects4j test,TEST
codec_12,replace,,replace,WRITE
codec_12,run_shell_command,defects4j test -t org.apache.commons.codec.binary.Base64Test::testSkip,defects4j test,TEST
codec_12,run_shell_command,defects4j test,defects4j test,TEST
codec_12,replace,,replace,WRITE
codec_12,replace,,replace,WRITE
codec_12,read_file,,read_file,READ
codec_12,replace,,replace,WRITE
codec_12,replace,,replace,WRITE
codec_12,run_shell_command,defects4j compile,defects4j compile,BUILD
codec_12,run_shell_command,defects4j test,defects4j test,TEST
codec_12,read_file,,read_file,READ
codec_12,read_file,,read_file,READ
codec_12,replace,,replace,WRITE
codec_12,run_shell_command,defects4j compile,defects4j compile,BUILD
codec_12,run_shell_command,defects4j test,defects4j test,TEST
codec_12,replace,,replace,WRITE
codec_12,replace,,replace,WRITE
codec_12,replace,,replace,WRITE
codec_12,replace,,replace,WRITE
codec_12,read_file,,read_file,READ
codec_12,replace,,replace,WRITE
codec_12,run_shell_command,defects4j compile,defects4j compile,BUILD
codec_12,run_shell_command,defects4j test,defects4j test,TEST
codec_12,read_file,,read_file,READ
codec_12,replace,,replace,WRITE
codec_12,run_shell_command,defects4j compile,defects4j compile,BUILD
codec_12,read_file,,read_file,READ
codec_12,replace,,replace,WRITE
codec_12,run_shell_command,defects4j compile,defects4j compile,BUILD
codec_12,read_file,,read_file,READ
codec_12,replace,,replace,WRITE
codec_12,run_shell_command,defects4j compile,defects4j compile,BUILD
codec_12,run_shell_command,defects4j test,defects4j test,TEST
codec_12,run_shell_command,git diff,git diff,VCS
codec_13,read_file,,read_file,READ
codec_13,run_shell_command,./run_bug_exposing_tests.sh,run_bug_exposing_tests.sh,TEST
codec_13,read_file,,read_file,READ
codec_13,run_shell_command,defects4j compile,defects4j compile,BUILD
codec_13,run_shell_command,defects4j test -t org.apache.commons.codec.language.DoubleMetaphoneTest::test1,defects4j test,TEST
codec_13,read_file,,read_file,READ
codec_13,replace,,replace,WRITE
codec_13,run_shell_command,defects4j compile,defects4j compile,BUILD
codec_13,run_shell_command,defects4j test -t org.apache.commons.codec.language.DoubleMetaphoneTest::test1,defects4j test,TEST
codec_13,replace,,replace,WRITE
codec_13,replace,,replace,WRITE
codec_13,run_shell_command,defects4j compile,defects4j compile,BUILD
codec_13,run_shell_command,defects4j test -t org.apache.commons.codec.language.DoubleMetaphoneTest::test1,defects4j test,TEST
codec_13,run_shell_command,./run_bug_exposing_tests.sh,run_bug_exposing_tests.sh,TEST
codec_13,read_file,,read_file,READ
codec_13,replace,,replace,WRITE
codec_13,replace,,replace,WRITE
codec_13,run_shell_command,defects4j compile,defects4j compile,BUILD
codec_13,run_shell_command,defects4j test -t org.apache.commons.codec.language.DoubleMetaphoneTest::test1,defects4j test,TEST
codec_13,run_shell_command,./run_bug_exposing_tests.sh,run_bug_exposing_tests.sh,TEST
codec_13,read_file,,read_file,READ
codec_13,run_shell_command,defects4j test,defects4j test,TEST
codec_13,run_shell_command,git diff,git diff,VCS
codec_14,read_file,,read_file,READ
codec_14,run_shell_command,./run_bug_exposing_tests.sh,run_bug_exposing_tests.sh,TEST
codec_14,read_file,,read_file,READ
codec_14,glob,,glob,SEARCH_FILES
codec_14,run_shell_command,defects4j compile,defects4j compile,BUILD
codec_14,run_shell_command,./run_bug_exposing_tests.sh,run_bug_exposing_tests.sh,TEST
codec_14,read_file,,read_file,READ
codec_14,read_file,,read_file,READ
codec_14,read_file,,read_file,READ
codec_14,glob,,glob,SEARCH_FILES
codec_14,read_file,,read_file,READ
codec_14,read_file,,read_file,READ
codec_14,list_directory,,list_directory,SEARCH_FILES
codec_14,read_file,,read_file,READ
codec_14,search_file_content,,search_file_content,SEARCH_CONTENT
codec_14,read_file,,read_file,READ
codec_14,read_file,,read_file,READ
codec_14,google_web_search,,google_web_search,WEB
codec_14,glob,,glob,SEARCH_FILES
codec_14,read_file,,read_file,READ
codec_14,read_file,,read_file,READ
codec_14,read_many_files,,read_many_files,READ
codec_6,run_shell_command,./run_bug_exposing_tests.sh,run_bug_exposing_tests.sh,TEST
codec_6,read_file,,read_file,READ
codec_6,run_shell_command,defects4j test,defects4j test,TEST
codec_6,run_shell_command,defects4j test -t org.apache.commons.codec.binary.Base64InputStreamTest::testCodec101,defects4j test,TEST
codec_6,read_file,,read_file,READ
codec_6,read_file,,read_file,READ
codec_6,list_directory,,list_directory,SEARCH_FILES
codec_6,list_directory,,list_directory,SEARCH_FILES
codec_6,list_directory,,list_directory,SEARCH_FILES
codec_6,read_file,,read_file,READ
codec_6,read_file,,read_file,READ
codec_6,read_file,,read_file,READ
codec_6,read_file,,read_file,READ
codec_6,read_file,,read_file,READ
codec_6,read_file,,read_file,READ
codec_6,replace,,replace,WRITE
codec_6,run_shell_command,defects4j compile,defects4j compile,BUILD
codec_6,run_shell_command,defects4j test -t org.apache.commons.codec.binary.Base64InputStreamTest::testCodec101,defects4j test,TEST
codec_6,read_file,,read_file,READ
codec_6,read_file,,read_file,READ
codec_6,replace,,replace,WRITE
codec_6,run_shell_command,defects4j compile,defects4j compile,BUILD
codec_6,run_shell_command,defects4j test -t org.apache.commons.codec.binary.Base64InputStreamTest::testCodec101,defects4j test,TEST
codec_6,read_file,,read_file,READ
codec_6,replace,,replace,WRITE
codec_6,run_shell_command,defects4j compile,defects4j compile,BUILD
codec_6,run_shell_command,defects4j test -t org.apache.commons.codec.binary.Base64InputStreamTest::testCodec101,defects4j test,TEST
codec_6,read_file,,read_file,READ
codec_6,replace,,replace,WRITE
codec_6,run_shell_command,defects4j compile,defects4j compile,BUILD
codec_6,run_shell_command,defects4j test -t org.apache.commons.codec.binary.Base64InputStreamTest::testCodec101,defects4j test,TEST
codec_6,run_shell_command,defects4j test,defects4j test,TEST
codec_6,run_shell_command,git diff,git diff,VCS
codec_8,read_file,,read_file,READ
codec_8,run_shell_command,./run_bug_exposing_tests.sh,run_bug_exposing_tests.sh,TEST
codec_8,read_file,,read_file,READ
codec_8,run_shell_command,defects4j test,defects4j test,TEST
codec_8,read_file,,read_file,READ
codec_8,read_file,,read_file,READ
codec_8,replace,,replace,WRITE
codec_8,run_shell_command,defects4j compile,defects4j compile,BUILD
codec_8,run_shell_command,defects4j test -t org.apache.commons.codec.binary.Base64InputStreamTest::testCodec105,defects4j test,TEST
codec_8,run_shell_command,defects4j test,defects4j test,TEST
codec_8,run_shell_command,git diff > /Users/danielding/Desktop/example_dir/Codec_8/fix.patch,git diff,VCS
compress_11,read_file,,read_file,READ
compress_11,run_shell_command,./run_bug_exposing_tests.sh,run_bug_exposing_tests.sh,TEST
compress_11,read_file,,read_file,READ
compress_11,read_file,,read_file,READ
compress_11,run_shell_command,defects4j compile,defects4j compile,BUILD
compress_11,run_shell_command,defects4j test -t org.apache.commons.compress.archivers.ArchiveStreamFactoryTest::shortTextFilesAreNoTARs,defects4j test,TEST
compress_11,read_file,,read_file,READ
compress_11,replace,,replace,WRITE
compress_11,run_shell_command,defects4j test -t org.apache.commons.compress.archivers.ArchiveStreamFactoryTest::shortTextFilesAreNoTARs,defects4j test,TEST
compress_11,run_shell_command,defects4j test,defects4j test,TEST
compress_11,run_shell_command,git diff,git diff,VCS
compress_29,read_file,,read_file,READ
compress_29,run_shell_command,./run_bug_exposing_tests.sh,run_bug_exposing_tests.sh,TEST
compress_29,read_file,,read_file,READ
compress_29,run_shell_command,defects4j compile,defects4j compile,BUILD
compress_29,run_shell_command,defects4j test,defects4j test,TEST
compress_29,glob,,glob,SEARCH_FILES
compress_29,read_file,,read_file,READ
compress_29,glob,,glob,SEARCH_FILES
compress_29,glob,,glob,SEARCH_FILES
compress_29,glob,,glob,SEARCH_FILES
compress_29,glob,,glob,SEARCH_FILES
compress_29,glob,,glob,SEARCH_FILES
compress_29,read_file,,read_file,READ
compress_29,read_file,,read_file,READ
compress_29,read_file,,read_file,READ
compress_29,read_file,,read_file,READ
compress_29,read_file,,read_file,READ
compress_29,replace,,replace,WRITE
compress_29,replace,,replace,WRITE
compress_29,replace,,replace,WRITE
compress_29,run_shell_command,defects4j compile,defects4j compile,BUILD
compress_29,run_shell_command,defects4j test,defects4j test,TEST
compress_29,glob,,glob,SEARCH_FILES
compress_29,read_file,,read_file,READ
compress_29,replace,,replace,WRITE
compress_29,glob,,glob,SEARCH_FILES
compress_29,glob,,glob,SEARCH_FILES
compress_29,read_file,,read_file,READ
compress_29,replace,,replace,WRITE
compress_29,read_file,,read_file,READ
compress_29,replace,,replace,WRITE
compress_29,read_file,,read_file,READ
compress_29,replace,,replace,WRITE
compress_29,replace,,replace,WRITE
compress_29,replace,,replace,WRITE
compress_29,run_shell_command,defects4j compile,defects4j compile,BUILD
compress_29,run_shell_command,defects4j test,defects4j test,TEST
compress_29,run_shell_command,./run_all_tests_trace.sh,run_all_tests_trace.sh,TEST
compress_29,read_file,,read_file,READ
compress_29,read_file,,read_file,READ
compress_29,glob,,glob,SEARCH_FILES
compress_29,glob,,glob,SEARCH_FILES
compress_29,read_file,,read_file,READ
compress_29,read_file,,read_file,READ
compress_29,replace,,replace,WRITE
compress_29,run_shell_command,defects4j compile,defects4j compile,BUILD
compress_29,replace,,replace,WRITE
compress_29,run_shell_command,defects4j compile,defects4j compile,BUILD
compress_29,replace,,replace,WRITE
compress_29,replace,,replace,WRITE
compress_29,read_file,,read_file,READ
compress_29,replace,,replace,WRITE
compress_29,replace,,replace,WRITE
compress_29,run_shell_command,defects4j compile,defects4j compile,BUILD
compress_29,run_shell_command,defects4j test,defects4j test,TEST
compress_29,run_shell_command,./run_all_tests_trace.sh,run_all_tests_trace.sh,TEST
compress_29,replace,,replace,WRITE
compress_29,run_shell_command,defects4j compile,defects4j compile,BUILD
compress_29,run_shell_command,./run_all_tests_trace.sh,run_all_tests_trace.sh,TEST
compress_29,replace,,replace,WRITE
compress_29,run_shell_command,defects4j compile,defects4j compile,BUILD
compress_29,run_shell_command,./run_all_tests_trace.sh,run_all_tests_trace.sh,TEST
compress_29,replace,,replace,WRITE
compress_29,run_shell_command,defects4j compile,defects4j compile,BUILD
compress_29,run_shell_command,./run_all_tests_trace.sh,run_all_tests_trace.sh,TEST
compress_29,replace,,replace,WRITE
compress_29,replace,,replace,WRITE
compress_29,replace,,replace,WRITE
compress_29,read_file,,read_file,READ
compress_29,replace,,replace,WRITE
compress_29,replace,,replace,WRITE
compress_29,replace,,replace,WRITE
compress_29,run_shell_command,git diff,git diff,VCS
compress_34,read_file,,read_file,READ
compress_34,run_shell_command,./run_bug_exposing_tests.sh,run_bug_exposing_tests.sh,TEST
compress_34,read_file,,read_file,READ
compress_34,list_directory,,list_directory,SEARCH_FILES
compress_34,run_shell_command,defects4j compile,defects4j compile,BUILD
compress_34,run_shell_command,./run_bug_exposing_tests.sh,run_bug_exposing_tests.sh,TEST
compress_34,read_file,,read_file,READ
compress_34,read_file,,read_file,READ
compress_34,read_file,,read_file,READ
compress_34,replace,,replace,WRITE
compress_34,run_shell_command,defects4j compile,defects4j compile,BUILD
compress_34,run_shell_command,./run_bug_exposing_tests.sh,run_bug_exposing_tests.sh,TEST
compress_34,read_file,,read_file,READ
compress_34,replace,,replace,WRITE
compress_34,run_shell_command,defects4j compile,defects4j compile,BUILD
compress_34,run_shell_command,defects4j test,defects4j test,TEST
compress_34,run_shell_command,git diff,git diff,VCS
compress_35,read_file,,read_file,READ
compress_35,run_shell_command,./run_bug_exposing_tests.sh,run_bug_exposing_tests.sh,TEST
compress_35,read_file,,read_file,READ
compress_35,search_file_content,,search_file_content,SEARCH_CONTENT
compress_35,read_file,,read_file,READ
compress_35,glob,,glob,SEARCH_FILES
compress_35,read_file,,read_file,READ
compress_35,glob,,glob,SEARCH_FILES
compress_35,read_file,,read_file,READ
compress_35,replace,,replace,WRITE
compress_35,run_shell_command,./run_bug_exposing_tests.sh,run_bug_exposing_tests.sh,TEST
compress_35,read_file,,read_file,READ
compress_35,run_shell_command,defects4j test,defects4j test,TEST
compress_35,run_shell_command,./run_all_tests_trace.sh,run_all_tests_trace.sh,TEST
compress_35,read_file,,read_file,READ
compress_35,run_shell_command,git diff > /Users/danielding/Desktop/example_dir/Compress_35/fix.patch,git diff,VCS
compress_47,read_file,,read_file,READ
compress_47,run_shell_command,./run_bug_exposing_tests.sh,run_bug_exposing_tests.sh,TEST
compress_47,read_file,,read_file,READ
compress_47,run_shell_command,defects4j compile,defects4j compile,BUILD
compress_47,read_file,,read_file,READ
compress_47,run_shell_command,defects4j export -p cp.test,defects4j export,DEFECTS4J_OTHER
compress_47,run_shell_command,defects4j test -t org.apache.commons.compress.archivers.zip.ZipArchiveInputStreamTest,defects4j test,TEST
compress_47,run_shell_command,defects4j export -p tests.trigger,defects4j export,DEFECTS4J_OTHER
compress_47,run_shell_command,defects4j test -t org.apache.commons.compress.archivers.zip.ZipArchiveInputStreamTest::properlyMarksEntriesAsUnreadableIfUncompressedSizeIsUnknown,defects4j test,TEST
compress_47,read_file,,read_file,READ
compress_47,replace,,replace,WRITE
compress_47,run_shell_command,defects4j compile,defects4j compile,BUILD
compress_47,run_shell_command,defects4j test -t org.apache.commons.compress.archivers.zip.ZipArchiveInputStreamTest::properlyMarksEntriesAsUnreadableIfUncompressedSizeIsUnknown,defects4j test,TEST
compress_47,read_file,,read_file,READ
compress_47,replace,,replace,WRITE
compress_47,replace,,replace,WRITE
compress_47,run_shell_command,defects4j compile,defects4j compile,BUILD
compress_47,run_shell_command,defects4j test -t org.apache.commons.compress.archivers.zip.ZipArchiveInputStreamTest::properlyMarksEntriesAsUnreadableIfUncompressedSizeIsUnknown,defects4j test,TEST
compress_47,read_file,,read_file,READ
compress_47,replace,,replace,WRITE
compress_47,read_file,,read_file,READ
compress_47,replace,,replace,WRITE
compress_47,run_shell_command,defects4j compile,defects4j compile,BUILD
compress_47,run_shell_command,defects4j test -t org.apache.commons.compress.archivers.zip.ZipArchiveInputStreamTest::properlyMarksEntriesAsUnreadableIfUncompressedSizeIsUnknown,defects4j test,TEST
compress_47,run_shell_command,defects4j test,defects4j test,TEST
compress_47,run_shell_command,git diff,git diff,VCS
compress_6,read_file,,read_file,READ
compress_6,run_shell_command,./run_bug_exposing_tests.sh,run_bug_exposing_tests.sh,TEST
compress_6,read_file,,read_file,READ
compress_6,run_shell_command,defects4j test,defects4j test,TEST
compress_6,read_file,,read_file,READ
compress_6,replace,,replace,WRITE
compress_6,run_shell_command,defects4j compile,defects4j compile,BUILD
compress_6,run_shell_command,defects4j test,defects4j test,TEST
compress_6,run_shell_command,git diff,git diff,VCS
compress_9,read_file,,read_file,READ
compress_9,run_shell_command,defects4j compile,defects4j compile,BUILD
compress_9,run_shell_command,./run_bug_exposing_tests.sh,run_bug_exposing_tests.sh,TEST
compress_9,read_file,,read_file,READ
compress_9,replace,,replace,WRITE
compress_9,read_file,,read_file,READ
compress_9,replace,,replace,WRITE
compress_9,replace,,replace,WRITE
compress_9,replace,,replace,WRITE
compress_9,replace,,replace,WRITE
compress_9,read_file,,read_file,READ
compress_9,replace,,replace,WRITE
compress_9,replace,,replace,WRITE
compress_9,read_file,,read_file,READ
compress_9,replace,,replace,WRITE
compress_9,replace,,replace,WRITE
compress_9,run_shell_command,defects4j compile,defects4j compile,BUILD
compress_9,run_shell_command,./run_bug_exposing_tests.sh,run_bug_exposing_tests.sh,TEST
compress_9,read_file,,read_file,READ
csv_16,read_file,,read_file,READ
csv_16,run_shell_command,./run_bug_exposing_tests.sh,run_bug_exposing_tests.sh,TEST
csv_16,read_file,,read_file,READ
csv_16,run_shell_command,defects4j compile,defects4j compile,BUILD
csv_16,run_shell_command,defects4j test -t org.apache.commons.csv.CSVParserTest,defects4j test,TEST
csv_16,run_shell_command,defects4j test,defects4j test,TEST
csv_16,read_many_files,,read_many_files,READ
csv_16,replace,,replace,WRITE
csv_16,replace,,replace,WRITE
csv_16,replace,,replace,WRITE
csv_16,replace,,replace,WRITE
csv_16,replace,,replace,WRITE
csv_16,run_shell_command,defects4j compile,defects4j compile,BUILD
csv_16,run_shell_command,defects4j test -t org.apache.commons.csv.CSVParserTest::testIteratorSequenceBreaking,defects4j test,TEST
csv_16,run_shell_command,defects4j test,defects4j test,TEST
csv_16,run_shell_command,git diff,git diff,VCS
csv_7,read_file,,read_file,READ
csv_7,run_shell_command,./run_bug_exposing_tests.sh,run_bug_exposing_tests.sh,TEST
csv_7,read_file,,read_file,READ
csv_7,run_shell_command,defects4j test,defects4j test,TEST
csv_7,read_file,,read_file,READ
csv_7,read_file,,read_file,READ
csv_7,replace,,replace,WRITE
csv_7,run_shell_command,defects4j compile,defects4j compile,BUILD
csv_7,replace,,replace,WRITE
csv_7,run_shell_command,defects4j compile,defects4j compile,BUILD
csv_7,run_shell_command,defects4j test -t org.apache.commons.csv.CSVParserTest::testDuplicateHeaderEntries,defects4j test,TEST
csv_7,run_shell_command,defects4j test,defects4j test,TEST
csv_7,run_shell_command,git diff,git diff,VCS
csv_8,read_file,,read_file,READ
csv_8,run_shell_command,./run_bug_exposing_tests.sh,run_bug_exposing_tests.sh,TEST
csv_8,read_file,,read_file,READ
csv_8,run_shell_command,defects4j test,defects4j test,TEST
csv_8,read_file,,read_file,READ
csv_8,read_file,,read_file,READ
csv_8,replace,,replace,WRITE
csv_8,run_shell_command,defects4j compile,defects4j compile,BUILD
csv_8,run_shell_command,defects4j test,defects4j test,TEST
csv_8,read_file,,read_file,READ
csv_8,replace,,replace,WRITE
csv_8,replace,,replace,WRITE
csv_8,run_shell_command,defects4j compile,defects4j compile,BUILD
csv_8,run_shell_command,defects4j test,defects4j test,TEST
csv_8,run_shell_command,git diff,git diff,VCS
gson_14,read_file,,read_file,READ
gson_14,run_shell_command,./run_bug_exposing_tests.sh,run_bug_exposing_tests.sh,TEST
gson_14,read_file,,read_file,READ
gson_14,glob,,glob,SEARCH_FILES
gson_14,run_shell_command,defects4j compile,defects4j compile,BUILD
gson_14,run_shell_command,./run_bug_exposing_tests.sh,run_bug_exposing_tests.sh,TEST
gson_14,read_file,,read_file,READ
gson_14,read_file,,read_file,READ
gson_14,replace,,replace,WRITE
gson_14,replace,,replace,WRITE
gson_14,run_shell_command,defects4j compile,defects4j compile,BUILD
gson_14,run_shell_command,./run_bug_exposing_tests.sh,run_bug_exposing_tests.sh,TEST
gson_14,read_file,,read_file,READ
gson_14,replace,,replace,WRITE
gson_14,replace,,replace,WRITE
gson_14,replace,,replace,WRITE
gson_14,run_shell_command,defects4j compile,defects4j compile,BUILD
gson_14,run_shell_command,./run_bug_exposing_tests.sh,run_bug_exposing_tests.sh,TEST
gson_14,read_file,,read_file,READ
gson_14,replace,,replace,WRITE
gson_14,replace,,replace,WRITE
gson_14,run_shell_command,defects4j compile,defects4j compile,BUILD
gson_14,run_shell_command,./run_bug_exposing_tests.sh,run_bug_exposing_tests.sh,TEST
gson_14,read_file,,read_file,READ
gson_14,replace,,replace,WRITE
gson_14,run_shell_command,defects4j compile,defects4j compile,BUILD
gson_14,run_shell_command,./run_bug_exposing_tests.sh,run_bug_exposing_tests.sh,TEST
gson_14,read_file,,read_file,READ
gson_14,run_shell_command,./run_all_tests_trace.sh,run_all_tests_trace.sh,TEST
gson_14,read_file,,read_file,READ
gson_14,run_shell_command,git diff,git diff,VCS
gson_1,read_file,,read_file,READ
gson_1,run_shell_command,./run_bug_exposing_tests.sh,run_bug_exposing_tests.sh,TEST
gson_1,read_file,,read_file,READ
gson_1,run_shell_command,defects4j compile,defects4j compile,BUILD
gson_1,run_shell_command,./run_bug_exposing_tests.sh,run_bug_exposing_tests.sh,TEST
gson_1,read_file,,read_file,READ
gson_1,read_many_files,,read_many_files,READ
gson_1,replace,,replace,WRITE
gson_1,read_file,,read_file,READ
gson_1,replace,,replace,WRITE
gson_1,run_shell_command,defects4j compile,defects4j compile,BUILD
gson_1,read_file,,read_file,READ
gson_1,replace,,replace,WRITE
gson_1,run_shell_command,defects4j compile,defects4j compile,BUILD
gson_1,run_shell_command,./run_bug_exposing_tests.sh,run_bug_exposing_tests.sh,TEST
gson_1,read_file,,read_file,READ
gson_1,run_shell_command,defects4j test,defects4j test,TEST
gson_1,run_shell_command,git diff > /Users/danielding/Desktop/example_dir/Gson_1/fix.patch,git diff,VCS
gson_1,read_file,,read_file,READ
gson_7,read_file,,read_file,READ
gson_7,run_shell_command,./run_bug_exposing_tests.sh,run_bug_exposing_tests.sh,TEST
gson_7,read_file,,read_file,READ
gson_7,run_shell_command,defects4j test -t com.google.gson.functional.MapTest::test,defects4j test,TEST
gson_7,read_file,,read_file,READ
gson_7,replace,,replace,WRITE
gson_7,replace,,replace,WRITE
gson_7,replace,,replace,WRITE
gson_7,run_shell_command,defects4j compile,defects4j compile,BUILD
gson_7,run_shell_command,defects4j test -t com.google.gson.functional.MapTest::test,defects4j test,TEST
gson_7,search_file_content,,search_file_content,SEARCH_CONTENT
gson_7,read_file,,read_file,READ
gson_8,read_file,,read_file,READ
gson_8,run_shell_command,./run_bug_exposing_tests.sh,run_bug_exposing_tests.sh,TEST
gson_8,read_file,,read_file,READ
gson_8,glob,,glob,SEARCH_FILES
gson_8,read_file,,read_file,READ
gson_8,replace,,replace,WRITE
gson_8,replace,,replace,WRITE
gson_8,run_shell_command,defects4j compile,defects4j compile,BUILD
gson_8,replace,,replace,WRITE
gson_8,replace,,replace,WRITE
gson_8,run_shell_command,defects4j compile,defects4j compile,BUILD
gson_8,run_shell_command,defects4j test,defects4j test,TEST
gson_9,read_file,,read_file,READ
gson_9,run_shell_command,./run_bug_exposing_tests.sh,run_bug_exposing_tests.sh,TEST
gson_9,read_file,,read_file,READ
gson_9,run_shell_command,defects4j test,defects4j test,TEST
gson_9,glob,,glob,SEARCH_FILES
gson_9,read_file,,read_file,READ
gson_9,glob,,glob,SEARCH_FILES
gson_9,read_file,,read_file,READ
gson_9,replace,,replace,WRITE
gson_9,run_shell_command,defects4j compile,defects4j compile,BUILD
gson_9,run_shell_command,defects4j test -t com.google.gson.stream.JsonWriterTest::testBoxedBooleans,defects4j test,TEST
gson_9,run_shell_command,git restore /Users/danielding/Desktop/example_dir/Gson_9/gson/src/main/java/com/google/gson/stream/JsonWriter.java,git restore,VCS
gson_9,replace,,replace,WRITE
gson_9,run_shell_command,defects4j compile,defects4j compile,BUILD
gson_9,run_shell_command,defects4j test -t com.google.gson.stream.JsonWriterTest::testBoxedBooleans,defects4j test,TEST
gson_9,read_file,,read_file,READ
gson_9,run_shell_command,./run_bug_exposing_tests.sh,run_bug_exposing_tests.sh,TEST
gson_9,read_file,,read_file,READ
gson_9,read_file,,read_file,READ
gson_9,run_shell_command,git restore /Users/danielding/Desktop/example_dir/Gson_9/gson/src/main/java/com/google/gson/stream/JsonWriter.java,git restore,VCS
gson_9,replace,,replace,WRITE
gson_9,run_shell_command,defects4j compile,defects4j compile,BUILD
gson_9,run_shell_command,defects4j test -t com.google.gson.stream.JsonWriterTest::testBoxedBooleans,defects4j test,TEST
gson_9,read_file,,read_file,READ
gson_9,run_shell_command,git restore /Users/danielding/Desktop/example_dir/Gson_9/gson/src/main/java/com/google/gson/stream/JsonWriter.java,git restore,VCS
gson_9,replace,,replace,WRITE
gson_9,run_shell_command,defects4j compile,defects4j compile,BUILD
gson_9,run_shell_command,defects4j test -t com.google.gson.stream.JsonWriterTest::testBoxedBooleans,defects4j test,TEST
gson_9,run_shell_command,git restore /Users/danielding/Desktop/example_dir/Gson_9/gson/src/main/java/com/google/gson/stream/JsonWriter.java,git restore,VCS
gson_9,replace,,replace,WRITE
gson_9,run_shell_command,defects4j compile,defects4j compile,BUILD
gson_9,run_shell_command,git restore /Users/danielding/Desktop/example_dir/Gson_9/gson/src/main/java/com/google/gson/stream/JsonWriter.java,git restore,VCS
gson_9,replace,,replace,WRITE
gson_9,read_file,,read_file,READ
gson_9,replace,,replace,WRITE
gson_9,run_shell_command,defects4j compile,defects4j compile,BUILD
gson_9,run_shell_command,git restore /Users/danielding/Desktop/example_dir/Gson_9/gson/src/main/java/com/google/gson/stream/JsonWriter.java,git restore,VCS
gson_9,replace,,replace,WRITE
gson_9,read_file,,read_file,READ
gson_9,run_shell_command,git restore /Users/danielding/Desktop/example_dir/Gson_9/gson/src/main/java/com/google/gson/stream/JsonWriter.java,git restore,VCS
gson_9,replace,,replace,WRITE
gson_9,read_file,,read_file,READ
gson_9,replace,,replace,WRITE
gson_9,read_file,,read_file,READ
gson_9,write_file,,write_file,WRITE
gson_9,run_shell_command,defects4j compile,defects4j compile,BUILD
gson_9,read_file,,read_file,READ
gson_9,write_file,,write_file,WRITE
gson_9,run_shell_command,defects4j compile,defects4j compile,BUILD
gson_9,read_file,,read_file,READ
gson_9,write_file,,write_file,WRITE
gson_9,run_shell_command,defects4j compile,defects4j compile,BUILD
gson_9,read_file,,read_file,READ
gson_9,run_shell_command,defects4j compile,defects4j compile,BUILD
gson_9,read_file,,read_file,READ
gson_9,run_shell_command,defects4j compile,defects4j compile,BUILD
gson_9,read_file,,read_file,READ
gson_9,run_shell_command,defects4j compile,defects4j compile,BUILD
gson_9,read_file,,read_file,READ
gson_9,write_file,,write_file,WRITE
gson_9,run_shell_command,defects4j compile,defects4j compile,BUILD
gson_9,write_file,,write_file,WRITE
gson_9,run_shell_command,defects4j compile,defects4j compile,BUILD
gson_9,write_file,,write_file,WRITE
gson_9,run_shell_command,defects4j compile,defects4j compile,BUILD
gson_9,write_file,,write_file,WRITE
gson_9,run_shell_command,defects4j compile,defects4j compile,BUILD
gson_9,write_file,,write_file,WRITE
gson_9,run_shell_command,defects4j compile,defects4j compile,BUILD
gson_9,write_file,,write_file,WRITE
gson_9,run_shell_command,defects4j compile,defects4j compile,BUILD
jacksoncore_10,read_file,,read_file,READ
jacksoncore_10,run_shell_command,./run_bug_exposing_tests.sh,run_bug_exposing_tests.sh,TEST
jacksoncore_10,read_file,,read_file,READ
jacksoncore_10,write_file,,write_file,WRITE
jacksoncore_10,run_shell_command,defects4j compile,defects4j compile,BUILD
jacksoncore_10,read_file,,read_file,READ
jacksoncore_10,replace,,replace,WRITE
jacksoncore_10,run_shell_command,defects4j compile,defects4j compile,BUILD
jacksoncore_10,read_file,,read_file,READ
jacksoncore_10,google_web_search,,google_web_search,WEB
jacksoncore_10,google_web_search,,google_web_search,WEB
jacksoncore_10,google_web_search,,google_web_search,WEB
jacksoncore_10,run_shell_command,mkdir -p /Users/danielding/Desktop/example_dir/JacksonCore_10/lib,mkdir,FILE_OPS
jacksoncore_10,run_shell_command,curl -o /Users/danielding/Desktop/example_dir/JacksonCore_10/lib/jackson-databind-2.6.1.jar https://repo.maven.apache.org/maven2/com/fasterxml/jackson/core/jackson-databind/2.6.1/jackson-databind-2.6.1.jar,curl,WEB
jacksoncore_10,run_shell_command,curl -o /Users/danielding/Desktop/example_dir/JacksonCore_10/lib/testng-6.8.8.jar https://repo.maven.apache.org/maven2/org/testng/testng/6.8.8/testng-6.8.8.jar,curl,WEB
jacksoncore_10,replace,,replace,WRITE
jacksoncore_10,run_shell_command,defects4j compile,defects4j compile,BUILD
jacksoncore_10,run_shell_command,defects4j test -t com.fasterxml.jackson.core.UTF8ByteStreamTest::testRead,defects4j test,TEST
jacksoncore_10,run_shell_command,./run_bug_exposing_tests.sh,run_bug_exposing_tests.sh,TEST
jacksoncore_10,run_shell_command,"java -cp ""/Users/danielding/Desktop/defects4j/framework/projects/JacksonCore/lib/junit/junit/4.11/junit-4.11.jar:/Users/danielding/Desktop/defects4j/framework/projects/JacksonCore/lib/org/hamcrest/hamcrest-core/1.3/hamcrest-core-1.3.jar:/Users/danielding/Desktop/example_dir/JacksonCore_10/lib/jackson-databind-2.6.1.jar:/Users/danielding/Desktop/example_dir/JacksonCore_10/lib/testng-6.8.8.jar:/Users/danielding/Desktop/example_dir/JacksonCore_10/target/classes:/Users/danielding/Desktop/example_dir/JacksonCore_10/target/test-classes:/Users/danielding/Desktop/defects4j/framework/projects/lib/junit-4.11.jar:/Users/danielding/Desktop/defects4j/framework/projects/JacksonCore/lib/junit/junit/4.12/junit-4.12.jar:/Users/danielding/Desktop/defects4j/framework/projects/JacksonCore/lib/junit/junit/4.8.2/junit-4.8.2.jar"" org.testng.TestNG com.fasterxml.jackson.core.UTF8ByteStreamTest > utf8bytestreamtest.log 2>&1",java,BUILD
jacksoncore_10,read_file,,read_file,READ
jacksoncore_10,google_web_search,,google_web_search,WEB
jacksoncore_10,run_shell_command,curl -o /Users/danielding/Desktop/example_dir/JacksonCore_10/lib/jcommander-1.27.jar https://repo.maven.apache.org/maven2/com/beust/jcommander/1.27/jcommander-1.27.jar,curl,WEB
jacksoncore_10,replace,,replace,WRITE
jacksoncore_10,run_shell_command,defects4j compile,defects4j compile,BUILD
jacksoncore_10,run_shell_command,"java -cp ""/Users/danielding/Desktop/defects4j/framework/projects/JacksonCore/lib/junit/junit/4.11/junit-4.11.jar:/Users/danielding/Desktop/defects4j/framework/projects/JacksonCore/lib/org/hamcrest/hamcrest-core/1.3/hamcrest-core-1.3.jar:/Users/danielding/Desktop/example_dir/JacksonCore_10/lib/jackson-databind-2.6.1.jar:/Users/danielding/Desktop/example_dir/JacksonCore_10/lib/testng-6.8.8.jar:/Users/danielding/Desktop/example_dir/JacksonCore_10/lib/jcommander-1.27.jar:/Users/danielding/Desktop/example_dir/JacksonCore_10/target/classes:/Users/danielding/Desktop/example_dir/JacksonCore_10/target/test-classes:/Users/danielding/Desktop/defects4j/framework/projects/lib/junit-4.11.jar:/Users/danielding/Desktop/defects4j/framework/projects/JacksonCore/lib/junit/junit/4.12/junit-4.12.jar:/Users/danielding/Desktop/defects4j/framework/projects/JacksonCore/lib/junit/junit/4.8.2/junit-4.8.2.jar"" org.testng.TestNG com.fasterxml.jackson.core.UTF8ByteStreamTest > utf8bytestreamtest_bug_trace.log 2>&1",java,BUILD
jacksoncore_10,read_file,,read_file,READ
jacksoncore_10,run_shell_command,"java -cp ""/Users/danielding/Desktop/defects4j/framework/projects/JacksonCore/lib/junit/junit/4.11/junit-4.11.jar:/Users/danielding/Desktop/defects4j/framework/projects/JacksonCore/lib/org/hamcrest/hamcrest-core/1.3/hamcrest-core-1.3.jar:/Users/danielding/Desktop/example_dir/JacksonCore_10/lib/jackson-databind-2.6.1.jar:/Users/danielding/Desktop/example_dir/JacksonCore_10/lib/testng-6.8.8.jar:/Users/danielding/Desktop/example_dir/JacksonCore_10/lib/jcommander-1.27.jar:/Users/danielding/Desktop/example_dir/JacksonCore_10/target/classes:/Users/danielding/Desktop/example_dir/JacksonCore_10/target/test-classes:/Users/danielding/Desktop/defects4j/framework/projects/lib/junit-4.11.jar:/Users/danielding/Desktop/defects4j/framework/projects/JacksonCore/lib/junit/junit/4.12/junit-4.12.jar:/Users/danielding/Desktop/defects4j/framework/projects/JacksonCore/lib/junit/junit/4.8.2/junit-4.8.2.jar"" org.testng.TestNG -testclass com.fasterxml.jackson.core.UTF8ByteStreamTest > utf8bytestreamtest_bug_trace.log 2>&1",java,BUILD
jacksoncore_10,read_file,,read_file,READ
jacksoncore_10,run_shell_command,defects4j test -t com.fasterxml.jackson.core.UTF8ByteStreamTest::testRead,defects4j test,TEST
jacksoncore_10,glob,,glob,SEARCH_FILES
jacksoncore_10,glob,,glob,SEARCH_FILES
jacksoncore_10,replace,,replace,WRITE
jacksoncore_10,run_shell_command,defects4j compile,defects4j compile,BUILD
jacksoncore_10,run_shell_command,defects4j test -t com.fasterxml.jackson.core.UTF8ByteStreamTest::testRead > utf8bytestreamtest_bug_trace_with_print.log 2>&1,defects4j test,TEST
jacksoncore_10,read_file,,read_file,READ
jacksoncore_10,run_shell_command,"java -cp ""/Users/danielding/Desktop/defects4j/framework/projects/JacksonCore/lib/junit/junit/4.11/junit-4.11.jar:/Users/danielding/Desktop/defects4j/framework/projects/JacksonCore/lib/org/hamcrest/hamcrest-core/1.3/hamcrest-core-1.3.jar:/Users/danielding/Desktop/example_dir/JacksonCore_10/lib/jackson-databind-2.6.1.jar:/Users/danielding/Desktop/example_dir/JacksonCore_10/lib/testng-6.8.8.jar:/Users/danielding/Desktop/example_dir/JacksonCore_10/lib/jcommander-1.27.jar:/Users/danielding/Desktop/example_dir/JacksonCore_10/target/classes:/Users/danielding/Desktop/example_dir/JacksonCore_10/target/test-classes:/Users/danielding/Desktop/defects4j/framework/projects/lib/junit-4.11.jar:/Users/danielding/Desktop/defects4j/framework/projects/JacksonCore/lib/junit/junit/4.12/junit-4.12.jar:/Users/danielding/Desktop/defects4j/framework/projects/JacksonCore/lib/junit/junit/4.8.2/junit-4.8.2.jar"" org.testng.TestNG -testclass com.fasterxml.jackson.core.UTF8ByteStreamTest > utf8bytestreamtest_bug_trace_direct.log 2>&1",java,BUILD
jacksoncore_10,read_file,,read_file,READ
jacksoncore_10,read_file,,read_file,READ
jacksoncore_10,replace,,replace,WRITE
jacksoncore_10,run_shell_command,defects4j compile,defects4j compile,BUILD
jacksoncore_10,run_shell_command,defects4j test -t com.fasterxml.jackson.core.UTF8ByteStreamTest::testRead,defects4j test,TEST
jacksoncore_10,run_shell_command,"java -cp ""/Users/danielding/Desktop/defects4j/framework/projects/JacksonCore/lib/junit/junit/4.11/junit-4.11.jar:/Users/danielding/Desktop/defects4j/framework/projects/JacksonCore/lib/org/hamcrest/hamcrest-core/1.3/hamcrest-core-1.3.jar:/Users/danielding/Desktop/example_dir/JacksonCore_10/lib/jackson-databind-2.6.1.jar:/Users/danielding/Desktop/example_dir/JacksonCore_10/lib/testng-6.8.8.jar:/Users/danielding/Desktop/example_dir/JacksonCore_10/lib/jcommander-1.27.jar:/Users/danielding/Desktop/example_dir/JacksonCore_10/target/classes:/Users/danielding/Desktop/example_dir/JacksonCore_10/target/test-classes:/Users/danielding/Desktop/defects4j/framework/projects/lib/junit-4.11.jar:/Users/danielding/Desktop/defects4j/framework/projects/JacksonCore/lib/junit/junit/4.12/junit-4.12.jar:/Users/danielding/Desktop/defects4j/framework/projects/JacksonCore/lib/junit/junit/4.8.2/junit-4.8.2.jar"" org.testng.TestNG -testclass com.fasterxml.jackson.core.UTF8ByteStreamTest > utf8bytestreamtest_post_fix_trace.log 2>&1",java,BUILD
jacksoncore_10,read_file,,read_file,READ
jacksoncore_10,replace,,replace,WRITE
jacksoncore_10,run_shell_command,defects4j compile,defects4j compile,BUILD
jacksoncore_10,run_shell_command,defects4j test,defects4j test,TEST
jacksoncore_10,read_file,,read_file,READ
jacksoncore_10,replace,,replace,WRITE
jacksoncore_10,run_shell_command,defects4j compile,defects4j compile,BUILD
jacksoncore_10,run_shell_command,defects4j test -t com.fasterxml.jackson.core.UTF8ByteStreamTest::testRead,defects4j test,TEST
jacksoncore_10,run_shell_command,defects4j test -t com.fasterxml.jackson.core.sym.TestSymbolTables::testCollisionsWithBytesNew187b,defects4j test,TEST
jacksoncore_10,replace,,replace,WRITE
jacksoncore_10,replace,,replace,WRITE
jacksoncore_10,run_shell_command,defects4j compile,defects4j compile,BUILD
jacksoncore_10,run_shell_command,defects4j test -t com.fasterxml.jackson.core.UTF8ByteStreamTest::testRead,defects4j test,TEST
jacksoncore_10,run_shell_command,git restore src/main/java/com/fasterxml/jackson/core/sym/ByteQuadsCanonicalizer.java,git restore,VCS
jacksoncore_10,google_web_search,,google_web_search,WEB
jacksoncore_10,replace,,replace,WRITE
jacksoncore_10,run_shell_command,defects4j compile,defects4j compile,BUILD
jacksoncore_10,run_shell_command,defects4j test,defects4j test,TEST
jacksoncore_10,replace,,replace,WRITE
jacksoncore_10,run_shell_command,defects4j compile,defects4j compile,BUILD
jacksoncore_10,run_shell_command,"java -cp ""/Users/danielding/Desktop/defects4j/framework/projects/JacksonCore/lib/junit/junit/4.11/junit-4.11.jar:/Users/danielding/Desktop/defects4j/framework/projects/JacksonCore/lib/org/hamcrest/hamcrest-core/1.3/hamcrest-core-1.3.jar:/Users/danielding/Desktop/example_dir/JacksonCore_10/lib/jackson-databind-2.6.1.jar:/Users/danielding/Desktop/example_dir/JacksonCore_10/lib/testng-6.8.8.jar:/Users/danielding/Desktop/example_dir/JacksonCore_10/lib/jcommander-1.27.jar:/Users/danielding/Desktop/example_dir/JacksonCore_10/target/classes:/Users/danielding/Desktop/example_dir/JacksonCore_10/target/test-classes:/Users/danielding/Desktop/defects4j/framework/projects/lib/junit-4.11.jar:/Users/danielding/Desktop/defects4j/framework/projects/JacksonCore/lib/junit/junit/4.12/junit-4.12.jar:/Users/danielding/Desktop/defects4j/framework/projects/JacksonCore/lib/junit/junit/4.8.2/junit-4.8.2.jar"" org.testng.TestNG -testclass com.fasterxml.jackson.core.UTF8ByteStreamTest > utf8bytestreamtest_final_trace.log 2>&1",java,BUILD
jacksoncore_10,read_file,,read_file,READ
jacksoncore_10,replace,,replace,WRITE
jacksoncore_10,run_shell_command,defects4j compile,defects4j compile,BUILD
jacksoncore_10,run_shell_command,defects4j test,defects4j test,TEST
jacksoncore_10,run_shell_command,git restore src/main/java/com/fasterxml/jackson/core/sym/ByteQuadsCanonicalizer.java,git restore,VCS
jacksoncore_10,google_web_search,,google_web_search,WEB
jacksoncore_10,run_shell_command,defects4j checkout -p JacksonCore -v 10f -w /Users/danielding/Desktop/example_dir/JacksonCore_10_fixed,defects4j checkout,DEFECTS4J_OTHER
jacksoncore_10,run_shell_command,defects4j checkout -p JacksonCore -v 10f -w /Users/danielding/Desktop/example_dir/JacksonCore_10/fixed_version_temp,defects4j checkout,DEFECTS4J_OTHER
jacksoncore_10,run_shell_command,git diff --no-index /Users/danielding/Desktop/example_dir/JacksonCore_10/src/main/java/com/fasterxml/jackson/core/sym/ByteQuadsCanonicalizer.java /Users/danielding/Desktop/example_dir/JacksonCore_10/fixed_version_temp/src/main/java/com/fasterxml/jackson/core/sym/ByteQuadsCanonicalizer.java > jacksoncore_10.patch,git diff,VCS
jacksoncore_10,read_file,,read_file,READ
jacksoncore_10,replace,,replace,WRITE
jacksoncore_10,replace,,replace,WRITE
jacksoncore_10,run_shell_command,defects4j compile,defects4j compile,BUILD
jacksoncore_10,run_shell_command,defects4j test,defects4j test,TEST
jacksoncore_10,run_shell_command,rm /Users/danielding/Desktop/example_dir/JacksonCore_10/src/test/java/com/fasterxml/jackson/core/UTF8ByteStreamTest.java,rm,FILE_OPS
jacksoncore_10,run_shell_command,defects4j compile,defects4j compile,BUILD
jacksoncore_10,run_shell_command,defects4j test,defects4j test,TEST
jacksoncore_10,run_shell_command,rm -rf /Users/danielding/Desktop/example_dir/JacksonCore_10/fixed_version_temp,rm,FILE_OPS
jacksoncore_10,run_shell_command,rm -rf /Users/danielding/Desktop/example_dir/JacksonCore_10/lib,rm,FILE_OPS
jacksoncore_10,replace,,replace,WRITE
jacksoncore_10,replace,,replace,WRITE
jacksoncore_10,run_shell_command,git diff src/main/java/com/fasterxml/jackson/core/sym/ByteQuadsCanonicalizer.java > /Users/danielding/Desktop/example_dir/JacksonCore_10/jacksoncore_10_final.patch,git diff,VCS
jacksoncore_12,read_file,,read_file,READ
jacksoncore_12,run_shell_command,./run_bug_exposing_tests.sh,run_bug_exposing_tests.sh,TEST
jacksoncore_12,read_file,,read_file,READ
jacksoncore_12,glob,,glob,SEARCH_FILES
jacksoncore_12,run_shell_command,defects4j compile,defects4j compile,BUILD
jacksoncore_12,run_shell_command,./run_bug_exposing_tests.sh,run_bug_exposing_tests.sh,TEST
jacksoncore_12,read_file,,read_file,READ
jacksoncore_12,read_file,,read_file,READ
jacksoncore_12,read_file,,read_file,READ
jacksoncore_12,replace,,replace,WRITE
jacksoncore_12,replace,,replace,WRITE
jacksoncore_12,run_shell_command,defects4j compile,defects4j compile,BUILD
jacksoncore_12,run_shell_command,./run_bug_exposing_tests.sh,run_bug_exposing_tests.sh,TEST
jacksoncore_12,read_file,,read_file,READ
jacksoncore_12,run_shell_command,defects4j test,defects4j test,TEST
jacksoncore_12,run_shell_command,git diff,git diff,VCS
jacksoncore_16,read_file,,read_file,READ
jacksoncore_16,run_shell_command,./run_bug_exposing_tests.sh,run_bug_exposing_tests.sh,TEST
jacksoncore_16,read_file,,read_file,READ
jacksoncore_16,run_shell_command,defects4j compile,defects4j compile,BUILD
jacksoncore_16,run_shell_command,./run_bug_exposing_tests.sh,run_bug_exposing_tests.sh,TEST
jacksoncore_16,read_file,,read_file,READ
jacksoncore_16,read_file,,read_file,READ
jacksoncore_16,read_file,,read_file,READ
jacksoncore_16,replace,,replace,WRITE
jacksoncore_16,replace,,replace,WRITE
jacksoncore_16,run_shell_command,defects4j compile,defects4j compile,BUILD
jacksoncore_16,run_shell_command,./run_bug_exposing_tests.sh,run_bug_exposing_tests.sh,TEST
jacksoncore_16,read_file,,read_file,READ
jacksoncore_16,run_shell_command,defects4j test,defects4j test,TEST
jacksoncore_16,run_shell_command,git diff,git diff,VCS
jacksoncore_17,read_file,,read_file,READ
jacksoncore_17,run_shell_command,./run_bug_exposing_tests.sh,run_bug_exposing_tests.sh,TEST
jacksoncore_17,read_file,,read_file,READ
jacksoncore_17,glob,,glob,SEARCH_FILES
jacksoncore_17,read_file,,read_file,READ
jacksoncore_17,run_shell_command,defects4j compile,defects4j compile,BUILD
jacksoncore_17,run_shell_command,defects4j test,defects4j test,TEST
jacksoncore_17,read_file,,read_file,READ
jacksoncore_17,replace,,replace,WRITE
jacksoncore_17,run_shell_command,defects4j compile,defects4j compile,BUILD
jacksoncore_17,run_shell_command,defects4j test,defects4j test,TEST
jacksoncore_17,run_shell_command,git diff,git diff,VCS
jacksoncore_24,read_file,,read_file,READ
jacksoncore_24,run_shell_command,./run_bug_exposing_tests.sh,run_bug_exposing_tests.sh,TEST
jacksoncore_24,read_file,,read_file,READ
jacksoncore_24,read_file,,read_file,READ
jacksoncore_24,run_shell_command,defects4j compile,defects4j compile,BUILD
jacksoncore_24,run_shell_command,./run_bug_exposing_tests.sh,run_bug_exposing_tests.sh,TEST
jacksoncore_24,read_file,,read_file,READ
jacksoncore_24,write_file,,write_file,WRITE
jacksoncore_24,read_file,,read_file,READ
jacksoncore_24,replace,,replace,WRITE
jacksoncore_24,replace,,replace,WRITE
jacksoncore_24,read_file,,read_file,READ
jacksoncore_24,replace,,replace,WRITE
jacksoncore_24,replace,,replace,WRITE
jacksoncore_24,replace,,replace,WRITE
jacksoncore_24,read_file,,read_file,READ
jacksoncore_24,read_file,,read_file,READ
jacksoncore_24,read_file,,read_file,READ
jacksoncore_24,read_file,,read_file,READ
jacksoncore_24,read_file,,read_file,READ
jacksoncore_24,replace,,replace,WRITE
jacksoncore_24,run_shell_command,defects4j compile,defects4j compile,BUILD
jacksoncore_24,replace,,replace,WRITE
jacksoncore_24,run_shell_command,defects4j compile,defects4j compile,BUILD
jacksoncore_24,read_file,,read_file,READ
jacksoncore_24,replace,,replace,WRITE
jacksoncore_24,replace,,replace,WRITE
jacksoncore_24,run_shell_command,defects4j compile,defects4j compile,BUILD
jacksoncore_24,replace,,replace,WRITE
jacksoncore_24,run_shell_command,defects4j compile,defects4j compile,BUILD
jacksoncore_24,run_shell_command,./run_bug_exposing_tests.sh,run_bug_exposing_tests.sh,TEST
jacksoncore_24,read_file,,read_file,READ
jacksoncore_24,replace,,replace,WRITE
jacksoncore_24,replace,,replace,WRITE
jacksoncore_24,read_file,,read_file,READ
jacksoncore_24,replace,,replace,WRITE
jacksoncore_24,replace,,replace,WRITE
jacksoncore_24,run_shell_command,defects4j compile,defects4j compile,BUILD
jacksoncore_24,run_shell_command,./run_bug_exposing_tests.sh,run_bug_exposing_tests.sh,TEST
jacksoncore_24,read_file,,read_file,READ
jacksoncore_24,run_shell_command,defects4j test,defects4j test,TEST
jacksoncore_24,run_shell_command,git diff,git diff,VCS
jacksondatabind_103,read_file,,read_file,READ
jacksondatabind_103,run_shell_command,./run_bug_exposing_tests.sh,run_bug_exposing_tests.sh,TEST
jacksondatabind_103,read_file,,read_file,READ
jacksondatabind_103,glob,,glob,SEARCH_FILES
jacksondatabind_103,run_shell_command,defects4j compile,defects4j compile,BUILD
jacksondatabind_103,run_shell_command,./run_bug_exposing_tests.sh,run_bug_exposing_tests.sh,TEST
jacksondatabind_103,read_file,,read_file,READ
jacksondatabind_103,read_file,,read_file,READ
jacksondatabind_103,read_file,,read_file,READ
jacksondatabind_103,read_file,,read_file,READ
jacksondatabind_103,read_file,,read_file,READ
jacksondatabind_103,glob,,glob,SEARCH_FILES
jacksondatabind_103,replace,,replace,WRITE
jacksondatabind_103,run_shell_command,defects4j compile,defects4j compile,BUILD
jacksondatabind_103,run_shell_command,./run_bug_exposing_tests.sh,run_bug_exposing_tests.sh,TEST
jacksondatabind_103,read_file,,read_file,READ
jacksondatabind_103,replace,,replace,WRITE
jacksondatabind_103,replace,,replace,WRITE
jacksondatabind_103,run_shell_command,defects4j compile,defects4j compile,BUILD
jacksondatabind_103,replace,,replace,WRITE
jacksondatabind_103,read_file,,read_file,READ
jacksondatabind_103,replace,,replace,WRITE
jacksondatabind_103,replace,,replace,WRITE
jacksondatabind_103,run_shell_command,defects4j compile,defects4j compile,BUILD
jacksondatabind_103,run_shell_command,./run_bug_exposing_tests.sh,run_bug_exposing_tests.sh,TEST
jacksondatabind_103,run_shell_command,./run_bug_exposing_tests.sh,run_bug_exposing_tests.sh,TEST
jacksondatabind_103,run_shell_command,./run_bug_exposing_tests.sh,run_bug_exposing_tests.sh,TEST
jacksondatabind_103,read_file,,read_file,READ
jacksondatabind_103,replace,,replace,WRITE
jacksondatabind_103,replace,,replace,WRITE
jacksondatabind_103,replace,,replace,WRITE
jacksondatabind_103,replace,,replace,WRITE
jacksondatabind_103,replace,,replace,WRITE
jacksondatabind_103,replace,,replace,WRITE
jacksondatabind_103,replace,,replace,WRITE
jacksondatabind_103,replace,,replace,WRITE
jacksondatabind_103,replace,,replace,WRITE
jacksondatabind_103,read_file,,read_file,READ
jacksondatabind_103,run_shell_command,defects4j compile,defects4j compile,BUILD
jacksondatabind_103,run_shell_command,./run_bug_exposing_tests.sh,run_bug_exposing_tests.sh,TEST
jacksondatabind_103,read_file,,read_file,READ
jacksondatabind_103,read_file,,read_file,READ
jacksondatabind_103,replace,,replace,WRITE
jacksondatabind_103,run_shell_command,defects4j compile,defects4j compile,BUILD
jacksondatabind_103,run_shell_command,./run_bug_exposing_tests.sh,run_bug_exposing_tests.sh,TEST
jacksondatabind_103,read_file,,read_file,READ
jacksondatabind_103,replace,,replace,WRITE
jacksondatabind_103,run_shell_command,defects4j compile,defects4j compile,BUILD
jacksondatabind_103,run_shell_command,./run_bug_exposing_tests.sh,run_bug_exposing_tests.sh,TEST
jacksondatabind_103,read_file,,read_file,READ
jacksondatabind_103,replace,,replace,WRITE
jacksondatabind_103,replace,,replace,WRITE
jacksondatabind_103,run_shell_command,defects4j compile,defects4j compile,BUILD
jacksondatabind_103,run_shell_command,./run_bug_exposing_tests.sh,run_bug_exposing_tests.sh,TEST
jacksondatabind_103,read_file,,read_file,READ
jacksondatabind_103,read_file,,read_file,READ
jacksondatabind_103,replace,,replace,WRITE
jacksondatabind_103,run_shell_command,defects4j compile,defects4j compile,BUILD
jacksondatabind_103,run_shell_command,./run_bug_exposing_tests.sh,run_bug_exposing_tests.sh,TEST
jacksondatabind_103,read_file,,read_file,READ
jacksondatabind_103,replace,,replace,WRITE
jacksondatabind_103,replace,,replace,WRITE
jacksondatabind_103,replace,,replace,WRITE
jacksondatabind_103,replace,,replace,WRITE
jacksondatabind_103,replace,,replace,WRITE
jacksondatabind_103,replace,,replace,WRITE
jacksondatabind_103,replace,,replace,WRITE
jacksondatabind_103,replace,,replace,WRITE
jacksondatabind_103,replace,,replace,WRITE
jacksondatabind_103,replace,,replace,WRITE
jacksondatabind_103,replace,,replace,WRITE
jacksondatabind_103,read_file,,read_file,READ
jacksondatabind_103,replace,,replace,WRITE
jacksondatabind_103,run_shell_command,defects4j compile,defects4j compile,BUILD
jacksondatabind_103,replace,,replace,WRITE
jacksondatabind_103,run_shell_command,defects4j compile,defects4j compile,BUILD
jacksondatabind_103,replace,,replace,WRITE
jacksondatabind_103,read_file,,read_file,READ
jacksondatabind_103,replace,,replace,WRITE
jacksondatabind_103,replace,,replace,WRITE
jacksondatabind_103,replace,,replace,WRITE
jacksondatabind_103,replace,,replace,WRITE
jacksondatabind_103,replace,,replace,WRITE
jacksondatabind_103,replace,,replace,WRITE
jacksondatabind_103,replace,,replace,WRITE
jacksondatabind_103,replace,,replace,WRITE
jacksondatabind_103,replace,,replace,WRITE
jacksondatabind_103,run_shell_command,defects4j compile,defects4j compile,BUILD
jacksondatabind_103,run_shell_command,./run_bug_exposing_tests.sh,run_bug_exposing_tests.sh,TEST
jacksondatabind_103,replace,,replace,WRITE
jacksondatabind_103,run_shell_command,defects4j compile,defects4j compile,BUILD
jacksondatabind_103,run_shell_command,./run_bug_exposing_tests.sh,run_bug_exposing_tests.sh,TEST
jacksondatabind_103,replace,,replace,WRITE
jacksondatabind_103,read_file,,read_file,READ
jacksondatabind_103,run_shell_command,defects4j compile,defects4j compile,BUILD
jacksondatabind_103,run_shell_command,./run_bug_exposing_tests.sh,run_bug_exposing_tests.sh,TEST
jacksondatabind_103,run_shell_command,defects4j compile,defects4j compile,BUILD
jacksondatabind_103,run_shell_command,./run_bug_exposing_tests.sh,run_bug_exposing_tests.sh,TEST
jacksondatabind_103,run_shell_command,defects4j compile,defects4j compile,BUILD
jacksondatabind_103,run_shell_command,./run_bug_exposing_tests.sh,run_bug_exposing_tests.sh,TEST
jacksondatabind_103,run_shell_command,defects4j compile,defects4j compile,BUILD
jacksondatabind_103,run_shell_command,./run_bug_exposing_tests.sh,run_bug_exposing_tests.sh,TEST
jacksondatabind_103,read_file,,read_file,READ
jacksondatabind_103,replace,,replace,WRITE
jacksondatabind_103,replace,,replace,WRITE
jacksondatabind_103,replace,,replace,WRITE
jacksondatabind_103,replace,,replace,WRITE
jacksondatabind_103,replace,,replace,WRITE
jacksondatabind_103,replace,,replace,WRITE
jacksondatabind_103,replace,,replace,WRITE
jacksondatabind_103,replace,,replace,WRITE
jacksondatabind_103,replace,,replace,WRITE
jacksondatabind_103,replace,,replace,WRITE
jacksondatabind_108,read_file,,read_file,READ
jacksondatabind_108,run_shell_command,./run_bug_exposing_tests.sh,run_bug_exposing_tests.sh,TEST
jacksondatabind_108,read_file,,read_file,READ
jacksondatabind_108,glob,,glob,SEARCH_FILES
jacksondatabind_108,run_shell_command,defects4j compile,defects4j compile,BUILD
jacksondatabind_108,run_shell_command,./run_bug_exposing_tests.sh,run_bug_exposing_tests.sh,TEST
jacksondatabind_108,read_file,,read_file,READ
jacksondatabind_108,read_file,,read_file,READ
jacksondatabind_108,read_file,,read_file,READ
jacksondatabind_108,search_file_content,,search_file_content,SEARCH_CONTENT
jacksondatabind_108,read_file,,read_file,READ
jacksondatabind_108,search_file_content,,search_file_content,SEARCH_CONTENT
jacksondatabind_108,read_file,,read_file,READ
jacksondatabind_108,search_file_content,,search_file_content,SEARCH_CONTENT
jacksondatabind_108,read_file,,read_file,READ
jacksondatabind_108,replace,,replace,WRITE
jacksondatabind_108,run_shell_command,defects4j compile,defects4j compile,BUILD
jacksondatabind_108,run_shell_command,./run_bug_exposing_tests.sh,run_bug_exposing_tests.sh,TEST
jacksondatabind_108,read_file,,read_file,READ
jacksondatabind_108,replace,,replace,WRITE
jacksondatabind_108,search_file_content,,search_file_content,SEARCH_CONTENT
jacksondatabind_108,read_file,,read_file,READ
jacksondatabind_108,search_file_content,,search_file_content,SEARCH_CONTENT
jacksondatabind_108,read_file,,read_file,READ
jacksondatabind_108,replace,,replace,WRITE
jacksondatabind_108,read_file,,read_file,READ
jacksondatabind_108,replace,,replace,WRITE
jacksondatabind_108,replace,,replace,WRITE
jacksondatabind_108,read_file,,read_file,READ
jacksondatabind_108,read_file,,read_file,READ
jacksondatabind_108,replace,,replace,WRITE
jacksondatabind_108,run_shell_command,defects4j compile,defects4j compile,BUILD
jacksondatabind_108,run_shell_command,./run_bug_exposing_tests.sh,run_bug_exposing_tests.sh,TEST
jacksondatabind_108,run_shell_command,./run_all_tests_trace.sh,run_all_tests_trace.sh,TEST
jacksondatabind_108,replace,,replace,WRITE
jacksondatabind_108,read_file,,read_file,READ
jacksondatabind_108,replace,,replace,WRITE
jacksondatabind_108,run_shell_command,defects4j compile,defects4j compile,BUILD
jacksondatabind_108,run_shell_command,./run_bug_exposing_tests.sh,run_bug_exposing_tests.sh,TEST
jacksondatabind_108,run_shell_command,./run_all_tests_trace.sh,run_all_tests_trace.sh,TEST
jacksondatabind_108,read_file,,read_file,READ
jacksondatabind_108,replace,,replace,WRITE
jacksondatabind_108,read_file,,read_file,READ
jacksondatabind_108,replace,,replace,WRITE
jacksondatabind_108,read_file,,read_file,READ
jacksondatabind_108,replace,,replace,WRITE
jacksondatabind_108,read_file,,read_file,READ
jacksondatabind_108,replace,,replace,WRITE
jacksondatabind_108,run_shell_command,defects4j compile,defects4j compile,BUILD
jacksondatabind_108,run_shell_command,./run_bug_exposing_tests.sh,run_bug_exposing_tests.sh,TEST
jacksondatabind_108,replace,,replace,WRITE
jacksondatabind_108,read_file,,read_file,READ
jacksondatabind_108,read_file,,read_file,READ
jacksondatabind_108,replace,,replace,WRITE
jacksondatabind_108,run_shell_command,defects4j compile,defects4j compile,BUILD
jacksondatabind_108,run_shell_command,./run_bug_exposing_tests.sh,run_bug_exposing_tests.sh,TEST
jacksondatabind_108,replace,,replace,WRITE
jacksondatabind_108,run_shell_command,defects4j compile,defects4j compile,BUILD
jacksondatabind_108,run_shell_command,./run_bug_exposing_tests.sh,run_bug_exposing_tests.sh,TEST
jacksondatabind_108,replace,,replace,WRITE
jacksondatabind_108,run_shell_command,defects4j compile,defects4j compile,BUILD
jacksondatabind_108,run_shell_command,./run_bug_exposing_tests.sh,run_bug_exposing_tests.sh,TEST
jacksondatabind_108,replace,,replace,WRITE
jacksondatabind_108,replace,,replace,WRITE
jacksondatabind_108,replace,,replace,WRITE
jacksondatabind_108,run_shell_command,defects4j compile,defects4j compile,BUILD
jacksondatabind_108,run_shell_command,./run_bug_exposing_tests.sh,run_bug_exposing_tests.sh,TEST
jacksondatabind_108,replace,,replace,WRITE
jacksondatabind_108,run_shell_command,defects4j compile,defects4j compile,BUILD
jacksondatabind_108,run_shell_command,./run_bug_exposing_tests.sh,run_bug_exposing_tests.sh,TEST
jacksondatabind_108,replace,,replace,WRITE
jacksondatabind_108,run_shell_command,defects4j compile,defects4j compile,BUILD
jacksondatabind_108,run_shell_command,./run_bug_exposing_tests.sh,run_bug_exposing_tests.sh,TEST
jacksondatabind_108,replace,,replace,WRITE
jacksondatabind_108,read_file,,read_file,READ
jacksondatabind_108,read_file,,read_file,READ
jacksondatabind_108,replace,,replace,WRITE
jacksondatabind_108,read_file,,read_file,READ
jacksondatabind_108,replace,,replace,WRITE
jacksondatabind_108,run_shell_command,defects4j compile,defects4j compile,BUILD
jacksondatabind_108,run_shell_command,./run_bug_exposing_tests.sh,run_bug_exposing_tests.sh,TEST
jacksondatabind_108,replace,,replace,WRITE
jacksondatabind_108,replace,,replace,WRITE
jacksondatabind_108,run_shell_command,defects4j compile,defects4j compile,BUILD
jacksondatabind_108,run_shell_command,./run_bug_exposing_tests.sh,run_bug_exposing_tests.sh,TEST
jacksondatabind_108,replace,,replace,WRITE
jacksondatabind_110,read_file,,read_file,READ
jacksondatabind_110,glob,,glob,SEARCH_FILES
jacksondatabind_110,glob,,glob,SEARCH_FILES
jacksondatabind_110,glob,,glob,SEARCH_FILES
jacksondatabind_110,read_file,,read_file,READ
jacksondatabind_110,run_shell_command,defects4j compile,defects4j compile,BUILD
jacksondatabind_110,replace,,replace,WRITE
jacksondatabind_110,run_shell_command,./run_bug_exposing_tests.sh,run_bug_exposing_tests.sh,TEST
jacksondatabind_110,run_shell_command,defects4j test -t com.fasterxml.jackson.databind.deser.jdk.JDKCollectionsDeserTest::testUnmodifiableNonRandomAccessList,defects4j test,TEST
jacksondatabind_110,replace,,replace,WRITE
jacksondatabind_110,run_shell_command,defects4j test -t com.fasterxml.jackson.databind.deser.jdk.JDKCollectionsDeserTest::testUnmodifiableNonRandomAccessList,defects4j test,TEST
jacksondatabind_110,read_file,,read_file,READ
jacksondatabind_110,replace,,replace,WRITE
jacksondatabind_110,replace,,replace,WRITE
jacksondatabind_110,replace,,replace,WRITE
jacksondatabind_110,run_shell_command,defects4j compile,defects4j compile,BUILD
jacksondatabind_110,run_shell_command,defects4j test -t com.fasterxml.jackson.databind.deser.jdk.JDKCollectionsDeserTest::testUnmodifiableNonRandomAccessList,defects4j test,TEST
jacksondatabind_110,read_file,,read_file,READ
jacksondatabind_110,read_file,,read_file,READ
jacksondatabind_110,replace,,replace,WRITE
jacksondatabind_110,replace,,replace,WRITE
jacksondatabind_110,replace,,replace,WRITE
jacksondatabind_110,replace,,replace,WRITE
jacksondatabind_110,replace,,replace,WRITE
jacksondatabind_110,run_shell_command,defects4j compile,defects4j compile,BUILD
jacksondatabind_110,run_shell_command,defects4j test -t com.fasterxml.jackson.databind.deser.jdk.JDKCollectionsDeserTest::testUnmodifiableNonRandomAccessList,defects4j test,TEST
jacksondatabind_110,read_file,,read_file,READ
jacksondatabind_110,replace,,replace,WRITE
jacksondatabind_110,replace,,replace,WRITE
jacksondatabind_110,replace,,replace,WRITE
jacksondatabind_110,replace,,replace,WRITE
jacksondatabind_110,run_shell_command,defects4j compile,defects4j compile,BUILD
jacksondatabind_110,run_shell_command,defects4j test -t com.fasterxml.jackson.databind.deser.jdk.JDKCollectionsDeserTest::testUnmodifiableNonRandomAccessList,defects4j test,TEST
jacksondatabind_110,read_file,,read_file,READ
jacksondatabind_110,replace,,replace,WRITE
jacksondatabind_110,run_shell_command,defects4j compile,defects4j compile,BUILD
jacksondatabind_110,run_shell_command,defects4j test -t com.fasterxml.jackson.databind.deser.jdk.JDKCollectionsDeserTest::testUnmodifiableNonRandomAccessList,defects4j test,TEST
jacksondatabind_110,write_file,,write_file,WRITE
jacksondatabind_110,run_shell_command,defects4j compile,defects4j compile,BUILD
jacksondatabind_110,run_shell_command,java -cp target/test-classes:/Users/danielding/Desktop/defects4j/framework/projects/JacksonDatabind/lib/junit/junit/4.12/junit-4.12.jar:/Users/danielding/Desktop/defects4j/framework/projects/JacksonDatabind/lib/com/fasterxml/jackson/core/jackson-annotations/2.9.0/jackson-annotations-2.9.0.jar:/Users/danielding/Desktop/defects4j/framework/projects/JacksonDatabind/lib/com/fasterxml/jackson/core/jackson-core/2.9.9/jackson-core-2.9.9.jar com.fasterxml.jackson.databind.TempClassNames,java,BUILD
jacksondatabind_110,replace,,replace,WRITE
jacksondatabind_110,run_shell_command,rm /Users/danielding/Desktop/example_dir/JacksonDatabind_110/src/test/java/com/fasterxml/jackson/databind/TempClassNames.java,rm,FILE_OPS
jacksondatabind_110,replace,,replace,WRITE
jacksondatabind_110,replace,,replace,WRITE
jacksondatabind_110,replace,,replace,WRITE
jacksondatabind_110,run_shell_command,defects4j compile,defects4j compile,BUILD
jacksondatabind_110,run_shell_command,defects4j test -t com.fasterxml.jackson.databind.deser.jdk.JDKCollectionsDeserTest::testUnmodifiableNonRandomAccessList,defects4j test,TEST
jacksondatabind_110,read_file,,read_file,READ
jacksondatabind_110,replace,,replace,WRITE
jacksondatabind_110,replace,,replace,WRITE
jacksondatabind_110,replace,,replace,WRITE
jacksondatabind_110,replace,,replace,WRITE
jacksondatabind_110,read_file,,read_file,READ
jacksondatabind_111,read_file,,read_file,READ
jacksondatabind_111,search_file_content,,search_file_content,SEARCH_CONTENT
jacksondatabind_111,read_file,,read_file,READ
jacksondatabind_111,run_shell_command,defects4j test -t com.fasterxml.jackson.databind.deser.jdk.JDKAtomicTypesDeserTest::testNullWithinNested,defects4j test,TEST
jacksondatabind_111,glob,,glob,SEARCH_FILES
jacksondatabind_111,read_file,,read_file,READ
jacksondatabind_111,glob,,glob,SEARCH_FILES
jacksondatabind_111,read_file,,read_file,READ
jacksondatabind_111,replace,,replace,WRITE
jacksondatabind_111,run_shell_command,defects4j test -t com.fasterxml.jackson.databind.deser.jdk.JDKAtomicTypesDeserTest::testNullWithinNested,defects4j test,TEST
jacksondatabind_111,search_file_content,,search_file_content,SEARCH_CONTENT
jacksondatabind_111,read_file,,read_file,READ
jacksondatabind_111,read_file,,read_file,READ
jacksondatabind_111,replace,,replace,WRITE
jacksondatabind_111,run_shell_command,defects4j test -t com.fasterxml.jackson.databind.deser.jdk.JDKAtomicTypesDeserTest::testNullWithinNested,defects4j test,TEST
jacksondatabind_111,run_shell_command,defects4j compile,defects4j compile,BUILD
jacksondatabind_111,run_shell_command,defects4j test,defects4j test,TEST
jacksondatabind_13,read_file,,read_file,READ
jacksondatabind_13,run_shell_command,./run_bug_exposing_tests.sh,run_bug_exposing_tests.sh,TEST
jacksondatabind_13,read_file,,read_file,READ
jacksondatabind_13,glob,,glob,SEARCH_FILES
jacksondatabind_13,run_shell_command,defects4j compile,defects4j compile,BUILD
jacksondatabind_13,run_shell_command,defects4j test -t com.fasterxml.jackson.databind.struct.TestObjectIdDeserialization,defects4j test,TEST
jacksondatabind_13,run_shell_command,./run_bug_exposing_tests.sh,run_bug_exposing_tests.sh,TEST
jacksondatabind_13,read_file,,read_file,READ
jacksondatabind_13,glob,,glob,SEARCH_FILES
jacksondatabind_13,glob,,glob,SEARCH_FILES
jacksondatabind_13,glob,,glob,SEARCH_FILES
jacksondatabind_13,read_file,,read_file,READ
jacksondatabind_13,read_file,,read_file,READ
jacksondatabind_13,read_file,,read_file,READ
jacksondatabind_13,replace,,replace,WRITE
jacksondatabind_13,replace,,replace,WRITE
jacksondatabind_13,run_shell_command,defects4j compile,defects4j compile,BUILD
jacksondatabind_13,replace,,replace,WRITE
jacksondatabind_13,run_shell_command,defects4j compile,defects4j compile,BUILD
jacksondatabind_13,run_shell_command,defects4j test -t com.fasterxml.jackson.databind.struct.TestObjectIdDeserialization::testNullObjectId,defects4j test,TEST
jacksondatabind_13,read_file,,read_file,READ
jacksondatabind_13,replace,,replace,WRITE
jacksondatabind_13,run_shell_command,defects4j compile,defects4j compile,BUILD
jacksondatabind_13,run_shell_command,defects4j test -t com.fasterxml.jackson.databind.struct.TestObjectIdDeserialization::testNullObjectId,defects4j test,TEST
jacksondatabind_13,run_shell_command,./run_all_tests_trace.sh,run_all_tests_trace.sh,TEST
jacksondatabind_14,read_file,,read_file,READ
jacksondatabind_14,glob,,glob,SEARCH_FILES
jacksondatabind_14,write_file,,write_file,WRITE
jacksondatabind_14,run_shell_command,defects4j compile,defects4j compile,BUILD
jacksondatabind_14,run_shell_command,defects4j test -t com.fasterxml.jackson.failing.TestDeserTest::test,defects4j test,TEST
jacksondatabind_14,glob,,glob,SEARCH_FILES
jacksondatabind_14,read_file,,read_file,READ
jacksondatabind_14,replace,,replace,WRITE
jacksondatabind_14,run_shell_command,defects4j compile,defects4j compile,BUILD
jacksondatabind_14,run_shell_command,defects4j test -t com.fasterxml.jackson.failing.TestDeserTest::test,defects4j test,TEST
jacksondatabind_14,replace,,replace,WRITE
jacksondatabind_14,run_shell_command,defects4j compile,defects4j compile,BUILD
jacksondatabind_14,replace,,replace,WRITE
jacksondatabind_14,run_shell_command,defects4j compile,defects4j compile,BUILD
jacksondatabind_14,replace,,replace,WRITE
jacksondatabind_14,run_shell_command,defects4j compile,defects4j compile,BUILD
jacksondatabind_14,replace,,replace,WRITE
jacksondatabind_14,read_file,,read_file,READ
jacksondatabind_14,replace,,replace,WRITE
jacksondatabind_14,run_shell_command,defects4j compile,defects4j compile,BUILD
jacksondatabind_14,run_shell_command,defects4j test -t com.fasterxml.jackson.failing.TestDeserTest::test,defects4j test,TEST
jacksondatabind_14,replace,,replace,WRITE
jacksondatabind_14,run_shell_command,defects4j compile,defects4j compile,BUILD
jacksondatabind_14,run_shell_command,defects4j test -t com.fasterxml.jackson.failing.TestDeserTest::test,defects4j test,TEST
jacksondatabind_14,replace,,replace,WRITE
jacksondatabind_14,run_shell_command,defects4j compile,defects4j compile,BUILD
jacksondatabind_14,read_file,,read_file,READ
jacksondatabind_14,replace,,replace,WRITE
jacksondatabind_14,run_shell_command,defects4j compile,defects4j compile,BUILD
jacksondatabind_14,run_shell_command,defects4j test -t com.fasterxml.jackson.failing.TestDeserTest::test,defects4j test,TEST
jacksondatabind_14,replace,,replace,WRITE
jacksondatabind_14,read_file,,read_file,READ
jacksondatabind_14,replace,,replace,WRITE
jacksondatabind_14,run_shell_command,defects4j compile,defects4j compile,BUILD
jacksondatabind_14,run_shell_command,defects4j test -t com.fasterxml.jackson.failing.TestDeserTest::test,defects4j test,TEST
jacksondatabind_14,replace,,replace,WRITE
jacksondatabind_14,run_shell_command,defects4j compile,defects4j compile,BUILD
jacksondatabind_14,run_shell_command,defects4j test -t com.fasterxml.jackson.failing.TestDeserTest::test,defects4j test,TEST
jacksondatabind_14,run_shell_command,defects4j test,defects4j test,TEST
jacksondatabind_14,glob,,glob,SEARCH_FILES
jacksondatabind_14,read_file,,read_file,READ
jacksondatabind_14,run_shell_command,rm /Users/danielding/Desktop/example_dir/JacksonDatabind_14/src/test/java/com/fasterxml/jackson/failing/TestDeserTest.java,rm,FILE_OPS
jacksondatabind_14,replace,,replace,WRITE
jacksondatabind_14,run_shell_command,defects4j compile,defects4j compile,BUILD
jacksondatabind_14,run_shell_command,defects4j test,defects4j test,TEST
jacksondatabind_14,replace,,replace,WRITE
jacksondatabind_14,run_shell_command,defects4j compile,defects4j compile,BUILD
jacksondatabind_14,run_shell_command,defects4j test,defects4j test,TEST
jacksondatabind_14,run_shell_command,git diff,git diff,VCS
jacksondatabind_15,read_file,,read_file,READ
jacksondatabind_15,run_shell_command,./run_bug_exposing_tests.sh,run_bug_exposing_tests.sh,TEST
jacksondatabind_15,read_file,,read_file,READ
jacksondatabind_15,glob,,glob,SEARCH_FILES
jacksondatabind_15,web_fetch,,web_fetch,WEB
jacksondatabind_15,read_file,,read_file,READ
jacksondatabind_15,replace,,replace,WRITE
jacksondatabind_15,run_shell_command,mkdir -p /Users/danielding/Desktop/example_dir/JacksonDatabind_15/src/test/java/com/fasterxml/jackson/databind/bug,mkdir,FILE_OPS
jacksondatabind_15,write_file,,write_file,WRITE
jacksondatabind_15,run_shell_command,defects4j compile,defects4j compile,BUILD
jacksondatabind_15,run_shell_command,mvn clean install,mvn clean,BUILD
jacksondatabind_15,run_shell_command,defects4j compile,defects4j compile,BUILD
jacksondatabind_15,read_file,,read_file,READ
jacksondatabind_15,read_file,,read_file,READ
jacksondatabind_15,read_file,,read_file,READ
jacksondatabind_15,web_fetch,,web_fetch,WEB
jacksondatabind_15,run_shell_command,mkdir -p /Users/danielding/Desktop/example_dir/JacksonDatabind_15/lib,mkdir,FILE_OPS
jacksondatabind_18,read_file,,read_file,READ
jacksondatabind_18,run_shell_command,./run_bug_exposing_tests.sh,run_bug_exposing_tests.sh,TEST
jacksondatabind_18,read_file,,read_file,READ
jacksondatabind_18,glob,,glob,SEARCH_FILES
jacksondatabind_18,run_shell_command,defects4j compile,defects4j compile,BUILD
jacksondatabind_18,run_shell_command,./run_bug_exposing_tests.sh,run_bug_exposing_tests.sh,TEST
jacksondatabind_18,read_file,,read_file,READ
jacksondatabind_18,read_file,,read_file,READ
jacksondatabind_18,read_file,,read_file,READ
jacksondatabind_18,replace,,replace,WRITE
jacksondatabind_18,replace,,replace,WRITE
jacksondatabind_18,replace,,replace,WRITE
jacksondatabind_18,replace,,replace,WRITE
jacksondatabind_18,glob,,glob,SEARCH_FILES
jacksondatabind_18,read_file,,read_file,READ
jacksondatabind_18,replace,,replace,WRITE
jacksondatabind_18,replace,,replace,WRITE
jacksondatabind_18,run_shell_command,defects4j compile,defects4j compile,BUILD
jacksondatabind_18,read_file,,read_file,READ
jacksondatabind_18,replace,,replace,WRITE
jacksondatabind_18,read_file,,read_file,READ
jacksondatabind_18,replace,,replace,WRITE
jacksondatabind_18,replace,,replace,WRITE
jacksondatabind_18,read_file,,read_file,READ
jacksondatabind_18,write_file,,write_file,WRITE
jacksondatabind_18,run_shell_command,defects4j compile,defects4j compile,BUILD
jacksondatabind_18,run_shell_command,./run_bug_exposing_tests.sh,run_bug_exposing_tests.sh,TEST
jacksondatabind_18,read_file,,read_file,READ
jacksondatabind_18,replace,,replace,WRITE
jacksondatabind_18,run_shell_command,defects4j compile,defects4j compile,BUILD
jacksondatabind_18,run_shell_command,./run_bug_exposing_tests.sh,run_bug_exposing_tests.sh,TEST
jacksondatabind_18,read_file,,read_file,READ
jacksondatabind_18,replace,,replace,WRITE
jacksondatabind_18,run_shell_command,defects4j compile,defects4j compile,BUILD
jacksondatabind_18,run_shell_command,./run_bug_exposing_tests.sh,run_bug_exposing_tests.sh,TEST
jacksondatabind_18,read_file,,read_file,READ
jacksondatabind_18,replace,,replace,WRITE
jacksondatabind_18,read_file,,read_file,READ
jacksondatabind_18,replace,,replace,WRITE
jacksondatabind_18,read_file,,read_file,READ
jacksondatabind_18,write_file,,write_file,WRITE
jacksondatabind_18,run_shell_command,defects4j compile,defects4j compile,BUILD
jacksondatabind_18,run_shell_command,./run_bug_exposing_tests.sh,run_bug_exposing_tests.sh,TEST
jacksondatabind_18,read_file,,read_file,READ
jacksondatabind_18,replace,,replace,WRITE
jacksondatabind_18,run_shell_command,defects4j compile,defects4j compile,BUILD
jacksondatabind_18,replace,,replace,WRITE
jacksondatabind_18,run_shell_command,defects4j compile,defects4j compile,BUILD
jacksondatabind_18,run_shell_command,./run_bug_exposing_tests.sh,run_bug_exposing_tests.sh,TEST
jacksondatabind_18,read_file,,read_file,READ
jacksondatabind_18,read_file,,read_file,READ
jacksondatabind_18,replace,,replace,WRITE
jacksondatabind_18,replace,,replace,WRITE
jacksondatabind_18,read_file,,read_file,READ
jacksondatabind_18,write_file,,write_file,WRITE
jacksondatabind_18,write_file,,write_file,WRITE
jacksondatabind_18,run_shell_command,defects4j compile,defects4j compile,BUILD
jacksondatabind_18,run_shell_command,./run_bug_exposing_tests.sh,run_bug_exposing_tests.sh,TEST
jacksondatabind_18,read_file,,read_file,READ
jacksondatabind_18,read_file,,read_file,READ
jacksondatabind_18,write_file,,write_file,WRITE
jacksondatabind_18,run_shell_command,defects4j compile,defects4j compile,BUILD
jacksondatabind_18,run_shell_command,./run_bug_exposing_tests.sh,run_bug_exposing_tests.sh,TEST
jacksondatabind_18,read_file,,read_file,READ
jacksondatabind_18,read_file,,read_file,READ
jacksondatabind_18,replace,,replace,WRITE
jacksondatabind_18,replace,,replace,WRITE
jacksondatabind_18,run_shell_command,defects4j compile,defects4j compile,BUILD
jacksondatabind_18,run_shell_command,./run_bug_exposing_tests.sh,run_bug_exposing_tests.sh,TEST
jacksondatabind_18,replace,,replace,WRITE
jacksondatabind_18,replace,,replace,WRITE
jacksondatabind_18,run_shell_command,defects4j compile,defects4j compile,BUILD
jacksondatabind_18,run_shell_command,./run_bug_exposing_tests.sh,run_bug_exposing_tests.sh,TEST
jacksondatabind_18,replace,,replace,WRITE
jacksondatabind_18,replace,,replace,WRITE
jacksondatabind_18,run_shell_command,defects4j compile,defects4j compile,BUILD
jacksondatabind_18,run_shell_command,./run_bug_exposing_tests.sh,run_bug_exposing_tests.sh,TEST
jacksondatabind_18,replace,,replace,WRITE
jacksondatabind_18,replace,,replace,WRITE
jacksondatabind_18,run_shell_command,defects4j compile,defects4j compile,BUILD
jacksondatabind_18,run_shell_command,./run_bug_exposing_tests.sh,run_bug_exposing_tests.sh,TEST
jacksondatabind_18,replace,,replace,WRITE
jacksondatabind_18,replace,,replace,WRITE
jacksondatabind_18,run_shell_command,defects4j compile,defects4j compile,BUILD
jacksondatabind_18,run_shell_command,./run_bug_exposing_tests.sh,run_bug_exposing_tests.sh,TEST
jacksondatabind_18,replace,,replace,WRITE
jacksondatabind_18,replace,,replace,WRITE
jacksondatabind_18,read_file,,read_file,READ
jacksondatabind_18,replace,,replace,WRITE
jacksondatabind_18,replace,,replace,WRITE
jacksondatabind_18,run_shell_command,defects4j compile,defects4j compile,BUILD
jacksondatabind_18,run_shell_command,./run_bug_exposing_tests.sh,run_bug_exposing_tests.sh,TEST
jacksondatabind_18,replace,,replace,WRITE
jacksondatabind_18,replace,,replace,WRITE
jacksondatabind_18,replace,,replace,WRITE
jacksondatabind_18,run_shell_command,defects4j compile,defects4j compile,BUILD
jacksondatabind_18,run_shell_command,./run_bug_exposing_tests.sh,run_bug_exposing_tests.sh,TEST
jacksondatabind_18,replace,,replace,WRITE
jacksondatabind_18,run_shell_command,defects4j compile,defects4j compile,BUILD
jacksondatabind_18,run_shell_command,./run_bug_exposing_tests.sh,run_bug_exposing_tests.sh,TEST
jacksondatabind_18,replace,,replace,WRITE
jacksondatabind_18,replace,,replace,WRITE
jacksondatabind_18,run_shell_command,defects4j compile,defects4j compile,BUILD
jacksondatabind_18,run_shell_command,./run_bug_exposing_tests.sh,run_bug_exposing_tests.sh,TEST
jacksondatabind_18,replace,,replace,WRITE
jacksondatabind_18,replace,,replace,WRITE
jacksondatabind_18,replace,,replace,WRITE
jacksondatabind_18,replace,,replace,WRITE
jacksondatabind_20,read_file,,read_file,READ
jacksondatabind_20,write_file,,write_file,WRITE
jacksondatabind_20,run_shell_command,defects4j compile,defects4j compile,BUILD
jacksondatabind_20,run_shell_command,./run_bug_exposing_tests.sh,run_bug_exposing_tests.sh,TEST
jacksondatabind_20,run_shell_command,defects4j test -t com.fasterxml.jackson.databind.failing.TestPropertyNamingStrategyIssue::reproducer,defects4j test,TEST
jacksondatabind_20,search_code,,search_code,SEARCH_CONTENT
jacksondatabind_20,search_class,,search_class,SEARCH_CONTENT
jacksondatabind_20,read_file,,read_file,READ
jacksondatabind_20,search_file_content,,search_file_content,SEARCH_CONTENT
jacksondatabind_20,read_file,,read_file,READ
jacksondatabind_20,search_file_content,,search_file_content,SEARCH_CONTENT
jacksondatabind_20,search_file_content,,search_file_content,SEARCH_CONTENT
jacksondatabind_20,search_file_content,,search_file_content,SEARCH_CONTENT
jacksondatabind_20,read_file,,read_file,READ
jacksondatabind_20,read_file,,read_file,READ
jacksondatabind_20,replace,,replace,WRITE
jacksondatabind_20,run_shell_command,defects4j compile,defects4j compile,BUILD
jacksondatabind_20,run_shell_command,defects4j test -t com.fasterxml.jackson.databind.failing.TestPropertyNamingStrategyIssue::reproducer,defects4j test,TEST
jacksondatabind_20,search_file_content,,search_file_content,SEARCH_CONTENT
jacksondatabind_20,search_file_content,,search_file_content,SEARCH_CONTENT
jacksondatabind_20,search_file_content,,search_file_content,SEARCH_CONTENT
jacksondatabind_20,search_file_content,,search_file_content,SEARCH_CONTENT
jacksondatabind_20,search_file_content,,search_file_content,SEARCH_CONTENT
jacksondatabind_20,search_file_content,,search_file_content,SEARCH_CONTENT
jacksondatabind_20,read_file,,read_file,READ
jacksondatabind_20,search_file_content,,search_file_content,SEARCH_CONTENT
jacksondatabind_20,read_file,,read_file,READ
jacksondatabind_20,read_file,,read_file,READ
jacksondatabind_20,replace,,replace,WRITE
jacksondatabind_20,replace,,replace,WRITE
jacksondatabind_20,run_shell_command,defects4j compile,defects4j compile,BUILD
jacksondatabind_20,run_shell_command,defects4j test -t com.fasterxml.jackson.databind.failing.TestPropertyNamingStrategyIssue::reproducer,defects4j test,TEST
jacksondatabind_20,run_shell_command,defects4j test,defects4j test,TEST
jacksondatabind_20,run_shell_command,git diff,git diff,VCS
jacksondatabind_20,run_shell_command,rm /Users/danielding/Desktop/example_dir/JacksonDatabind_20/src/test/java/com/fasterxml/jackson/databind/failing/TestPropertyNamingStrategyIssue.java,rm,FILE_OPS
jacksondatabind_22,read_file,,read_file,READ
jacksondatabind_22,run_shell_command,./run_bug_exposing_tests.sh,run_bug_exposing_tests.sh,TEST
jacksondatabind_22,read_file,,read_file,READ
jacksondatabind_22,glob,,glob,SEARCH_FILES
jacksondatabind_22,read_file,,read_file,READ
jacksondatabind_22,read_file,,read_file,READ
jacksondatabind_22,run_shell_command,defects4j export -p tests.trigger,defects4j export,DEFECTS4J_OTHER
jacksondatabind_22,run_shell_command,defects4j export -p cp.test,defects4j export,DEFECTS4J_OTHER
jacksondatabind_22,run_shell_command,defects4j compile,defects4j compile,BUILD
jacksondatabind_22,glob,,glob,SEARCH_FILES
jacksondatabind_22,read_file,,read_file,READ
jacksondatabind_22,run_shell_command,defects4j test -t com.fasterxml.jackson.databind.ser.TestJsonValue::testJsonValueWithCustomOverride,defects4j test,TEST
jacksondatabind_22,read_file,,read_file,READ
jacksondatabind_22,search_file_content,,search_file_content,SEARCH_CONTENT
jacksondatabind_22,read_file,,read_file,READ
jacksondatabind_22,read_file,,read_file,READ
jacksondatabind_22,replace,,replace,WRITE
jacksondatabind_22,run_shell_command,defects4j compile,defects4j compile,BUILD
jacksondatabind_22,run_shell_command,defects4j test -t com.fasterxml.jackson.databind.ser.TestJsonValue::testJsonValueWithCustomOverride,defects4j test,TEST
jacksondatabind_22,run_shell_command,defects4j test,defects4j test,TEST
jacksondatabind_22,read_file,,read_file,READ
jacksondatabind_22,replace,,replace,WRITE
jacksondatabind_22,run_shell_command,defects4j compile,defects4j compile,BUILD
jacksondatabind_22,run_shell_command,defects4j test,defects4j test,TEST
jacksondatabind_22,replace,,replace,WRITE
jacksondatabind_22,run_shell_command,defects4j compile,defects4j compile,BUILD
jacksondatabind_22,replace,,replace,WRITE
jacksondatabind_22,run_shell_command,defects4j compile,defects4j compile,BUILD
jacksondatabind_22,run_shell_command,defects4j test,defects4j test,TEST
jacksondatabind_22,read_file,,read_file,READ
jacksondatabind_22,replace,,replace,WRITE
jacksondatabind_22,replace,,replace,WRITE
jacksondatabind_22,run_shell_command,defects4j compile,defects4j compile,BUILD
jacksondatabind_22,run_shell_command,defects4j test,defects4j test,TEST
jacksondatabind_22,read_file,,read_file,READ
jacksondatabind_22,replace,,replace,WRITE
jacksondatabind_22,replace,,replace,WRITE
jacksondatabind_22,replace,,replace,WRITE
jacksondatabind_22,run_shell_command,defects4j compile,defects4j compile,BUILD
jacksondatabind_22,run_shell_command,defects4j test,defects4j test,TEST
jacksondatabind_22,run_shell_command,git diff,git diff,VCS
jacksondatabind_23,read_file,,read_file,READ
jacksondatabind_23,run_shell_command,./run_bug_exposing_tests.sh,run_bug_exposing_tests.sh,TEST
jacksondatabind_23,read_file,,read_file,READ
jacksondatabind_23,run_shell_command,defects4j test,defects4j test,TEST
jacksondatabind_23,read_file,,read_file,READ
jacksondatabind_23,search_file_content,,search_file_content,SEARCH_CONTENT
jacksondatabind_23,read_file,,read_file,READ
jacksondatabind_23,read_file,,read_file,READ
jacksondatabind_23,search_file_content,,search_file_content,SEARCH_CONTENT
jacksondatabind_23,glob,,glob,SEARCH_FILES
jacksondatabind_23,read_file,,read_file,READ
jacksondatabind_23,search_file_content,,search_file_content,SEARCH_CONTENT
jacksondatabind_23,read_file,,read_file,READ
jacksondatabind_23,read_file,,read_file,READ
jacksondatabind_23,glob,,glob,SEARCH_FILES
jacksondatabind_23,glob,,glob,SEARCH_FILES
jacksondatabind_23,glob,,glob,SEARCH_FILES
jacksondatabind_23,read_file,,read_file,READ
jacksondatabind_23,read_file,,read_file,READ
jacksondatabind_23,replace,,replace,WRITE
jacksondatabind_23,replace,,replace,WRITE
jacksondatabind_23,run_shell_command,defects4j compile,defects4j compile,BUILD
jacksondatabind_23,run_shell_command,defects4j test -t com.fasterxml.jackson.databind.ser.TestJsonSerialize2::testEmptyInclusionScalars,defects4j test,TEST
jacksondatabind_23,read_file,,read_file,READ
jacksondatabind_23,glob,,glob,SEARCH_FILES
jacksondatabind_23,glob,,glob,SEARCH_FILES
jacksondatabind_23,glob,,glob,SEARCH_FILES
jacksondatabind_23,read_file,,read_file,READ
jacksondatabind_23,glob,,glob,SEARCH_FILES
jacksondatabind_23,glob,,glob,SEARCH_FILES
jacksondatabind_23,read_file,,read_file,READ
jacksondatabind_23,read_file,,read_file,READ
jacksondatabind_23,read_file,,read_file,READ
jacksondatabind_23,replace,,replace,WRITE
jacksondatabind_23,replace,,replace,WRITE
jacksondatabind_23,replace,,replace,WRITE
jacksondatabind_23,replace,,replace,WRITE
jacksondatabind_23,replace,,replace,WRITE
jacksondatabind_23,replace,,replace,WRITE
jacksondatabind_23,run_shell_command,defects4j compile,defects4j compile,BUILD
jacksondatabind_23,replace,,replace,WRITE
jacksondatabind_23,replace,,replace,WRITE
jacksondatabind_23,replace,,replace,WRITE
jacksondatabind_23,replace,,replace,WRITE
jacksondatabind_23,replace,,replace,WRITE
jacksondatabind_23,replace,,replace,WRITE
jacksondatabind_23,replace,,replace,WRITE
jacksondatabind_23,replace,,replace,WRITE
jacksondatabind_23,run_shell_command,defects4j compile,defects4j compile,BUILD
jacksondatabind_23,run_shell_command,defects4j test -t com.fasterxml.jackson.databind.ser.TestJsonSerialize2::testEmptyInclusionScalars,defects4j test,TEST
jacksondatabind_23,run_shell_command,defects4j test,defects4j test,TEST
jacksondatabind_23,run_shell_command,git diff,git diff,VCS
jacksondatabind_23,run_shell_command,git checkout HEAD -- src/main/java/com/fasterxml/jackson/databind/ser/std/NumberSerializer.java,git checkout,VCS
jacksondatabind_23,run_shell_command,defects4j compile,defects4j compile,BUILD
jacksondatabind_23,run_shell_command,defects4j test,defects4j test,TEST
jacksondatabind_23,run_shell_command,git diff,git diff,VCS
jacksondatabind_23,run_shell_command,git add src/main/java/com/fasterxml/jackson/databind/ser/std/NumberSerializers.java,git add,VCS
jacksondatabind_23,run_shell_command,"git commit -m ""Fix: Handle NON_EMPTY inclusion for scalar numbers in NumberSerializers""",git commit,VCS
jacksondatabind_23,run_shell_command,git status,git status,VCS
jacksondatabind_29,read_file,,read_file,READ
jacksondatabind_29,run_shell_command,./run_bug_exposing_tests.sh,run_bug_exposing_tests.sh,TEST
jacksondatabind_29,read_file,,read_file,READ
jacksondatabind_29,run_shell_command,defects4j test,defects4j test,TEST
jacksondatabind_29,read_file,,read_file,READ
jacksondatabind_29,search_file_content,,search_file_content,SEARCH_CONTENT
jacksondatabind_29,read_file,,read_file,READ
jacksondatabind_29,replace,,replace,WRITE
jacksondatabind_29,read_file,,read_file,READ
jacksondatabind_29,replace,,replace,WRITE
jacksondatabind_29,replace,,replace,WRITE
jacksondatabind_29,replace,,replace,WRITE
jacksondatabind_29,run_shell_command,defects4j compile,defects4j compile,BUILD
jacksondatabind_29,search_file_content,,search_file_content,SEARCH_CONTENT
jacksondatabind_29,replace,,replace,WRITE
jacksondatabind_29,replace,,replace,WRITE
jacksondatabind_29,replace,,replace,WRITE
jacksondatabind_29,read_file,,read_file,READ
jacksondatabind_29,replace,,replace,WRITE
jacksondatabind_29,replace,,replace,WRITE
jacksondatabind_29,read_file,,read_file,READ
jacksondatabind_29,replace,,replace,WRITE
jacksondatabind_29,replace,,replace,WRITE
jacksondatabind_29,run_shell_command,defects4j compile,defects4j compile,BUILD
jacksondatabind_29,run_shell_command,defects4j test -t com.fasterxml.jackson.databind.jsontype.TestExternalId::testExternalTypeIdWithNull,defects4j test,TEST
jacksondatabind_29,replace,,replace,WRITE
jacksondatabind_29,replace,,replace,WRITE
jacksondatabind_29,read_file,,read_file,READ
jacksondatabind_29,replace,,replace,WRITE
jacksondatabind_29,replace,,replace,WRITE
jacksondatabind_29,run_shell_command,defects4j compile,defects4j compile,BUILD
jacksondatabind_29,run_shell_command,defects4j test -t com.fasterxml.jackson.databind.jsontype.TestExternalId::testExternalTypeIdWithNull,defects4j test,TEST
jacksondatabind_29,replace,,replace,WRITE
jacksondatabind_29,read_file,,read_file,READ
jacksondatabind_29,replace,,replace,WRITE
jacksondatabind_29,replace,,replace,WRITE
jacksondatabind_29,replace,,replace,WRITE
jacksondatabind_29,run_shell_command,defects4j compile,defects4j compile,BUILD
jacksondatabind_29,run_shell_command,defects4j test -t com.fasterxml.jackson.databind.jsontype.TestExternalId::testExternalTypeIdWithNull,defects4j test,TEST
jacksondatabind_29,read_file,,read_file,READ
jacksondatabind_29,read_file,,read_file,READ
jacksondatabind_29,replace,,replace,WRITE
jacksondatabind_29,replace,,replace,WRITE
jacksondatabind_29,replace,,replace,WRITE
jacksondatabind_29,replace,,replace,WRITE
jacksondatabind_29,run_shell_command,defects4j compile,defects4j compile,BUILD
jacksondatabind_29,run_shell_command,defects4j test -t com.fasterxml.jackson.databind.jsontype.TestExternalId::testExternalTypeIdWithNull,defects4j test,TEST
jacksondatabind_29,replace,,replace,WRITE
jacksondatabind_29,replace,,replace,WRITE
jacksondatabind_29,replace,,replace,WRITE
jacksondatabind_29,replace,,replace,WRITE
jacksondatabind_29,run_shell_command,defects4j compile,defects4j compile,BUILD
jacksondatabind_29,run_shell_command,defects4j test -t com.fasterxml.jackson.databind.jsontype.TestExternalId::testExternalTypeIdWithNull,defects4j test,TEST
jacksondatabind_29,run_shell_command,defects4j test,defects4j test,TEST
jacksondatabind_29,run_shell_command,git diff,git diff,VCS
jacksondatabind_30,read_file,,read_file,READ
jacksondatabind_30,write_file,,write_file,WRITE
jacksondatabind_30,run_shell_command,defects4j compile,defects4j compile,BUILD
jacksondatabind_30,run_shell_command,defects4j test -t com.fasterxml.jackson.databind.failing.JacksonTest::test,defects4j test,TEST
jacksondatabind_30,search_file_content,,search_file_content,SEARCH_CONTENT
jacksondatabind_30,read_file,,read_file,READ
jacksondatabind_30,replace,,replace,WRITE
jacksondatabind_30,run_shell_command,defects4j compile,defects4j compile,BUILD
jacksondatabind_30,run_shell_command,defects4j test -t com.fasterxml.jackson.databind.failing.JacksonTest::test,defects4j test,TEST
jacksondatabind_30,search_file_content,,search_file_content,SEARCH_CONTENT
jacksondatabind_30,read_file,,read_file,READ
jacksondatabind_30,read_file,,read_file,READ
jacksondatabind_30,read_file,,read_file,READ
jacksondatabind_32,read_many_files,,read_many_files,READ
jacksondatabind_36,read_file,,read_file,READ
jacksondatabind_36,run_shell_command,./run_bug_exposing_tests.sh,run_bug_exposing_tests.sh,TEST
jacksondatabind_36,read_file,,read_file,READ
jacksondatabind_36,list_directory,,list_directory,SEARCH_FILES
jacksondatabind_36,read_file,,read_file,READ
jacksondatabind_36,run_shell_command,defects4j compile,defects4j compile,BUILD
jacksondatabind_36,run_shell_command,defects4j export -p cp.test,defects4j export,DEFECTS4J_OTHER
jacksondatabind_36,run_shell_command,defects4j test -t com.fasterxml.jackson.databind.TestStdDateFormat,defects4j test,TEST
jacksondatabind_36,run_shell_command,defects4j test -t com.fasterxml.jackson.databind.TestStdDateFormat,defects4j test,TEST
jacksondatabind_36,read_file,,read_file,READ
jacksondatabind_36,run_shell_command,defects4j test -t com.fasterxml.jackson.databind.TestStdDateFormat::testLenient,defects4j test,TEST
jacksondatabind_36,read_file,,read_file,READ
jacksondatabind_36,replace,,replace,WRITE
jacksondatabind_36,replace,,replace,WRITE
jacksondatabind_36,replace,,replace,WRITE
jacksondatabind_36,replace,,replace,WRITE
jacksondatabind_36,replace,,replace,WRITE
jacksondatabind_36,run_shell_command,defects4j test -t com.fasterxml.jackson.databind.TestStdDateFormat::testLenient,defects4j test,TEST
jacksondatabind_36,replace,,replace,WRITE
jacksondatabind_36,run_shell_command,defects4j test -t com.fasterxml.jackson.databind.TestStdDateFormat::testLenient,defects4j test,TEST
jacksondatabind_36,replace,,replace,WRITE
jacksondatabind_36,replace,,replace,WRITE
jacksondatabind_36,replace,,replace,WRITE
jacksondatabind_36,replace,,replace,WRITE
jacksondatabind_36,replace,,replace,WRITE
jacksondatabind_36,replace,,replace,WRITE
jacksondatabind_36,replace,,replace,WRITE
jacksondatabind_36,replace,,replace,WRITE
jacksondatabind_36,replace,,replace,WRITE
jacksondatabind_36,run_shell_command,defects4j test -t com.fasterxml.jackson.databind.TestStdDateFormat::testLenient,defects4j test,TEST
jacksondatabind_36,replace,,replace,WRITE
jacksondatabind_36,run_shell_command,defects4j test -t com.fasterxml.jackson.databind.TestStdDateFormat::testLenient,defects4j test,TEST
jacksondatabind_36,replace,,replace,WRITE
jacksondatabind_36,run_shell_command,defects4j test -t com.fasterxml.jackson.databind.TestStdDateFormat::testLenient,defects4j test,TEST
jacksondatabind_36,replace,,replace,WRITE
jacksondatabind_36,run_shell_command,defects4j test -t com.fasterxml.jackson.databind.TestStdDateFormat::testLenient,defects4j test,TEST
jacksondatabind_36,replace,,replace,WRITE
jacksondatabind_36,run_shell_command,defects4j test -t com.fasterxml.jackson.databind.TestStdDateFormat::testLenient,defects4j test,TEST
jacksondatabind_36,replace,,replace,WRITE
jacksondatabind_36,read_file,,read_file,READ
jacksondatabind_36,replace,,replace,WRITE
jacksondatabind_36,run_shell_command,defects4j test -t com.fasterxml.jackson.databind.TestStdDateFormat::testLenient,defects4j test,TEST
jacksondatabind_36,replace,,replace,WRITE
jacksondatabind_36,run_shell_command,defects4j test -t com.fasterxml.jackson.databind.TestStdDateFormat::testLenient,defects4j test,TEST
jacksondatabind_36,replace,,replace,WRITE
jacksondatabind_36,read_file,,read_file,READ
jacksondatabind_36,replace,,replace,WRITE
jacksondatabind_36,read_file,,read_file,READ
jacksondatabind_36,replace,,replace,WRITE
jacksondatabind_36,run_shell_command,defects4j test -t com.fasterxml.jackson.databind.TestStdDateFormat::testLenient,defects4j test,TEST
jacksondatabind_36,replace,,replace,WRITE
jacksondatabind_36,run_shell_command,defects4j test -t com.fasterxml.jackson.databind.TestStdDateFormat::testLenient,defects4j test,TEST
jacksondatabind_36,read_file,,read_file,READ
jacksondatabind_36,replace,,replace,WRITE
jacksondatabind_36,run_shell_command,defects4j test -t com.fasterxml.jackson.databind.TestStdDateFormat::testLenient,defects4j test,TEST
jacksondatabind_36,read_file,,read_file,READ
jacksondatabind_36,replace,,replace,WRITE
jacksondatabind_36,run_shell_command,defects4j test -t com.fasterxml.jackson.databind.TestStdDateFormat::testLenient,defects4j test,TEST
jacksondatabind_36,replace,,replace,WRITE
jacksondatabind_36,run_shell_command,defects4j test -t com.fasterxml.jackson.databind.TestStdDateFormat::testLenient,defects4j test,TEST
jacksondatabind_36,run_shell_command,git reset --hard HEAD,git reset,VCS
jacksondatabind_36,replace,,replace,WRITE
jacksondatabind_36,replace,,replace,WRITE
jacksondatabind_36,replace,,replace,WRITE
jacksondatabind_36,replace,,replace,WRITE
jacksondatabind_36,replace,,replace,WRITE
jacksondatabind_36,replace,,replace,WRITE
jacksondatabind_36,replace,,replace,WRITE
jacksondatabind_36,replace,,replace,WRITE
jacksondatabind_36,replace,,replace,WRITE
jacksondatabind_36,replace,,replace,WRITE
jacksondatabind_36,replace,,replace,WRITE
jacksondatabind_36,read_file,,read_file,READ
jacksondatabind_36,replace,,replace,WRITE
jacksondatabind_36,read_file,,read_file,READ
jacksondatabind_36,replace,,replace,WRITE
jacksondatabind_36,read_file,,read_file,READ
jacksondatabind_36,replace,,replace,WRITE
jacksondatabind_36,read_file,,read_file,READ
jacksondatabind_36,replace,,replace,WRITE
jacksondatabind_36,read_file,,read_file,READ
jacksondatabind_36,replace,,replace,WRITE
jacksondatabind_36,read_file,,read_file,READ
jacksondatabind_36,replace,,replace,WRITE
jacksondatabind_36,read_file,,read_file,READ
jacksondatabind_36,replace,,replace,WRITE
jacksondatabind_36,read_file,,read_file,READ
jacksondatabind_36,replace,,replace,WRITE
jacksondatabind_36,read_file,,read_file,READ
jacksondatabind_36,replace,,replace,WRITE
jacksondatabind_36,read_file,,read_file,READ
jacksondatabind_36,replace,,replace,WRITE
jacksondatabind_36,read_file,,read_file,READ
jacksondatabind_36,replace,,replace,WRITE
jacksondatabind_36,read_file,,read_file,READ
jacksondatabind_36,replace,,replace,WRITE
jacksondatabind_36,read_file,,read_file,READ
jacksondatabind_36,read_file,,read_file,READ
jacksondatabind_36,replace,,replace,WRITE
jacksondatabind_36,run_shell_command,defects4j test -t com.fasterxml.jackson.databind.TestStdDateFormat::testLenient,defects4j test,TEST
jacksondatabind_36,replace,,replace,WRITE
jacksondatabind_36,read_file,,read_file,READ
jacksondatabind_36,replace,,replace,WRITE
jacksondatabind_36,read_file,,read_file,READ
jacksondatabind_36,replace,,replace,WRITE
jacksondatabind_36,run_shell_command,git reset --hard HEAD,git reset,VCS
jacksondatabind_36,read_file,,read_file,READ
jacksondatabind_36,replace,,replace,WRITE
jacksondatabind_36,replace,,replace,WRITE
jacksondatabind_36,replace,,replace,WRITE
jacksondatabind_36,replace,,replace,WRITE
jacksondatabind_36,replace,,replace,WRITE
jacksondatabind_36,replace,,replace,WRITE
jacksondatabind_36,replace,,replace,WRITE
jacksondatabind_36,replace,,replace,WRITE
jacksondatabind_36,replace,,replace,WRITE
jacksondatabind_36,replace,,replace,WRITE
jacksondatabind_36,replace,,replace,WRITE
jacksondatabind_36,run_shell_command,defects4j test -t com.fasterxml.jackson.databind.TestStdDateFormat::testLenient,defects4j test,TEST
jacksondatabind_36,run_shell_command,git reset --hard HEAD,git reset,VCS
jacksondatabind_36,replace,,replace,WRITE
jacksondatabind_36,replace,,replace,WRITE
jacksondatabind_36,replace,,replace,WRITE
jacksondatabind_36,replace,,replace,WRITE
jacksondatabind_36,replace,,replace,WRITE
jacksondatabind_36,replace,,replace,WRITE
jacksondatabind_36,replace,,replace,WRITE
jacksondatabind_36,replace,,replace,WRITE
jacksondatabind_36,replace,,replace,WRITE
jacksondatabind_36,replace,,replace,WRITE
jacksondatabind_36,replace,,replace,WRITE
jacksondatabind_36,run_shell_command,defects4j test -t com.fasterxml.jackson.databind.TestStdDateFormat::testLenient,defects4j test,TEST
jacksondatabind_36,run_shell_command,git reset --hard HEAD,git reset,VCS
jacksondatabind_36,replace,,replace,WRITE
jacksondatabind_36,replace,,replace,WRITE
jacksondatabind_36,replace,,replace,WRITE
jacksondatabind_36,replace,,replace,WRITE
jacksondatabind_36,replace,,replace,WRITE
jacksondatabind_36,replace,,replace,WRITE
jacksondatabind_36,replace,,replace,WRITE
jacksondatabind_36,replace,,replace,WRITE
jacksondatabind_36,replace,,replace,WRITE
jacksondatabind_36,replace,,replace,WRITE
jacksondatabind_36,replace,,replace,WRITE
jacksondatabind_36,run_shell_command,defects4j test -t com.fasterxml.jackson.databind.TestStdDateFormat::testLenient,defects4j test,TEST
jacksondatabind_36,run_shell_command,git reset --hard HEAD,git reset,VCS
jacksondatabind_36,replace,,replace,WRITE
jacksondatabind_36,replace,,replace,WRITE
jacksondatabind_36,replace,,replace,WRITE
jacksondatabind_36,replace,,replace,WRITE
jacksondatabind_36,replace,,replace,WRITE
jacksondatabind_36,replace,,replace,WRITE
jacksondatabind_36,replace,,replace,WRITE
jacksondatabind_36,replace,,replace,WRITE
jacksondatabind_36,replace,,replace,WRITE
jacksondatabind_36,replace,,replace,WRITE
jacksondatabind_36,replace,,replace,WRITE
jacksondatabind_36,run_shell_command,defects4j test -t com.fasterxml.jackson.databind.TestStdDateFormat::testLenient,defects4j test,TEST
jacksondatabind_36,run_shell_command,git reset --hard HEAD,git reset,VCS
jacksondatabind_36,replace,,replace,WRITE
jacksondatabind_36,replace,,replace,WRITE
jacksondatabind_36,replace,,replace,WRITE
jacksondatabind_36,replace,,replace,WRITE
jacksondatabind_36,replace,,replace,WRITE
jacksondatabind_36,replace,,replace,WRITE
jacksondatabind_36,replace,,replace,WRITE
jacksondatabind_36,replace,,replace,WRITE
jacksondatabind_3,read_file,,read_file,READ
jacksondatabind_3,run_shell_command,./run_bug_exposing_tests.sh,run_bug_exposing_tests.sh,TEST
jacksondatabind_3,read_file,,read_file,READ
jacksondatabind_3,run_shell_command,defects4j test,defects4j test,TEST
jacksondatabind_3,read_file,,read_file,READ
jacksondatabind_3,search_file_content,,search_file_content,SEARCH_CONTENT
jacksondatabind_3,read_file,,read_file,READ
jacksondatabind_3,replace,,replace,WRITE
jacksondatabind_3,run_shell_command,defects4j test -t com.fasterxml.jackson.databind.deser.TestArrayDeserialization::testStringArray,defects4j test,TEST
jacksondatabind_3,run_shell_command,defects4j test,defects4j test,TEST
jacksondatabind_3,run_shell_command,git diff,git diff,VCS
jacksondatabind_41,read_file,,read_file,READ
jacksondatabind_41,run_shell_command,./run_bug_exposing_tests.sh,run_bug_exposing_tests.sh,TEST
jacksondatabind_41,read_file,,read_file,READ
jacksondatabind_41,glob,,glob,SEARCH_FILES
jacksondatabind_41,read_file,,read_file,READ
jacksondatabind_41,run_shell_command,defects4j compile,defects4j compile,BUILD
jacksondatabind_41,glob,,glob,SEARCH_FILES
jacksondatabind_41,glob,,glob,SEARCH_FILES
jacksondatabind_41,read_file,,read_file,READ
jacksondatabind_41,replace,,replace,WRITE
jacksondatabind_41,run_shell_command,defects4j compile,defects4j compile,BUILD
jacksondatabind_41,run_shell_command,./run_bug_exposing_tests.sh,run_bug_exposing_tests.sh,TEST
jacksondatabind_41,read_file,,read_file,READ
jacksondatabind_41,run_shell_command,./run_all_tests_trace.sh,run_all_tests_trace.sh,TEST
jacksondatabind_43,read_file,,read_file,READ
jacksondatabind_43,run_shell_command,./run_bug_exposing_tests.sh,run_bug_exposing_tests.sh,TEST
jacksondatabind_43,read_file,,read_file,READ
jacksondatabind_43,glob,,glob,SEARCH_FILES
jacksondatabind_43,run_shell_command,defects4j compile,defects4j compile,BUILD
jacksondatabind_43,run_shell_command,defects4j test -t com.fasterxml.jackson.databind.objectid.TestObjectIdSerialization::testNullIdValue,defects4j test,TEST
jacksondatabind_43,read_file,,read_file,READ
jacksondatabind_43,search_file_content,,search_file_content,SEARCH_CONTENT
jacksondatabind_43,read_file,,read_file,READ
jacksondatabind_43,read_file,,read_file,READ
jacksondatabind_43,read_file,,read_file,READ
jacksondatabind_43,search_file_content,,search_file_content,SEARCH_CONTENT
jacksondatabind_43,read_file,,read_file,READ
jacksondatabind_43,replace,,replace,WRITE
jacksondatabind_43,run_shell_command,defects4j compile,defects4j compile,BUILD
jacksondatabind_43,run_shell_command,defects4j test -t com.fasterxml.jackson.databind.objectid.TestObjectIdSerialization::testNullIdValue,defects4j test,TEST
jacksondatabind_43,read_file,,read_file,READ
jacksondatabind_43,read_file,,read_file,READ
jacksondatabind_43,read_file,,read_file,READ
jacksondatabind_43,read_file,,read_file,READ
jacksondatabind_43,search_file_content,,search_file_content,SEARCH_CONTENT
jacksondatabind_43,read_file,,read_file,READ
jacksondatabind_43,replace,,replace,WRITE
jacksondatabind_43,run_shell_command,defects4j compile,defects4j compile,BUILD
jacksondatabind_43,run_shell_command,defects4j test -t com.fasterxml.jackson.databind.objectid.TestObjectIdSerialization::testNullIdValue,defects4j test,TEST
jacksondatabind_43,replace,,replace,WRITE
jacksondatabind_43,replace,,replace,WRITE
jacksondatabind_43,run_shell_command,defects4j compile,defects4j compile,BUILD
jacksondatabind_43,run_shell_command,defects4j test -t com.fasterxml.jackson.databind.objectid.TestObjectIdSerialization::testNullIdValue,defects4j test,TEST
jacksondatabind_43,read_file,,read_file,READ
jacksondatabind_43,run_shell_command,./run_bug_exposing_tests.sh,run_bug_exposing_tests.sh,TEST
jacksondatabind_43,read_file,,read_file,READ
jacksondatabind_43,run_shell_command,defects4j test,defects4j test,TEST
jacksondatabind_43,run_shell_command,git diff,git diff,VCS
jacksondatabind_52,read_file,,read_file,READ
jacksondatabind_52,run_shell_command,./run_bug_exposing_tests.sh,run_bug_exposing_tests.sh,TEST
jacksondatabind_52,read_file,,read_file,READ
jacksondatabind_52,run_shell_command,defects4j info,defects4j info,DEFECTS4J_OTHER
jacksondatabind_52,run_shell_command,defects4j test -r,defects4j test,TEST
jacksondatabind_52,read_file,,read_file,READ
jacksondatabind_52,search_file_content,,search_file_content,SEARCH_CONTENT
jacksondatabind_52,read_file,,read_file,READ
jacksondatabind_52,search_file_content,,search_file_content,SEARCH_CONTENT
jacksondatabind_52,search_file_content,,search_file_content,SEARCH_CONTENT
jacksondatabind_52,read_file,,read_file,READ
jacksondatabind_52,replace,,replace,WRITE
jacksondatabind_52,replace,,replace,WRITE
jacksondatabind_52,run_shell_command,defects4j compile,defects4j compile,BUILD
jacksondatabind_52,run_shell_command,defects4j test -t com.fasterxml.jackson.databind.jsontype.ext.ExternalTypeId999Test::testExternalTypeId,defects4j test,TEST
jacksondatabind_52,run_shell_command,defects4j test,defects4j test,TEST
jacksondatabind_52,run_shell_command,git diff > fix.patch,git diff,VCS
jacksondatabind_52,read_file,,read_file,READ
jacksondatabind_53,read_file,,read_file,READ
jacksondatabind_53,run_shell_command,./run_bug_exposing_tests.sh,run_bug_exposing_tests.sh,TEST
jacksondatabind_53,read_file,,read_file,READ
jacksondatabind_53,glob,,glob,SEARCH_FILES
jacksondatabind_53,run_shell_command,defects4j compile,defects4j compile,BUILD
jacksondatabind_53,run_shell_command,./run_bug_exposing_tests.sh,run_bug_exposing_tests.sh,TEST
jacksondatabind_53,read_file,,read_file,READ
jacksondatabind_53,read_file,,read_file,READ
jacksondatabind_53,glob,,glob,SEARCH_FILES
jacksondatabind_53,read_file,,read_file,READ
jacksondatabind_53,glob,,glob,SEARCH_FILES
jacksondatabind_53,read_file,,read_file,READ
jacksondatabind_53,replace,,replace,WRITE
jacksondatabind_53,run_shell_command,./run_bug_exposing_tests.sh,run_bug_exposing_tests.sh,TEST
jacksondatabind_53,read_file,,read_file,READ
jacksondatabind_53,run_shell_command,./run_all_tests_trace.sh,run_all_tests_trace.sh,TEST
jacksondatabind_56,read_file,,read_file,READ
jacksondatabind_56,run_shell_command,./run_bug_exposing_tests.sh,run_bug_exposing_tests.sh,TEST
jacksondatabind_56,read_file,,read_file,READ
jacksondatabind_56,search_file_content,,search_file_content,SEARCH_CONTENT
jacksondatabind_56,read_file,,read_file,READ
jacksondatabind_56,replace,,replace,WRITE
jacksondatabind_56,run_shell_command,defects4j compile,defects4j compile,BUILD
jacksondatabind_56,run_shell_command,defects4j test -t com.fasterxml.jackson.databind.deser.TestJdkTypes::testLocale,defects4j test,TEST
jacksondatabind_56,run_shell_command,defects4j test,defects4j test,TEST
jacksondatabind_56,run_shell_command,git diff,git diff,VCS
jacksondatabind_59,read_file,,read_file,READ
jacksondatabind_59,write_file,,write_file,WRITE
jacksondatabind_59,run_shell_command,defects4j compile,defects4j compile,BUILD
jacksondatabind_59,replace,,replace,WRITE
jacksondatabind_59,replace,,replace,WRITE
jacksondatabind_59,read_file,,read_file,READ
jacksondatabind_59,replace,,replace,WRITE
jacksondatabind_59,read_file,,read_file,READ
jacksondatabind_59,replace,,replace,WRITE
jacksondatabind_59,read_file,,read_file,READ
jacksondatabind_59,write_file,,write_file,WRITE
jacksondatabind_59,run_shell_command,defects4j compile,defects4j compile,BUILD
jacksondatabind_59,run_shell_command,defects4j test -t com.fasterxml.jackson.databind.failing.TestJacksonDatabind59::testFails,defects4j test,TEST
jacksondatabind_59,search_file_content,,search_file_content,SEARCH_CONTENT
jacksondatabind_59,read_file,,read_file,READ
jacksondatabind_59,search_file_content,,search_file_content,SEARCH_CONTENT
jacksondatabind_59,search_file_content,,search_file_content,SEARCH_CONTENT
jacksondatabind_59,read_file,,read_file,READ
jacksondatabind_59,replace,,replace,WRITE
jacksondatabind_59,run_shell_command,defects4j compile,defects4j compile,BUILD
jacksondatabind_59,run_shell_command,defects4j test -t com.fasterxml.jackson.databind.failing.TestJacksonDatabind59::testFails,defects4j test,TEST
jacksondatabind_59,search_file_content,,search_file_content,SEARCH_CONTENT
jacksondatabind_59,read_file,,read_file,READ
jacksondatabind_59,read_file,,read_file,READ
jacksondatabind_59,search_file_content,,search_file_content,SEARCH_CONTENT
jacksondatabind_59,search_file_content,,search_file_content,SEARCH_CONTENT
jacksondatabind_59,read_file,,read_file,READ
jacksondatabind_59,search_file_content,,search_file_content,SEARCH_CONTENT
jacksondatabind_59,read_file,,read_file,READ
jacksondatabind_59,replace,,replace,WRITE
jacksondatabind_59,replace,,replace,WRITE
jacksondatabind_59,read_file,,read_file,READ
jacksondatabind_59,replace,,replace,WRITE
jacksondatabind_59,read_file,,read_file,READ
jacksondatabind_59,replace,,replace,WRITE
jacksondatabind_59,replace,,replace,WRITE
jacksondatabind_59,run_shell_command,defects4j compile,defects4j compile,BUILD
jacksondatabind_59,run_shell_command,defects4j test -t com.fasterxml.jackson.databind.failing.TestJacksonDatabind59::testFails,defects4j test,TEST
jacksondatabind_59,run_shell_command,defects4j test,defects4j test,TEST
jacksondatabind_59,read_file,,read_file,READ
jacksondatabind_59,replace,,replace,WRITE
jacksondatabind_59,replace,,replace,WRITE
jacksondatabind_59,run_shell_command,defects4j compile,defects4j compile,BUILD
jacksondatabind_59,run_shell_command,defects4j test,defects4j test,TEST
jacksondatabind_59,search_file_content,,search_file_content,SEARCH_CONTENT
jacksondatabind_59,replace,,replace,WRITE
jacksondatabind_59,replace,,replace,WRITE
jacksondatabind_59,run_shell_command,defects4j compile,defects4j compile,BUILD
jacksondatabind_59,replace,,replace,WRITE
jacksondatabind_59,replace,,replace,WRITE
jacksondatabind_59,replace,,replace,WRITE
jacksondatabind_59,read_file,,read_file,READ
jacksondatabind_59,replace,,replace,WRITE
jacksondatabind_59,replace,,replace,WRITE
jacksondatabind_59,read_file,,read_file,READ
jacksondatabind_59,replace,,replace,WRITE
jacksondatabind_59,run_shell_command,defects4j compile,defects4j compile,BUILD
jacksondatabind_59,replace,,replace,WRITE
jacksondatabind_59,run_shell_command,defects4j compile,defects4j compile,BUILD
jacksondatabind_59,run_shell_command,defects4j test -t com.fasterxml.jackson.databind.failing.TestJacksonDatabind59::testFails,defects4j test,TEST
jacksondatabind_59,replace,,replace,WRITE
jacksondatabind_59,run_shell_command,defects4j compile,defects4j compile,BUILD
jacksondatabind_59,replace,,replace,WRITE
jacksondatabind_59,read_file,,read_file,READ
jacksondatabind_59,read_file,,read_file,READ
jacksondatabind_59,read_file,,read_file,READ
jacksondatabind_59,replace,,replace,WRITE
jacksondatabind_59,read_file,,read_file,READ
jacksondatabind_59,write_file,,write_file,WRITE
jacksondatabind_59,run_shell_command,defects4j compile,defects4j compile,BUILD
jacksondatabind_59,run_shell_command,defects4j test -t com.fasterxml.jackson.databind.failing.TestJacksonDatabind59::testFails,defects4j test,TEST
jacksondatabind_59,replace,,replace,WRITE
jacksondatabind_59,replace,,replace,WRITE
jacksondatabind_59,replace,,replace,WRITE
jacksondatabind_59,replace,,replace,WRITE
jacksondatabind_59,read_file,,read_file,READ
jacksondatabind_59,replace,,replace,WRITE
jacksondatabind_59,replace,,replace,WRITE
jacksondatabind_59,read_file,,read_file,READ
jacksondatabind_59,replace,,replace,WRITE
jacksondatabind_59,read_file,,read_file,READ
jacksondatabind_59,replace,,replace,WRITE
jacksondatabind_59,read_file,,read_file,READ
jacksondatabind_59,replace,,replace,WRITE
jacksondatabind_59,read_file,,read_file,READ
jacksondatabind_59,replace,,replace,WRITE
jacksondatabind_59,read_file,,read_file,READ
jacksondatabind_59,replace,,replace,WRITE
jacksondatabind_59,read_file,,read_file,READ
jacksondatabind_59,replace,,replace,WRITE
jacksondatabind_59,read_file,,read_file,READ
jacksondatabind_59,replace,,replace,WRITE
jacksondatabind_59,read_file,,read_file,READ
jacksondatabind_59,replace,,replace,WRITE
jacksondatabind_59,read_file,,read_file,READ
jacksondatabind_59,replace,,replace,WRITE
jacksondatabind_59,read_file,,read_file,READ
jacksondatabind_59,replace,,replace,WRITE
jacksondatabind_59,read_file,,read_file,READ
jacksondatabind_59,replace,,replace,WRITE
jacksondatabind_59,read_file,,read_file,READ
jacksondatabind_59,replace,,replace,WRITE
jacksondatabind_59,read_file,,read_file,READ
jacksondatabind_59,replace,,replace,WRITE
jacksondatabind_59,read_file,,read_file,READ
jacksondatabind_59,replace,,replace,WRITE
jacksondatabind_59,read_file,,read_file,READ
jacksondatabind_59,replace,,replace,WRITE
jacksondatabind_59,read_file,,read_file,READ
jacksondatabind_59,replace,,replace,WRITE
jacksondatabind_59,read_file,,read_file,READ
jacksondatabind_59,replace,,replace,WRITE
jacksondatabind_59,read_file,,read_file,READ
jacksondatabind_60,read_file,,read_file,READ
jacksondatabind_60,run_shell_command,./run_bug_exposing_tests.sh,run_bug_exposing_tests.sh,TEST
jacksondatabind_60,read_file,,read_file,READ
jacksondatabind_60,read_file,,read_file,READ
jacksondatabind_60,read_file,,read_file,READ
jacksondatabind_60,run_shell_command,defects4j export -p cp.test,defects4j export,DEFECTS4J_OTHER
jacksondatabind_60,run_shell_command,defects4j compile,defects4j compile,BUILD
jacksondatabind_60,run_shell_command,defects4j export -p tests.trigger,defects4j export,DEFECTS4J_OTHER
jacksondatabind_60,run_shell_command,defects4j test -t com.fasterxml.jackson.databind.jsontype.TestDefaultWithCreators::testWithCreatorAndJsonValue,defects4j test,TEST
jacksondatabind_60,read_file,,read_file,READ
jacksondatabind_60,search_file_content,,search_file_content,SEARCH_CONTENT
jacksondatabind_60,read_file,,read_file,READ
jacksondatabind_60,replace,,replace,WRITE
jacksondatabind_60,run_shell_command,defects4j compile,defects4j compile,BUILD
jacksondatabind_60,run_shell_command,defects4j test -t com.fasterxml.jackson.databind.jsontype.TestDefaultWithCreators::testWithCreatorAndJsonValue,defects4j test,TEST
jacksondatabind_60,run_shell_command,defects4j test,defects4j test,TEST
jacksondatabind_60,run_shell_command,git diff,git diff,VCS
jacksondatabind_61,read_file,,read_file,READ
jacksondatabind_61,run_shell_command,defects4j compile,defects4j compile,BUILD
jacksondatabind_61,run_shell_command,./run_bug_exposing_tests.sh,run_bug_exposing_tests.sh,TEST
jacksondatabind_61,read_file,,read_file,READ
jacksondatabind_61,read_file,,read_file,READ
jacksondatabind_61,replace,,replace,WRITE
jacksondatabind_61,read_file,,read_file,READ
jacksondatabind_61,replace,,replace,WRITE
jacksondatabind_61,run_shell_command,defects4j compile,defects4j compile,BUILD
jacksondatabind_61,run_shell_command,./run_bug_exposing_tests.sh,run_bug_exposing_tests.sh,TEST
jacksondatabind_61,read_file,,read_file,READ
jacksondatabind_61,run_shell_command,./run_all_tests_trace.sh,run_all_tests_trace.sh,TEST
jacksondatabind_61,run_shell_command,./run_all_tests_trace.sh,run_all_tests_trace.sh,TEST
jacksondatabind_61,read_file,,read_file,READ
jacksondatabind_61,run_shell_command,./run_all_tests_trace.sh,run_all_tests_trace.sh,TEST
jacksondatabind_61,run_shell_command,./run_all_tests_trace.sh,run_all_tests_trace.sh,TEST
jacksondatabind_61,run_shell_command,./run_all_tests_trace.sh,run_all_tests_trace.sh,TEST
jacksondatabind_61,run_shell_command,ls -t all_tests_trace.*.log | head -n 1,ls,SEARCH_FILES
jacksondatabind_61,run_shell_command,ls -t all_tests_trace.*.log | head -n 1,head,READ
jacksondatabind_61,read_file,,read_file,READ
jacksondatabind_61,run_shell_command,git diff,git diff,VCS
jacksondatabind_65,read_file,,read_file,READ
jacksondatabind_65,run_shell_command,./run_bug_exposing_tests.sh,run_bug_exposing_tests.sh,TEST
jacksondatabind_65,read_file,,read_file,READ
jacksondatabind_65,glob,,glob,SEARCH_FILES
jacksondatabind_65,run_shell_command,defects4j compile,defects4j compile,BUILD
jacksondatabind_65,run_shell_command,./run_bug_exposing_tests.sh,run_bug_exposing_tests.sh,TEST
jacksondatabind_65,read_file,,read_file,READ
jacksondatabind_65,read_file,,read_file,READ
jacksondatabind_65,replace,,replace,WRITE
jacksondatabind_65,run_shell_command,defects4j compile,defects4j compile,BUILD
jacksondatabind_65,run_shell_command,./run_bug_exposing_tests.sh,run_bug_exposing_tests.sh,TEST
jacksondatabind_65,read_file,,read_file,READ
jacksondatabind_65,run_shell_command,defects4j test,defects4j test,TEST
jacksondatabind_65,run_shell_command,git diff,git diff,VCS
jacksondatabind_66,read_file,,read_file,READ
jacksondatabind_66,run_shell_command,./run_bug_exposing_tests.sh,run_bug_exposing_tests.sh,TEST
jacksondatabind_66,read_file,,read_file,READ
jacksondatabind_66,glob,,glob,SEARCH_FILES
jacksondatabind_66,glob,,glob,SEARCH_FILES
jacksondatabind_66,write_file,,write_file,WRITE
jacksondatabind_66,write_file,,write_file,WRITE
jacksondatabind_66,run_shell_command,defects4j compile,defects4j compile,BUILD
jacksondatabind_66,run_shell_command,./run_bug_exposing_tests.sh,run_bug_exposing_tests.sh,TEST
jacksondatabind_66,read_file,,read_file,READ
jacksondatabind_66,read_file,,read_file,READ
jacksondatabind_66,read_file,,read_file,READ
jacksondatabind_66,read_file,,read_file,READ
jacksondatabind_66,replace,,replace,WRITE
jacksondatabind_66,run_shell_command,defects4j compile,defects4j compile,BUILD
jacksondatabind_66,replace,,replace,WRITE
jacksondatabind_66,run_shell_command,defects4j compile,defects4j compile,BUILD
jacksondatabind_66,run_shell_command,./run_bug_exposing_tests.sh,run_bug_exposing_tests.sh,TEST
jacksondatabind_66,read_file,,read_file,READ
jacksondatabind_66,replace,,replace,WRITE
jacksondatabind_66,run_shell_command,defects4j compile,defects4j compile,BUILD
jacksondatabind_66,run_shell_command,./run_bug_exposing_tests.sh,run_bug_exposing_tests.sh,TEST
jacksondatabind_66,read_file,,read_file,READ
jacksondatabind_66,run_shell_command,./run_all_tests_trace.sh,run_all_tests_trace.sh,TEST
jacksondatabind_66,run_shell_command,./run_all_tests_trace.sh,run_all_tests_trace.sh,TEST
jacksondatabind_66,run_shell_command,./run_all_tests_trace.sh,run_all_tests_trace.sh,TEST
jacksondatabind_66,read_file,,read_file,READ
jacksondatabind_66,read_file,,read_file,READ
jacksondatabind_66,glob,,glob,SEARCH_FILES
jacksondatabind_66,read_file,,read_file,READ
jacksondatabind_66,read_file,,read_file,READ
jacksondatabind_66,run_shell_command,git diff,git diff,VCS
jacksondatabind_66,run_shell_command,rm /Users/danielding/Desktop/example_dir/JacksonDatabind_66/src/test/java/com/fasterxml/jackson/databind/module/SuperType.java,rm,FILE_OPS
jacksondatabind_66,run_shell_command,rm /Users/danielding/Desktop/example_dir/JacksonDatabind_66/src/test/java/com/fasterxml/jackson/databind/module/SuperTypeEnum.java,rm,FILE_OPS
jacksondatabind_68,read_file,,read_file,READ
jacksondatabind_68,write_file,,write_file,WRITE
jacksondatabind_68,run_shell_command,defects4j compile,defects4j compile,BUILD
jacksondatabind_68,replace,,replace,WRITE
jacksondatabind_68,run_shell_command,defects4j compile,defects4j compile,BUILD
jacksondatabind_68,run_shell_command,defects4j test -t com.fasterxml.jackson.databind.creators.JsonCreatorWithCollectionTest::test,defects4j test,TEST
jacksondatabind_68,search_file_content,,search_file_content,SEARCH_CONTENT
jacksondatabind_68,read_file,,read_file,READ
jacksondatabind_68,read_file,,read_file,READ
jacksondatabind_68,read_file,,read_file,READ
jacksondatabind_68,read_file,,read_file,READ
jacksondatabind_68,read_file,,read_file,READ
jacksondatabind_68,replace,,replace,WRITE
jacksondatabind_68,replace,,replace,WRITE
jacksondatabind_68,run_shell_command,defects4j compile,defects4j compile,BUILD
jacksondatabind_68,read_file,,read_file,READ
jacksondatabind_68,replace,,replace,WRITE
jacksondatabind_68,read_file,,read_file,READ
jacksondatabind_68,replace,,replace,WRITE
jacksondatabind_68,replace,,replace,WRITE
jacksondatabind_68,read_file,,read_file,READ
jacksondatabind_68,search_file_content,,search_file_content,SEARCH_CONTENT
jacksondatabind_68,search_file_content,,search_file_content,SEARCH_CONTENT
jacksondatabind_68,read_file,,read_file,READ
jacksondatabind_68,replace,,replace,WRITE
jacksondatabind_68,read_file,,read_file,READ
jacksondatabind_68,read_file,,read_file,READ
jacksondatabind_68,read_file,,read_file,READ
jacksondatabind_68,replace,,replace,WRITE
jacksondatabind_68,replace,,replace,WRITE
jacksondatabind_68,run_shell_command,defects4j compile,defects4j compile,BUILD
jacksondatabind_68,read_file,,read_file,READ
jacksondatabind_68,replace,,replace,WRITE
jacksondatabind_68,replace,,replace,WRITE
jacksondatabind_68,run_shell_command,defects4j compile,defects4j compile,BUILD
jacksondatabind_68,run_shell_command,defects4j test -t com.fasterxml.jackson.databind.creators.JsonCreatorWithCollectionTest::test,defects4j test,TEST
jacksondatabind_68,read_file,,read_file,READ
jacksondatabind_68,read_file,,read_file,READ
jacksondatabind_68,replace,,replace,WRITE
jacksondatabind_68,run_shell_command,defects4j compile,defects4j compile,BUILD
jacksondatabind_68,run_shell_command,defects4j test -t com.fasterxml.jackson.databind.creators.JsonCreatorWithCollectionTest::test,defects4j test,TEST
jacksondatabind_68,read_file,,read_file,READ
jacksondatabind_68,replace,,replace,WRITE
jacksondatabind_68,replace,,replace,WRITE
jacksondatabind_68,run_shell_command,defects4j compile,defects4j compile,BUILD
jacksondatabind_68,run_shell_command,defects4j test -t com.fasterxml.jackson.databind.creators.JsonCreatorWithCollectionTest::test,defects4j test,TEST
jacksondatabind_68,read_file,,read_file,READ
jacksondatabind_68,replace,,replace,WRITE
jacksondatabind_68,replace,,replace,WRITE
jacksondatabind_68,run_shell_command,defects4j compile,defects4j compile,BUILD
jacksondatabind_68,run_shell_command,defects4j test -t com.fasterxml.jackson.databind.creators.JsonCreatorWithCollectionTest::test,defects4j test,TEST
jacksondatabind_68,read_file,,read_file,READ
jacksondatabind_68,replace,,replace,WRITE
jacksondatabind_68,run_shell_command,defects4j compile,defects4j compile,BUILD
jacksondatabind_68,run_shell_command,defects4j test -t com.fasterxml.jackson.databind.creators.JsonCreatorWithCollectionTest::test,defects4j test,TEST
jacksondatabind_68,replace,,replace,WRITE
jacksondatabind_68,run_shell_command,defects4j compile,defects4j compile,BUILD
jacksondatabind_68,replace,,replace,WRITE
jacksondatabind_68,run_shell_command,defects4j compile,defects4j compile,BUILD
jacksondatabind_68,run_shell_command,defects4j test -t com.fasterxml.jackson.databind.creators.JsonCreatorWithCollectionTest::test,defects4j test,TEST
jacksondatabind_68,replace,,replace,WRITE
jacksondatabind_68,replace,,replace,WRITE
jacksondatabind_68,run_shell_command,defects4j compile,defects4j compile,BUILD
jacksondatabind_68,run_shell_command,defects4j test -t com.fasterxml.jackson.databind.creators.JsonCreatorWithCollectionTest::test,defects4j test,TEST
jacksondatabind_68,read_file,,read_file,READ
jacksondatabind_68,read_file,,read_file,READ
jacksondatabind_68,read_file,,read_file,READ
jacksondatabind_68,replace,,replace,WRITE
jacksondatabind_68,replace,,replace,WRITE
jacksondatabind_68,run_shell_command,defects4j compile,defects4j compile,BUILD
jacksondatabind_68,run_shell_command,defects4j test -t com.fasterxml.jackson.databind.creators.JsonCreatorWithCollectionTest::test,defects4j test,TEST
jacksondatabind_68,replace,,replace,WRITE
jacksondatabind_68,replace,,replace,WRITE
jacksondatabind_68,read_file,,read_file,READ
jacksondatabind_68,replace,,replace,WRITE
jacksondatabind_68,run_shell_command,defects4j compile,defects4j compile,BUILD
jacksondatabind_68,run_shell_command,defects4j test -t com.fasterxml.jackson.databind.creators.JsonCreatorWithCollectionTest::test,defects4j test,TEST
jacksondatabind_68,replace,,replace,WRITE
jacksondatabind_68,read_file,,read_file,READ
jacksondatabind_68,replace,,replace,WRITE
jacksondatabind_68,replace,,replace,WRITE
jacksondatabind_68,run_shell_command,defects4j compile,defects4j compile,BUILD
jacksondatabind_68,run_shell_command,defects4j test -t com.fasterxml.jackson.databind.creators.JsonCreatorWithCollectionTest::test,defects4j test,TEST
jacksondatabind_68,read_file,,read_file,READ
jacksondatabind_68,replace,,replace,WRITE
jacksondatabind_68,run_shell_command,defects4j compile,defects4j compile,BUILD
jacksondatabind_68,run_shell_command,defects4j test -t com.fasterxml.jackson.databind.creators.JsonCreatorWithCollectionTest::test,defects4j test,TEST
jacksondatabind_68,google_web_search,,google_web_search,WEB
jacksondatabind_68,replace,,replace,WRITE
jacksondatabind_68,replace,,replace,WRITE
jacksondatabind_68,replace,,replace,WRITE
jacksondatabind_68,run_shell_command,defects4j compile,defects4j compile,BUILD
jacksondatabind_68,replace,,replace,WRITE
jacksondatabind_68,run_shell_command,defects4j compile,defects4j compile,BUILD
jacksondatabind_68,replace,,replace,WRITE
jacksondatabind_68,run_shell_command,defects4j compile,defects4j compile,BUILD
jacksondatabind_68,replace,,replace,WRITE
jacksondatabind_68,replace,,replace,WRITE
jacksondatabind_68,run_shell_command,defects4j compile,defects4j compile,BUILD
jacksondatabind_68,replace,,replace,WRITE
jacksondatabind_68,run_shell_command,defects4j compile,defects4j compile,BUILD
jacksondatabind_68,replace,,replace,WRITE
jacksondatabind_68,replace,,replace,WRITE
jacksondatabind_68,run_shell_command,defects4j compile,defects4j compile,BUILD
jacksondatabind_68,run_shell_command,defects4j test -t com.fasterxml.jackson.databind.creators.JsonCreatorWithCollectionTest::test,defects4j test,TEST
jacksondatabind_68,google_web_search,,google_web_search,WEB
jacksondatabind_68,replace,,replace,WRITE
jacksondatabind_68,run_shell_command,defects4j compile,defects4j compile,BUILD
jacksondatabind_68,run_shell_command,defects4j test -t com.fasterxml.jackson.databind.creators.JsonCreatorWithCollectionTest::test,defects4j test,TEST
jacksondatabind_68,google_web_search,,google_web_search,WEB
jacksondatabind_68,read_file,,read_file,READ
jacksondatabind_68,replace,,replace,WRITE
jacksondatabind_68,run_shell_command,defects4j compile,defects4j compile,BUILD
jacksondatabind_68,replace,,replace,WRITE
jacksondatabind_68,run_shell_command,defects4j compile,defects4j compile,BUILD
jacksondatabind_68,run_shell_command,defects4j test -t com.fasterxml.jackson.databind.creators.JsonCreatorWithCollectionTest::test,defects4j test,TEST
jacksondatabind_68,google_web_search,,google_web_search,WEB
jacksondatabind_68,replace,,replace,WRITE
jacksondatabind_68,run_shell_command,defects4j compile,defects4j compile,BUILD
jacksondatabind_68,run_shell_command,defects4j test -t com.fasterxml.jackson.databind.creators.JsonCreatorWithCollectionTest::test,defects4j test,TEST
jacksondatabind_68,google_web_search,,google_web_search,WEB
jacksondatabind_68,replace,,replace,WRITE
jacksondatabind_68,replace,,replace,WRITE
jacksondatabind_68,replace,,replace,WRITE
jacksondatabind_68,read_file,,read_file,READ
jacksondatabind_68,replace,,replace,WRITE
jacksondatabind_68,replace,,replace,WRITE
jacksondatabind_68,replace,,replace,WRITE
jacksondatabind_68,run_shell_command,defects4j compile,defects4j compile,BUILD
jacksondatabind_68,replace,,replace,WRITE
jacksondatabind_68,replace,,replace,WRITE
jacksondatabind_68,run_shell_command,defects4j compile,defects4j compile,BUILD
jacksondatabind_68,replace,,replace,WRITE
jacksondatabind_68,write_file,,write_file,WRITE
jacksondatabind_68,run_shell_command,defects4j compile,defects4j compile,BUILD
jacksondatabind_68,replace,,replace,WRITE
jacksondatabind_68,run_shell_command,defects4j compile,defects4j compile,BUILD
jacksondatabind_68,run_shell_command,defects4j test -t com.fasterxml.jackson.databind.creators.JsonCreatorWithCollectionTest::test,defects4j test,TEST
jacksondatabind_68,replace,,replace,WRITE
jacksondatabind_68,run_shell_command,defects4j compile,defects4j compile,BUILD
jacksondatabind_68,replace,,replace,WRITE
jacksondatabind_68,replace,,replace,WRITE
jacksondatabind_68,run_shell_command,defects4j compile,defects4j compile,BUILD
jacksondatabind_68,run_shell_command,defects4j test -t com.fasterxml.jackson.databind.creators.JsonCreatorWithCollectionTest::test,defects4j test,TEST
jacksondatabind_68,replace,,replace,WRITE
jacksondatabind_68,replace,,replace,WRITE
jacksondatabind_68,run_shell_command,defects4j compile,defects4j compile,BUILD
jacksondatabind_68,replace,,replace,WRITE
jacksondatabind_68,replace,,replace,WRITE
jacksondatabind_68,run_shell_command,defects4j compile,defects4j compile,BUILD
jacksondatabind_68,run_shell_command,defects4j test -t com.fasterxml.jackson.databind.creators.JsonCreatorWithCollectionTest::test,defects4j test,TEST
jacksondatabind_69,read_file,,read_file,READ
jacksondatabind_69,run_shell_command,mkdir -p /Users/danielding/Desktop/example_dir/JacksonDatabind_69/src/test/java/com/fasterxml/jackson/databind/failing/,mkdir,FILE_OPS
jacksondatabind_69,write_file,,write_file,WRITE
jacksondatabind_69,run_shell_command,defects4j compile,defects4j compile,BUILD
jacksondatabind_69,run_shell_command,defects4j test -t com.fasterxml.jackson.databind.failing.TestJackson::testJackson,defects4j test,TEST
jacksondatabind_69,glob,,glob,SEARCH_FILES
jacksondatabind_69,read_file,,read_file,READ
jacksondatabind_69,replace,,replace,WRITE
jacksondatabind_69,run_shell_command,defects4j compile,defects4j compile,BUILD
jacksondatabind_69,run_shell_command,defects4j test -t com.fasterxml.jackson.databind.failing.TestJackson::testJackson,defects4j test,TEST
jacksondatabind_69,glob,,glob,SEARCH_FILES
jacksondatabind_69,read_file,,read_file,READ
jacksondatabind_69,read_file,,read_file,READ
jacksondatabind_69,replace,,replace,WRITE
jacksondatabind_69,read_file,,read_file,READ
jacksondatabind_69,replace,,replace,WRITE
jacksondatabind_69,run_shell_command,defects4j compile,defects4j compile,BUILD
jacksondatabind_69,run_shell_command,defects4j test -t com.fasterxml.jackson.databind.failing.TestJackson::testJackson,defects4j test,TEST
jacksondatabind_69,run_shell_command,defects4j test,defects4j test,TEST
jacksondatabind_69,run_shell_command,git checkout /Users/danielding/Desktop/example_dir/JacksonDatabind_69/src/main/java/com/fasterxml/jackson/databind/deser/BasicDeserializerFactory.java,git checkout,VCS
jacksondatabind_69,replace,,replace,WRITE
jacksondatabind_69,run_shell_command,defects4j compile,defects4j compile,BUILD
jacksondatabind_69,run_shell_command,defects4j test -t com.fasterxml.jackson.databind.failing.TestJackson::testJackson,defects4j test,TEST
jacksondatabind_69,run_shell_command,defects4j test,defects4j test,TEST
jacksondatabind_69,run_shell_command,git checkout /Users/danielding/Desktop/example_dir/JacksonDatabind_69/src/main/java/com/fasterxml/jackson/databind/deser/BasicDeserializerFactory.java,git checkout,VCS
jacksondatabind_69,replace,,replace,WRITE
jacksondatabind_69,run_shell_command,defects4j compile,defects4j compile,BUILD
jacksondatabind_69,run_shell_command,defects4j test -t com.fasterxml.jackson.databind.failing.TestJackson::testJackson,defects4j test,TEST
jacksondatabind_69,run_shell_command,git checkout /Users/danielding/Desktop/example_dir/JacksonDatabind_69/src/main/java/com/fasterxml/jackson/databind/deser/BasicDeserializerFactory.java,git checkout,VCS
jacksondatabind_69,replace,,replace,WRITE
jacksondatabind_69,run_shell_command,defects4j compile,defects4j compile,BUILD
jacksondatabind_69,run_shell_command,defects4j test -t com.fasterxml.jackson.databind.failing.TestJackson::testJackson,defects4j test,TEST
jacksondatabind_69,run_shell_command,git checkout /Users/danielding/Desktop/example_dir/JacksonDatabind_69/src/main/java/com/fasterxml/jackson/databind/deser/BasicDeserializerFactory.java,git checkout,VCS
jacksondatabind_69,replace,,replace,WRITE
jacksondatabind_69,run_shell_command,defects4j compile,defects4j compile,BUILD
jacksondatabind_69,run_shell_command,defects4j test -t com.fasterxml.jackson.databind.failing.TestJackson::testJackson,defects4j test,TEST
jacksondatabind_69,run_shell_command,defects4j test,defects4j test,TEST
jacksondatabind_69,run_shell_command,git checkout /Users/danielding/Desktop/example_dir/JacksonDatabind_69/src/main/java/com/fasterxml/jackson/databind/deser/BasicDeserializerFactory.java,git checkout,VCS
jacksondatabind_69,replace,,replace,WRITE
jacksondatabind_69,run_shell_command,defects4j compile,defects4j compile,BUILD
jacksondatabind_69,run_shell_command,defects4j test -t com.fasterxml.jackson.databind.failing.TestJackson::testJackson,defects4j test,TEST
jacksondatabind_69,run_shell_command,git checkout /Users/danielding/Desktop/example_dir/JacksonDatabind_69/src/main/java/com/fasterxml/jackson/databind/deser/BasicDeserializerFactory.java,git checkout,VCS
jacksondatabind_69,replace,,replace,WRITE
jacksondatabind_69,run_shell_command,defects4j compile,defects4j compile,BUILD
jacksondatabind_69,run_shell_command,defects4j test -t com.fasterxml.jackson.databind.failing.TestJackson::testJackson,defects4j test,TEST
jacksondatabind_69,run_shell_command,defects4j test,defects4j test,TEST
jacksondatabind_69,run_shell_command,git checkout /Users/danielding/Desktop/example_dir/JacksonDatabind_69/src/main/java/com/fasterxml/jackson/databind/deser/BasicDeserializerFactory.java,git checkout,VCS
jacksondatabind_69,replace,,replace,WRITE
jacksondatabind_69,run_shell_command,defects4j compile,defects4j compile,BUILD
jacksondatabind_69,run_shell_command,defects4j test -t com.fasterxml.jackson.databind.failing.TestJackson::testJackson,defects4j test,TEST
jacksondatabind_69,run_shell_command,git checkout /Users/danielding/Desktop/example_dir/JacksonDatabind_69/src/main/java/com/fasterxml/jackson/databind/deser/BasicDeserializerFactory.java,git checkout,VCS
jacksondatabind_69,replace,,replace,WRITE
jacksondatabind_69,run_shell_command,defects4j compile,defects4j compile,BUILD
jacksondatabind_69,run_shell_command,defects4j test -t com.fasterxml.jackson.databind.failing.TestJackson::testJackson,defects4j test,TEST
jacksondatabind_69,run_shell_command,git checkout /Users/danielding/Desktop/example_dir/JacksonDatabind_69/src/main/java/com/fasterxml/jackson/databind/deser/BasicDeserializerFactory.java,git checkout,VCS
jacksondatabind_69,replace,,replace,WRITE
jacksondatabind_69,run_shell_command,defects4j compile,defects4j compile,BUILD
jacksondatabind_69,run_shell_command,defects4j test -t com.fasterxml.jackson.databind.failing.TestJackson::testJackson,defects4j test,TEST
jacksondatabind_69,run_shell_command,defects4j test,defects4j test,TEST
jacksondatabind_69,run_shell_command,git checkout /Users/danielding/Desktop/example_dir/JacksonDatabind_69/src/main/java/com/fasterxml/jackson/databind/deser/BasicDeserializerFactory.java,git checkout,VCS
jacksondatabind_69,replace,,replace,WRITE
jacksondatabind_69,run_shell_command,defects4j compile,defects4j compile,BUILD
jacksondatabind_69,run_shell_command,defects4j test -t com.fasterxml.jackson.databind.failing.TestJackson::testJackson,defects4j test,TEST
jacksondatabind_69,run_shell_command,git checkout /Users/danielding/Desktop/example_dir/JacksonDatabind_69/src/main/java/com/fasterxml/jackson/databind/deser/BasicDeserializerFactory.java,git checkout,VCS
jacksondatabind_69,replace,,replace,WRITE
jacksondatabind_69,replace,,replace,WRITE
jacksondatabind_69,run_shell_command,defects4j compile,defects4j compile,BUILD
jacksondatabind_69,run_shell_command,defects4j test -t com.fasterxml.jackson.databind.failing.TestJackson::testJackson,defects4j test,TEST
jacksondatabind_69,run_shell_command,defects4j test,defects4j test,TEST
jacksondatabind_69,run_shell_command,git checkout /Users/danielding/Desktop/example_dir/JacksonDatabind_69/src/main/java/com/fasterxml/jackson/databind/deser/BasicDeserializerFactory.java,git checkout,VCS
jacksondatabind_69,replace,,replace,WRITE
jacksondatabind_69,run_shell_command,defects4j compile,defects4j compile,BUILD
jacksondatabind_69,run_shell_command,defects4j test -t com.fasterxml.jackson.databind.failing.TestJackson::testJackson,defects4j test,TEST
jacksondatabind_69,run_shell_command,git checkout /Users/danielding/Desktop/example_dir/JacksonDatabind_69/src/main/java/com/fasterxml/jackson/databind/deser/BasicDeserializerFactory.java,git checkout,VCS
jacksondatabind_69,replace,,replace,WRITE
jacksondatabind_69,run_shell_command,defects4j compile,defects4j compile,BUILD
jacksondatabind_69,run_shell_command,defects4j test -t com.fasterxml.jackson.databind.failing.TestJackson::testJackson,defects4j test,TEST
jacksondatabind_69,run_shell_command,defects4j test,defects4j test,TEST
jacksondatabind_69,run_shell_command,git checkout /Users/danielding/Desktop/example_dir/JacksonDatabind_69/src/main/java/com/fasterxml/jackson/databind/deser/BasicDeserializerFactory.java,git checkout,VCS
jacksondatabind_69,replace,,replace,WRITE
jacksondatabind_69,run_shell_command,defects4j compile,defects4j compile,BUILD
jacksondatabind_69,run_shell_command,defects4j test -t com.fasterxml.jackson.databind.failing.TestJackson::testJackson,defects4j test,TEST
jacksondatabind_69,run_shell_command,git checkout /Users/danielding/Desktop/example_dir/JacksonDatabind_69/src/main/java/com/fasterxml/jackson/databind/deser/BasicDeserializerFactory.java,git checkout,VCS
jacksondatabind_69,replace,,replace,WRITE
jacksondatabind_69,run_shell_command,defects4j compile,defects4j compile,BUILD
jacksondatabind_69,run_shell_command,defects4j test -t com.fasterxml.jackson.databind.failing.TestJackson::testJackson,defects4j test,TEST
jacksondatabind_69,run_shell_command,defects4j test,defects4j test,TEST
jacksondatabind_69,run_shell_command,git checkout /Users/danielding/Desktop/example_dir/JacksonDatabind_69/src/main/java/com/fasterxml/jackson/databind/deser/BasicDeserializerFactory.java,git checkout,VCS
jacksondatabind_69,replace,,replace,WRITE
jacksondatabind_69,run_shell_command,defects4j compile,defects4j compile,BUILD
jacksondatabind_69,run_shell_command,defects4j test -t com.fasterxml.jackson.databind.failing.TestJackson::testJackson,defects4j test,TEST
jacksondatabind_69,run_shell_command,git checkout /Users/danielding/Desktop/example_dir/JacksonDatabind_69/src/main/java/com/fasterxml/jackson/databind/deser/BasicDeserializerFactory.java,git checkout,VCS
jacksondatabind_69,read_file,,read_file,READ
jacksondatabind_69,replace,,replace,WRITE
jacksondatabind_69,run_shell_command,defects4j compile,defects4j compile,BUILD
jacksondatabind_69,run_shell_command,defects4j test -t com.fasterxml.jackson.databind.failing.TestJackson::testJackson,defects4j test,TEST
jacksondatabind_69,run_shell_command,defects4j test,defects4j test,TEST
jacksondatabind_69,run_shell_command,git checkout /Users/danielding/Desktop/example_dir/JacksonDatabind_69/src/main/java/com/fasterxml/jackson/databind/deser/BasicDeserializerFactory.java,git checkout,VCS
jacksondatabind_69,replace,,replace,WRITE
jacksondatabind_69,run_shell_command,defects4j compile,defects4j compile,BUILD
jacksondatabind_69,run_shell_command,defects4j test -t com.fasterxml.jackson.databind.failing.TestJackson::testJackson,defects4j test,TEST
jacksondatabind_69,run_shell_command,defects4j test,defects4j test,TEST
jacksondatabind_69,replace,,replace,WRITE
jacksondatabind_69,read_file,,read_file,READ
jacksondatabind_69,replace,,replace,WRITE
jacksondatabind_69,read_file,,read_file,READ
jacksondatabind_69,read_file,,read_file,READ
jacksondatabind_69,read_file,,read_file,READ
jacksondatabind_69,replace,,replace,WRITE
jacksondatabind_69,read_file,,read_file,READ
jacksondatabind_69,read_file,,read_file,READ
jacksondatabind_69,replace,,replace,WRITE
jacksondatabind_69,run_shell_command,defects4j compile,defects4j compile,BUILD
jacksondatabind_69,run_shell_command,git checkout /Users/danielding/Desktop/example_dir/JacksonDatabind_69/src/main/java/com/fasterxml/jackson/databind/deser/BasicDeserializerFactory.java,git checkout,VCS
jacksondatabind_69,read_file,,read_file,READ
jacksondatabind_69,replace,,replace,WRITE
jacksondatabind_69,run_shell_command,defects4j compile,defects4j compile,BUILD
jacksondatabind_69,run_shell_command,git checkout /Users/danielding/Desktop/example_dir/JacksonDatabind_69/src/main/java/com/fasterxml/jackson/databind/deser/BasicDeserializerFactory.java,git checkout,VCS
jacksondatabind_69,read_file,,read_file,READ
jacksondatabind_6,read_file,,read_file,READ
jacksondatabind_6,run_shell_command,./run_bug_exposing_tests.sh,run_bug_exposing_tests.sh,TEST
jacksondatabind_6,read_file,,read_file,READ
jacksondatabind_6,run_shell_command,defects4j export -p tests.trigger,defects4j export,DEFECTS4J_OTHER
jacksondatabind_6,read_file,,read_file,READ
jacksondatabind_6,replace,,replace,WRITE
jacksondatabind_6,run_shell_command,./run_bug_exposing_tests.sh,run_bug_exposing_tests.sh,TEST
jacksondatabind_6,read_file,,read_file,READ
jacksondatabind_6,replace,,replace,WRITE
jacksondatabind_6,replace,,replace,WRITE
jacksondatabind_6,run_shell_command,./run_bug_exposing_tests.sh,run_bug_exposing_tests.sh,TEST
jacksondatabind_6,read_file,,read_file,READ
jacksondatabind_6,read_file,,read_file,READ
jacksondatabind_6,glob,,glob,SEARCH_FILES
jacksondatabind_6,read_file,,read_file,READ
jacksondatabind_6,replace,,replace,WRITE
jacksondatabind_6,replace,,replace,WRITE
jacksondatabind_6,replace,,replace,WRITE
jacksondatabind_6,run_shell_command,./run_bug_exposing_tests.sh,run_bug_exposing_tests.sh,TEST
jacksondatabind_6,read_file,,read_file,READ
jacksondatabind_6,replace,,replace,WRITE
jacksondatabind_6,run_shell_command,./run_bug_exposing_tests.sh,run_bug_exposing_tests.sh,TEST
jacksondatabind_6,read_file,,read_file,READ
jacksondatabind_6,run_shell_command,defects4j test,defects4j test,TEST
jacksondatabind_6,run_shell_command,git checkout HEAD -- src/main/java/com/fasterxml/jackson/databind/util/StdDateFormat.java,git checkout,VCS
jacksondatabind_6,replace,,replace,WRITE
jacksondatabind_6,replace,,replace,WRITE
jacksondatabind_6,run_shell_command,defects4j test,defects4j test,TEST
jacksondatabind_6,replace,,replace,WRITE
jacksondatabind_6,read_file,,read_file,READ
jacksondatabind_6,run_shell_command,git checkout HEAD -- src/main/java/com/fasterxml/jackson/databind/util/StdDateFormat.java,git checkout,VCS
jacksondatabind_6,replace,,replace,WRITE
jacksondatabind_6,replace,,replace,WRITE
jacksondatabind_6,run_shell_command,defects4j test,defects4j test,TEST
jacksondatabind_6,run_shell_command,git diff > fix.patch,git diff,VCS
jacksondatabind_6,read_file,,read_file,READ
jacksondatabind_73,read_file,,read_file,READ
jacksondatabind_73,run_shell_command,./run_bug_exposing_tests.sh,run_bug_exposing_tests.sh,TEST
jacksondatabind_73,read_file,,read_file,READ
jacksondatabind_73,glob,,glob,SEARCH_FILES
jacksondatabind_73,run_shell_command,defects4j compile,defects4j compile,BUILD
jacksondatabind_73,run_shell_command,./run_bug_exposing_tests.sh,run_bug_exposing_tests.sh,TEST
jacksondatabind_73,read_file,,read_file,READ
jacksondatabind_73,read_file,,read_file,READ
jacksondatabind_73,search_file_content,,search_file_content,SEARCH_CONTENT
jacksondatabind_73,read_file,,read_file,READ
jacksondatabind_73,read_file,,read_file,READ
jacksondatabind_73,search_file_content,,search_file_content,SEARCH_CONTENT
jacksondatabind_73,read_file,,read_file,READ
jacksondatabind_73,read_file,,read_file,READ
jacksondatabind_73,replace,,replace,WRITE
jacksondatabind_73,run_shell_command,defects4j compile,defects4j compile,BUILD
jacksondatabind_73,replace,,replace,WRITE
jacksondatabind_73,read_file,,read_file,READ
jacksondatabind_73,replace,,replace,WRITE
jacksondatabind_73,read_file,,read_file,READ
jacksondatabind_73,replace,,replace,WRITE
jacksondatabind_73,run_shell_command,defects4j compile,defects4j compile,BUILD
jacksondatabind_73,run_shell_command,./run_bug_exposing_tests.sh,run_bug_exposing_tests.sh,TEST
jacksondatabind_73,read_file,,read_file,READ
jacksondatabind_73,replace,,replace,WRITE
jacksondatabind_73,replace,,replace,WRITE
jacksondatabind_73,run_shell_command,defects4j compile,defects4j compile,BUILD
jacksondatabind_73,run_shell_command,./run_bug_exposing_tests.sh,run_bug_exposing_tests.sh,TEST
jacksondatabind_73,read_file,,read_file,READ
jacksondatabind_73,replace,,replace,WRITE
jacksondatabind_73,replace,,replace,WRITE
jacksondatabind_73,run_shell_command,defects4j compile,defects4j compile,BUILD
jacksondatabind_73,run_shell_command,./run_bug_exposing_tests.sh,run_bug_exposing_tests.sh,TEST
jacksondatabind_73,read_file,,read_file,READ
jacksondatabind_73,replace,,replace,WRITE
jacksondatabind_73,replace,,replace,WRITE
jacksondatabind_73,run_shell_command,defects4j compile,defects4j compile,BUILD
jacksondatabind_73,run_shell_command,./run_bug_exposing_tests.sh,run_bug_exposing_tests.sh,TEST
jacksondatabind_73,read_file,,read_file,READ
jacksondatabind_73,replace,,replace,WRITE
jacksondatabind_73,replace,,replace,WRITE
jacksondatabind_73,run_shell_command,defects4j compile,defects4j compile,BUILD
jacksondatabind_73,run_shell_command,./run_bug_exposing_tests.sh,run_bug_exposing_tests.sh,TEST
jacksondatabind_73,read_file,,read_file,READ
jacksondatabind_73,replace,,replace,WRITE
jacksondatabind_73,replace,,replace,WRITE
jacksondatabind_73,read_file,,read_file,READ
jacksondatabind_73,replace,,replace,WRITE
jacksondatabind_73,read_file,,read_file,READ
jacksondatabind_73,replace,,replace,WRITE
jacksondatabind_73,read_file,,read_file,READ
jacksondatabind_73,replace,,replace,WRITE
jacksondatabind_73,run_shell_command,defects4j compile,defects4j compile,BUILD
jacksondatabind_73,run_shell_command,./run_bug_exposing_tests.sh,run_bug_exposing_tests.sh,TEST
jacksondatabind_73,read_file,,read_file,READ
jacksondatabind_73,replace,,replace,WRITE
jacksondatabind_73,replace,,replace,WRITE
jacksondatabind_73,run_shell_command,defects4j compile,defects4j compile,BUILD
jacksondatabind_73,replace,,replace,WRITE
jacksondatabind_73,run_shell_command,defects4j compile,defects4j compile,BUILD
jacksondatabind_73,replace,,replace,WRITE
jacksondatabind_73,search_file_content,,search_file_content,SEARCH_CONTENT
jacksondatabind_73,search_file_content,,search_file_content,SEARCH_CONTENT
jacksondatabind_73,replace,,replace,WRITE
jacksondatabind_73,run_shell_command,defects4j compile,defects4j compile,BUILD
jacksondatabind_75,read_file,,read_file,READ
jacksondatabind_75,run_shell_command,./run_bug_exposing_tests.sh,run_bug_exposing_tests.sh,TEST
jacksondatabind_75,read_file,,read_file,READ
jacksondatabind_75,glob,,glob,SEARCH_FILES
jacksondatabind_75,run_shell_command,defects4j compile,defects4j compile,BUILD
jacksondatabind_75,run_shell_command,./run_bug_exposing_tests.sh,run_bug_exposing_tests.sh,TEST
jacksondatabind_75,read_file,,read_file,READ
jacksondatabind_75,read_file,,read_file,READ
jacksondatabind_75,search_file_content,,search_file_content,SEARCH_CONTENT
jacksondatabind_75,search_file_content,,search_file_content,SEARCH_CONTENT
jacksondatabind_75,search_file_content,,search_file_content,SEARCH_CONTENT
jacksondatabind_75,read_file,,read_file,READ
jacksondatabind_75,replace,,replace,WRITE
jacksondatabind_75,replace,,replace,WRITE
jacksondatabind_75,replace,,replace,WRITE
jacksondatabind_75,read_file,,read_file,READ
jacksondatabind_75,replace,,replace,WRITE
jacksondatabind_75,run_shell_command,defects4j compile,defects4j compile,BUILD
jacksondatabind_75,replace,,replace,WRITE
jacksondatabind_75,replace,,replace,WRITE
jacksondatabind_75,run_shell_command,defects4j compile,defects4j compile,BUILD
jacksondatabind_75,run_shell_command,./run_bug_exposing_tests.sh,run_bug_exposing_tests.sh,TEST
jacksondatabind_75,read_file,,read_file,READ
jacksondatabind_75,replace,,replace,WRITE
jacksondatabind_75,replace,,replace,WRITE
jacksondatabind_75,replace,,replace,WRITE
jacksondatabind_75,replace,,replace,WRITE
jacksondatabind_75,run_shell_command,defects4j compile,defects4j compile,BUILD
jacksondatabind_75,run_shell_command,./run_bug_exposing_tests.sh,run_bug_exposing_tests.sh,TEST
jacksondatabind_75,read_file,,read_file,READ
jacksondatabind_75,read_file,,read_file,READ
jacksondatabind_75,search_file_content,,search_file_content,SEARCH_CONTENT
jacksondatabind_75,google_web_search,,google_web_search,WEB
jacksondatabind_75,search_file_content,,search_file_content,SEARCH_CONTENT
jacksondatabind_75,glob,,glob,SEARCH_FILES
jacksondatabind_75,read_file,,read_file,READ
jacksondatabind_75,replace,,replace,WRITE
jacksondatabind_75,replace,,replace,WRITE
jacksondatabind_75,run_shell_command,defects4j compile,defects4j compile,BUILD
jacksondatabind_75,run_shell_command,./run_bug_exposing_tests.sh,run_bug_exposing_tests.sh,TEST
jacksondatabind_75,read_file,,read_file,READ
jacksondatabind_75,read_file,,read_file,READ
jacksondatabind_75,replace,,replace,WRITE
jacksondatabind_75,run_shell_command,defects4j compile,defects4j compile,BUILD
jacksondatabind_75,run_shell_command,./run_bug_exposing_tests.sh,run_bug_exposing_tests.sh,TEST
jacksondatabind_75,read_file,,read_file,READ
jacksondatabind_75,replace,,replace,WRITE
jacksondatabind_75,search_file_content,,search_file_content,SEARCH_CONTENT
jacksondatabind_75,read_file,,read_file,READ
jacksondatabind_75,read_file,,read_file,READ
jacksondatabind_75,read_file,,read_file,READ
jacksondatabind_75,replace,,replace,WRITE
jacksondatabind_75,read_file,,read_file,READ
jacksondatabind_75,read_file,,read_file,READ
jacksondatabind_75,replace,,replace,WRITE
jacksondatabind_75,replace,,replace,WRITE
jacksondatabind_75,replace,,replace,WRITE
jacksondatabind_75,replace,,replace,WRITE
jacksondatabind_75,replace,,replace,WRITE
jacksondatabind_75,replace,,replace,WRITE
jacksondatabind_75,read_file,,read_file,READ
jacksondatabind_75,replace,,replace,WRITE
jacksondatabind_75,replace,,replace,WRITE
jacksondatabind_75,replace,,replace,WRITE
jacksondatabind_75,replace,,replace,WRITE
jacksondatabind_75,read_file,,read_file,READ
jacksondatabind_75,replace,,replace,WRITE
jacksondatabind_75,replace,,replace,WRITE
jacksondatabind_75,replace,,replace,WRITE
jacksondatabind_75,replace,,replace,WRITE
jacksondatabind_75,read_file,,read_file,READ
jacksondatabind_75,replace,,replace,WRITE
jacksondatabind_75,replace,,replace,WRITE
jacksondatabind_75,replace,,replace,WRITE
jacksondatabind_75,replace,,replace,WRITE
jacksondatabind_75,replace,,replace,WRITE
jacksondatabind_75,replace,,replace,WRITE
jacksondatabind_75,replace,,replace,WRITE
jacksondatabind_75,replace,,replace,WRITE
jacksondatabind_75,replace,,replace,WRITE
jacksondatabind_75,replace,,replace,WRITE
jacksondatabind_75,replace,,replace,WRITE
jacksondatabind_75,run_shell_command,defects4j compile,defects4j compile,BUILD
jacksondatabind_75,read_file,,read_file,READ
jacksondatabind_75,replace,,replace,WRITE
jacksondatabind_75,replace,,replace,WRITE
jacksondatabind_75,replace,,replace,WRITE
jacksondatabind_75,read_file,,read_file,READ
jacksondatabind_75,replace,,replace,WRITE
jacksondatabind_75,read_file,,read_file,READ
jacksondatabind_75,replace,,replace,WRITE
jacksondatabind_75,replace,,replace,WRITE
jacksondatabind_75,replace,,replace,WRITE
jacksondatabind_75,replace,,replace,WRITE
jacksondatabind_75,run_shell_command,defects4j compile,defects4j compile,BUILD
jacksondatabind_75,run_shell_command,./run_bug_exposing_tests.sh,run_bug_exposing_tests.sh,TEST
jacksondatabind_75,replace,,replace,WRITE
jacksondatabind_75,replace,,replace,WRITE
jacksondatabind_75,replace,,replace,WRITE
jacksondatabind_75,replace,,replace,WRITE
jacksondatabind_75,replace,,replace,WRITE
jacksondatabind_75,replace,,replace,WRITE
jacksondatabind_75,replace,,replace,WRITE
jacksondatabind_75,replace,,replace,WRITE
jacksondatabind_75,replace,,replace,WRITE
jacksondatabind_75,replace,,replace,WRITE
jacksondatabind_75,replace,,replace,WRITE
jacksondatabind_75,replace,,replace,WRITE
jacksondatabind_75,replace,,replace,WRITE
jacksondatabind_75,replace,,replace,WRITE
jacksondatabind_75,replace,,replace,WRITE
jacksondatabind_75,replace,,replace,WRITE
jacksondatabind_75,replace,,replace,WRITE
jacksondatabind_75,replace,,replace,WRITE
jacksondatabind_75,replace,,replace,WRITE
jacksondatabind_75,replace,,replace,WRITE
jacksondatabind_75,replace,,replace,WRITE
jacksondatabind_75,replace,,replace,WRITE
jacksondatabind_75,replace,,replace,WRITE
jacksondatabind_77,read_file,,read_file,READ
jacksondatabind_77,run_shell_command,./run_bug_exposing_tests.sh,run_bug_exposing_tests.sh,TEST
jacksondatabind_77,read_file,,read_file,READ
jacksondatabind_77,run_shell_command,defects4j compile,defects4j compile,BUILD
jacksondatabind_77,run_shell_command,./run_bug_exposing_tests.sh,run_bug_exposing_tests.sh,TEST
jacksondatabind_77,read_file,,read_file,READ
jacksondatabind_77,read_file,,read_file,READ
jacksondatabind_77,search_file_content,,search_file_content,SEARCH_CONTENT
jacksondatabind_77,read_file,,read_file,READ
jacksondatabind_77,read_file,,read_file,READ
jacksondatabind_77,read_file,,read_file,READ
jacksondatabind_78,read_file,,read_file,READ
jacksondatabind_78,run_shell_command,./run_bug_exposing_tests.sh,run_bug_exposing_tests.sh,TEST
jacksondatabind_78,read_file,,read_file,READ
jacksondatabind_78,glob,,glob,SEARCH_FILES
jacksondatabind_78,run_shell_command,defects4j compile,defects4j compile,BUILD
jacksondatabind_78,run_shell_command,./run_bug_exposing_tests.sh,run_bug_exposing_tests.sh,TEST
jacksondatabind_78,read_file,,read_file,READ
jacksondatabind_78,search_file_content,,search_file_content,SEARCH_CONTENT
jacksondatabind_78,read_many_files,,read_many_files,READ
jacksondatabind_79,read_file,,read_file,READ
jacksondatabind_79,run_shell_command,./run_bug_exposing_tests.sh,run_bug_exposing_tests.sh,TEST
jacksondatabind_79,read_file,,read_file,READ
jacksondatabind_79,glob,,glob,SEARCH_FILES
jacksondatabind_79,read_file,,read_file,READ
jacksondatabind_79,replace,,replace,WRITE
jacksondatabind_79,run_shell_command,defects4j compile,defects4j compile,BUILD
jacksondatabind_79,run_shell_command,defects4j test -t com.fasterxml.jackson.databind.objectid.TestObjectIdSerialization::testReallyAlwaysAsId,defects4j test,TEST
jacksondatabind_79,read_file,,read_file,READ
jacksondatabind_79,search_file_content,,search_file_content,SEARCH_CONTENT
jacksondatabind_79,search_file_content,,search_file_content,SEARCH_CONTENT
jacksondatabind_79,read_file,,read_file,READ
jacksondatabind_79,search_file_content,,search_file_content,SEARCH_CONTENT
jacksondatabind_79,read_file,,read_file,READ
jacksondatabind_79,replace,,replace,WRITE
jacksondatabind_79,run_shell_command,defects4j compile,defects4j compile,BUILD
jacksondatabind_79,search_file_content,,search_file_content,SEARCH_CONTENT
jacksondatabind_79,read_file,,read_file,READ
jacksondatabind_79,replace,,replace,WRITE
jacksondatabind_79,run_shell_command,defects4j compile,defects4j compile,BUILD
jacksondatabind_79,replace,,replace,WRITE
jacksondatabind_79,run_shell_command,defects4j compile,defects4j compile,BUILD
jacksondatabind_79,replace,,replace,WRITE
jacksondatabind_79,run_shell_command,defects4j compile,defects4j compile,BUILD
jacksondatabind_79,run_shell_command,defects4j test -t com.fasterxml.jackson.databind.objectid.TestObjectIdSerialization::testReallyAlwaysAsId,defects4j test,TEST
jacksondatabind_79,run_shell_command,defects4j test,defects4j test,TEST
jacksondatabind_87,read_file,,read_file,READ
jacksondatabind_87,run_shell_command,./run_bug_exposing_tests.sh,run_bug_exposing_tests.sh,TEST
jacksondatabind_87,read_file,,read_file,READ
jacksondatabind_87,glob,,glob,SEARCH_FILES
jacksondatabind_87,read_file,,read_file,READ
jacksondatabind_87,run_shell_command,defects4j compile,defects4j compile,BUILD
jacksondatabind_87,read_file,,read_file,READ
jacksondatabind_87,run_shell_command,defects4j export -p cp.test,defects4j export,DEFECTS4J_OTHER
jacksondatabind_87,read_file,,read_file,READ
jacksondatabind_87,replace,,replace,WRITE
jacksondatabind_87,run_shell_command,defects4j compile,defects4j compile,BUILD
jacksondatabind_87,run_shell_command,./run_bug_exposing_tests.sh,run_bug_exposing_tests.sh,TEST
jacksondatabind_87,read_file,,read_file,READ
jacksondatabind_87,replace,,replace,WRITE
jacksondatabind_87,replace,,replace,WRITE
jacksondatabind_87,replace,,replace,WRITE
jacksondatabind_87,replace,,replace,WRITE
jacksondatabind_87,replace,,replace,WRITE
jacksondatabind_87,replace,,replace,WRITE
jacksondatabind_87,run_shell_command,defects4j compile,defects4j compile,BUILD
jacksondatabind_87,replace,,replace,WRITE
jacksondatabind_87,run_shell_command,defects4j compile,defects4j compile,BUILD
jacksondatabind_87,run_shell_command,./run_bug_exposing_tests.sh,run_bug_exposing_tests.sh,TEST
jacksondatabind_87,read_file,,read_file,READ
jacksondatabind_87,run_shell_command,defects4j test,defects4j test,TEST
jacksondatabind_87,run_shell_command,git diff,git diff,VCS
jacksondatabind_8,read_file,,read_file,READ
jacksondatabind_8,run_shell_command,./run_bug_exposing_tests.sh,run_bug_exposing_tests.sh,TEST
jacksondatabind_8,read_file,,read_file,READ
jacksondatabind_8,run_shell_command,defects4j compile,defects4j compile,BUILD
jacksondatabind_8,run_shell_command,./run_bug_exposing_tests.sh,run_bug_exposing_tests.sh,TEST
jacksondatabind_8,read_file,,read_file,READ
jacksondatabind_8,read_file,,read_file,READ
jacksondatabind_8,read_file,,read_file,READ
jacksondatabind_8,replace,,replace,WRITE
jacksondatabind_8,run_shell_command,defects4j compile,defects4j compile,BUILD
jacksondatabind_8,run_shell_command,./run_bug_exposing_tests.sh,run_bug_exposing_tests.sh,TEST
jacksondatabind_8,read_file,,read_file,READ
jacksondatabind_8,run_shell_command,defects4j test,defects4j test,TEST
jacksondatabind_8,run_shell_command,git diff,git diff,VCS
jacksondatabind_90,read_file,,read_file,READ
jacksondatabind_90,run_shell_command,defects4j compile,defects4j compile,BUILD
jacksondatabind_90,write_file,,write_file,WRITE
jacksondatabind_90,write_file,,write_file,WRITE
jacksondatabind_90,run_shell_command,defects4j test -t com.fasterxml.jackson.databind.failing.ArrayDelegateDeserializationTest::testArrayDelegateDeserialization,defects4j test,TEST
jacksondatabind_90,write_file,,write_file,WRITE
jacksondatabind_90,run_shell_command,defects4j test -t com.fasterxml.jackson.databind.failing.ArrayDelegateDeserializationTest::testArrayDelegateDeserialization,defects4j test,TEST
jacksondatabind_90,read_file,,read_file,READ
jacksondatabind_90,replace,,replace,WRITE
jacksondatabind_90,run_shell_command,defects4j test -t com.fasterxml.jackson.databind.failing.ArrayDelegateDeserializationTest::testArrayDelegateDeserialization,defects4j test,TEST
jacksondatabind_90,search_file_content,,search_file_content,SEARCH_CONTENT
jacksondatabind_90,read_file,,read_file,READ
jacksondatabind_90,read_file,,read_file,READ
jacksondatabind_90,search_file_content,,search_file_content,SEARCH_CONTENT
jacksondatabind_90,read_file,,read_file,READ
jacksondatabind_90,read_file,,read_file,READ
jacksondatabind_90,read_file,,read_file,READ
jacksondatabind_90,replace,,replace,WRITE
jacksondatabind_90,read_file,,read_file,READ
jacksondatabind_90,replace,,replace,WRITE
jacksondatabind_90,read_file,,read_file,READ
jacksondatabind_90,replace,,replace,WRITE
jacksondatabind_90,run_shell_command,defects4j test -t com.fasterxml.jackson.databind.failing.ArrayDelegateDeserializationTest::testArrayDelegateDeserialization,defects4j test,TEST
jacksondatabind_90,replace,,replace,WRITE
jacksondatabind_90,run_shell_command,defects4j test -t com.fasterxml.jackson.databind.failing.ArrayDelegateDeserializationTest::testArrayDelegateDeserialization,defects4j test,TEST
jacksondatabind_90,replace,,replace,WRITE
jacksondatabind_90,read_file,,read_file,READ
jacksondatabind_90,replace,,replace,WRITE
jacksondatabind_90,run_shell_command,defects4j test -t com.fasterxml.jackson.databind.failing.ArrayDelegateDeserializationTest::testArrayDelegateDeserialization,defects4j test,TEST
jacksondatabind_90,read_file,,read_file,READ
jacksondatabind_90,replace,,replace,WRITE
jacksondatabind_90,replace,,replace,WRITE
jacksondatabind_90,run_shell_command,defects4j test -t com.fasterxml.jackson.databind.failing.ArrayDelegateDeserializationTest::testArrayDelegateDeserialization,defects4j test,TEST
jacksondatabind_90,run_shell_command,git show HEAD:src/main/java/com/fasterxml/jackson/databind/deser/BasicDeserializerFactory.java,git show,VCS
jacksondatabind_90,write_file,,write_file,WRITE
jacksondatabind_90,replace,,replace,WRITE
jacksondatabind_90,replace,,replace,WRITE
jacksondatabind_90,read_file,,read_file,READ
jacksondatabind_90,replace,,replace,WRITE
jacksondatabind_90,run_shell_command,defects4j test -t com.fasterxml.jackson.databind.failing.ArrayDelegateDeserializationTest::testArrayDelegateDeserialization,defects4j test,TEST
jacksondatabind_90,read_file,,read_file,READ
jacksondatabind_90,replace,,replace,WRITE
jacksondatabind_90,read_file,,read_file,READ
jacksondatabind_94,read_file,,read_file,READ
jacksondatabind_94,run_shell_command,./run_bug_exposing_tests.sh,run_bug_exposing_tests.sh,TEST
jacksondatabind_94,read_file,,read_file,READ
jacksondatabind_94,glob,,glob,SEARCH_FILES
jacksondatabind_94,read_file,,read_file,READ
jacksondatabind_94,run_shell_command,defects4j compile,defects4j compile,BUILD
jacksondatabind_94,search_file_content,,search_file_content,SEARCH_CONTENT
jacksondatabind_94,read_file,,read_file,READ
jacksondatabind_94,replace,,replace,WRITE
jacksondatabind_94,run_shell_command,./run_bug_exposing_tests.sh,run_bug_exposing_tests.sh,TEST
jacksondatabind_94,read_file,,read_file,READ
jacksondatabind_94,replace,,replace,WRITE
jacksondatabind_94,replace,,replace,WRITE
jacksondatabind_94,run_shell_command,./run_bug_exposing_tests.sh,run_bug_exposing_tests.sh,TEST
jacksondatabind_94,read_file,,read_file,READ
jacksondatabind_94,replace,,replace,WRITE
jacksondatabind_94,run_shell_command,./run_bug_exposing_tests.sh,run_bug_exposing_tests.sh,TEST
jacksondatabind_94,read_file,,read_file,READ
jacksondatabind_94,read_file,,read_file,READ
jacksondatabind_94,run_shell_command,defects4j compile,defects4j compile,BUILD
jacksondatabind_94,replace,,replace,WRITE
jacksondatabind_94,replace,,replace,WRITE
jacksondatabind_94,replace,,replace,WRITE
jacksondatabind_94,run_shell_command,defects4j compile,defects4j compile,BUILD
jacksondatabind_94,run_shell_command,./run_bug_exposing_tests.sh,run_bug_exposing_tests.sh,TEST
jacksondatabind_94,read_file,,read_file,READ
jacksondatabind_94,replace,,replace,WRITE
jacksondatabind_94,run_shell_command,defects4j compile,defects4j compile,BUILD
jacksondatabind_94,run_shell_command,./run_bug_exposing_tests.sh,run_bug_exposing_tests.sh,TEST
jacksondatabind_94,read_file,,read_file,READ
jacksondatabind_94,replace,,replace,WRITE
jacksondatabind_94,replace,,replace,WRITE
jacksondatabind_94,replace,,replace,WRITE
jacksondatabind_94,run_shell_command,defects4j compile,defects4j compile,BUILD
jacksondatabind_94,run_shell_command,./run_bug_exposing_tests.sh,run_bug_exposing_tests.sh,TEST
jacksondatabind_94,read_file,,read_file,READ
jacksondatabind_94,run_shell_command,defects4j test,defects4j test,TEST
jacksondatabind_94,run_shell_command,git diff,git diff,VCS
jacksondatabind_95,read_file,,read_file,READ
jacksondatabind_95,run_shell_command,./run_bug_exposing_tests.sh,run_bug_exposing_tests.sh,TEST
jacksondatabind_95,read_file,,read_file,READ
jacksondatabind_95,run_shell_command,defects4j test,defects4j test,TEST
jacksondatabind_95,read_file,,read_file,READ
jacksondatabind_95,read_file,,read_file,READ
jacksondatabind_95,replace,,replace,WRITE
jacksondatabind_95,run_shell_command,defects4j compile,defects4j compile,BUILD
jacksondatabind_95,replace,,replace,WRITE
jacksondatabind_95,run_shell_command,defects4j compile,defects4j compile,BUILD
jacksondatabind_95,run_shell_command,defects4j test -t com.fasterxml.jackson.databind.type.TestTypeFactory::testCanonicalNames,defects4j test,TEST
jacksondatabind_95,run_shell_command,defects4j test,defects4j test,TEST
jacksondatabind_95,run_shell_command,git diff,git diff,VCS
jacksonxml_1,read_file,,read_file,READ
jacksonxml_1,run_shell_command,./run_bug_exposing_tests.sh,run_bug_exposing_tests.sh,TEST
jacksonxml_1,read_file,,read_file,READ
jacksonxml_1,run_shell_command,defects4j compile,defects4j compile,BUILD
jacksonxml_1,run_shell_command,defects4j test -t com.fasterxml.jackson.dataformat.xml.lists.NestedUnwrappedLists180Test,defects4j test,TEST
jacksonxml_1,run_shell_command,defects4j test,defects4j test,TEST
jacksonxml_1,read_many_files,,read_many_files,READ
jacksonxml_1,search_file_content,,search_file_content,SEARCH_CONTENT
jacksonxml_1,read_many_files,,read_many_files,READ
jacksonxml_1,replace,,replace,WRITE
jacksonxml_1,replace,,replace,WRITE
jacksonxml_1,read_file,,read_file,READ
jacksonxml_1,replace,,replace,WRITE
jacksonxml_1,run_shell_command,./run_bug_exposing_tests.sh,run_bug_exposing_tests.sh,TEST
jacksonxml_1,read_file,,read_file,READ
jacksonxml_1,replace,,replace,WRITE
jacksonxml_1,replace,,replace,WRITE
jacksonxml_1,read_file,,read_file,READ
jacksonxml_1,replace,,replace,WRITE
jacksonxml_1,run_shell_command,./run_bug_exposing_tests.sh,run_bug_exposing_tests.sh,TEST
jacksonxml_1,read_file,,read_file,READ
jacksonxml_1,replace,,replace,WRITE
jacksonxml_1,run_shell_command,./run_bug_exposing_tests.sh,run_bug_exposing_tests.sh,TEST
jacksonxml_1,read_file,,read_file,READ
jacksonxml_1,replace,,replace,WRITE
jacksonxml_1,run_shell_command,./run_bug_exposing_tests.sh,run_bug_exposing_tests.sh,TEST
jacksonxml_1,read_file,,read_file,READ
jacksonxml_1,read_file,,read_file,READ
jacksonxml_1,replace,,replace,WRITE
jacksonxml_1,read_file,,read_file,READ
jacksonxml_1,replace,,replace,WRITE
jacksonxml_1,read_file,,read_file,READ
jacksonxml_1,replace,,replace,WRITE
jacksonxml_1,read_file,,read_file,READ
jacksonxml_1,replace,,replace,WRITE
jacksonxml_1,run_shell_command,./run_bug_exposing_tests.sh,run_bug_exposing_tests.sh,TEST
jacksonxml_1,replace,,replace,WRITE
jacksonxml_1,read_file,,read_file,READ
jacksonxml_1,replace,,replace,WRITE
jacksonxml_1,read_file,,read_file,READ
jacksonxml_1,replace,,replace,WRITE
jacksonxml_1,run_shell_command,./run_bug_exposing_tests.sh,run_bug_exposing_tests.sh,TEST
jacksonxml_1,read_file,,read_file,READ
jacksonxml_1,replace,,replace,WRITE
jacksonxml_1,read_file,,read_file,READ
jacksonxml_1,replace,,replace,WRITE
jacksonxml_1,replace,,replace,WRITE
jacksonxml_1,replace,,replace,WRITE
jacksonxml_1,read_file,,read_file,READ
jacksonxml_1,replace,,replace,WRITE
jacksonxml_1,replace,,replace,WRITE
jacksonxml_1,replace,,replace,WRITE
jacksonxml_1,read_file,,read_file,READ
jacksonxml_6,read_file,,read_file,READ
jacksonxml_6,run_shell_command,./run_bug_exposing_tests.sh,run_bug_exposing_tests.sh,TEST
jacksonxml_6,read_file,,read_file,READ
jacksonxml_6,run_shell_command,defects4j compile,defects4j compile,BUILD
jacksonxml_6,run_shell_command,./run_bug_exposing_tests.sh,run_bug_exposing_tests.sh,TEST
jacksonxml_6,read_file,,read_file,READ
jacksonxml_6,glob,,glob,SEARCH_FILES
jacksonxml_6,read_file,,read_file,READ
jacksonxml_6,glob,,glob,SEARCH_FILES
jacksonxml_6,read_file,,read_file,READ
jacksonxml_6,replace,,replace,WRITE
jacksonxml_6,replace,,replace,WRITE
jacksonxml_6,read_file,,read_file,READ
jacksonxml_6,replace,,replace,WRITE
jacksonxml_6,glob,,glob,SEARCH_FILES
jacksonxml_6,read_file,,read_file,READ
jacksonxml_6,replace,,replace,WRITE
jacksonxml_6,run_shell_command,defects4j compile,defects4j compile,BUILD
jacksonxml_6,replace,,replace,WRITE
jacksonxml_6,replace,,replace,WRITE
jacksonxml_6,replace,,replace,WRITE
jacksonxml_6,replace,,replace,WRITE
jacksonxml_6,read_file,,read_file,READ
jacksonxml_6,replace,,replace,WRITE
jacksonxml_6,replace,,replace,WRITE
jacksonxml_6,replace,,replace,WRITE
jacksonxml_6,run_shell_command,defects4j compile,defects4j compile,BUILD
jacksonxml_6,replace,,replace,WRITE
jacksonxml_6,replace,,replace,WRITE
jacksonxml_6,replace,,replace,WRITE
jacksonxml_6,run_shell_command,defects4j compile,defects4j compile,BUILD
jacksonxml_6,glob,,glob,SEARCH_FILES
jacksonxml_6,read_file,,read_file,READ
jacksonxml_6,replace,,replace,WRITE
jacksonxml_6,replace,,replace,WRITE
jacksonxml_6,run_shell_command,defects4j compile,defects4j compile,BUILD
jacksonxml_6,read_file,,read_file,READ
jacksonxml_6,replace,,replace,WRITE
jacksonxml_6,run_shell_command,defects4j compile,defects4j compile,BUILD
jacksonxml_6,run_shell_command,git checkout /Users/danielding/Desktop/example_dir/JacksonXml_6/src/main/java/com/fasterxml/jackson/dataformat/xml/util/StaxUtil.java,git checkout,VCS
jacksonxml_6,replace,,replace,WRITE
jacksonxml_6,replace,,replace,WRITE
jacksonxml_6,run_shell_command,defects4j compile,defects4j compile,BUILD
jacksonxml_6,replace,,replace,WRITE
jacksonxml_6,replace,,replace,WRITE
jacksonxml_6,replace,,replace,WRITE
jacksonxml_6,replace,,replace,WRITE
jacksonxml_6,replace,,replace,WRITE
jacksonxml_6,replace,,replace,WRITE
jacksonxml_6,run_shell_command,defects4j compile,defects4j compile,BUILD
jacksonxml_6,replace,,replace,WRITE
jacksonxml_6,replace,,replace,WRITE
jacksonxml_6,replace,,replace,WRITE
jacksonxml_6,replace,,replace,WRITE
jacksonxml_6,replace,,replace,WRITE
jacksonxml_6,replace,,replace,WRITE
jacksonxml_6,run_shell_command,defects4j compile,defects4j compile,BUILD
jacksonxml_6,replace,,replace,WRITE
jacksonxml_6,replace,,replace,WRITE
jacksonxml_6,replace,,replace,WRITE
jacksonxml_6,replace,,replace,WRITE
jacksonxml_6,replace,,replace,WRITE
jacksonxml_6,run_shell_command,defects4j compile,defects4j compile,BUILD
jacksonxml_6,replace,,replace,WRITE
jacksonxml_6,replace,,replace,WRITE
jacksonxml_6,read_file,,read_file,READ
jacksonxml_6,replace,,replace,WRITE
jacksonxml_6,replace,,replace,WRITE
jacksonxml_6,replace,,replace,WRITE
jacksonxml_6,run_shell_command,git checkout /Users/danielding/Desktop/example_dir/JacksonXml_6/src/main/java/com/fasterxml/jackson/dataformat/xml/util/StaxUtil.java,git checkout,VCS
jacksonxml_6,run_shell_command,git checkout /Users/danielding/Desktop/example_dir/JacksonXml_6/src/main/java/com/fasterxml/jackson/dataformat/xml/XmlPrettyPrinter.java,git checkout,VCS
jacksonxml_6,run_shell_command,git checkout /Users/danielding/Desktop/example_dir/JacksonXml_6/src/main/java/com/fasterxml/jackson/dataformat/xml/util/DefaultXmlPrettyPrinter.java,git checkout,VCS
jacksonxml_6,run_shell_command,git checkout /Users/danielding/Desktop/example_dir/JacksonXml_6/src/main/java/com/fasterxml/jackson/dataformat/xml/ser/ToXmlGenerator.java,git checkout,VCS
jacksonxml_6,replace,,replace,WRITE
jacksonxml_6,run_shell_command,defects4j compile,defects4j compile,BUILD
jacksonxml_6,run_shell_command,./run_bug_exposing_tests.sh,run_bug_exposing_tests.sh,TEST
jacksonxml_6,run_shell_command,./run_all_tests_trace.sh,run_all_tests_trace.sh,TEST
jacksonxml_6,run_shell_command,git diff > /Users/danielding/Desktop/example_dir/JacksonXml_6/fix.patch,git diff,VCS
jsoup_11,read_file,,read_file,READ
jsoup_11,run_shell_command,./run_bug_exposing_tests.sh,run_bug_exposing_tests.sh,TEST
jsoup_11,read_file,,read_file,READ
jsoup_11,run_shell_command,defects4j test -t org.jsoup.select.SelectorTest,defects4j test,TEST
jsoup_11,read_file,,read_file,READ
jsoup_11,run_shell_command,defects4j test -t org.jsoup.select.SelectorTest::notParas,defects4j test,TEST
jsoup_11,read_file,,read_file,READ
jsoup_11,replace,,replace,WRITE
jsoup_11,replace,,replace,WRITE
jsoup_11,read_file,,read_file,READ
jsoup_11,replace,,replace,WRITE
jsoup_11,replace,,replace,WRITE
jsoup_11,run_shell_command,defects4j test -t org.jsoup.select.SelectorTest::notParas,defects4j test,TEST
jsoup_11,replace,,replace,WRITE
jsoup_11,run_shell_command,defects4j test -t org.jsoup.select.SelectorTest::notParas,defects4j test,TEST
jsoup_11,replace,,replace,WRITE
jsoup_11,run_shell_command,defects4j test -t org.jsoup.select.SelectorTest::notParas,defects4j test,TEST
jsoup_11,read_file,,read_file,READ
jsoup_11,read_file,,read_file,READ
jsoup_11,replace,,replace,WRITE
jsoup_11,read_file,,read_file,READ
jsoup_11,replace,,replace,WRITE
jsoup_11,replace,,replace,WRITE
jsoup_11,replace,,replace,WRITE
jsoup_11,replace,,replace,WRITE
jsoup_11,replace,,replace,WRITE
jsoup_11,replace,,replace,WRITE
jsoup_11,run_shell_command,defects4j test -t org.jsoup.select.SelectorTest::notParas,defects4j test,TEST
jsoup_11,read_file,,read_file,READ
jsoup_11,replace,,replace,WRITE
jsoup_11,run_shell_command,defects4j test -t org.jsoup.select.SelectorTest::notParas,defects4j test,TEST
jsoup_11,read_file,,read_file,READ
jsoup_11,replace,,replace,WRITE
jsoup_11,run_shell_command,defects4j test -t org.jsoup.select.SelectorTest::notParas,defects4j test,TEST
jsoup_11,read_file,,read_file,READ
jsoup_11,replace,,replace,WRITE
jsoup_11,read_file,,read_file,READ
jsoup_11,replace,,replace,WRITE
jsoup_11,run_shell_command,defects4j test -t org.jsoup.select.SelectorTest::notParas,defects4j test,TEST
jsoup_11,replace,,replace,WRITE
jsoup_11,replace,,replace,WRITE
jsoup_11,run_shell_command,defects4j test -t org.jsoup.select.SelectorTest::notParas,defects4j test,TEST
jsoup_11,replace,,replace,WRITE
jsoup_11,run_shell_command,defects4j test -t org.jsoup.select.SelectorTest::notParas,defects4j test,TEST
jsoup_11,replace,,replace,WRITE
jsoup_11,run_shell_command,defects4j test -t org.jsoup.select.SelectorTest::notParas,defects4j test,TEST
jsoup_11,replace,,replace,WRITE
jsoup_11,run_shell_command,defects4j test -t org.jsoup.select.SelectorTest::notParas,defects4j test,TEST
jsoup_11,run_shell_command,defects4j test,defects4j test,TEST
jsoup_11,read_file,,read_file,READ
jsoup_11,replace,,replace,WRITE
jsoup_11,run_shell_command,defects4j test,defects4j test,TEST
jsoup_11,replace,,replace,WRITE
jsoup_11,run_shell_command,defects4j test,defects4j test,TEST
jsoup_11,replace,,replace,WRITE
jsoup_11,run_shell_command,defects4j test,defects4j test,TEST
jsoup_11,replace,,replace,WRITE
jsoup_11,replace,,replace,WRITE
jsoup_11,run_shell_command,defects4j test,defects4j test,TEST
jsoup_11,run_shell_command,git diff,git diff,VCS
jsoup_12,read_file,,read_file,READ
jsoup_12,run_shell_command,./run_bug_exposing_tests.sh,run_bug_exposing_tests.sh,TEST
jsoup_12,read_file,,read_file,READ
jsoup_12,search_file_content,,search_file_content,SEARCH_CONTENT
jsoup_12,glob,,glob,SEARCH_FILES
jsoup_12,read_file,,read_file,READ
jsoup_12,replace,,replace,WRITE
jsoup_12,replace,,replace,WRITE
jsoup_12,run_shell_command,defects4j compile,defects4j compile,BUILD
jsoup_12,run_shell_command,defects4j test -t org.jsoup.select.SelectorTest,defects4j test,TEST
jsoup_12,run_shell_command,defects4j test -t org.jsoup.select.SelectorTest::*,defects4j test,TEST
jsoup_12,run_shell_command,defects4j test -t org.jsoup.select.SelectorTest,defects4j test,TEST
jsoup_12,run_shell_command,defects4j test,defects4j test,TEST
jsoup_12,read_file,,read_file,READ
jsoup_12,read_file,,read_file,READ
jsoup_12,read_file,,read_file,READ
jsoup_12,replace,,replace,WRITE
jsoup_12,run_shell_command,defects4j compile,defects4j compile,BUILD
jsoup_12,replace,,replace,WRITE
jsoup_12,run_shell_command,defects4j compile,defects4j compile,BUILD
jsoup_12,run_shell_command,defects4j test,defects4j test,TEST
jsoup_12,replace,,replace,WRITE
jsoup_12,replace,,replace,WRITE
jsoup_12,run_shell_command,defects4j compile,defects4j compile,BUILD
jsoup_12,run_shell_command,defects4j test,defects4j test,TEST
jsoup_12,replace,,replace,WRITE
jsoup_12,replace,,replace,WRITE
jsoup_12,replace,,replace,WRITE
jsoup_12,replace,,replace,WRITE
jsoup_12,run_shell_command,defects4j compile,defects4j compile,BUILD
jsoup_12,run_shell_command,defects4j test,defects4j test,TEST
jsoup_12,run_shell_command,defects4j export -p cp.test,defects4j export,DEFECTS4J_OTHER
jsoup_12,run_shell_command,java -cp /Users/danielding/Desktop/defects4j/framework/projects/Jsoup/lib/junit/junit/4.5/junit-4.5.jar:/Users/danielding/Desktop/example_dir/Jsoup_12/target/classes:/Users/danielding/Desktop/example_dir/Jsoup_12/target/test-classes:/Users/danielding/Desktop/defects4j/framework/projects/lib/junit-4.11.jar:/Users/danielding/Desktop/defects4j/framework/projects/Jsoup/lib/com/google/code/gson/gson/2.7/gson-2.7.jar:/Users/danielding/Desktop/defects4j/framework/projects/Jsoup/lib/commons-lang/commons-lang/2.4/commons-lang-2.4.jar:/Users/danielding/Desktop/defects4j/framework/projects/Jsoup/lib/javax/servlet/javax.servlet-api/3.1.0/javax.servlet-api-3.1.0.jar:/Users/danielding/Desktop/defects4j/framework/projects/Jsoup/lib/junit/junit/4.12/junit-4.12.jar:/Users/danielding/Desktop/defects4j/framework/projects/Jsoup/lib/org/eclipse/jetty/jetty-http/9.2.22.v20170606/jetty-http-9.2.22.v20170606.jar:/Users/danielding/Desktop/defects4j/framework/projects/Jsoup/lib/org/eclipse/jetty/jetty-http/9.2.26.v20180806/jetty-http-9.2.26.v20180806.jar:/Users/danielding/Desktop/defects4j/framework/projects/Jsoup/lib/org/eclipse/jetty/jetty-http/9.2.28.v20190418/jetty-http-9.2.28.v20190418.jar:/Users/danielding/Desktop/defects4j/framework/projects/Jsoup/lib/org/eclipse/jetty/jetty-io/9.2.22.v20170606/jetty-io-9.2.22.v20170606.jar:/Users/danielding/Desktop/defects4j/framework/projects/Jsoup/lib/org/eclipse/jetty/jetty-io/9.2.26.v20180806/jetty-io-9.2.26.v20180806.jar:/Users/danielding/Desktop/defects4j/framework/projects/Jsoup/lib/org/eclipse/jetty/jetty-io/9.2.28.v20190418/jetty-io-9.2.28.v20190418.jar:/Users/danielding/Desktop/defects4j/framework/projects/Jsoup/lib/org/eclipse/jetty/jetty-security/9.2.22.v20170606/jetty-security-9.2.22.v20170606.jar:/Users/danielding/Desktop/defects4j/framework/projects/Jsoup/lib/org/eclipse/jetty/jetty-security/9.2.26.v20180806/jetty-security-9.2.26.v20180806.jar:/Users/danielding/Desktop/defects4j/framework/projects/Jsoup/lib/org/eclipse/jetty/jetty-security/9.2.28.v20190418/jetty-security-9.2.28.v20190418.jar:/Users/danielding/Desktop/defects4j/framework/projects/Jsoup/lib/org/eclipse/jetty/jetty-server/9.2.22.v20170606/jetty-server-9.2.22.v20170606.jar:/Users/danielding/Desktop/defects4j/framework/projects/Jsoup/lib/org/eclipse/jetty/jetty-server/9.2.26.v20180806/jetty-server-9.2.26.v20180806.jar:/Users/danielding/Desktop/defects4j/framework/projects/Jsoup/lib/org/eclipse/jetty/jetty-server/9.2.28.v20190418/jetty-server-9.2.28.v20190418.jar:/Users/danielding/Desktop/defects4j/framework/projects/Jsoup/lib/org/eclipse/jetty/jetty-servlet/9.2.22.v20170606/jetty-servlet-9.2.22.v20170606.jar:/Users/danielding/Desktop/defects4j/framework/projects/Jsoup/lib/org/eclipse/jetty/jetty-servlet/9.2.26.v20180806/jetty-servlet-9.2.26.v20180806.jar:/Users/danielding/Desktop/defects4j/framework/projects/Jsoup/lib/org/eclipse/jetty/jetty-servlet/9.2.28.v20190418/jetty-servlet-9.2.28.v20190418.jar:/Users/danielding/Desktop/defects4j/framework/projects/Jsoup/lib/org/eclipse/jetty/jetty-util/9.2.22.v20170606/jetty-util-9.2.22.v20170606.jar:/Users/danielding/Desktop/defects4j/framework/projects/Jsoup/lib/org/eclipse/jetty/jetty-util/9.2.26.v20180806/jetty-util-9.2.26.v20180806.jar:/Users/danielding/Desktop/defects4j/framework/projects/Jsoup/lib/org/eclipse/jetty/jetty-util/9.2.28.v20190418/jetty-util-9.2.28.v20190418.jar:/Users/danielding/Desktop/defects4j/framework/projects/Jsoup/lib/org/hamcrest/hamcrest-core/1.3/hamcrest-core-1.3.jar org.junit.runner.JUnitCore org.jsoup.select.SelectorTest,java,BUILD
jsoup_12,replace,,replace,WRITE
jsoup_12,replace,,replace,WRITE
jsoup_12,run_shell_command,defects4j compile,defects4j compile,BUILD
jsoup_12,run_shell_command,defects4j test,defects4j test,TEST
jsoup_12,replace,,replace,WRITE
jsoup_12,replace,,replace,WRITE
jsoup_12,run_shell_command,defects4j compile,defects4j compile,BUILD
jsoup_12,run_shell_command,defects4j test,defects4j test,TEST
jsoup_12,read_file,,read_file,READ
jsoup_12,replace,,replace,WRITE
jsoup_12,replace,,replace,WRITE
jsoup_12,run_shell_command,defects4j compile,defects4j compile,BUILD
jsoup_12,run_shell_command,java -cp /Users/danielding/Desktop/defects4j/framework/projects/Jsoup/lib/junit/junit/4.5/junit-4.5.jar:/Users/danielding/Desktop/example_dir/Jsoup_12/target/classes:/Users/danielding/Desktop/example_dir/Jsoup_12/target/test-classes:/Users/danielding/Desktop/defects4j/framework/projects/lib/junit-4.11.jar:/Users/danielding/Desktop/defects4j/framework/projects/Jsoup/lib/com/google/code/gson/gson/2.7/gson-2.7.jar:/Users/danielding/Desktop/defects4j/framework/projects/Jsoup/lib/commons-lang/commons-lang/2.4/commons-lang-2.4.jar:/Users/danielding/Desktop/defects4j/framework/projects/Jsoup/lib/javax/servlet/javax.servlet-api/3.1.0/javax.servlet-api-3.1.0.jar:/Users/danielding/Desktop/defects4j/framework/projects/Jsoup/lib/junit/junit/4.12/junit-4.12.jar:/Users/danielding/Desktop/defects4j/framework/projects/Jsoup/lib/org/eclipse/jetty/jetty-http/9.2.22.v20170606/jetty-http-9.2.22.v20170606.jar:/Users/danielding/Desktop/defects4j/framework/projects/Jsoup/lib/org/eclipse/jetty/jetty-http/9.2.26.v20180806/jetty-http-9.2.26.v20180806.jar:/Users/danielding/Desktop/defects4j/framework/projects/Jsoup/lib/org/eclipse/jetty/jetty-http/9.2.28.v20190418/jetty-http-9.2.28.v20190418.jar:/Users/danielding/Desktop/defects4j/framework/projects/Jsoup/lib/org/eclipse/jetty/jetty-io/9.2.22.v20170606/jetty-io-9.2.22.v20170606.jar:/Users/danielding/Desktop/defects4j/framework/projects/Jsoup/lib/org/eclipse/jetty/jetty-io/9.2.26.v20180806/jetty-io-9.2.26.v20180806.jar:/Users/danielding/Desktop/defects4j/framework/projects/Jsoup/lib/org/eclipse/jetty/jetty-io/9.2.28.v20190418/jetty-io-9.2.28.v20190418.jar:/Users/danielding/Desktop/defects4j/framework/projects/Jsoup/lib/org/eclipse/jetty/jetty-security/9.2.22.v20170606/jetty-security-9.2.22.v20170606.jar:/Users/danielding/Desktop/defects4j/framework/projects/Jsoup/lib/org/eclipse/jetty/jetty-security/9.2.26.v20180806/jetty-security-9.2.26.v20180806.jar:/Users/danielding/Desktop/defects4j/framework/projects/Jsoup/lib/org/eclipse/jetty/jetty-security/9.2.28.v20190418/jetty-security-9.2.28.v20190418.jar:/Users/danielding/Desktop/defects4j/framework/projects/Jsoup/lib/org/eclipse/jetty/jetty-server/9.2.22.v20170606/jetty-server-9.2.22.v20170606.jar:/Users/danielding/Desktop/defects4j/framework/projects/Jsoup/lib/org/eclipse/jetty/jetty-server/9.2.26.v20180806/jetty-server-9.2.26.v20180806.jar:/Users/danielding/Desktop/defects4j/framework/projects/Jsoup/lib/org/eclipse/jetty/jetty-server/9.2.28.v20190418/jetty-server-9.2.28.v20190418.jar:/Users/danielding/Desktop/defects4j/framework/projects/Jsoup/lib/org/eclipse/jetty/jetty-servlet/9.2.22.v20170606/jetty-servlet-9.2.22.v20170606.jar:/Users/danielding/Desktop/defects4j/framework/projects/Jsoup/lib/org/eclipse/jetty/jetty-servlet/9.2.26.v20180806/jetty-servlet-9.2.26.v20180806.jar:/Users/danielding/Desktop/defects4j/framework/projects/Jsoup/lib/org/eclipse/jetty/jetty-servlet/9.2.28.v20190418/jetty-servlet-9.2.28.v20190418.jar:/Users/danielding/Desktop/defects4j/framework/projects/Jsoup/lib/org/eclipse/jetty/jetty-util/9.2.22.v20170606/jetty-util-9.2.22.v20170606.jar:/Users/danielding/Desktop/defects4j/framework/projects/Jsoup/lib/org/eclipse/jetty/jetty-util/9.2.26.v20180806/jetty-util-9.2.26.v20180806.jar:/Users/danielding/Desktop/defects4j/framework/projects/Jsoup/lib/org/eclipse/jetty/jetty-util/9.2.28.v20190418/jetty-util-9.2.28.v20190418.jar:/Users/danielding/Desktop/defects4j/framework/projects/Jsoup/lib/org/hamcrest/hamcrest-core/1.3/hamcrest-core-1.3.jar org.junit.runner.JUnitCore org.jsoup.select.SelectorTest,java,BUILD
jsoup_12,replace,,replace,WRITE
jsoup_12,replace,,replace,WRITE
jsoup_12,read_file,,read_file,READ
jsoup_12,replace,,replace,WRITE
jsoup_12,replace,,replace,WRITE
jsoup_12,read_file,,read_file,READ
jsoup_12,replace,,replace,WRITE
jsoup_12,run_shell_command,defects4j compile,defects4j compile,BUILD
jsoup_12,run_shell_command,java -cp /Users/danielding/Desktop/defects4j/framework/projects/Jsoup/lib/junit/junit/4.5/junit-4.5.jar:/Users/danielding/Desktop/example_dir/Jsoup_12/target/classes:/Users/danielding/Desktop/example_dir/Jsoup_12/target/test-classes:/Users/danielding/Desktop/defects4j/framework/projects/lib/junit-4.11.jar:/Users/danielding/Desktop/defects4j/framework/projects/Jsoup/lib/com/google/code/gson/gson/2.7/gson-2.7.jar:/Users/danielding/Desktop/defects4j/framework/projects/Jsoup/lib/commons-lang/commons-lang/2.4/commons-lang-2.4.jar:/Users/danielding/Desktop/defects4j/framework/projects/Jsoup/lib/javax/servlet/javax.servlet-api/3.1.0/javax.servlet-api-3.1.0.jar:/Users/danielding/Desktop/defects4j/framework/projects/Jsoup/lib/junit/junit/4.12/junit-4.12.jar:/Users/danielding/Desktop/defects4j/framework/projects/Jsoup/lib/org/eclipse/jetty/jetty-http/9.2.22.v20170606/jetty-http-9.2.22.v20170606.jar:/Users/danielding/Desktop/defects4j/framework/projects/Jsoup/lib/org/eclipse/jetty/jetty-http/9.2.26.v20180806/jetty-http-9.2.26.v20180806.jar:/Users/danielding/Desktop/defects4j/framework/projects/Jsoup/lib/org/eclipse/jetty/jetty-http/9.2.28.v20190418/jetty-http-9.2.28.v20190418.jar:/Users/danielding/Desktop/defects4j/framework/projects/Jsoup/lib/org/eclipse/jetty/jetty-io/9.2.22.v20170606/jetty-io-9.2.22.v20170606.jar:/Users/danielding/Desktop/defects4j/framework/projects/Jsoup/lib/org/eclipse/jetty/jetty-io/9.2.26.v20180806/jetty-io-9.2.26.v20180806.jar:/Users/danielding/Desktop/defects4j/framework/projects/Jsoup/lib/org/eclipse/jetty/jetty-io/9.2.28.v20190418/jetty-io-9.2.28.v20190418.jar:/Users/danielding/Desktop/defects4j/framework/projects/Jsoup/lib/org/eclipse/jetty/jetty-security/9.2.22.v20170606/jetty-security-9.2.22.v20170606.jar:/Users/danielding/Desktop/defects4j/framework/projects/Jsoup/lib/org/eclipse/jetty/jetty-security/9.2.26.v20180806/jetty-security-9.2.26.v20180806.jar:/Users/danielding/Desktop/defects4j/framework/projects/Jsoup/lib/org/eclipse/jetty/jetty-security/9.2.28.v20190418/jetty-security-9.2.28.v20190418.jar:/Users/danielding/Desktop/defects4j/framework/projects/Jsoup/lib/org/eclipse/jetty/jetty-server/9.2.22.v20170606/jetty-server-9.2.22.v20170606.jar:/Users/danielding/Desktop/defects4j/framework/projects/Jsoup/lib/org/eclipse/jetty/jetty-server/9.2.26.v20180806/jetty-server-9.2.26.v20180806.jar:/Users/danielding/Desktop/defects4j/framework/projects/Jsoup/lib/org/eclipse/jetty/jetty-server/9.2.28.v20190418/jetty-server-9.2.28.v20190418.jar:/Users/danielding/Desktop/defects4j/framework/projects/Jsoup/lib/org/eclipse/jetty/jetty-servlet/9.2.22.v20170606/jetty-servlet-9.2.22.v20170606.jar:/Users/danielding/Desktop/defects4j/framework/projects/Jsoup/lib/org/eclipse/jetty/jetty-servlet/9.2.26.v20180806/jetty-servlet-9.2.26.v20180806.jar:/Users/danielding/Desktop/defects4j/framework/projects/Jsoup/lib/org/eclipse/jetty/jetty-servlet/9.2.28.v20190418/jetty-servlet-9.2.28.v20190418.jar:/Users/danielding/Desktop/defects4j/framework/projects/Jsoup/lib/org/eclipse/jetty/jetty-util/9.2.22.v20170606/jetty-util-9.2.22.v20170606.jar:/Users/danielding/Desktop/defects4j/framework/projects/Jsoup/lib/org/eclipse/jetty/jetty-util/9.2.26.v20180806/jetty-util-9.2.26.v20180806.jar:/Users/danielding/Desktop/defects4j/framework/projects/Jsoup/lib/org/eclipse/jetty/jetty-util/9.2.28.v20190418/jetty-util-9.2.28.v20190418.jar:/Users/danielding/Desktop/defects4j/framework/projects/Jsoup/lib/org/hamcrest/hamcrest-core/1.3/hamcrest-core-1.3.jar org.junit.runner.JUnitCore org.jsoup.select.SelectorTest,java,BUILD
jsoup_12,replace,,replace,WRITE
jsoup_12,read_file,,read_file,READ
jsoup_12,replace,,replace,WRITE
jsoup_12,run_shell_command,defects4j compile,defects4j compile,BUILD
jsoup_12,run_shell_command,java -cp /Users/danielding/Desktop/defects4j/framework/projects/Jsoup/lib/junit/junit/4.5/junit-4.5.jar:/Users/danielding/Desktop/example_dir/Jsoup_12/target/classes:/Users/danielding/Desktop/example_dir/Jsoup_12/target/test-classes:/Users/danielding/Desktop/defects4j/framework/projects/lib/junit-4.11.jar:/Users/danielding/Desktop/defects4j/framework/projects/Jsoup/lib/com/google/code/gson/gson/2.7/gson-2.7.jar:/Users/danielding/Desktop/defects4j/framework/projects/Jsoup/lib/commons-lang/commons-lang/2.4/commons-lang-2.4.jar:/Users/danielding/Desktop/defects4j/framework/projects/Jsoup/lib/javax/servlet/javax.servlet-api/3.1.0/javax.servlet-api-3.1.0.jar:/Users/danielding/Desktop/defects4j/framework/projects/Jsoup/lib/junit/junit/4.12/junit-4.12.jar:/Users/danielding/Desktop/defects4j/framework/projects/Jsoup/lib/org/eclipse/jetty/jetty-http/9.2.22.v20170606/jetty-http-9.2.22.v20170606.jar:/Users/danielding/Desktop/defects4j/framework/projects/Jsoup/lib/org/eclipse/jetty/jetty-http/9.2.26.v20180806/jetty-http-9.2.26.v20180806.jar:/Users/danielding/Desktop/defects4j/framework/projects/Jsoup/lib/org/eclipse/jetty/jetty-http/9.2.28.v20190418/jetty-http-9.2.28.v20190418.jar:/Users/danielding/Desktop/defects4j/framework/projects/Jsoup/lib/org/eclipse/jetty/jetty-io/9.2.22.v20170606/jetty-io-9.2.22.v20170606.jar:/Users/danielding/Desktop/defects4j/framework/projects/Jsoup/lib/org/eclipse/jetty/jetty-io/9.2.26.v20180806/jetty-io-9.2.26.v20180806.jar:/Users/danielding/Desktop/defects4j/framework/projects/Jsoup/lib/org/eclipse/jetty/jetty-io/9.2.28.v20190418/jetty-io-9.2.28.v20190418.jar:/Users/danielding/Desktop/defects4j/framework/projects/Jsoup/lib/org/eclipse/jetty/jetty-security/9.2.22.v20170606/jetty-security-9.2.22.v20170606.jar:/Users/danielding/Desktop/defects4j/framework/projects/Jsoup/lib/org/eclipse/jetty/jetty-security/9.2.26.v20180806/jetty-security-9.2.26.v20180806.jar:/Users/danielding/Desktop/defects4j/framework/projects/Jsoup/lib/org/eclipse/jetty/jetty-security/9.2.28.v20190418/jetty-security-9.2.28.v20190418.jar:/Users/danielding/Desktop/defects4j/framework/projects/Jsoup/lib/org/eclipse/jetty/jetty-server/9.2.22.v20170606/jetty-server-9.2.22.v20170606.jar:/Users/danielding/Desktop/defects4j/framework/projects/Jsoup/lib/org/eclipse/jetty/jetty-server/9.2.26.v20180806/jetty-server-9.2.26.v20180806.jar:/Users/danielding/Desktop/defects4j/framework/projects/Jsoup/lib/org/eclipse/jetty/jetty-server/9.2.28.v20190418/jetty-server-9.2.28.v20190418.jar:/Users/danielding/Desktop/defects4j/framework/projects/Jsoup/lib/org/eclipse/jetty/jetty-servlet/9.2.22.v20170606/jetty-servlet-9.2.22.v20170606.jar:/Users/danielding/Desktop/defects4j/framework/projects/Jsoup/lib/org/eclipse/jetty/jetty-servlet/9.2.26.v20180806/jetty-servlet-9.2.26.v20180806.jar:/Users/danielding/Desktop/defects4j/framework/projects/Jsoup/lib/org/eclipse/jetty/jetty-servlet/9.2.28.v20190418/jetty-servlet-9.2.28.v20190418.jar:/Users/danielding/Desktop/defects4j/framework/projects/Jsoup/lib/org/eclipse/jetty/jetty-util/9.2.22.v20170606/jetty-util-9.2.22.v20170606.jar:/Users/danielding/Desktop/defects4j/framework/projects/Jsoup/lib/org/eclipse/jetty/jetty-util/9.2.26.v20180806/jetty-util-9.2.26.v20180806.jar:/Users/danielding/Desktop/defects4j/framework/projects/Jsoup/lib/org/eclipse/jetty/jetty-util/9.2.28.v20190418/jetty-util-9.2.28.v20190418.jar:/Users/danielding/Desktop/defects4j/framework/projects/Jsoup/lib/org/hamcrest/hamcrest-core/1.3/hamcrest-core-1.3.jar org.junit.runner.JUnitCore org.jsoup.select.SelectorTest,java,BUILD
jsoup_12,replace,,replace,WRITE
jsoup_12,replace,,replace,WRITE
jsoup_12,replace,,replace,WRITE
jsoup_12,run_shell_command,defects4j compile,defects4j compile,BUILD
jsoup_12,replace,,replace,WRITE
jsoup_12,run_shell_command,defects4j compile,defects4j compile,BUILD
jsoup_12,run_shell_command,defects4j test,defects4j test,TEST
jsoup_12,read_file,,read_file,READ
jsoup_12,replace,,replace,WRITE
jsoup_12,read_file,,read_file,READ
jsoup_12,replace,,replace,WRITE
jsoup_12,run_shell_command,defects4j compile,defects4j compile,BUILD
jsoup_12,run_shell_command,defects4j test,defects4j test,TEST
jsoup_12,replace,,replace,WRITE
jsoup_12,run_shell_command,defects4j compile,defects4j compile,BUILD
jsoup_12,run_shell_command,defects4j test,defects4j test,TEST
jsoup_12,replace,,replace,WRITE
jsoup_12,replace,,replace,WRITE
jsoup_12,replace,,replace,WRITE
jsoup_12,replace,,replace,WRITE
jsoup_12,run_shell_command,defects4j compile,defects4j compile,BUILD
jsoup_12,run_shell_command,defects4j test,defects4j test,TEST
jsoup_12,replace,,replace,WRITE
jsoup_12,run_shell_command,defects4j compile,defects4j compile,BUILD
jsoup_12,run_shell_command,defects4j test,defects4j test,TEST
jsoup_12,run_shell_command,git diff > fix.patch,git diff,VCS
jsoup_14,read_file,,read_file,READ
jsoup_14,run_shell_command,./run_bug_exposing_tests.sh,run_bug_exposing_tests.sh,TEST
jsoup_14,read_file,,read_file,READ
jsoup_14,glob,,glob,SEARCH_FILES
jsoup_14,run_shell_command,defects4j compile,defects4j compile,BUILD
jsoup_14,run_shell_command,defects4j test,defects4j test,TEST
jsoup_14,read_file,,read_file,READ
jsoup_14,read_file,,read_file,READ
jsoup_14,read_file,,read_file,READ
jsoup_14,read_file,,read_file,READ
jsoup_14,read_file,,read_file,READ
jsoup_14,replace,,replace,WRITE
jsoup_14,run_shell_command,defects4j compile,defects4j compile,BUILD
jsoup_14,run_shell_command,defects4j test,defects4j test,TEST
jsoup_14,run_shell_command,git show HEAD:src/main/java/org/jsoup/parser/TokeniserState.java,git show,VCS
jsoup_14,write_file,,write_file,WRITE
jsoup_14,run_shell_command,defects4j compile,defects4j compile,BUILD
jsoup_14,run_shell_command,defects4j test,defects4j test,TEST
jsoup_14,replace,,replace,WRITE
jsoup_14,run_shell_command,defects4j compile,defects4j compile,BUILD
jsoup_14,run_shell_command,defects4j test,defects4j test,TEST
jsoup_14,replace,,replace,WRITE
jsoup_14,replace,,replace,WRITE
jsoup_14,replace,,replace,WRITE
jsoup_14,replace,,replace,WRITE
jsoup_14,read_file,,read_file,READ
jsoup_14,read_file,,read_file,READ
jsoup_14,replace,,replace,WRITE
jsoup_14,run_shell_command,defects4j compile,defects4j compile,BUILD
jsoup_14,replace,,replace,WRITE
jsoup_14,run_shell_command,defects4j compile,defects4j compile,BUILD
jsoup_14,run_shell_command,defects4j test,defects4j test,TEST
jsoup_14,replace,,replace,WRITE
jsoup_14,replace,,replace,WRITE
jsoup_14,read_file,,read_file,READ
jsoup_14,replace,,replace,WRITE
jsoup_14,replace,,replace,WRITE
jsoup_14,run_shell_command,defects4j compile,defects4j compile,BUILD
jsoup_14,run_shell_command,git show HEAD:src/main/java/org/jsoup/parser/TreeBuilderState.java,git show,VCS
jsoup_14,write_file,,write_file,WRITE
jsoup_14,run_shell_command,defects4j compile,defects4j compile,BUILD
jsoup_14,run_shell_command,defects4j test,defects4j test,TEST
jsoup_14,replace,,replace,WRITE
jsoup_14,run_shell_command,defects4j compile,defects4j compile,BUILD
jsoup_14,run_shell_command,defects4j test,defects4j test,TEST
jsoup_14,replace,,replace,WRITE
jsoup_14,replace,,replace,WRITE
jsoup_14,run_shell_command,defects4j compile,defects4j compile,BUILD
jsoup_14,run_shell_command,defects4j test,defects4j test,TEST
jsoup_14,replace,,replace,WRITE
jsoup_14,run_shell_command,defects4j compile,defects4j compile,BUILD
jsoup_14,run_shell_command,defects4j test,defects4j test,TEST
jsoup_14,run_shell_command,git show HEAD:src/main/java/org/jsoup/parser/TokeniserState.java,git show,VCS
jsoup_14,write_file,,write_file,WRITE
jsoup_14,run_shell_command,git show HEAD:src/main/java/org/jsoup/parser/TreeBuilderState.java,git show,VCS
jsoup_14,write_file,,write_file,WRITE
jsoup_14,run_shell_command,defects4j compile,defects4j compile,BUILD
jsoup_14,run_shell_command,defects4j test,defects4j test,TEST
jsoup_14,replace,,replace,WRITE
jsoup_14,run_shell_command,git show HEAD:src/main/java/org/jsoup/parser/Tokeniser.java,git show,VCS
jsoup_14,write_file,,write_file,WRITE
jsoup_14,replace,,replace,WRITE
jsoup_14,replace,,replace,WRITE
jsoup_14,read_file,,read_file,READ
jsoup_14,replace,,replace,WRITE
jsoup_14,replace,,replace,WRITE
jsoup_14,run_shell_command,defects4j compile,defects4j compile,BUILD
jsoup_14,run_shell_command,defects4j test,defects4j test,TEST
jsoup_14,run_shell_command,git show HEAD:src/main/java/org/jsoup/parser/TreeBuilderState.java,git show,VCS
jsoup_14,write_file,,write_file,WRITE
jsoup_14,run_shell_command,defects4j compile,defects4j compile,BUILD
jsoup_14,run_shell_command,defects4j test,defects4j test,TEST
jsoup_14,replace,,replace,WRITE
jsoup_14,read_file,,read_file,READ
jsoup_14,read_file,,read_file,READ
jsoup_14,read_file,,read_file,READ
jsoup_14,replace,,replace,WRITE
jsoup_14,read_file,,read_file,READ
jsoup_14,read_file,,read_file,READ
jsoup_14,replace,,replace,WRITE
jsoup_14,run_shell_command,defects4j compile,defects4j compile,BUILD
jsoup_14,run_shell_command,defects4j test,defects4j test,TEST
jsoup_14,run_shell_command,git show HEAD:src/main/java/org/jsoup/parser/TokeniserState.java,git show,VCS
jsoup_14,write_file,,write_file,WRITE
jsoup_14,run_shell_command,defects4j compile,defects4j compile,BUILD
jsoup_14,run_shell_command,defects4j test,defects4j test,TEST
jsoup_14,run_shell_command,git show HEAD:src/main/java/org/jsoup/parser/TreeBuilderState.java,git show,VCS
jsoup_14,write_file,,write_file,WRITE
jsoup_14,run_shell_command,defects4j compile,defects4j compile,BUILD
jsoup_14,run_shell_command,defects4j test,defects4j test,TEST
jsoup_14,read_file,,read_file,READ
jsoup_14,replace,,replace,WRITE
jsoup_14,replace,,replace,WRITE
jsoup_14,read_file,,read_file,READ
jsoup_14,replace,,replace,WRITE
jsoup_14,read_file,,read_file,READ
jsoup_14,replace,,replace,WRITE
jsoup_14,read_file,,read_file,READ
jsoup_18,read_file,,read_file,READ
jsoup_18,run_shell_command,./run_bug_exposing_tests.sh,run_bug_exposing_tests.sh,TEST
jsoup_18,read_file,,read_file,READ
jsoup_18,search_file_content,,search_file_content,SEARCH_CONTENT
jsoup_18,read_file,,read_file,READ
jsoup_18,replace,,replace,WRITE
jsoup_18,run_shell_command,defects4j compile,defects4j compile,BUILD
jsoup_18,run_shell_command,defects4j test -t org.jsoup.nodes.ElementTest::testOuterHtmlWithNewlineInAttribute,defects4j test,TEST
jsoup_18,read_file,,read_file,READ
jsoup_18,read_file,,read_file,READ
jsoup_18,read_file,,read_file,READ
jsoup_18,read_file,,read_file,READ
jsoup_18,replace,,replace,WRITE
jsoup_18,replace,,replace,WRITE
jsoup_18,replace,,replace,WRITE
jsoup_18,run_shell_command,defects4j compile,defects4j compile,BUILD
jsoup_18,read_file,,read_file,READ
jsoup_18,replace,,replace,WRITE
jsoup_18,replace,,replace,WRITE
jsoup_18,run_shell_command,defects4j compile,defects4j compile,BUILD
jsoup_18,run_shell_command,defects4j test -t org.jsoup.nodes.ElementTest::testOuterHtmlWithNewlineInAttribute,defects4j test,TEST
jsoup_18,replace,,replace,WRITE
jsoup_18,run_shell_command,defects4j compile,defects4j compile,BUILD
jsoup_18,replace,,replace,WRITE
jsoup_18,run_shell_command,defects4j compile,defects4j compile,BUILD
jsoup_18,read_file,,read_file,READ
jsoup_18,replace,,replace,WRITE
jsoup_18,read_file,,read_file,READ
jsoup_18,replace,,replace,WRITE
jsoup_18,run_shell_command,defects4j compile,defects4j compile,BUILD
jsoup_18,read_file,,read_file,READ
jsoup_18,replace,,replace,WRITE
jsoup_18,read_file,,read_file,READ
jsoup_18,read_file,,read_file,READ
jsoup_18,replace,,replace,WRITE
jsoup_18,replace,,replace,WRITE
jsoup_18,read_file,,read_file,READ
jsoup_18,replace,,replace,WRITE
jsoup_18,replace,,replace,WRITE
jsoup_18,read_file,,read_file,READ
jsoup_18,write_file,,write_file,WRITE
jsoup_18,run_shell_command,defects4j compile,defects4j compile,BUILD
jsoup_18,read_file,,read_file,READ
jsoup_18,write_file,,write_file,WRITE
jsoup_18,run_shell_command,defects4j compile,defects4j compile,BUILD
jsoup_18,run_shell_command,defects4j test -t org.jsoup.nodes.ElementTest::testOuterHtmlWithNewlineInAttribute,defects4j test,TEST
jsoup_18,read_file,,read_file,READ
jsoup_18,replace,,replace,WRITE
jsoup_18,replace,,replace,WRITE
jsoup_18,run_shell_command,defects4j compile,defects4j compile,BUILD
jsoup_18,run_shell_command,defects4j test -t org.jsoup.nodes.ElementTest::testOuterHtmlWithNewlineInAttribute,defects4j test,TEST
jsoup_18,read_file,,read_file,READ
jsoup_18,replace,,replace,WRITE
jsoup_18,run_shell_command,defects4j compile,defects4j compile,BUILD
jsoup_18,run_shell_command,defects4j test -t org.jsoup.nodes.ElementTest::testOuterHtmlWithNewlineInAttribute,defects4j test,TEST
jsoup_18,replace,,replace,WRITE
jsoup_18,replace,,replace,WRITE
jsoup_18,replace,,replace,WRITE
jsoup_18,replace,,replace,WRITE
jsoup_18,replace,,replace,WRITE
jsoup_18,replace,,replace,WRITE
jsoup_18,run_shell_command,defects4j compile,defects4j compile,BUILD
jsoup_18,replace,,replace,WRITE
jsoup_18,read_file,,read_file,READ
jsoup_18,replace,,replace,WRITE
jsoup_18,read_file,,read_file,READ
jsoup_18,replace,,replace,WRITE
jsoup_18,read_file,,read_file,READ
jsoup_18,replace,,replace,WRITE
jsoup_18,read_file,,read_file,READ
jsoup_18,replace,,replace,WRITE
jsoup_18,read_file,,read_file,READ
jsoup_18,replace,,replace,WRITE
jsoup_18,read_file,,read_file,READ
jsoup_18,replace,,replace,WRITE
jsoup_18,read_file,,read_file,READ
jsoup_18,replace,,replace,WRITE
jsoup_18,read_file,,read_file,READ
jsoup_18,replace,,replace,WRITE
jsoup_18,read_file,,read_file,READ
jsoup_18,read_file,,read_file,READ
jsoup_18,replace,,replace,WRITE
jsoup_18,read_file,,read_file,READ
jsoup_18,replace,,replace,WRITE
jsoup_18,read_file,,read_file,READ
jsoup_18,read_file,,read_file,READ
jsoup_18,read_file,,read_file,READ
jsoup_18,read_file,,read_file,READ
jsoup_22,read_file,,read_file,READ
jsoup_22,run_shell_command,./run_bug_exposing_tests.sh,run_bug_exposing_tests.sh,TEST
jsoup_22,read_file,,read_file,READ
jsoup_22,run_shell_command,defects4j test,defects4j test,TEST
jsoup_22,read_file,,read_file,READ
jsoup_22,replace,,replace,WRITE
jsoup_22,run_shell_command,defects4j test,defects4j test,TEST
jsoup_22,read_file,,read_file,READ
jsoup_22,replace,,replace,WRITE
jsoup_22,run_shell_command,defects4j test,defects4j test,TEST
jsoup_22,replace,,replace,WRITE
jsoup_22,replace,,replace,WRITE
jsoup_22,run_shell_command,defects4j test,defects4j test,TEST
jsoup_22,replace,,replace,WRITE
jsoup_22,replace,,replace,WRITE
jsoup_22,read_file,,read_file,READ
jsoup_22,replace,,replace,WRITE
jsoup_22,read_file,,read_file,READ
jsoup_22,replace,,replace,WRITE
jsoup_22,run_shell_command,defects4j test,defects4j test,TEST
jsoup_22,replace,,replace,WRITE
jsoup_22,replace,,replace,WRITE
jsoup_22,run_shell_command,defects4j test,defects4j test,TEST
jsoup_22,read_file,,read_file,READ
jsoup_22,run_shell_command,defects4j test -t org.jsoup.nodes.NodeTest::orphanNodeReturnsNullForSiblingElements,defects4j test,TEST
jsoup_22,run_shell_command,./run_bug_exposing_tests.sh,run_bug_exposing_tests.sh,TEST
jsoup_22,read_file,,read_file,READ
jsoup_22,read_file,,read_file,READ
jsoup_22,replace,,replace,WRITE
jsoup_22,replace,,replace,WRITE
jsoup_22,run_shell_command,defects4j test,defects4j test,TEST
jsoup_22,read_file,,read_file,READ
jsoup_22,replace,,replace,WRITE
jsoup_22,run_shell_command,./run_bug_exposing_tests.sh,run_bug_exposing_tests.sh,TEST
jsoup_22,read_file,,read_file,READ
jsoup_22,replace,,replace,WRITE
jsoup_22,replace,,replace,WRITE
jsoup_22,read_file,,read_file,READ
jsoup_22,replace,,replace,WRITE
jsoup_22,read_file,,read_file,READ
jsoup_22,replace,,replace,WRITE
jsoup_22,replace,,replace,WRITE
jsoup_22,run_shell_command,defects4j test,defects4j test,TEST
jsoup_22,replace,,replace,WRITE
jsoup_22,replace,,replace,WRITE
jsoup_22,run_shell_command,defects4j compile,defects4j compile,BUILD
jsoup_22,run_shell_command,defects4j test,defects4j test,TEST
jsoup_22,replace,,replace,WRITE
jsoup_22,read_file,,read_file,READ
jsoup_22,replace,,replace,WRITE
jsoup_22,read_file,,read_file,READ
jsoup_22,replace,,replace,WRITE
jsoup_22,replace,,replace,WRITE
jsoup_22,read_file,,read_file,READ
jsoup_22,replace,,replace,WRITE
jsoup_22,run_shell_command,defects4j compile,defects4j compile,BUILD
jsoup_22,run_shell_command,defects4j test,defects4j test,TEST
jsoup_22,replace,,replace,WRITE
jsoup_22,replace,,replace,WRITE
jsoup_22,run_shell_command,./run_bug_exposing_tests.sh,run_bug_exposing_tests.sh,TEST
jsoup_22,read_file,,read_file,READ
jsoup_22,replace,,replace,WRITE
jsoup_22,replace,,replace,WRITE
jsoup_22,run_shell_command,defects4j compile,defects4j compile,BUILD
jsoup_22,run_shell_command,defects4j test,defects4j test,TEST
jsoup_22,run_shell_command,git diff,git diff,VCS
jsoup_23,read_file,,read_file,READ
jsoup_23,run_shell_command,./run_bug_exposing_tests.sh,run_bug_exposing_tests.sh,TEST
jsoup_23,read_file,,read_file,READ
jsoup_23,read_file,,read_file,READ
jsoup_23,write_file,,write_file,WRITE
jsoup_23,run_shell_command,defects4j compile,defects4j compile,BUILD
jsoup_23,run_shell_command,defects4j test -t org.jsoup.nodes.EntitiesTest::letterDigitEntities,defects4j test,TEST
jsoup_23,read_file,,read_file,READ
jsoup_23,replace,,replace,WRITE
jsoup_23,replace,,replace,WRITE
jsoup_23,read_file,,read_file,READ
jsoup_23,replace,,replace,WRITE
jsoup_23,run_shell_command,defects4j compile,defects4j compile,BUILD
jsoup_23,run_shell_command,defects4j test -t org.jsoup.nodes.EntitiesTest::letterDigitEntities,defects4j test,TEST
jsoup_23,run_shell_command,defects4j test,defects4j test,TEST
jsoup_23,run_shell_command,git diff,git diff,VCS
jsoup_23,run_shell_command,git checkout src/test/java/org/jsoup/nodes/EntitiesTest.java,git checkout,VCS
jsoup_23,read_file,,read_file,READ
jsoup_23,replace,,replace,WRITE
jsoup_23,run_shell_command,defects4j compile,defects4j compile,BUILD
jsoup_23,run_shell_command,defects4j test,defects4j test,TEST
jsoup_23,run_shell_command,git diff,git diff,VCS
jsoup_3,read_file,,read_file,READ
jsoup_3,run_shell_command,./run_bug_exposing_tests.sh,run_bug_exposing_tests.sh,TEST
jsoup_3,read_file,,read_file,READ
jsoup_3,run_shell_command,defects4j test,defects4j test,TEST
jsoup_3,read_file,,read_file,READ
jsoup_3,read_file,,read_file,READ
jsoup_3,read_file,,read_file,READ
jsoup_3,read_file,,read_file,READ
jsoup_3,read_file,,read_file,READ
jsoup_3,replace,,replace,WRITE
jsoup_3,replace,,replace,WRITE
jsoup_3,replace,,replace,WRITE
jsoup_3,run_shell_command,defects4j compile,defects4j compile,BUILD
jsoup_3,run_shell_command,defects4j test,defects4j test,TEST
jsoup_3,replace,,replace,WRITE
jsoup_3,replace,,replace,WRITE
jsoup_3,replace,,replace,WRITE
jsoup_3,replace,,replace,WRITE
jsoup_3,replace,,replace,WRITE
jsoup_3,run_shell_command,defects4j compile,defects4j compile,BUILD
jsoup_3,run_shell_command,defects4j test,defects4j test,TEST
jsoup_3,replace,,replace,WRITE
jsoup_3,replace,,replace,WRITE
jsoup_3,run_shell_command,defects4j compile,defects4j compile,BUILD
jsoup_3,replace,,replace,WRITE
jsoup_3,replace,,replace,WRITE
jsoup_3,run_shell_command,defects4j compile,defects4j compile,BUILD
jsoup_3,run_shell_command,defects4j test,defects4j test,TEST
jsoup_3,replace,,replace,WRITE
jsoup_3,replace,,replace,WRITE
jsoup_3,run_shell_command,defects4j compile,defects4j compile,BUILD
jsoup_3,run_shell_command,defects4j test,defects4j test,TEST
jsoup_3,replace,,replace,WRITE
jsoup_3,replace,,replace,WRITE
jsoup_3,replace,,replace,WRITE
jsoup_3,replace,,replace,WRITE
jsoup_3,run_shell_command,defects4j compile,defects4j compile,BUILD
jsoup_3,replace,,replace,WRITE
jsoup_3,replace,,replace,WRITE
jsoup_3,replace,,replace,WRITE
jsoup_3,replace,,replace,WRITE
jsoup_3,replace,,replace,WRITE
jsoup_3,run_shell_command,defects4j compile,defects4j compile,BUILD
jsoup_3,run_shell_command,defects4j test,defects4j test,TEST
jsoup_3,replace,,replace,WRITE
jsoup_3,run_shell_command,defects4j compile,defects4j compile,BUILD
jsoup_3,run_shell_command,defects4j test,defects4j test,TEST
jsoup_3,replace,,replace,WRITE
jsoup_3,replace,,replace,WRITE
jsoup_3,replace,,replace,WRITE
jsoup_3,replace,,replace,WRITE
jsoup_3,run_shell_command,defects4j compile,defects4j compile,BUILD
jsoup_3,run_shell_command,defects4j test,defects4j test,TEST
jsoup_3,replace,,replace,WRITE
jsoup_3,run_shell_command,defects4j compile,defects4j compile,BUILD
jsoup_3,run_shell_command,defects4j test,defects4j test,TEST
jsoup_3,replace,,replace,WRITE
jsoup_3,replace,,replace,WRITE
jsoup_3,replace,,replace,WRITE
jsoup_3,run_shell_command,defects4j compile,defects4j compile,BUILD
jsoup_3,run_shell_command,defects4j test,defects4j test,TEST
jsoup_3,replace,,replace,WRITE
jsoup_3,run_shell_command,defects4j compile,defects4j compile,BUILD
jsoup_3,run_shell_command,defects4j test,defects4j test,TEST
jsoup_3,replace,,replace,WRITE
jsoup_3,replace,,replace,WRITE
jsoup_3,replace,,replace,WRITE
jsoup_3,run_shell_command,defects4j compile,defects4j compile,BUILD
jsoup_3,run_shell_command,./run_bug_exposing_tests.sh,run_bug_exposing_tests.sh,TEST
jsoup_3,read_file,,read_file,READ
jsoup_3,replace,,replace,WRITE
jsoup_3,replace,,replace,WRITE
jsoup_3,read_file,,read_file,READ
jsoup_3,replace,,replace,WRITE
jsoup_3,replace,,replace,WRITE
jsoup_3,read_file,,read_file,READ
jsoup_3,replace,,replace,WRITE
jsoup_3,read_file,,read_file,READ
jsoup_3,write_file,,write_file,WRITE
jsoup_3,run_shell_command,defects4j compile,defects4j compile,BUILD
jsoup_3,read_file,,read_file,READ
jsoup_3,write_file,,write_file,WRITE
jsoup_3,run_shell_command,defects4j compile,defects4j compile,BUILD
jsoup_3,run_shell_command,./run_bug_exposing_tests.sh,run_bug_exposing_tests.sh,TEST
jsoup_3,read_file,,read_file,READ
jsoup_3,replace,,replace,WRITE
jsoup_3,replace,,replace,WRITE
jsoup_3,replace,,replace,WRITE
jsoup_3,run_shell_command,defects4j compile,defects4j compile,BUILD
jsoup_3,replace,,replace,WRITE
jsoup_3,replace,,replace,WRITE
jsoup_3,run_shell_command,defects4j compile,defects4j compile,BUILD
jsoup_3,replace,,replace,WRITE
jsoup_3,replace,,replace,WRITE
jsoup_3,run_shell_command,defects4j compile,defects4j compile,BUILD
jsoup_3,replace,,replace,WRITE
jsoup_3,replace,,replace,WRITE
jsoup_3,read_file,,read_file,READ
jsoup_3,write_file,,write_file,WRITE
jsoup_3,run_shell_command,defects4j compile,defects4j compile,BUILD
jsoup_3,run_shell_command,defects4j test,defects4j test,TEST
jsoup_3,replace,,replace,WRITE
jsoup_3,replace,,replace,WRITE
jsoup_3,run_shell_command,defects4j compile,defects4j compile,BUILD
jsoup_3,run_shell_command,defects4j test,defects4j test,TEST
jsoup_3,replace,,replace,WRITE
jsoup_3,replace,,replace,WRITE
jsoup_3,replace,,replace,WRITE
jsoup_3,run_shell_command,defects4j compile,defects4j compile,BUILD
jsoup_3,run_shell_command,./run_bug_exposing_tests.sh,run_bug_exposing_tests.sh,TEST
jsoup_3,read_file,,read_file,READ
jsoup_3,replace,,replace,WRITE
jsoup_3,replace,,replace,WRITE
jsoup_3,replace,,replace,WRITE
jsoup_3,run_shell_command,defects4j compile,defects4j compile,BUILD
jsoup_3,run_shell_command,defects4j test,defects4j test,TEST
jsoup_3,replace,,replace,WRITE
jsoup_3,replace,,replace,WRITE
jsoup_3,run_shell_command,defects4j compile,defects4j compile,BUILD
jsoup_3,run_shell_command,defects4j test,defects4j test,TEST
jsoup_3,replace,,replace,WRITE
jsoup_3,replace,,replace,WRITE
jsoup_3,replace,,replace,WRITE
jsoup_3,run_shell_command,defects4j compile,defects4j compile,BUILD
jsoup_3,run_shell_command,./run_bug_exposing_tests.sh,run_bug_exposing_tests.sh,TEST
jsoup_3,replace,,replace,WRITE
jsoup_3,replace,,replace,WRITE
jsoup_3,replace,,replace,WRITE
jsoup_3,read_file,,read_file,READ
jsoup_3,replace,,replace,WRITE
jsoup_3,run_shell_command,defects4j test,defects4j test,TEST
jsoup_3,replace,,replace,WRITE
jsoup_3,replace,,replace,WRITE
jsoup_3,run_shell_command,defects4j compile,defects4j compile,BUILD
jsoup_3,run_shell_command,defects4j test,defects4j test,TEST
jsoup_3,replace,,replace,WRITE
jsoup_3,read_file,,read_file,READ
jsoup_3,replace,,replace,WRITE
jsoup_3,run_shell_command,defects4j compile,defects4j compile,BUILD
jsoup_3,run_shell_command,defects4j test,defects4j test,TEST
jsoup_3,replace,,replace,WRITE
jsoup_3,run_shell_command,defects4j compile,defects4j compile,BUILD
jsoup_3,run_shell_command,defects4j test,defects4j test,TEST
jsoup_3,replace,,replace,WRITE
jsoup_3,run_shell_command,defects4j compile,defects4j compile,BUILD
jsoup_3,run_shell_command,defects4j test,defects4j test,TEST
jsoup_3,replace,,replace,WRITE
jsoup_3,run_shell_command,defects4j compile,defects4j compile,BUILD
jsoup_3,run_shell_command,defects4j test,defects4j test,TEST
jsoup_3,replace,,replace,WRITE
jsoup_3,run_shell_command,defects4j compile,defects4j compile,BUILD
jsoup_3,run_shell_command,defects4j test,defects4j test,TEST
jsoup_3,replace,,replace,WRITE
jsoup_3,run_shell_command,defects4j compile,defects4j compile,BUILD
jsoup_3,run_shell_command,defects4j test,defects4j test,TEST
jsoup_3,replace,,replace,WRITE
jsoup_3,run_shell_command,defects4j compile,defects4j compile,BUILD
jsoup_3,run_shell_command,defects4j test,defects4j test,TEST
jsoup_3,replace,,replace,WRITE
jsoup_3,read_file,,read_file,READ
jsoup_3,replace,,replace,WRITE
jsoup_3,replace,,replace,WRITE
jsoup_3,read_file,,read_file,READ
jsoup_3,replace,,replace,WRITE
jsoup_3,read_file,,read_file,READ
jsoup_3,replace,,replace,WRITE
jsoup_3,run_shell_command,defects4j compile,defects4j compile,BUILD
jsoup_3,run_shell_command,defects4j test,defects4j test,TEST
jsoup_3,replace,,replace,WRITE
jsoup_3,run_shell_command,defects4j compile,defects4j compile,BUILD
jsoup_42,read_file,,read_file,READ
jsoup_42,run_shell_command,./run_bug_exposing_tests.sh,run_bug_exposing_tests.sh,TEST
jsoup_42,read_file,,read_file,READ
jsoup_42,read_file,,read_file,READ
jsoup_42,run_shell_command,defects4j test -t org.jsoup.nodes.FormElementTest,defects4j test,TEST
jsoup_42,run_shell_command,defects4j export -p cp.test,defects4j export,DEFECTS4J_OTHER
jsoup_42,run_shell_command,java -cp /Users/danielding/Desktop/defects4j/framework/projects/Jsoup/lib/junit/junit/4.5/junit-4.5.jar:/Users/danielding/Desktop/example_dir/Jsoup_42/target/classes:/Users/danielding/Desktop/example_dir/Jsoup_42/target/test-classes:/Users/danielding/Desktop/defects4j/framework/projects/lib/junit-4.11.jar:/Users/danielding/Desktop/defects4j/framework/projects/Jsoup/lib/com/google/code/gson/gson/2.7/gson-2.7.jar:/Users/danielding/Desktop/defects4j/framework/projects/Jsoup/lib/commons-lang/commons-lang/2.4/commons-lang-2.4.jar:/Users/danielding/Desktop/defects4j/framework/projects/Jsoup/lib/javax/servlet/javax.servlet-api/3.1.0/javax.servlet-api-3.1.0.jar:/Users/danielding/Desktop/defects4j/framework/projects/Jsoup/lib/junit/junit/4.12/junit-4.12.jar:/Users/danielding/Desktop/defects4j/framework/projects/Jsoup/lib/org/eclipse/jetty/jetty-http/9.2.22.v20170606/jetty-http-9.2.22.v20170606.jar:/Users/danielding/Desktop/defects4j/framework/projects/Jsoup/lib/org/eclipse/jetty/jetty-http/9.2.26.v20180806/jetty-http-9.2.26.v20180806.jar:/Users/danielding/Desktop/defects4j/framework/projects/Jsoup/lib/org/eclipse/jetty/jetty-http/9.2.28.v20190418/jetty-http-9.2.28.v20190418.jar:/Users/danielding/Desktop/defects4j/framework/projects/Jsoup/lib/org/eclipse/jetty/jetty-io/9.2.22.v20170606/jetty-io-9.2.22.v20170606.jar:/Users/danielding/Desktop/defects4j/framework/projects/Jsoup/lib/org/eclipse/jetty/jetty-io/9.2.26.v20180806/jetty-io-9.2.26.v20180806.jar:/Users/danielding/Desktop/defects4j/framework/projects/Jsoup/lib/org/eclipse/jetty/jetty-io/9.2.28.v20190418/jetty-io-9.2.28.v20190418.jar:/Users/danielding/Desktop/defects4j/framework/projects/Jsoup/lib/org/eclipse/jetty/jetty-security/9.2.22.v20170606/jetty-security-9.2.22.v20170606.jar:/Users/danielding/Desktop/defects4j/framework/projects/Jsoup/lib/org/eclipse/jetty/jetty-security/9.2.26.v20180806/jetty-security-9.2.26.v20180806.jar:/Users/danielding/Desktop/defects4j/framework/projects/Jsoup/lib/org/eclipse/jetty/jetty-security/9.2.28.v20190418/jetty-security-9.2.28.v20190418.jar:/Users/danielding/Desktop/defects4j/framework/projects/Jsoup/lib/org/eclipse/jetty/jetty-server/9.2.22.v20170606/jetty-server-9.2.22.v20170606.jar:/Users/danielding/Desktop/defects4j/framework/projects/Jsoup/lib/org/eclipse/jetty/jetty-server/9.2.26.v20180806/jetty-server-9.2.26.v20180806.jar:/Users/danielding/Desktop/defects4j/framework/projects/Jsoup/lib/org/eclipse/jetty/jetty-server/9.2.28.v20190418/jetty-server-9.2.28.v20190418.jar:/Users/danielding/Desktop/defects4j/framework/projects/Jsoup/lib/org/eclipse/jetty/jetty-servlet/9.2.22.v20170606/jetty-servlet-9.2.22.v20170606.jar:/Users/danielding/Desktop/defects4j/framework/projects/Jsoup/lib/org/eclipse/jetty/jetty-servlet/9.2.26.v20180806/jetty-servlet-9.2.26.v20180806.jar:/Users/danielding/Desktop/defects4j/framework/projects/Jsoup/lib/org/eclipse/jetty/jetty-servlet/9.2.28.v20190418/jetty-servlet-9.2.28.v20190418.jar:/Users/danielding/Desktop/defects4j/framework/projects/Jsoup/lib/org/eclipse/jetty/jetty-util/9.2.22.v20170606/jetty-util-9.2.22.v20170606.jar:/Users/danielding/Desktop/defects4j/framework/projects/Jsoup/lib/org/eclipse/jetty/jetty-util/9.2.26.v20180806/jetty-util-9.2.26.v20180806.jar:/Users/danielding/Desktop/defects4j/framework/projects/Jsoup/lib/org/eclipse/jetty/jetty-util/9.2.28.v20190418/jetty-util-9.2.28.v20190418.jar:/Users/danielding/Desktop/defects4j/framework/projects/Jsoup/lib/org/hamcrest/hamcrest-core/1.3/hamcrest-core-1.3.jar org.junit.runner.JUnitCore org.jsoup.nodes.FormElementTest,java,BUILD
jsoup_42,read_file,,read_file,READ
jsoup_42,replace,,replace,WRITE
jsoup_42,run_shell_command,defects4j compile,defects4j compile,BUILD
jsoup_42,run_shell_command,java -cp /Users/danielding/Desktop/defects4j/framework/projects/Jsoup/lib/junit/junit/4.5/junit-4.5.jar:/Users/danielding/Desktop/example_dir/Jsoup_42/target/classes:/Users/danielding/Desktop/example_dir/Jsoup_42/target/test-classes:/Users/danielding/Desktop/defects4j/framework/projects/lib/junit-4.11.jar:/Users/danielding/Desktop/defects4j/framework/projects/Jsoup/lib/com/google/code/gson/gson/2.7/gson-2.7.jar:/Users/danielding/Desktop/defects4j/framework/projects/Jsoup/lib/commons-lang/commons-lang/2.4/commons-lang-2.4.jar:/Users/danielding/Desktop/defects4j/framework/projects/Jsoup/lib/javax/servlet/javax.servlet-api/3.1.0/javax.servlet-api-3.1.0.jar:/Users/danielding/Desktop/defects4j/framework/projects/Jsoup/lib/junit/junit/4.12/junit-4.12.jar:/Users/danielding/Desktop/defects4j/framework/projects/Jsoup/lib/org/eclipse/jetty/jetty-http/9.2.22.v20170606/jetty-http-9.2.22.v20170606.jar:/Users/danielding/Desktop/defects4j/framework/projects/Jsoup/lib/org/eclipse/jetty/jetty-http/9.2.26.v20180806/jetty-http-9.2.26.v20180806.jar:/Users/danielding/Desktop/defects4j/framework/projects/Jsoup/lib/org/eclipse/jetty/jetty-http/9.2.28.v20190418/jetty-http-9.2.28.v20190418.jar:/Users/danielding/Desktop/defects4j/framework/projects/Jsoup/lib/org/eclipse/jetty/jetty-io/9.2.22.v20170606/jetty-io-9.2.22.v20170606.jar:/Users/danielding/Desktop/defects4j/framework/projects/Jsoup/lib/org/eclipse/jetty/jetty-io/9.2.26.v20180806/jetty-io-9.2.26.v20180806.jar:/Users/danielding/Desktop/defects4j/framework/projects/Jsoup/lib/org/eclipse/jetty/jetty-io/9.2.28.v20190418/jetty-io-9.2.28.v20190418.jar:/Users/danielding/Desktop/defects4j/framework/projects/Jsoup/lib/org/eclipse/jetty/jetty-security/9.2.22.v20170606/jetty-security-9.2.22.v20170606.jar:/Users/danielding/Desktop/defects4j/framework/projects/Jsoup/lib/org/eclipse/jetty/jetty-security/9.2.26.v20180806/jetty-security-9.2.26.v20180806.jar:/Users/danielding/Desktop/defects4j/framework/projects/Jsoup/lib/org/eclipse/jetty/jetty-security/9.2.28.v20190418/jetty-security-9.2.28.v20190418.jar:/Users/danielding/Desktop/defects4j/framework/projects/Jsoup/lib/org/eclipse/jetty/jetty-server/9.2.22.v20170606/jetty-server-9.2.22.v20170606.jar:/Users/danielding/Desktop/defects4j/framework/projects/Jsoup/lib/org/eclipse/jetty/jetty-server/9.2.26.v20180806/jetty-server-9.2.26.v20180806.jar:/Users/danielding/Desktop/defects4j/framework/projects/Jsoup/lib/org/eclipse/jetty/jetty-server/9.2.28.v20190418/jetty-server-9.2.28.v20190418.jar:/Users/danielding/Desktop/defects4j/framework/projects/Jsoup/lib/org/eclipse/jetty/jetty-servlet/9.2.22.v20170606/jetty-servlet-9.2.22.v20170606.jar:/Users/danielding/Desktop/defects4j/framework/projects/Jsoup/lib/org/eclipse/jetty/jetty-servlet/9.2.26.v20180806/jetty-servlet-9.2.26.v20180806.jar:/Users/danielding/Desktop/defects4j/framework/projects/Jsoup/lib/org/eclipse/jetty/jetty-servlet/9.2.28.v20190418/jetty-servlet-9.2.28.v20190418.jar:/Users/danielding/Desktop/defects4j/framework/projects/Jsoup/lib/org/eclipse/jetty/jetty-util/9.2.22.v20170606/jetty-util-9.2.22.v20170606.jar:/Users/danielding/Desktop/defects4j/framework/projects/Jsoup/lib/org/eclipse/jetty/jetty-util/9.2.26.v20180806/jetty-util-9.2.26.v20180806.jar:/Users/danielding/Desktop/defects4j/framework/projects/Jsoup/lib/org/eclipse/jetty/jetty-util/9.2.28.v20190418/jetty-util-9.2.28.v20190418.jar:/Users/danielding/Desktop/defects4j/framework/projects/Jsoup/lib/org/hamcrest/hamcrest-core/1.3/hamcrest-core-1.3.jar org.junit.runner.JUnitCore org.jsoup.nodes.FormElementTest,java,BUILD
jsoup_42,run_shell_command,defects4j test,defects4j test,TEST
jsoup_42,run_shell_command,git diff,git diff,VCS
jsoup_4,read_file,,read_file,READ
jsoup_4,run_shell_command,./run_bug_exposing_tests.sh,run_bug_exposing_tests.sh,TEST
jsoup_4,read_file,,read_file,READ
jsoup_4,list_directory,,list_directory,SEARCH_FILES
jsoup_4,read_file,,read_file,READ
jsoup_4,run_shell_command,defects4j compile,defects4j compile,BUILD
jsoup_4,run_shell_command,defects4j test -t org.jsoup.nodes.EntitiesTest,defects4j test,TEST
jsoup_4,run_shell_command,defects4j test,defects4j test,TEST
jsoup_4,read_file,,read_file,READ
jsoup_4,replace,,replace,WRITE
jsoup_4,read_file,,read_file,READ
jsoup_4,replace,,replace,WRITE
jsoup_4,read_file,,read_file,READ
jsoup_4,replace,,replace,WRITE
jsoup_4,read_file,,read_file,READ
jsoup_4,read_file,,read_file,READ
jsoup_4,read_file,,read_file,READ
jsoup_4,read_file,,read_file,READ
jsoup_56,read_file,,read_file,READ
jsoup_56,run_shell_command,./run_bug_exposing_tests.sh,run_bug_exposing_tests.sh,TEST
jsoup_56,read_file,,read_file,READ
jsoup_56,read_file,,read_file,READ
jsoup_56,run_shell_command,defects4j test -t org.jsoup.nodes.DocumentTypeTest::testRoundTrip,defects4j test,TEST
jsoup_56,read_many_files,,read_many_files,READ
jsoup_56,replace,,replace,WRITE
jsoup_56,run_shell_command,defects4j test -t org.jsoup.nodes.DocumentTypeTest::testRoundTrip,defects4j test,TEST
jsoup_56,replace,,replace,WRITE
jsoup_56,run_shell_command,defects4j test -t org.jsoup.nodes.DocumentTypeTest::testRoundTrip,defects4j test,TEST
jsoup_56,read_file,,read_file,READ
jsoup_56,replace,,replace,WRITE
jsoup_56,read_file,,read_file,READ
jsoup_56,read_many_files,,read_many_files,READ
jsoup_56,read_many_files,,read_many_files,READ
jsoup_56,replace,,replace,WRITE
jsoup_56,replace,,replace,WRITE
jsoup_56,replace,,replace,WRITE
jsoup_56,replace,,replace,WRITE
jsoup_56,replace,,replace,WRITE
jsoup_56,replace,,replace,WRITE
jsoup_56,replace,,replace,WRITE
jsoup_56,run_shell_command,defects4j test -t org.jsoup.nodes.DocumentTypeTest::testRoundTrip,defects4j test,TEST
jsoup_56,run_shell_command,defects4j test,defects4j test,TEST
jsoup_56,replace,,replace,WRITE
jsoup_56,run_shell_command,defects4j test,defects4j test,TEST
jsoup_56,replace,,replace,WRITE
jsoup_56,read_file,,read_file,READ
jsoup_56,replace,,replace,WRITE
jsoup_56,read_file,,read_file,READ
jsoup_56,replace,,replace,WRITE
jsoup_56,read_file,,read_file,READ
jsoup_56,replace,,replace,WRITE
jsoup_56,replace,,replace,WRITE
jsoup_56,run_shell_command,defects4j test,defects4j test,TEST
jsoup_56,read_file,,read_file,READ
jsoup_56,read_file,,read_file,READ
jsoup_56,write_file,,write_file,WRITE
jsoup_56,read_file,,read_file,READ
jsoup_56,write_file,,write_file,WRITE
jsoup_56,run_shell_command,defects4j test,defects4j test,TEST
jsoup_56,read_file,,read_file,READ
jsoup_56,write_file,,write_file,WRITE
jsoup_56,run_shell_command,defects4j test,defects4j test,TEST
jsoup_56,read_file,,read_file,READ
jsoup_56,write_file,,write_file,WRITE
jsoup_56,run_shell_command,defects4j test,defects4j test,TEST
jsoup_56,read_file,,read_file,READ
jsoup_56,write_file,,write_file,WRITE
jsoup_56,run_shell_command,defects4j test,defects4j test,TEST
jsoup_56,read_file,,read_file,READ
jsoup_56,write_file,,write_file,WRITE
jsoup_56,run_shell_command,defects4j test,defects4j test,TEST
jsoup_56,read_file,,read_file,READ
jsoup_56,write_file,,write_file,WRITE
jsoup_56,run_shell_command,defects4j test,defects4j test,TEST
jsoup_56,read_file,,read_file,READ
jsoup_56,write_file,,write_file,WRITE
jsoup_56,run_shell_command,defects4j test,defects4j test,TEST
jsoup_56,read_file,,read_file,READ
jsoup_56,write_file,,write_file,WRITE
jsoup_56,run_shell_command,defects4j test,defects4j test,TEST
jsoup_56,read_file,,read_file,READ
jsoup_56,write_file,,write_file,WRITE
jsoup_56,run_shell_command,defects4j test,defects4j test,TEST
jsoup_56,read_file,,read_file,READ
jsoup_56,write_file,,write_file,WRITE
jsoup_56,run_shell_command,defects4j test,defects4j test,TEST
jsoup_56,read_file,,read_file,READ
jsoup_56,write_file,,write_file,WRITE
jsoup_56,run_shell_command,defects4j test,defects4j test,TEST
jsoup_56,read_file,,read_file,READ
jsoup_56,write_file,,write_file,WRITE
jsoup_56,run_shell_command,defects4j test,defects4j test,TEST
jsoup_56,read_file,,read_file,READ
jsoup_56,write_file,,write_file,WRITE
jsoup_56,run_shell_command,defects4j test,defects4j test,TEST
jsoup_56,read_file,,read_file,READ
jsoup_56,write_file,,write_file,WRITE
jsoup_56,run_shell_command,defects4j test,defects4j test,TEST
jsoup_56,read_file,,read_file,READ
jsoup_56,write_file,,write_file,WRITE
jsoup_56,run_shell_command,defects4j test,defects4j test,TEST
jsoup_56,read_file,,read_file,READ
jsoup_56,write_file,,write_file,WRITE
jsoup_56,run_shell_command,defects4j test,defects4j test,TEST
jsoup_56,read_file,,read_file,READ
jsoup_56,write_file,,write_file,WRITE
jsoup_56,run_shell_command,defects4j test,defects4j test,TEST
jsoup_56,read_file,,read_file,READ
jsoup_56,write_file,,write_file,WRITE
jsoup_56,run_shell_command,defects4j test,defects4j test,TEST
jsoup_56,read_file,,read_file,READ
jsoup_56,write_file,,write_file,WRITE
jsoup_56,run_shell_command,defects4j test,defects4j test,TEST
jsoup_56,read_file,,read_file,READ
jsoup_56,write_file,,write_file,WRITE
jsoup_56,run_shell_command,defects4j test,defects4j test,TEST
jsoup_56,read_file,,read_file,READ
jsoup_56,write_file,,write_file,WRITE
jsoup_56,run_shell_command,defects4j test,defects4j test,TEST
jsoup_56,read_file,,read_file,READ
jsoup_56,write_file,,write_file,WRITE
jsoup_56,run_shell_command,defects4j test,defects4j test,TEST
jsoup_56,read_file,,read_file,READ
jsoup_56,write_file,,write_file,WRITE
jsoup_56,run_shell_command,defects4j test,defects4j test,TEST
jsoup_56,read_file,,read_file,READ
jsoup_56,write_file,,write_file,WRITE
jsoup_56,run_shell_command,defects4j test,defects4j test,TEST
jsoup_56,read_file,,read_file,READ
jsoup_56,write_file,,write_file,WRITE
jsoup_56,run_shell_command,defects4j test,defects4j test,TEST
jsoup_56,read_file,,read_file,READ
jsoup_56,write_file,,write_file,WRITE
jsoup_56,run_shell_command,defects4j test,defects4j test,TEST
jsoup_56,read_file,,read_file,READ
jsoup_56,write_file,,write_file,WRITE
jsoup_56,run_shell_command,defects4j test,defects4j test,TEST
jsoup_56,read_file,,read_file,READ
jsoup_56,write_file,,write_file,WRITE
jsoup_56,run_shell_command,defects4j test,defects4j test,TEST
jsoup_56,read_file,,read_file,READ
jsoup_56,write_file,,write_file,WRITE
jsoup_56,run_shell_command,defects4j test,defects4j test,TEST
jsoup_56,read_file,,read_file,READ
jsoup_56,write_file,,write_file,WRITE
jsoup_56,run_shell_command,defects4j test,defects4j test,TEST
jsoup_56,read_file,,read_file,READ
jsoup_56,write_file,,write_file,WRITE
jsoup_56,run_shell_command,defects4j test,defects4j test,TEST
jsoup_56,read_file,,read_file,READ
jsoup_56,write_file,,write_file,WRITE
jsoup_56,run_shell_command,defects4j test,defects4j test,TEST
jsoup_56,read_file,,read_file,READ
jsoup_56,write_file,,write_file,WRITE
jsoup_56,run_shell_command,defects4j test,defects4j test,TEST
jsoup_56,read_file,,read_file,READ
jsoup_56,write_file,,write_file,WRITE
jsoup_56,run_shell_command,defects4j test,defects4j test,TEST
jsoup_56,read_file,,read_file,READ
jsoup_56,write_file,,write_file,WRITE
jsoup_56,run_shell_command,defects4j test,defects4j test,TEST
jsoup_56,read_file,,read_file,READ
jsoup_56,write_file,,write_file,WRITE
jsoup_56,run_shell_command,defects4j test,defects4j test,TEST
jsoup_56,read_file,,read_file,READ
jsoup_56,write_file,,write_file,WRITE
jsoup_56,run_shell_command,defects4j test,defects4j test,TEST
jsoup_56,read_file,,read_file,READ
jsoup_56,write_file,,write_file,WRITE
jsoup_56,run_shell_command,defects4j test,defects4j test,TEST
jsoup_56,read_file,,read_file,READ
jsoup_56,write_file,,write_file,WRITE
jsoup_56,run_shell_command,defects4j test,defects4j test,TEST
jsoup_56,read_file,,read_file,READ
jsoup_56,write_file,,write_file,WRITE
jsoup_56,run_shell_command,defects4j test,defects4j test,TEST
jsoup_56,read_file,,read_file,READ
jsoup_56,write_file,,write_file,WRITE
jsoup_56,run_shell_command,defects4j test,defects4j test,TEST
jsoup_56,read_file,,read_file,READ
jsoup_56,write_file,,write_file,WRITE
jsoup_56,run_shell_command,defects4j test,defects4j test,TEST
jsoup_56,read_file,,read_file,READ
jsoup_56,write_file,,write_file,WRITE
jsoup_56,run_shell_command,defects4j test,defects4j test,TEST
jsoup_56,read_file,,read_file,READ
jsoup_56,write_file,,write_file,WRITE
jsoup_56,run_shell_command,defects4j test,defects4j test,TEST
jsoup_56,read_file,,read_file,READ
jsoup_56,write_file,,write_file,WRITE
jsoup_56,run_shell_command,defects4j test,defects4j test,TEST
jsoup_56,read_file,,read_file,READ
jsoup_56,write_file,,write_file,WRITE
jsoup_56,run_shell_command,defects4j test,defects4j test,TEST
jsoup_56,read_file,,read_file,READ
jsoup_56,write_file,,write_file,WRITE
jsoup_56,run_shell_command,defects4j test,defects4j test,TEST
jsoup_58,read_file,,read_file,READ
jsoup_58,write_file,,write_file,WRITE
jsoup_58,run_shell_command,defects4j compile,defects4j compile,BUILD
jsoup_58,run_shell_command,defects4j test -t jsoup.JsoupTest,defects4j test,TEST
jsoup_58,run_shell_command,defects4j test -t jsoup.JsoupTest,defects4j test,TEST
jsoup_58,run_shell_command,defects4j test,defects4j test,TEST
jsoup_58,read_file,,read_file,READ
jsoup_58,read_file,,read_file,READ
jsoup_58,replace,,replace,WRITE
jsoup_58,run_shell_command,defects4j compile,defects4j compile,BUILD
jsoup_58,run_shell_command,defects4j test,defects4j test,TEST
jsoup_58,replace,,replace,WRITE
jsoup_58,run_shell_command,defects4j compile,defects4j compile,BUILD
jsoup_58,run_shell_command,defects4j test,defects4j test,TEST
jsoup_58,read_file,,read_file,READ
jsoup_58,replace,,replace,WRITE
jsoup_58,replace,,replace,WRITE
jsoup_58,run_shell_command,defects4j compile,defects4j compile,BUILD
jsoup_58,run_shell_command,defects4j test,defects4j test,TEST
jsoup_58,replace,,replace,WRITE
jsoup_58,replace,,replace,WRITE
jsoup_58,replace,,replace,WRITE
jsoup_58,run_shell_command,defects4j compile,defects4j compile,BUILD
jsoup_58,run_shell_command,defects4j test,defects4j test,TEST
jsoup_58,replace,,replace,WRITE
jsoup_58,replace,,replace,WRITE
jsoup_58,run_shell_command,defects4j compile,defects4j compile,BUILD
jsoup_58,run_shell_command,defects4j test,defects4j test,TEST
jsoup_58,read_file,,read_file,READ
jsoup_58,replace,,replace,WRITE
jsoup_58,run_shell_command,defects4j compile,defects4j compile,BUILD
jsoup_58,run_shell_command,defects4j test,defects4j test,TEST
jsoup_58,run_shell_command,./run_all_tests_trace.sh,run_all_tests_trace.sh,TEST
jsoup_58,read_file,,read_file,READ
jsoup_58,replace,,replace,WRITE
jsoup_58,replace,,replace,WRITE
jsoup_58,replace,,replace,WRITE
jsoup_58,read_file,,read_file,READ
jsoup_58,replace,,replace,WRITE
jsoup_58,run_shell_command,defects4j compile,defects4j compile,BUILD
jsoup_58,run_shell_command,defects4j test,defects4j test,TEST
jsoup_58,replace,,replace,WRITE
jsoup_58,replace,,replace,WRITE
jsoup_58,run_shell_command,defects4j compile,defects4j compile,BUILD
jsoup_58,run_shell_command,defects4j test,defects4j test,TEST
jsoup_58,replace,,replace,WRITE
jsoup_58,run_shell_command,defects4j compile,defects4j compile,BUILD
jsoup_58,run_shell_command,./run_all_tests_trace.sh,run_all_tests_trace.sh,TEST
jsoup_58,read_file,,read_file,READ
jsoup_58,replace,,replace,WRITE
jsoup_58,run_shell_command,defects4j compile,defects4j compile,BUILD
jsoup_58,run_shell_command,defects4j test,defects4j test,TEST
jsoup_58,run_shell_command,rm /Users/danielding/Desktop/example_dir/Jsoup_58/src/test/java/jsoup/JsoupTest.java,rm,FILE_OPS
jsoup_58,run_shell_command,git diff,git diff,VCS
jsoup_58,replace,,replace,WRITE
jsoup_60,read_file,,read_file,READ
jsoup_60,run_shell_command,./run_bug_exposing_tests.sh,run_bug_exposing_tests.sh,TEST
jsoup_60,read_file,,read_file,READ
jsoup_60,read_file,,read_file,READ
jsoup_60,run_shell_command,defects4j compile,defects4j compile,BUILD
jsoup_60,run_shell_command,./run_bug_exposing_tests.sh,run_bug_exposing_tests.sh,TEST
jsoup_60,read_file,,read_file,READ
jsoup_60,run_shell_command,defects4j test -t org.jsoup.select.QueryParserTest,defects4j test,TEST
jsoup_60,run_shell_command,defects4j test,defects4j test,TEST
jsoup_60,read_file,,read_file,READ
jsoup_60,read_file,,read_file,READ
jsoup_60,read_file,,read_file,READ
jsoup_60,replace,,replace,WRITE
jsoup_60,replace,,replace,WRITE
jsoup_60,replace,,replace,WRITE
jsoup_60,run_shell_command,defects4j compile,defects4j compile,BUILD
jsoup_60,read_file,,read_file,READ
jsoup_60,read_file,,read_file,READ
jsoup_60,replace,,replace,WRITE
jsoup_60,replace,,replace,WRITE
jsoup_60,replace,,replace,WRITE
jsoup_60,run_shell_command,defects4j compile,defects4j compile,BUILD
jsoup_60,run_shell_command,defects4j test,defects4j test,TEST
jsoup_60,replace,,replace,WRITE
jsoup_60,replace,,replace,WRITE
jsoup_60,run_shell_command,defects4j compile,defects4j compile,BUILD
jsoup_60,replace,,replace,WRITE
jsoup_60,run_shell_command,defects4j compile,defects4j compile,BUILD
jsoup_60,run_shell_command,defects4j test,defects4j test,TEST
jsoup_60,replace,,replace,WRITE
jsoup_60,replace,,replace,WRITE
jsoup_60,replace,,replace,WRITE
jsoup_60,replace,,replace,WRITE
jsoup_60,run_shell_command,defects4j compile,defects4j compile,BUILD
jsoup_60,replace,,replace,WRITE
jsoup_60,run_shell_command,defects4j compile,defects4j compile,BUILD
jsoup_60,replace,,replace,WRITE
jsoup_60,replace,,replace,WRITE
jsoup_60,replace,,replace,WRITE
jsoup_60,run_shell_command,defects4j compile,defects4j compile,BUILD
jsoup_60,run_shell_command,defects4j test,defects4j test,TEST
jsoup_60,replace,,replace,WRITE
jsoup_60,replace,,replace,WRITE
jsoup_60,run_shell_command,defects4j compile,defects4j compile,BUILD
jsoup_60,run_shell_command,defects4j test,defects4j test,TEST
jsoup_60,replace,,replace,WRITE
jsoup_60,replace,,replace,WRITE
jsoup_60,run_shell_command,defects4j compile,defects4j compile,BUILD
jsoup_60,run_shell_command,defects4j test,defects4j test,TEST
jsoup_60,read_file,,read_file,READ
jsoup_60,replace,,replace,WRITE
jsoup_60,replace,,replace,WRITE
jsoup_60,run_shell_command,defects4j compile,defects4j compile,BUILD
jsoup_60,run_shell_command,defects4j test,defects4j test,TEST
jsoup_60,run_shell_command,git status,git status,VCS
jsoup_60,run_shell_command,git diff src/main/java/org/jsoup/parser/TokenQueue.java src/main/java/org/jsoup/select/QueryParser.java,git diff,VCS
jsoup_60,write_file,,write_file,WRITE
jsoup_65,read_file,,read_file,READ
jsoup_65,run_shell_command,./run_bug_exposing_tests.sh,run_bug_exposing_tests.sh,TEST
jsoup_65,read_file,,read_file,READ
jsoup_65,read_file,,read_file,READ
jsoup_65,run_shell_command,defects4j compile,defects4j compile,BUILD
jsoup_65,run_shell_command,defects4j test,defects4j test,TEST
jsoup_65,read_file,,read_file,READ
jsoup_65,read_file,,read_file,READ
jsoup_65,replace,,replace,WRITE
jsoup_65,replace,,replace,WRITE
jsoup_65,replace,,replace,WRITE
jsoup_65,replace,,replace,WRITE
jsoup_65,read_file,,read_file,READ
jsoup_65,replace,,replace,WRITE
jsoup_65,read_file,,read_file,READ
jsoup_65,write_file,,write_file,WRITE
jsoup_65,run_shell_command,defects4j compile,defects4j compile,BUILD
jsoup_65,run_shell_command,defects4j test,defects4j test,TEST
jsoup_65,read_file,,read_file,READ
jsoup_65,search_file_content,,search_file_content,SEARCH_CONTENT
jsoup_65,read_file,,read_file,READ
jsoup_65,replace,,replace,WRITE
jsoup_65,run_shell_command,defects4j compile,defects4j compile,BUILD
jsoup_65,run_shell_command,./run_bug_exposing_tests.sh,run_bug_exposing_tests.sh,TEST
jsoup_65,read_file,,read_file,READ
jsoup_65,replace,,replace,WRITE
jsoup_65,replace,,replace,WRITE
jsoup_65,read_file,,read_file,READ
jsoup_65,replace,,replace,WRITE
jsoup_65,read_file,,read_file,READ
jsoup_65,replace,,replace,WRITE
jsoup_65,replace,,replace,WRITE
jsoup_65,run_shell_command,defects4j compile,defects4j compile,BUILD
jsoup_65,run_shell_command,./run_bug_exposing_tests.sh,run_bug_exposing_tests.sh,TEST
jsoup_65,read_file,,read_file,READ
jsoup_65,read_file,,read_file,READ
jsoup_65,replace,,replace,WRITE
jsoup_65,search_file_content,,search_file_content,SEARCH_CONTENT
jsoup_65,replace,,replace,WRITE
jsoup_65,replace,,replace,WRITE
jsoup_65,replace,,replace,WRITE
jsoup_65,replace,,replace,WRITE
jsoup_65,replace,,replace,WRITE
jsoup_65,run_shell_command,defects4j compile,defects4j compile,BUILD
jsoup_65,replace,,replace,WRITE
jsoup_65,replace,,replace,WRITE
jsoup_65,replace,,replace,WRITE
jsoup_65,run_shell_command,defects4j compile,defects4j compile,BUILD
jsoup_65,run_shell_command,./run_bug_exposing_tests.sh,run_bug_exposing_tests.sh,TEST
jsoup_65,read_file,,read_file,READ
jsoup_65,replace,,replace,WRITE
jsoup_65,run_shell_command,defects4j compile,defects4j compile,BUILD
jsoup_65,run_shell_command,./run_bug_exposing_tests.sh,run_bug_exposing_tests.sh,TEST
jsoup_65,read_file,,read_file,READ
jsoup_65,replace,,replace,WRITE
jsoup_65,replace,,replace,WRITE
jsoup_65,read_file,,read_file,READ
jsoup_65,replace,,replace,WRITE
jsoup_65,read_file,,read_file,READ
jsoup_65,replace,,replace,WRITE
jsoup_65,read_file,,read_file,READ
jsoup_65,replace,,replace,WRITE
jsoup_65,run_shell_command,defects4j compile,defects4j compile,BUILD
jsoup_65,run_shell_command,./run_bug_exposing_tests.sh,run_bug_exposing_tests.sh,TEST
jsoup_65,run_shell_command,./run_all_tests_trace.sh,run_all_tests_trace.sh,TEST
jsoup_65,run_shell_command,git diff,git diff,VCS
jsoup_67,read_file,,read_file,READ
jsoup_67,run_shell_command,./run_bug_exposing_tests.sh,run_bug_exposing_tests.sh,TEST
jsoup_67,read_file,,read_file,READ
jsoup_67,read_file,,read_file,READ
jsoup_67,replace,,replace,WRITE
jsoup_67,replace,,replace,WRITE
jsoup_67,run_shell_command,defects4j compile,defects4j compile,BUILD
jsoup_67,run_shell_command,defects4j test,defects4j test,TEST
jsoup_67,run_shell_command,defects4j test -t org.jsoup.parser.HtmlParserTest::handlesDeepStack,defects4j test,TEST
jsoup_67,glob,,glob,SEARCH_FILES
jsoup_67,run_shell_command,defects4j test -t org.jsoup.parser.HtmlParserTest::handlesDeepStack 2> test_output.log,defects4j test,TEST
jsoup_67,read_file,,read_file,READ
jsoup_67,list_directory,,list_directory,SEARCH_FILES
jsoup_67,read_file,,read_file,READ
jsoup_67,run_shell_command,git diff,git diff,VCS
jsoup_71,read_file,,read_file,READ
jsoup_71,read_file,,read_file,READ
jsoup_71,read_file,,read_file,READ
jsoup_73,read_file,,read_file,READ
jsoup_73,run_shell_command,./run_bug_exposing_tests.sh,run_bug_exposing_tests.sh,TEST
jsoup_73,read_file,,read_file,READ
jsoup_73,run_shell_command,defects4j compile,defects4j compile,BUILD
jsoup_73,run_shell_command,./run_bug_exposing_tests.sh,run_bug_exposing_tests.sh,TEST
jsoup_73,read_file,,read_file,READ
jsoup_73,read_file,,read_file,READ
jsoup_73,read_file,,read_file,READ
jsoup_73,replace,,replace,WRITE
jsoup_73,replace,,replace,WRITE
jsoup_73,replace,,replace,WRITE
jsoup_73,replace,,replace,WRITE
jsoup_73,replace,,replace,WRITE
jsoup_73,replace,,replace,WRITE
jsoup_73,run_shell_command,defects4j compile,defects4j compile,BUILD
jsoup_73,run_shell_command,./run_bug_exposing_tests.sh,run_bug_exposing_tests.sh,TEST
jsoup_73,read_file,,read_file,READ
jsoup_73,run_shell_command,defects4j test,defects4j test,TEST
jsoup_73,run_shell_command,git diff,git diff,VCS
jsoup_74,read_file,,read_file,READ
jsoup_74,read_file,,read_file,READ
jsoup_74,replace,,replace,WRITE
jsoup_74,run_shell_command,defects4j compile,defects4j compile,BUILD
jsoup_74,run_shell_command,defects4j test -t org.jsoup.nodes.TextNodeTest::testIfShyIsStripped,defects4j test,TEST
jsoup_74,read_file,,read_file,READ
jsoup_74,read_file,,read_file,READ
jsoup_74,read_file,,read_file,READ
jsoup_74,read_file,,read_file,READ
jsoup_74,read_file,,read_file,READ
jsoup_74,read_file,,read_file,READ
jsoup_74,replace,,replace,WRITE
jsoup_74,run_shell_command,defects4j compile,defects4j compile,BUILD
jsoup_74,run_shell_command,defects4j test -t org.jsoup.nodes.TextNodeTest::testIfShyIsStripped,defects4j test,TEST
jsoup_74,run_shell_command,defects4j test,defects4j test,TEST
jsoup_74,read_file,,read_file,READ
jsoup_74,replace,,replace,WRITE
jsoup_74,replace,,replace,WRITE
jsoup_74,run_shell_command,defects4j compile,defects4j compile,BUILD
jsoup_74,run_shell_command,defects4j test -t org.jsoup.nodes.TextNodeTest::testIfShyIsStripped,defects4j test,TEST
jsoup_74,run_shell_command,defects4j test -t org.jsoup.nodes.ElementTest::testNormalizesInvisiblesInText,defects4j test,TEST
jsoup_74,run_shell_command,defects4j test,defects4j test,TEST
jsoup_74,replace,,replace,WRITE
jsoup_74,run_shell_command,git diff > fix.patch,git diff,VCS
jsoup_74,read_file,,read_file,READ
jsoup_81,read_file,,read_file,READ
jsoup_81,run_shell_command,./run_bug_exposing_tests.sh,run_bug_exposing_tests.sh,TEST
jsoup_81,read_file,,read_file,READ
jsoup_81,run_shell_command,defects4j test -t org.jsoup.helper.DataUtilTest,defects4j test,TEST
jsoup_81,read_file,,read_file,READ
jsoup_81,read_file,,read_file,READ
jsoup_81,read_file,,read_file,READ
jsoup_81,replace,,replace,WRITE
jsoup_81,run_shell_command,./run_bug_exposing_tests.sh,run_bug_exposing_tests.sh,TEST
jsoup_81,run_shell_command,defects4j compile,defects4j compile,BUILD
jsoup_81,run_shell_command,defects4j test,defects4j test,TEST
jsoup_81,replace,,replace,WRITE
jsoup_81,run_shell_command,defects4j compile,defects4j compile,BUILD
jsoup_81,run_shell_command,defects4j test,defects4j test,TEST
jsoup_81,replace,,replace,WRITE
jsoup_81,replace,,replace,WRITE
jsoup_81,run_shell_command,defects4j compile,defects4j compile,BUILD
jsoup_81,run_shell_command,defects4j test,defects4j test,TEST
jsoup_81,replace,,replace,WRITE
jsoup_81,run_shell_command,defects4j compile,defects4j compile,BUILD
jsoup_81,run_shell_command,defects4j test,defects4j test,TEST
jsoup_81,read_file,,read_file,READ
jsoup_81,replace,,replace,WRITE
jsoup_81,replace,,replace,WRITE
jsoup_81,replace,,replace,WRITE
jsoup_81,run_shell_command,defects4j compile,defects4j compile,BUILD
jsoup_81,run_shell_command,defects4j test,defects4j test,TEST
jsoup_81,replace,,replace,WRITE
jsoup_81,replace,,replace,WRITE
jsoup_81,replace,,replace,WRITE
jsoup_81,run_shell_command,defects4j compile,defects4j compile,BUILD
jsoup_81,run_shell_command,defects4j test,defects4j test,TEST
jsoup_81,replace,,replace,WRITE
jsoup_81,replace,,replace,WRITE
jsoup_81,run_shell_command,defects4j compile,defects4j compile,BUILD
jsoup_81,run_shell_command,defects4j test,defects4j test,TEST
jsoup_81,replace,,replace,WRITE
jsoup_81,run_shell_command,defects4j compile,defects4j compile,BUILD
jsoup_81,replace,,replace,WRITE
jsoup_81,run_shell_command,defects4j compile,defects4j compile,BUILD
jsoup_81,run_shell_command,defects4j test,defects4j test,TEST
jsoup_81,replace,,replace,WRITE
jsoup_81,replace,,replace,WRITE
jsoup_81,replace,,replace,WRITE
jsoup_81,run_shell_command,defects4j compile,defects4j compile,BUILD
jsoup_81,read_file,,read_file,READ
jsoup_81,replace,,replace,WRITE
jsoup_81,replace,,replace,WRITE
jsoup_81,replace,,replace,WRITE
jsoup_81,replace,,replace,WRITE
jsoup_81,run_shell_command,defects4j compile,defects4j compile,BUILD
jsoup_81,run_shell_command,defects4j test,defects4j test,TEST
jsoup_81,replace,,replace,WRITE
jsoup_81,replace,,replace,WRITE
jsoup_81,replace,,replace,WRITE
jsoup_81,run_shell_command,defects4j compile,defects4j compile,BUILD
jsoup_81,run_shell_command,defects4j test,defects4j test,TEST
jsoup_81,replace,,replace,WRITE
jsoup_81,replace,,replace,WRITE
jsoup_81,replace,,replace,WRITE
jsoup_81,run_shell_command,defects4j compile,defects4j compile,BUILD
jsoup_81,run_shell_command,defects4j test,defects4j test,TEST
jsoup_81,replace,,replace,WRITE
jsoup_81,replace,,replace,WRITE
jsoup_81,replace,,replace,WRITE
jsoup_81,run_shell_command,defects4j compile,defects4j compile,BUILD
jsoup_81,run_shell_command,defects4j test,defects4j test,TEST
jsoup_81,replace,,replace,WRITE
jsoup_81,replace,,replace,WRITE
jsoup_81,replace,,replace,WRITE
jsoup_81,run_shell_command,defects4j compile,defects4j compile,BUILD
jsoup_81,run_shell_command,defects4j test,defects4j test,TEST
jsoup_81,replace,,replace,WRITE
jsoup_81,replace,,replace,WRITE
jsoup_81,replace,,replace,WRITE
jsoup_81,run_shell_command,defects4j compile,defects4j compile,BUILD
jsoup_81,run_shell_command,defects4j test,defects4j test,TEST
jsoup_81,replace,,replace,WRITE
jsoup_81,replace,,replace,WRITE
jsoup_81,replace,,replace,WRITE
jsoup_81,run_shell_command,defects4j compile,defects4j compile,BUILD
jsoup_81,run_shell_command,defects4j test,defects4j test,TEST
jsoup_81,replace,,replace,WRITE
jsoup_81,replace,,replace,WRITE
jsoup_81,replace,,replace,WRITE
jsoup_81,run_shell_command,defects4j compile,defects4j compile,BUILD
jsoup_81,run_shell_command,defects4j test,defects4j test,TEST
jsoup_81,replace,,replace,WRITE
jsoup_81,replace,,replace,WRITE
jsoup_81,replace,,replace,WRITE
jsoup_81,run_shell_command,defects4j compile,defects4j compile,BUILD
jsoup_81,run_shell_command,defects4j test,defects4j test,TEST
jsoup_81,replace,,replace,WRITE
jsoup_81,replace,,replace,WRITE
jsoup_81,replace,,replace,WRITE
jsoup_81,run_shell_command,defects4j compile,defects4j compile,BUILD
jsoup_81,run_shell_command,defects4j test,defects4j test,TEST
jsoup_81,replace,,replace,WRITE
jsoup_81,replace,,replace,WRITE
jsoup_81,replace,,replace,WRITE
jsoup_81,run_shell_command,defects4j compile,defects4j compile,BUILD
jsoup_81,run_shell_command,defects4j test,defects4j test,TEST
jsoup_81,replace,,replace,WRITE
jsoup_81,replace,,replace,WRITE
jsoup_81,replace,,replace,WRITE
jsoup_81,run_shell_command,defects4j compile,defects4j compile,BUILD
jsoup_81,run_shell_command,defects4j test,defects4j test,TEST
jsoup_81,replace,,replace,WRITE
jsoup_81,replace,,replace,WRITE
jsoup_81,replace,,replace,WRITE
jsoup_81,run_shell_command,defects4j compile,defects4j compile,BUILD
jsoup_81,run_shell_command,defects4j test,defects4j test,TEST
jsoup_81,replace,,replace,WRITE
jsoup_81,replace,,replace,WRITE
jsoup_81,replace,,replace,WRITE
jsoup_81,run_shell_command,defects4j compile,defects4j compile,BUILD
jsoup_81,run_shell_command,defects4j test,defects4j test,TEST
jsoup_81,replace,,replace,WRITE
jsoup_81,replace,,replace,WRITE
jsoup_81,replace,,replace,WRITE
jsoup_81,run_shell_command,defects4j compile,defects4j compile,BUILD
jsoup_81,run_shell_command,defects4j test,defects4j test,TEST
jsoup_81,replace,,replace,WRITE
jsoup_81,replace,,replace,WRITE
jsoup_81,replace,,replace,WRITE
jsoup_81,run_shell_command,defects4j compile,defects4j compile,BUILD
jsoup_81,run_shell_command,defects4j test,defects4j test,TEST
jsoup_81,replace,,replace,WRITE
jsoup_81,replace,,replace,WRITE
jsoup_81,replace,,replace,WRITE
jsoup_81,run_shell_command,defects4j compile,defects4j compile,BUILD
jsoup_81,run_shell_command,defects4j test,defects4j test,TEST
jsoup_81,replace,,replace,WRITE
jsoup_81,replace,,replace,WRITE
jsoup_81,replace,,replace,WRITE
jsoup_81,run_shell_command,defects4j compile,defects4j compile,BUILD
jsoup_81,run_shell_command,defects4j test,defects4j test,TEST
jsoup_81,replace,,replace,WRITE
jsoup_81,replace,,replace,WRITE
jsoup_81,replace,,replace,WRITE
jsoup_81,run_shell_command,defects4j compile,defects4j compile,BUILD
jsoup_81,run_shell_command,defects4j test,defects4j test,TEST
jsoup_81,replace,,replace,WRITE
jsoup_81,replace,,replace,WRITE
jsoup_81,replace,,replace,WRITE
jsoup_81,run_shell_command,defects4j compile,defects4j compile,BUILD
jsoup_81,run_shell_command,defects4j test,defects4j test,TEST
jsoup_81,replace,,replace,WRITE
jsoup_81,replace,,replace,WRITE
jsoup_81,replace,,replace,WRITE
jsoup_81,run_shell_command,defects4j compile,defects4j compile,BUILD
jsoup_81,run_shell_command,defects4j test,defects4j test,TEST
jsoup_81,replace,,replace,WRITE
jsoup_81,replace,,replace,WRITE
jsoup_81,replace,,replace,WRITE
jsoup_81,run_shell_command,defects4j compile,defects4j compile,BUILD
jsoup_81,run_shell_command,defects4j test,defects4j test,TEST
jsoup_81,replace,,replace,WRITE
jsoup_81,replace,,replace,WRITE
jsoup_81,replace,,replace,WRITE
jsoup_81,run_shell_command,defects4j compile,defects4j compile,BUILD
jsoup_81,run_shell_command,defects4j test,defects4j test,TEST
jsoup_81,replace,,replace,WRITE
jsoup_81,replace,,replace,WRITE
jsoup_81,replace,,replace,WRITE
jsoup_81,run_shell_command,defects4j compile,defects4j compile,BUILD
jsoup_81,run_shell_command,defects4j test,defects4j test,TEST
jsoup_81,replace,,replace,WRITE
jsoup_81,replace,,replace,WRITE
jsoup_81,replace,,replace,WRITE
jsoup_81,run_shell_command,defects4j compile,defects4j compile,BUILD
jsoup_81,run_shell_command,defects4j test,defects4j test,TEST
jsoup_81,replace,,replace,WRITE
jsoup_81,replace,,replace,WRITE
jsoup_81,replace,,replace,WRITE
jsoup_81,run_shell_command,defects4j compile,defects4j compile,BUILD
jsoup_81,run_shell_command,defects4j test,defects4j test,TEST
jsoup_81,replace,,replace,WRITE
jsoup_81,replace,,replace,WRITE
jsoup_81,replace,,replace,WRITE
jsoup_81,run_shell_command,defects4j compile,defects4j compile,BUILD
jsoup_81,run_shell_command,defects4j test,defects4j test,TEST
jsoup_81,replace,,replace,WRITE
jsoup_81,replace,,replace,WRITE
jsoup_81,replace,,replace,WRITE
jsoup_81,run_shell_command,defects4j compile,defects4j compile,BUILD
jsoup_81,run_shell_command,defects4j test,defects4j test,TEST
jsoup_81,replace,,replace,WRITE
jsoup_81,replace,,replace,WRITE
jsoup_81,replace,,replace,WRITE
jsoup_81,run_shell_command,defects4j compile,defects4j compile,BUILD
jsoup_81,run_shell_command,defects4j test,defects4j test,TEST
jsoup_81,replace,,replace,WRITE
jsoup_81,replace,,replace,WRITE
jsoup_81,replace,,replace,WRITE
jsoup_81,run_shell_command,defects4j compile,defects4j compile,BUILD
jsoup_81,run_shell_command,defects4j test,defects4j test,TEST
jsoup_81,replace,,replace,WRITE
jsoup_81,replace,,replace,WRITE
jsoup_81,replace,,replace,WRITE
jsoup_81,run_shell_command,defects4j compile,defects4j compile,BUILD
jsoup_81,run_shell_command,defects4j test,defects4j test,TEST
jsoup_81,replace,,replace,WRITE
jsoup_81,replace,,replace,WRITE
jsoup_81,replace,,replace,WRITE
jsoup_81,run_shell_command,defects4j compile,defects4j compile,BUILD
jsoup_81,run_shell_command,defects4j test,defects4j test,TEST
jsoup_81,replace,,replace,WRITE
jsoup_81,replace,,replace,WRITE
jsoup_81,replace,,replace,WRITE
jsoup_81,run_shell_command,defects4j compile,defects4j compile,BUILD
jsoup_81,run_shell_command,defects4j test,defects4j test,TEST
jsoup_81,replace,,replace,WRITE
jsoup_81,replace,,replace,WRITE
jsoup_81,replace,,replace,WRITE
jsoup_81,run_shell_command,defects4j compile,defects4j compile,BUILD
jsoup_81,run_shell_command,defects4j test,defects4j test,TEST
jsoup_81,replace,,replace,WRITE
jsoup_81,replace,,replace,WRITE
jsoup_81,replace,,replace,WRITE
jsoup_81,run_shell_command,defects4j compile,defects4j compile,BUILD
jsoup_81,run_shell_command,defects4j test,defects4j test,TEST
jsoup_81,replace,,replace,WRITE
jsoup_81,replace,,replace,WRITE
jsoup_81,replace,,replace,WRITE
jsoup_81,run_shell_command,defects4j compile,defects4j compile,BUILD
jsoup_81,run_shell_command,defects4j test,defects4j test,TEST
jsoup_81,replace,,replace,WRITE
jsoup_81,replace,,replace,WRITE
jsoup_81,replace,,replace,WRITE
jsoup_81,run_shell_command,defects4j compile,defects4j compile,BUILD
jsoup_81,run_shell_command,defects4j test,defects4j test,TEST
jsoup_81,replace,,replace,WRITE
jsoup_81,replace,,replace,WRITE
jsoup_81,replace,,replace,WRITE
jsoup_83,read_file,,read_file,READ
jsoup_83,run_shell_command,./run_bug_exposing_tests.sh,run_bug_exposing_tests.sh,TEST
jsoup_83,read_file,,read_file,READ
jsoup_83,run_shell_command,defects4j compile,defects4j compile,BUILD
jsoup_83,run_shell_command,defects4j test,defects4j test,TEST
jsoup_83,read_file,,read_file,READ
jsoup_83,read_file,,read_file,READ
jsoup_83,read_file,,read_file,READ
jsoup_83,read_file,,read_file,READ
jsoup_83,replace,,replace,WRITE
jsoup_83,read_file,,read_file,READ
jsoup_83,replace,,replace,WRITE
jsoup_83,replace,,replace,WRITE
jsoup_83,replace,,replace,WRITE
jsoup_83,read_file,,read_file,READ
jsoup_83,replace,,replace,WRITE
jsoup_83,replace,,replace,WRITE
jsoup_83,replace,,replace,WRITE
jsoup_83,read_file,,read_file,READ
jsoup_83,replace,,replace,WRITE
jsoup_83,replace,,replace,WRITE
jsoup_83,replace,,replace,WRITE
jsoup_83,run_shell_command,defects4j compile,defects4j compile,BUILD
jsoup_83,read_file,,read_file,READ
jsoup_83,replace,,replace,WRITE
jsoup_83,read_file,,read_file,READ
jsoup_83,replace,,replace,WRITE
jsoup_83,replace,,replace,WRITE
jsoup_83,replace,,replace,WRITE
jsoup_83,read_file,,read_file,READ
jsoup_83,replace,,replace,WRITE
jsoup_83,read_file,,read_file,READ
jsoup_83,replace,,replace,WRITE
jsoup_83,read_file,,read_file,READ
jsoup_83,replace,,replace,WRITE
jsoup_83,read_file,,read_file,READ
jsoup_83,replace,,replace,WRITE
jsoup_83,read_file,,read_file,READ
jsoup_83,replace,,replace,WRITE
jsoup_83,read_file,,read_file,READ
jsoup_83,replace,,replace,WRITE
jsoup_83,read_file,,read_file,READ
jsoup_83,replace,,replace,WRITE
jsoup_83,read_file,,read_file,READ
jsoup_83,replace,,replace,WRITE
jsoup_83,read_file,,read_file,READ
jsoup_83,read_file,,read_file,READ
jsoup_83,replace,,replace,WRITE
jsoup_83,read_file,,read_file,READ
jsoup_83,replace,,replace,WRITE
jsoup_83,read_file,,read_file,READ
jsoup_83,read_file,,read_file,READ
jsoup_83,read_file,,read_file,READ
jsoup_83,read_file,,read_file,READ
jsoup_87,read_file,,read_file,READ
jsoup_87,run_shell_command,./run_bug_exposing_tests.sh,run_bug_exposing_tests.sh,TEST
jsoup_87,read_file,,read_file,READ
jsoup_87,read_file,,read_file,READ
jsoup_87,write_file,,write_file,WRITE
jsoup_87,run_shell_command,defects4j compile,defects4j compile,BUILD
jsoup_91,read_file,,read_file,READ
jsoup_91,run_shell_command,./run_bug_exposing_tests.sh,run_bug_exposing_tests.sh,TEST
jsoup_91,read_file,,read_file,READ
jsoup_91,read_file,,read_file,READ
jsoup_91,read_file,,read_file,READ
jsoup_91,run_shell_command,defects4j compile,defects4j compile,BUILD
jsoup_91,run_shell_command,./run_bug_exposing_tests.sh,run_bug_exposing_tests.sh,TEST
jsoup_91,read_file,,read_file,READ
jsoup_91,read_file,,read_file,READ
jsoup_91,read_file,,read_file,READ
jsoup_91,read_file,,read_file,READ
jsoup_91,replace,,replace,WRITE
jsoup_91,replace,,replace,WRITE
jsoup_91,run_shell_command,defects4j compile,defects4j compile,BUILD
jsoup_91,run_shell_command,./run_bug_exposing_tests.sh,run_bug_exposing_tests.sh,TEST
jsoup_91,read_file,,read_file,READ
jsoup_91,replace,,replace,WRITE
jsoup_91,replace,,replace,WRITE
jsoup_91,run_shell_command,defects4j compile,defects4j compile,BUILD
jsoup_91,run_shell_command,./run_bug_exposing_tests.sh,run_bug_exposing_tests.sh,TEST
jsoup_91,read_file,,read_file,READ
jsoup_91,read_file,,read_file,READ
jsoup_91,read_file,,read_file,READ
jsoup_91,replace,,replace,WRITE
jsoup_91,replace,,replace,WRITE
jsoup_91,replace,,replace,WRITE
jsoup_91,replace,,replace,WRITE
jsoup_91,replace,,replace,WRITE
jsoup_91,replace,,replace,WRITE
jsoup_91,replace,,replace,WRITE
jsoup_91,run_shell_command,defects4j compile,defects4j compile,BUILD
jsoup_91,replace,,replace,WRITE
jsoup_91,replace,,replace,WRITE
jsoup_91,read_file,,read_file,READ
jsoup_91,run_shell_command,defects4j compile,defects4j compile,BUILD
jsoup_91,replace,,replace,WRITE
jsoup_91,run_shell_command,defects4j compile,defects4j compile,BUILD
jsoup_91,run_shell_command,./run_bug_exposing_tests.sh,run_bug_exposing_tests.sh,TEST
jsoup_91,read_file,,read_file,READ
jsoup_91,replace,,replace,WRITE
jsoup_91,replace,,replace,WRITE
jsoup_91,replace,,replace,WRITE
jsoup_91,run_shell_command,defects4j compile,defects4j compile,BUILD
jsoup_91,run_shell_command,./run_bug_exposing_tests.sh,run_bug_exposing_tests.sh,TEST
jsoup_91,read_file,,read_file,READ
jsoup_91,read_file,,read_file,READ
jsoup_91,replace,,replace,WRITE
jsoup_91,replace,,replace,WRITE
jsoup_91,run_shell_command,defects4j compile,defects4j compile,BUILD
jsoup_91,run_shell_command,./run_bug_exposing_tests.sh,run_bug_exposing_tests.sh,TEST
jsoup_91,read_file,,read_file,READ
jsoup_91,replace,,replace,WRITE
jsoup_91,replace,,replace,WRITE
jsoup_91,run_shell_command,defects4j compile,defects4j compile,BUILD
jsoup_91,run_shell_command,./run_bug_exposing_tests.sh,run_bug_exposing_tests.sh,TEST
jsoup_91,read_file,,read_file,READ
jsoup_91,run_shell_command,./run_all_tests_trace.sh,run_all_tests_trace.sh,TEST
jsoup_91,run_shell_command,git diff > fix.patch,git diff,VCS
jsoup_91,read_file,,read_file,READ
jsoup_92,read_file,,read_file,READ
jsoup_92,read_file,,read_file,READ
jsoup_92,read_file,,read_file,READ
jsoup_92,run_shell_command,mvn clean install,mvn clean,BUILD
jxpath_13,read_file,,read_file,READ
jxpath_13,run_shell_command,./run_bug_exposing_tests.sh,run_bug_exposing_tests.sh,TEST
jxpath_13,read_file,,read_file,READ
jxpath_13,glob,,glob,SEARCH_FILES
jxpath_13,read_file,,read_file,READ
jxpath_13,run_shell_command,defects4j export -p cp.test,defects4j export,DEFECTS4J_OTHER
jxpath_13,run_shell_command,defects4j compile,defects4j compile,BUILD
jxpath_13,run_shell_command,./run_bug_exposing_tests.sh,run_bug_exposing_tests.sh,TEST
jxpath_13,read_file,,read_file,READ
jxpath_13,read_file,,read_file,READ
jxpath_13,replace,,replace,WRITE
jxpath_13,run_shell_command,defects4j compile,defects4j compile,BUILD
jxpath_13,replace,,replace,WRITE
jxpath_13,replace,,replace,WRITE
jxpath_13,run_shell_command,defects4j compile,defects4j compile,BUILD
jxpath_13,replace,,replace,WRITE
jxpath_13,replace,,replace,WRITE
jxpath_13,run_shell_command,defects4j compile,defects4j compile,BUILD
jxpath_13,replace,,replace,WRITE
jxpath_13,replace,,replace,WRITE
jxpath_13,run_shell_command,defects4j compile,defects4j compile,BUILD
jxpath_13,replace,,replace,WRITE
jxpath_13,replace,,replace,WRITE
jxpath_13,run_shell_command,defects4j compile,defects4j compile,BUILD
jxpath_13,run_shell_command,./run_bug_exposing_tests.sh,run_bug_exposing_tests.sh,TEST
jxpath_13,read_file,,read_file,READ
jxpath_13,run_shell_command,./run_all_tests_trace.sh,run_all_tests_trace.sh,TEST
jxpath_13,read_file,,read_file,READ
jxpath_13,run_shell_command,git diff,git diff,VCS
jxpath_15,read_file,,read_file,READ
jxpath_15,run_shell_command,./run_bug_exposing_tests.sh,run_bug_exposing_tests.sh,TEST
jxpath_15,read_file,,read_file,READ
jxpath_15,read_file,,read_file,READ
jxpath_15,glob,,glob,SEARCH_FILES
jxpath_15,glob,,glob,SEARCH_FILES
jxpath_15,run_shell_command,defects4j compile,defects4j compile,BUILD
jxpath_15,read_file,,read_file,READ
jxpath_15,run_shell_command,defects4j test -t org.apache.commons.jxpath.ri.model.dom.DOMModelTest::testGetNode,defects4j test,TEST
jxpath_15,run_shell_command,defects4j test,defects4j test,TEST
jxpath_15,read_file,,read_file,READ
jxpath_15,read_file,,read_file,READ
jxpath_15,read_file,,read_file,READ
jxpath_15,glob,,glob,SEARCH_FILES
jxpath_15,read_file,,read_file,READ
jxpath_15,glob,,glob,SEARCH_FILES
jxpath_15,read_file,,read_file,READ
jxpath_15,replace,,replace,WRITE
jxpath_15,run_shell_command,defects4j compile,defects4j compile,BUILD
jxpath_15,read_file,,read_file,READ
jxpath_15,replace,,replace,WRITE
jxpath_15,run_shell_command,defects4j compile,defects4j compile,BUILD
jxpath_15,read_file,,read_file,READ
jxpath_15,replace,,replace,WRITE
jxpath_15,run_shell_command,defects4j compile,defects4j compile,BUILD
jxpath_15,run_shell_command,defects4j test -t org.apache.commons.jxpath.ri.model.dom.DOMModelTest::testUnion,defects4j test,TEST
jxpath_15,run_shell_command,defects4j test -t org.apache.commons.jxpath.ri.model.jdom.JDOMModelTest::testUnion,defects4j test,TEST
jxpath_15,run_shell_command,defects4j test,defects4j test,TEST
jxpath_15,run_shell_command,git diff,git diff,VCS
jxpath_16,read_file,,read_file,READ
jxpath_16,run_shell_command,./run_bug_exposing_tests.sh,run_bug_exposing_tests.sh,TEST
jxpath_16,read_file,,read_file,READ
jxpath_16,run_shell_command,defects4j compile,defects4j compile,BUILD
jxpath_16,run_shell_command,defects4j test,defects4j test,TEST
jxpath_16,read_file,,read_file,READ
jxpath_16,read_file,,read_file,READ
jxpath_16,replace,,replace,WRITE
jxpath_16,replace,,replace,WRITE
jxpath_16,run_shell_command,defects4j compile,defects4j compile,BUILD
jxpath_16,run_shell_command,defects4j test,defects4j test,TEST
jxpath_16,run_shell_command,git diff,git diff,VCS
jxpath_17,read_file,,read_file,READ
jxpath_17,run_shell_command,./run_bug_exposing_tests.sh,run_bug_exposing_tests.sh,TEST
jxpath_17,read_file,,read_file,READ
jxpath_17,glob,,glob,SEARCH_FILES
jxpath_17,read_file,,read_file,READ
jxpath_17,replace,,replace,WRITE
jxpath_17,run_shell_command,defects4j compile,defects4j compile,BUILD
jxpath_17,run_shell_command,defects4j test,defects4j test,TEST
jxpath_17,glob,,glob,SEARCH_FILES
jxpath_17,read_file,,read_file,READ
jxpath_17,glob,,glob,SEARCH_FILES
jxpath_17,read_file,,read_file,READ
jxpath_17,glob,,glob,SEARCH_FILES
jxpath_17,read_file,,read_file,READ
jxpath_17,replace,,replace,WRITE
jxpath_17,run_shell_command,defects4j compile,defects4j compile,BUILD
jxpath_17,run_shell_command,defects4j test,defects4j test,TEST
jxpath_17,read_file,,read_file,READ
jxpath_17,replace,,replace,WRITE
jxpath_17,run_shell_command,defects4j compile,defects4j compile,BUILD
jxpath_17,run_shell_command,defects4j test,defects4j test,TEST
jxpath_17,run_shell_command,git diff,git diff,VCS
jxpath_18,read_file,,read_file,READ
jxpath_18,run_shell_command,./run_bug_exposing_tests.sh,run_bug_exposing_tests.sh,TEST
jxpath_18,read_file,,read_file,READ
jxpath_18,run_shell_command,defects4j test,defects4j test,TEST
jxpath_18,read_file,,read_file,READ
jxpath_18,replace,,replace,WRITE
jxpath_18,replace,,replace,WRITE
jxpath_18,replace,,replace,WRITE
jxpath_18,run_shell_command,defects4j compile,defects4j compile,BUILD
jxpath_18,run_shell_command,defects4j test,defects4j test,TEST
jxpath_18,read_file,,read_file,READ
jxpath_18,read_file,,read_file,READ
jxpath_18,read_file,,read_file,READ
jxpath_18,run_shell_command,defects4j test -t org.apache.commons.jxpath.ri.model.dom.DOMModelTest::testAxisAttribute,defects4j test,TEST
jxpath_18,run_shell_command,./run_bug_exposing_tests.sh,run_bug_exposing_tests.sh,TEST
jxpath_18,list_directory,,list_directory,SEARCH_FILES
jxpath_18,read_file,,read_file,READ
jxpath_18,read_file,,read_file,READ
jxpath_18,search_file_content,,search_file_content,SEARCH_CONTENT
jxpath_18,read_file,,read_file,READ
jxpath_18,read_file,,read_file,READ
jxpath_18,read_file,,read_file,READ
jxpath_18,read_file,,read_file,READ
jxpath_18,read_file,,read_file,READ
jxpath_18,replace,,replace,WRITE
jxpath_18,run_shell_command,defects4j compile,defects4j compile,BUILD
jxpath_18,run_shell_command,defects4j test,defects4j test,TEST
jxpath_18,run_shell_command,./run_bug_exposing_tests.sh,run_bug_exposing_tests.sh,TEST
jxpath_18,read_file,,read_file,READ
jxpath_18,replace,,replace,WRITE
jxpath_18,run_shell_command,defects4j test,defects4j test,TEST
jxpath_18,run_shell_command,./run_bug_exposing_tests.sh,run_bug_exposing_tests.sh,TEST
jxpath_18,read_file,,read_file,READ
jxpath_18,replace,,replace,WRITE
jxpath_18,run_shell_command,defects4j compile,defects4j compile,BUILD
jxpath_18,run_shell_command,defects4j test,defects4j test,TEST
jxpath_18,run_shell_command,./run_bug_exposing_tests.sh,run_bug_exposing_tests.sh,TEST
jxpath_18,read_file,,read_file,READ
jxpath_18,replace,,replace,WRITE
jxpath_18,run_shell_command,defects4j compile,defects4j compile,BUILD
jxpath_18,run_shell_command,defects4j test,defects4j test,TEST
jxpath_18,run_shell_command,./run_bug_exposing_tests.sh,run_bug_exposing_tests.sh,TEST
jxpath_18,read_file,,read_file,READ
jxpath_18,replace,,replace,WRITE
jxpath_18,read_file,,read_file,READ
jxpath_18,replace,,replace,WRITE
jxpath_18,replace,,replace,WRITE
jxpath_18,replace,,replace,WRITE
jxpath_18,replace,,replace,WRITE
jxpath_18,replace,,replace,WRITE
jxpath_18,replace,,replace,WRITE
jxpath_18,run_shell_command,defects4j compile,defects4j compile,BUILD
jxpath_18,run_shell_command,defects4j test,defects4j test,TEST
jxpath_18,replace,,replace,WRITE
jxpath_18,read_file,,read_file,READ
jxpath_18,read_file,,read_file,READ
jxpath_18,replace,,replace,WRITE
jxpath_18,run_shell_command,defects4j compile,defects4j compile,BUILD
jxpath_18,run_shell_command,defects4j test,defects4j test,TEST
jxpath_18,run_shell_command,./run_bug_exposing_tests.sh,run_bug_exposing_tests.sh,TEST
jxpath_18,read_file,,read_file,READ
jxpath_18,replace,,replace,WRITE
jxpath_18,read_file,,read_file,READ
jxpath_18,replace,,replace,WRITE
jxpath_18,read_file,,read_file,READ
jxpath_18,replace,,replace,WRITE
jxpath_18,run_shell_command,defects4j compile,defects4j compile,BUILD
jxpath_18,run_shell_command,defects4j test,defects4j test,TEST
jxpath_18,read_file,,read_file,READ
jxpath_18,replace,,replace,WRITE
jxpath_18,run_shell_command,defects4j compile,defects4j compile,BUILD
jxpath_18,run_shell_command,defects4j test,defects4j test,TEST
jxpath_18,run_shell_command,./run_bug_exposing_tests.sh,run_bug_exposing_tests.sh,TEST
jxpath_18,read_file,,read_file,READ
jxpath_18,replace,,replace,WRITE
jxpath_18,read_file,,read_file,READ
jxpath_18,replace,,replace,WRITE
jxpath_18,run_shell_command,defects4j compile,defects4j compile,BUILD
jxpath_18,run_shell_command,defects4j test,defects4j test,TEST
jxpath_18,read_file,,read_file,READ
jxpath_18,replace,,replace,WRITE
jxpath_18,run_shell_command,defects4j compile,defects4j compile,BUILD
jxpath_18,run_shell_command,defects4j test,defects4j test,TEST
jxpath_18,run_shell_command,./run_bug_exposing_tests.sh,run_bug_exposing_tests.sh,TEST
jxpath_18,replace,,replace,WRITE
jxpath_18,read_file,,read_file,READ
jxpath_18,replace,,replace,WRITE
jxpath_18,run_shell_command,defects4j compile,defects4j compile,BUILD
jxpath_18,run_shell_command,defects4j test,defects4j test,TEST
jxpath_18,read_file,,read_file,READ
jxpath_18,replace,,replace,WRITE
jxpath_18,run_shell_command,defects4j compile,defects4j compile,BUILD
jxpath_18,run_shell_command,defects4j test,defects4j test,TEST
jxpath_18,run_shell_command,./run_bug_exposing_tests.sh,run_bug_exposing_tests.sh,TEST
jxpath_18,replace,,replace,WRITE
jxpath_18,read_file,,read_file,READ
jxpath_18,replace,,replace,WRITE
jxpath_18,run_shell_command,defects4j compile,defects4j compile,BUILD
jxpath_18,run_shell_command,defects4j test,defects4j test,TEST
jxpath_18,read_file,,read_file,READ
jxpath_18,replace,,replace,WRITE
jxpath_18,run_shell_command,defects4j compile,defects4j compile,BUILD
jxpath_18,run_shell_command,defects4j test,defects4j test,TEST
jxpath_18,run_shell_command,./run_bug_exposing_tests.sh,run_bug_exposing_tests.sh,TEST
jxpath_18,replace,,replace,WRITE
jxpath_18,read_file,,read_file,READ
jxpath_18,replace,,replace,WRITE
jxpath_18,run_shell_command,defects4j compile,defects4j compile,BUILD
jxpath_18,run_shell_command,defects4j test,defects4j test,TEST
jxpath_18,read_file,,read_file,READ
jxpath_18,replace,,replace,WRITE
jxpath_18,run_shell_command,defects4j compile,defects4j compile,BUILD
jxpath_18,run_shell_command,defects4j test,defects4j test,TEST
jxpath_18,run_shell_command,./run_bug_exposing_tests.sh,run_bug_exposing_tests.sh,TEST
jxpath_18,replace,,replace,WRITE
jxpath_18,read_file,,read_file,READ
jxpath_18,replace,,replace,WRITE
jxpath_18,run_shell_command,defects4j compile,defects4j compile,BUILD
jxpath_18,run_shell_command,defects4j test,defects4j test,TEST
jxpath_18,read_file,,read_file,READ
jxpath_18,replace,,replace,WRITE
jxpath_18,run_shell_command,defects4j compile,defects4j compile,BUILD
jxpath_18,run_shell_command,defects4j test,defects4j test,TEST
jxpath_18,run_shell_command,./run_bug_exposing_tests.sh,run_bug_exposing_tests.sh,TEST
jxpath_18,replace,,replace,WRITE
jxpath_18,read_file,,read_file,READ
jxpath_18,replace,,replace,WRITE
jxpath_18,run_shell_command,defects4j compile,defects4j compile,BUILD
jxpath_18,run_shell_command,defects4j test,defects4j test,TEST
jxpath_18,read_file,,read_file,READ
jxpath_18,replace,,replace,WRITE
jxpath_18,run_shell_command,defects4j compile,defects4j compile,BUILD
jxpath_18,run_shell_command,defects4j test,defects4j test,TEST
jxpath_18,run_shell_command,./run_bug_exposing_tests.sh,run_bug_exposing_tests.sh,TEST
jxpath_18,replace,,replace,WRITE
jxpath_18,read_file,,read_file,READ
jxpath_18,replace,,replace,WRITE
jxpath_18,run_shell_command,defects4j compile,defects4j compile,BUILD
jxpath_18,run_shell_command,defects4j test,defects4j test,TEST
jxpath_18,read_file,,read_file,READ
jxpath_18,replace,,replace,WRITE
jxpath_18,run_shell_command,defects4j compile,defects4j compile,BUILD
jxpath_18,run_shell_command,defects4j test,defects4j test,TEST
jxpath_18,run_shell_command,./run_bug_exposing_tests.sh,run_bug_exposing_tests.sh,TEST
jxpath_18,replace,,replace,WRITE
jxpath_18,read_file,,read_file,READ
jxpath_18,replace,,replace,WRITE
jxpath_18,run_shell_command,defects4j compile,defects4j compile,BUILD
jxpath_18,run_shell_command,defects4j test,defects4j test,TEST
jxpath_18,read_file,,read_file,READ
jxpath_18,replace,,replace,WRITE
jxpath_18,run_shell_command,defects4j compile,defects4j compile,BUILD
jxpath_18,run_shell_command,defects4j test,defects4j test,TEST
jxpath_18,run_shell_command,./run_bug_exposing_tests.sh,run_bug_exposing_tests.sh,TEST
jxpath_18,replace,,replace,WRITE
jxpath_18,read_file,,read_file,READ
jxpath_18,replace,,replace,WRITE
jxpath_18,run_shell_command,defects4j compile,defects4j compile,BUILD
jxpath_18,run_shell_command,defects4j test,defects4j test,TEST
jxpath_18,read_file,,read_file,READ
jxpath_18,replace,,replace,WRITE
jxpath_18,run_shell_command,defects4j compile,defects4j compile,BUILD
jxpath_18,run_shell_command,defects4j test,defects4j test,TEST
jxpath_18,run_shell_command,./run_bug_exposing_tests.sh,run_bug_exposing_tests.sh,TEST
jxpath_18,replace,,replace,WRITE
jxpath_18,read_file,,read_file,READ
jxpath_18,replace,,replace,WRITE
jxpath_18,run_shell_command,defects4j compile,defects4j compile,BUILD
jxpath_18,run_shell_command,defects4j test,defects4j test,TEST
jxpath_18,read_file,,read_file,READ
jxpath_18,replace,,replace,WRITE
jxpath_18,run_shell_command,defects4j compile,defects4j compile,BUILD
jxpath_18,run_shell_command,defects4j test,defects4j test,TEST
jxpath_18,run_shell_command,./run_bug_exposing_tests.sh,run_bug_exposing_tests.sh,TEST
jxpath_18,replace,,replace,WRITE
jxpath_18,read_file,,read_file,READ
jxpath_18,replace,,replace,WRITE
jxpath_18,run_shell_command,defects4j compile,defects4j compile,BUILD
jxpath_18,run_shell_command,defects4j test,defects4j test,TEST
jxpath_18,read_file,,read_file,READ
jxpath_18,replace,,replace,WRITE
jxpath_18,run_shell_command,defects4j compile,defects4j compile,BUILD
jxpath_18,run_shell_command,defects4j test,defects4j test,TEST
jxpath_18,run_shell_command,./run_bug_exposing_tests.sh,run_bug_exposing_tests.sh,TEST
jxpath_18,replace,,replace,WRITE
jxpath_18,read_file,,read_file,READ
jxpath_18,replace,,replace,WRITE
jxpath_18,run_shell_command,defects4j compile,defects4j compile,BUILD
jxpath_18,run_shell_command,defects4j test,defects4j test,TEST
jxpath_18,read_file,,read_file,READ
jxpath_18,replace,,replace,WRITE
jxpath_18,run_shell_command,defects4j compile,defects4j compile,BUILD
jxpath_18,run_shell_command,defects4j test,defects4j test,TEST
jxpath_18,run_shell_command,./run_bug_exposing_tests.sh,run_bug_exposing_tests.sh,TEST
jxpath_18,replace,,replace,WRITE
jxpath_18,read_file,,read_file,READ
jxpath_18,replace,,replace,WRITE
jxpath_18,run_shell_command,defects4j compile,defects4j compile,BUILD
jxpath_18,run_shell_command,defects4j test,defects4j test,TEST
jxpath_18,read_file,,read_file,READ
jxpath_18,replace,,replace,WRITE
jxpath_18,run_shell_command,defects4j compile,defects4j compile,BUILD
jxpath_19,read_file,,read_file,READ
jxpath_19,run_shell_command,./run_bug_exposing_tests.sh,run_bug_exposing_tests.sh,TEST
jxpath_19,read_file,,read_file,READ
jxpath_19,run_shell_command,defects4j compile,defects4j compile,BUILD
jxpath_19,run_shell_command,./run_bug_exposing_tests.sh,run_bug_exposing_tests.sh,TEST
jxpath_19,read_file,,read_file,READ
jxpath_19,read_file,,read_file,READ
jxpath_19,replace,,replace,WRITE
jxpath_19,run_shell_command,./run_bug_exposing_tests.sh,run_bug_exposing_tests.sh,TEST
jxpath_19,read_file,,read_file,READ
jxpath_19,search_file_content,,search_file_content,SEARCH_CONTENT
jxpath_19,read_file,,read_file,READ
jxpath_19,replace,,replace,WRITE
jxpath_19,run_shell_command,./run_bug_exposing_tests.sh,run_bug_exposing_tests.sh,TEST
jxpath_19,read_file,,read_file,READ
jxpath_19,run_shell_command,defects4j test,defects4j test,TEST
jxpath_19,run_shell_command,git diff,git diff,VCS
jxpath_1,read_file,,read_file,READ
jxpath_1,run_shell_command,./run_bug_exposing_tests.sh,run_bug_exposing_tests.sh,TEST
jxpath_1,read_file,,read_file,READ
jxpath_1,read_file,,read_file,READ
jxpath_1,run_shell_command,defects4j compile,defects4j compile,BUILD
jxpath_1,run_shell_command,./run_bug_exposing_tests.sh,run_bug_exposing_tests.sh,TEST
jxpath_1,read_file,,read_file,READ
jxpath_1,replace,,replace,WRITE
jxpath_1,run_shell_command,./run_bug_exposing_tests.sh,run_bug_exposing_tests.sh,TEST
jxpath_1,read_file,,read_file,READ
jxpath_1,read_file,,read_file,READ
jxpath_1,read_file,,read_file,READ
jxpath_1,replace,,replace,WRITE
jxpath_1,read_file,,read_file,READ
jxpath_1,replace,,replace,WRITE
jxpath_1,run_shell_command,defects4j compile,defects4j compile,BUILD
jxpath_1,replace,,replace,WRITE
jxpath_1,replace,,replace,WRITE
jxpath_1,run_shell_command,defects4j compile,defects4j compile,BUILD
jxpath_1,replace,,replace,WRITE
jxpath_1,replace,,replace,WRITE
jxpath_1,run_shell_command,defects4j compile,defects4j compile,BUILD
jxpath_1,replace,,replace,WRITE
jxpath_1,replace,,replace,WRITE
jxpath_1,replace,,replace,WRITE
jxpath_1,replace,,replace,WRITE
jxpath_1,run_shell_command,defects4j compile,defects4j compile,BUILD
jxpath_1,replace,,replace,WRITE
jxpath_1,replace,,replace,WRITE
jxpath_1,run_shell_command,defects4j compile,defects4j compile,BUILD
jxpath_1,read_file,,read_file,READ
jxpath_1,replace,,replace,WRITE
jxpath_1,read_file,,read_file,READ
jxpath_1,replace,,replace,WRITE
jxpath_1,read_file,,read_file,READ
jxpath_1,replace,,replace,WRITE
jxpath_1,read_file,,read_file,READ
jxpath_1,write_file,,write_file,WRITE
jxpath_1,run_shell_command,defects4j compile,defects4j compile,BUILD
jxpath_1,read_file,,read_file,READ
jxpath_1,write_file,,write_file,WRITE
jxpath_1,run_shell_command,defects4j compile,defects4j compile,BUILD
jxpath_1,replace,,replace,WRITE
jxpath_1,replace,,replace,WRITE
jxpath_1,read_file,,read_file,READ
jxpath_1,replace,,replace,WRITE
jxpath_1,run_shell_command,defects4j compile,defects4j compile,BUILD
jxpath_1,read_file,,read_file,READ
jxpath_1,replace,,replace,WRITE
jxpath_1,replace,,replace,WRITE
jxpath_1,read_file,,read_file,READ
jxpath_1,replace,,replace,WRITE
jxpath_1,replace,,replace,WRITE
jxpath_1,run_shell_command,defects4j compile,defects4j compile,BUILD
jxpath_1,run_shell_command,./run_bug_exposing_tests.sh,run_bug_exposing_tests.sh,TEST
jxpath_1,read_file,,read_file,READ
jxpath_1,read_file,,read_file,READ
jxpath_1,replace,,replace,WRITE
jxpath_1,run_shell_command,defects4j compile,defects4j compile,BUILD
jxpath_1,run_shell_command,./run_bug_exposing_tests.sh,run_bug_exposing_tests.sh,TEST
jxpath_1,read_file,,read_file,READ
jxpath_1,replace,,replace,WRITE
jxpath_1,run_shell_command,defects4j compile,defects4j compile,BUILD
jxpath_1,run_shell_command,./run_bug_exposing_tests.sh,run_bug_exposing_tests.sh,TEST
jxpath_1,read_file,,read_file,READ
jxpath_1,read_file,,read_file,READ
jxpath_1,replace,,replace,WRITE
jxpath_1,run_shell_command,defects4j compile,defects4j compile,BUILD
jxpath_1,run_shell_command,./run_bug_exposing_tests.sh,run_bug_exposing_tests.sh,TEST
jxpath_1,read_file,,read_file,READ
jxpath_1,read_file,,read_file,READ
jxpath_1,read_file,,read_file,READ
jxpath_1,replace,,replace,WRITE
jxpath_1,run_shell_command,defects4j compile,defects4j compile,BUILD
jxpath_1,replace,,replace,WRITE
jxpath_1,run_shell_command,defects4j compile,defects4j compile,BUILD
jxpath_1,run_shell_command,./run_bug_exposing_tests.sh,run_bug_exposing_tests.sh,TEST
jxpath_1,read_file,,read_file,READ
jxpath_1,read_file,,read_file,READ
jxpath_1,write_file,,write_file,WRITE
jxpath_1,replace,,replace,WRITE
jxpath_1,replace,,replace,WRITE
jxpath_1,run_shell_command,defects4j compile,defects4j compile,BUILD
jxpath_1,replace,,replace,WRITE
jxpath_1,run_shell_command,defects4j compile,defects4j compile,BUILD
jxpath_1,replace,,replace,WRITE
jxpath_1,read_file,,read_file,READ
jxpath_1,replace,,replace,WRITE
jxpath_1,run_shell_command,defects4j compile,defects4j compile,BUILD
jxpath_1,read_file,,read_file,READ
jxpath_1,replace,,replace,WRITE
jxpath_1,run_shell_command,defects4j compile,defects4j compile,BUILD
jxpath_1,run_shell_command,./run_bug_exposing_tests.sh,run_bug_exposing_tests.sh,TEST
jxpath_1,read_file,,read_file,READ
jxpath_1,read_file,,read_file,READ
jxpath_1,replace,,replace,WRITE
jxpath_1,read_file,,read_file,READ
jxpath_1,replace,,replace,WRITE
jxpath_1,read_file,,read_file,READ
jxpath_1,replace,,replace,WRITE
jxpath_1,read_file,,read_file,READ
jxpath_1,replace,,replace,WRITE
jxpath_1,read_file,,read_file,READ
jxpath_1,replace,,replace,WRITE
jxpath_1,replace,,replace,WRITE
jxpath_1,run_shell_command,defects4j compile,defects4j compile,BUILD
jxpath_1,replace,,replace,WRITE
jxpath_1,run_shell_command,defects4j compile,defects4j compile,BUILD
jxpath_1,run_shell_command,./run_bug_exposing_tests.sh,run_bug_exposing_tests.sh,TEST
jxpath_1,read_file,,read_file,READ
jxpath_1,replace,,replace,WRITE
jxpath_1,read_file,,read_file,READ
jxpath_1,replace,,replace,WRITE
jxpath_1,run_shell_command,defects4j compile,defects4j compile,BUILD
jxpath_1,run_shell_command,./run_bug_exposing_tests.sh,run_bug_exposing_tests.sh,TEST
jxpath_1,read_file,,read_file,READ
jxpath_1,replace,,replace,WRITE
jxpath_1,run_shell_command,defects4j compile,defects4j compile,BUILD
jxpath_1,replace,,replace,WRITE
jxpath_1,run_shell_command,defects4j compile,defects4j compile,BUILD
jxpath_1,replace,,replace,WRITE
jxpath_1,run_shell_command,defects4j compile,defects4j compile,BUILD
jxpath_1,run_shell_command,./run_bug_exposing_tests.sh,run_bug_exposing_tests.sh,TEST
jxpath_1,read_file,,read_file,READ
jxpath_1,replace,,replace,WRITE
jxpath_1,run_shell_command,defects4j compile,defects4j compile,BUILD
jxpath_1,run_shell_command,./run_bug_exposing_tests.sh,run_bug_exposing_tests.sh,TEST
jxpath_1,read_file,,read_file,READ
jxpath_1,replace,,replace,WRITE
jxpath_1,run_shell_command,defects4j compile,defects4j compile,BUILD
jxpath_1,run_shell_command,./run_bug_exposing_tests.sh,run_bug_exposing_tests.sh,TEST
jxpath_1,read_file,,read_file,READ
jxpath_1,replace,,replace,WRITE
jxpath_1,run_shell_command,defects4j compile,defects4j compile,BUILD
jxpath_1,run_shell_command,./run_bug_exposing_tests.sh,run_bug_exposing_tests.sh,TEST
jxpath_1,read_file,,read_file,READ
jxpath_1,replace,,replace,WRITE
jxpath_1,run_shell_command,defects4j compile,defects4j compile,BUILD
jxpath_1,run_shell_command,./run_bug_exposing_tests.sh,run_bug_exposing_tests.sh,TEST
jxpath_1,read_file,,read_file,READ
jxpath_1,replace,,replace,WRITE
jxpath_1,run_shell_command,defects4j compile,defects4j compile,BUILD
jxpath_1,run_shell_command,./run_bug_exposing_tests.sh,run_bug_exposing_tests.sh,TEST
jxpath_1,read_file,,read_file,READ
jxpath_1,replace,,replace,WRITE
jxpath_1,read_file,,read_file,READ
jxpath_1,replace,,replace,WRITE
jxpath_1,run_shell_command,defects4j compile,defects4j compile,BUILD
jxpath_1,run_shell_command,./run_bug_exposing_tests.sh,run_bug_exposing_tests.sh,TEST
jxpath_1,read_file,,read_file,READ
jxpath_1,replace,,replace,WRITE
jxpath_1,run_shell_command,defects4j compile,defects4j compile,BUILD
jxpath_1,run_shell_command,./run_bug_exposing_tests.sh,run_bug_exposing_tests.sh,TEST
jxpath_1,read_file,,read_file,READ
jxpath_1,replace,,replace,WRITE
jxpath_1,read_file,,read_file,READ
jxpath_1,replace,,replace,WRITE
jxpath_1,run_shell_command,defects4j compile,defects4j compile,BUILD
jxpath_1,run_shell_command,./run_bug_exposing_tests.sh,run_bug_exposing_tests.sh,TEST
jxpath_1,read_file,,read_file,READ
jxpath_1,replace,,replace,WRITE
jxpath_1,run_shell_command,defects4j compile,defects4j compile,BUILD
jxpath_1,run_shell_command,./run_bug_exposing_tests.sh,run_bug_exposing_tests.sh,TEST
jxpath_1,read_file,,read_file,READ
jxpath_1,replace,,replace,WRITE
jxpath_1,read_file,,read_file,READ
jxpath_1,replace,,replace,WRITE
jxpath_1,read_file,,read_file,READ
jxpath_1,replace,,replace,WRITE
jxpath_1,read_file,,read_file,READ
jxpath_1,replace,,replace,WRITE
jxpath_1,read_file,,read_file,READ
jxpath_1,replace,,replace,WRITE
jxpath_1,read_file,,read_file,READ
jxpath_2,read_file,,read_file,READ
jxpath_2,run_shell_command,./run_bug_exposing_tests.sh,run_bug_exposing_tests.sh,TEST
jxpath_2,read_file,,read_file,READ
jxpath_2,glob,,glob,SEARCH_FILES
jxpath_2,run_shell_command,defects4j compile,defects4j compile,BUILD
jxpath_2,run_shell_command,./run_bug_exposing_tests.sh,run_bug_exposing_tests.sh,TEST
jxpath_2,read_file,,read_file,READ
jxpath_2,read_file,,read_file,READ
jxpath_2,read_file,,read_file,READ
jxpath_2,glob,,glob,SEARCH_FILES
jxpath_2,read_file,,read_file,READ
jxpath_2,glob,,glob,SEARCH_FILES
jxpath_2,read_file,,read_file,READ
jxpath_2,replace,,replace,WRITE
jxpath_2,replace,,replace,WRITE
jxpath_2,replace,,replace,WRITE
jxpath_2,run_shell_command,defects4j compile,defects4j compile,BUILD
jxpath_2,run_shell_command,./run_bug_exposing_tests.sh,run_bug_exposing_tests.sh,TEST
jxpath_2,read_file,,read_file,READ
jxpath_2,run_shell_command,defects4j test,defects4j test,TEST
jxpath_2,run_shell_command,git diff,git diff,VCS
jxpath_3,read_file,,read_file,READ
jxpath_3,run_shell_command,./run_bug_exposing_tests.sh,run_bug_exposing_tests.sh,TEST
jxpath_3,read_file,,read_file,READ
jxpath_3,search_file_content,,search_file_content,SEARCH_CONTENT
jxpath_3,search_file_content,,search_file_content,SEARCH_CONTENT
jxpath_3,read_file,,read_file,READ
jxpath_3,read_file,,read_file,READ
jxpath_3,read_file,,read_file,READ
jxpath_3,replace,,replace,WRITE
jxpath_3,run_shell_command,defects4j compile,defects4j compile,BUILD
jxpath_3,run_shell_command,defects4j test,defects4j test,TEST
jxpath_3,read_file,,read_file,READ
jxpath_3,replace,,replace,WRITE
jxpath_3,run_shell_command,defects4j compile,defects4j compile,BUILD
jxpath_3,run_shell_command,defects4j test,defects4j test,TEST
jxpath_3,replace,,replace,WRITE
jxpath_3,run_shell_command,defects4j compile,defects4j compile,BUILD
jxpath_3,run_shell_command,defects4j test,defects4j test,TEST
jxpath_3,replace,,replace,WRITE
jxpath_3,run_shell_command,defects4j compile,defects4j compile,BUILD
jxpath_3,run_shell_command,defects4j test,defects4j test,TEST
jxpath_3,run_shell_command,defects4j test -t org.apache.commons.jxpath.ri.model.beans.BadlyImplementedFactoryTest::testBadFactoryImplementation,defects4j test,TEST
jxpath_3,run_shell_command,./run_bug_exposing_tests.sh,run_bug_exposing_tests.sh,TEST
jxpath_3,read_file,,read_file,READ
jxpath_3,search_file_content,,search_file_content,SEARCH_CONTENT
jxpath_3,read_file,,read_file,READ
jxpath_3,replace,,replace,WRITE
jxpath_3,run_shell_command,defects4j compile,defects4j compile,BUILD
jxpath_3,run_shell_command,defects4j test -t org.apache.commons.jxpath.ri.model.beans.BadlyImplementedFactoryTest::testBadFactoryImplementation,defects4j test,TEST
jxpath_3,replace,,replace,WRITE
jxpath_3,replace,,replace,WRITE
jxpath_3,run_shell_command,defects4j compile,defects4j compile,BUILD
jxpath_3,run_shell_command,defects4j test,defects4j test,TEST
jxpath_3,replace,,replace,WRITE
jxpath_3,read_file,,read_file,READ
jxpath_3,search_file_content,,search_file_content,SEARCH_CONTENT
jxpath_3,read_file,,read_file,READ
jxpath_3,read_file,,read_file,READ
jxpath_3,replace,,replace,WRITE
jxpath_3,run_shell_command,defects4j compile,defects4j compile,BUILD
jxpath_3,run_shell_command,defects4j test,defects4j test,TEST
jxpath_3,replace,,replace,WRITE
jxpath_3,replace,,replace,WRITE
jxpath_3,run_shell_command,defects4j compile,defects4j compile,BUILD
jxpath_3,run_shell_command,defects4j test,defects4j test,TEST
jxpath_3,replace,,replace,WRITE
jxpath_3,replace,,replace,WRITE
jxpath_3,run_shell_command,defects4j compile,defects4j compile,BUILD
jxpath_3,run_shell_command,defects4j test,defects4j test,TEST
jxpath_3,replace,,replace,WRITE
jxpath_3,replace,,replace,WRITE
jxpath_3,run_shell_command,defects4j compile,defects4j compile,BUILD
jxpath_3,run_shell_command,defects4j test,defects4j test,TEST
jxpath_3,replace,,replace,WRITE
jxpath_3,replace,,replace,WRITE
jxpath_3,run_shell_command,defects4j compile,defects4j compile,BUILD
jxpath_3,run_shell_command,defects4j test,defects4j test,TEST
jxpath_3,replace,,replace,WRITE
jxpath_3,replace,,replace,WRITE
jxpath_3,run_shell_command,defects4j compile,defects4j compile,BUILD
jxpath_3,run_shell_command,defects4j test,defects4j test,TEST
jxpath_3,replace,,replace,WRITE
jxpath_3,replace,,replace,WRITE
jxpath_3,run_shell_command,defects4j compile,defects4j compile,BUILD
jxpath_3,run_shell_command,defects4j test,defects4j test,TEST
jxpath_3,replace,,replace,WRITE
jxpath_3,replace,,replace,WRITE
jxpath_3,run_shell_command,defects4j compile,defects4j compile,BUILD
jxpath_3,run_shell_command,defects4j test,defects4j test,TEST
jxpath_3,replace,,replace,WRITE
jxpath_3,replace,,replace,WRITE
jxpath_3,replace,,replace,WRITE
jxpath_3,read_file,,read_file,READ
jxpath_3,search_file_content,,search_file_content,SEARCH_CONTENT
jxpath_3,read_file,,read_file,READ
jxpath_3,replace,,replace,WRITE
jxpath_3,read_file,,read_file,READ
jxpath_3,replace,,replace,WRITE
jxpath_3,read_file,,read_file,READ
jxpath_3,replace,,replace,WRITE
jxpath_3,read_file,,read_file,READ
jxpath_3,replace,,replace,WRITE
jxpath_3,read_file,,read_file,READ
jxpath_3,replace,,replace,WRITE
jxpath_3,read_file,,read_file,READ
jxpath_3,replace,,replace,WRITE
jxpath_3,read_file,,read_file,READ
jxpath_3,replace,,replace,WRITE
jxpath_3,read_file,,read_file,READ
jxpath_3,replace,,replace,WRITE
jxpath_3,read_file,,read_file,READ
jxpath_3,replace,,replace,WRITE
jxpath_3,read_file,,read_file,READ
jxpath_3,replace,,replace,WRITE
jxpath_3,read_file,,read_file,READ
jxpath_3,replace,,replace,WRITE
jxpath_3,read_file,,read_file,READ
jxpath_3,replace,,replace,WRITE
jxpath_3,read_file,,read_file,READ
jxpath_3,replace,,replace,WRITE
jxpath_3,read_file,,read_file,READ
jxpath_3,replace,,replace,WRITE
jxpath_3,read_file,,read_file,READ
jxpath_3,replace,,replace,WRITE
jxpath_3,read_file,,read_file,READ
jxpath_3,replace,,replace,WRITE
jxpath_3,read_file,,read_file,READ
jxpath_3,replace,,replace,WRITE
jxpath_3,read_file,,read_file,READ
jxpath_3,replace,,replace,WRITE
jxpath_3,read_file,,read_file,READ
jxpath_3,replace,,replace,WRITE
jxpath_3,read_file,,read_file,READ
jxpath_3,replace,,replace,WRITE
jxpath_3,read_file,,read_file,READ
jxpath_3,replace,,replace,WRITE
jxpath_3,read_file,,read_file,READ
jxpath_3,replace,,replace,WRITE
jxpath_3,read_file,,read_file,READ
jxpath_3,replace,,replace,WRITE
jxpath_3,read_file,,read_file,READ
jxpath_3,replace,,replace,WRITE
jxpath_3,read_file,,read_file,READ
jxpath_3,replace,,replace,WRITE
jxpath_3,read_file,,read_file,READ
jxpath_3,replace,,replace,WRITE
jxpath_3,read_file,,read_file,READ
jxpath_3,replace,,replace,WRITE
jxpath_3,read_file,,read_file,READ
jxpath_3,replace,,replace,WRITE
jxpath_3,read_file,,read_file,READ
jxpath_3,replace,,replace,WRITE
jxpath_3,read_file,,read_file,READ
jxpath_3,replace,,replace,WRITE
jxpath_3,read_file,,read_file,READ
jxpath_3,replace,,replace,WRITE
jxpath_3,read_file,,read_file,READ
jxpath_3,replace,,replace,WRITE
jxpath_3,read_file,,read_file,READ
jxpath_3,replace,,replace,WRITE
jxpath_3,read_file,,read_file,READ
jxpath_3,replace,,replace,WRITE
jxpath_3,read_file,,read_file,READ
jxpath_3,replace,,replace,WRITE
jxpath_3,read_file,,read_file,READ
jxpath_3,replace,,replace,WRITE
jxpath_3,read_file,,read_file,READ
jxpath_3,replace,,replace,WRITE
jxpath_3,read_file,,read_file,READ
jxpath_3,replace,,replace,WRITE
jxpath_3,read_file,,read_file,READ
jxpath_3,replace,,replace,WRITE
jxpath_3,read_file,,read_file,READ
jxpath_3,replace,,replace,WRITE
jxpath_3,read_file,,read_file,READ
jxpath_3,replace,,replace,WRITE
jxpath_3,replace,,replace,WRITE
jxpath_3,run_shell_command,./run_bug_exposing_tests.sh,run_bug_exposing_tests.sh,TEST
jxpath_3,read_file,,read_file,READ
jxpath_3,replace,,replace,WRITE
jxpath_3,replace,,replace,WRITE
jxpath_3,run_shell_command,defects4j compile,defects4j compile,BUILD
jxpath_3,run_shell_command,./run_bug_exposing_tests.sh,run_bug_exposing_tests.sh,TEST
jxpath_3,read_file,,read_file,READ
jxpath_3,read_file,,read_file,READ
jxpath_3,replace,,replace,WRITE
jxpath_3,replace,,replace,WRITE
jxpath_3,read_file,,read_file,READ
jxpath_3,replace,,replace,WRITE
jxpath_3,replace,,replace,WRITE
jxpath_3,run_shell_command,defects4j compile,defects4j compile,BUILD
jxpath_3,replace,,replace,WRITE
jxpath_3,replace,,replace,WRITE
jxpath_3,run_shell_command,defects4j compile,defects4j compile,BUILD
jxpath_3,run_shell_command,defects4j test,defects4j test,TEST
jxpath_3,read_file,,read_file,READ
jxpath_3,read_file,,read_file,READ
jxpath_3,replace,,replace,WRITE
jxpath_3,replace,,replace,WRITE
jxpath_3,replace,,replace,WRITE
jxpath_3,read_file,,read_file,READ
jxpath_3,replace,,replace,WRITE
jxpath_3,read_file,,read_file,READ
jxpath_3,read_file,,read_file,READ
jxpath_3,search_file_content,,search_file_content,SEARCH_CONTENT
jxpath_3,read_file,,read_file,READ
jxpath_3,replace,,replace,WRITE
jxpath_3,run_shell_command,defects4j compile,defects4j compile,BUILD
jxpath_3,run_shell_command,defects4j test,defects4j test,TEST
jxpath_3,replace,,replace,WRITE
jxpath_3,replace,,replace,WRITE
jxpath_3,replace,,replace,WRITE
jxpath_3,replace,,replace,WRITE
jxpath_3,replace,,replace,WRITE
jxpath_3,replace,,replace,WRITE
jxpath_3,replace,,replace,WRITE
jxpath_3,replace,,replace,WRITE
jxpath_3,replace,,replace,WRITE
jxpath_3,replace,,replace,WRITE
jxpath_3,replace,,replace,WRITE
jxpath_3,replace,,replace,WRITE
jxpath_3,replace,,replace,WRITE
jxpath_3,run_shell_command,defects4j compile,defects4j compile,BUILD
jxpath_3,replace,,replace,WRITE
jxpath_3,replace,,replace,WRITE
jxpath_3,replace,,replace,WRITE
jxpath_3,run_shell_command,defects4j compile,defects4j compile,BUILD
jxpath_3,run_shell_command,defects4j test,defects4j test,TEST
jxpath_3,replace,,replace,WRITE
jxpath_3,replace,,replace,WRITE
jxpath_3,replace,,replace,WRITE
jxpath_3,replace,,replace,WRITE
jxpath_3,replace,,replace,WRITE
jxpath_3,replace,,replace,WRITE
jxpath_3,replace,,replace,WRITE
jxpath_3,replace,,replace,WRITE
jxpath_3,replace,,replace,WRITE
jxpath_3,run_shell_command,defects4j compile,defects4j compile,BUILD
jxpath_3,run_shell_command,defects4j test,defects4j test,TEST
jxpath_4,read_file,,read_file,READ
jxpath_4,run_shell_command,./run_bug_exposing_tests.sh,run_bug_exposing_tests.sh,TEST
jxpath_4,read_file,,read_file,READ
jxpath_4,glob,,glob,SEARCH_FILES
jxpath_4,run_shell_command,defects4j compile,defects4j compile,BUILD
jxpath_4,run_shell_command,./run_bug_exposing_tests.sh,run_bug_exposing_tests.sh,TEST
jxpath_4,read_file,,read_file,READ
jxpath_4,read_file,,read_file,READ
jxpath_4,read_file,,read_file,READ
jxpath_4,search_file_content,,search_file_content,SEARCH_CONTENT
jxpath_4,read_file,,read_file,READ
jxpath_4,replace,,replace,WRITE
jxpath_4,replace,,replace,WRITE
jxpath_4,read_file,,read_file,READ
jxpath_4,replace,,replace,WRITE
jxpath_4,replace,,replace,WRITE
jxpath_4,run_shell_command,./run_bug_exposing_tests.sh,run_bug_exposing_tests.sh,TEST
jxpath_4,read_file,,read_file,READ
jxpath_4,run_shell_command,git restore src/java/org/apache/commons/jxpath/ri/model/dom/DOMNodePointer.java src/java/org/apache/commons/jxpath/ri/model/jdom/JDOMNodePointer.java,git restore,VCS
jxpath_4,run_shell_command,./run_bug_exposing_tests.sh,run_bug_exposing_tests.sh,TEST
jxpath_4,read_file,,read_file,READ
jxpath_4,replace,,replace,WRITE
jxpath_4,replace,,replace,WRITE
jxpath_4,replace,,replace,WRITE
jxpath_4,replace,,replace,WRITE
jxpath_4,run_shell_command,./run_bug_exposing_tests.sh,run_bug_exposing_tests.sh,TEST
jxpath_4,read_file,,read_file,READ
jxpath_4,replace,,replace,WRITE
jxpath_4,read_file,,read_file,READ
jxpath_4,replace,,replace,WRITE
jxpath_4,run_shell_command,git status,git status,VCS
jxpath_4,run_shell_command,git diff src/java/org/apache/commons/jxpath/ri/model/dom/DOMNodePointer.java,git diff,VCS
jxpath_4,run_shell_command,git diff src/java/org/apache/commons/jxpath/ri/model/jdom/JDOMNodePointer.java,git diff,VCS
jxpath_4,run_shell_command,./run_bug_exposing_tests.sh,run_bug_exposing_tests.sh,TEST
jxpath_4,read_file,,read_file,READ
jxpath_4,run_shell_command,git restore src/java/org/apache/commons/jxpath/ri/model/dom/DOMNodePointer.java src/java/org/apache/commons/jxpath/ri/model/jdom/JDOMNodePointer.java,git restore,VCS
jxpath_4,run_shell_command,./run_bug_exposing_tests.sh,run_bug_exposing_tests.sh,TEST
jxpath_4,read_file,,read_file,READ
jxpath_4,replace,,replace,WRITE
jxpath_4,replace,,replace,WRITE
jxpath_4,run_shell_command,./run_bug_exposing_tests.sh,run_bug_exposing_tests.sh,TEST
jxpath_4,read_file,,read_file,READ
jxpath_4,replace,,replace,WRITE
jxpath_4,run_shell_command,git restore src/java/org/apache/commons/jxpath/ri/model/dom/DOMNodePointer.java src/java/org/apache/commons/jxpath/ri/model/jdom/JDOMNodePointer.java,git restore,VCS
jxpath_4,read_file,,read_file,READ
jxpath_4,replace,,replace,WRITE
jxpath_4,replace,,replace,WRITE
jxpath_4,read_file,,read_file,READ
jxpath_4,replace,,replace,WRITE
jxpath_4,replace,,replace,WRITE
jxpath_4,run_shell_command,./run_bug_exposing_tests.sh,run_bug_exposing_tests.sh,TEST
jxpath_4,read_file,,read_file,READ
jxpath_4,search_file_content,,search_file_content,SEARCH_CONTENT
jxpath_4,read_file,,read_file,READ
jxpath_4,replace,,replace,WRITE
jxpath_4,run_shell_command,git restore src/java/org/apache/commons/jxpath/ri/model/dom/DOMNodePointer.java src/java/org/apache/commons/jxpath/ri/model/jdom/JDOMNodePointer.java,git restore,VCS
jxpath_4,read_file,,read_file,READ
jxpath_4,replace,,replace,WRITE
jxpath_4,replace,,replace,WRITE
jxpath_4,read_file,,read_file,READ
jxpath_4,replace,,replace,WRITE
jxpath_4,replace,,replace,WRITE
jxpath_4,run_shell_command,./run_bug_exposing_tests.sh,run_bug_exposing_tests.sh,TEST
jxpath_4,read_file,,read_file,READ
jxpath_4,search_file_content,,search_file_content,SEARCH_CONTENT
jxpath_4,read_file,,read_file,READ
jxpath_4,replace,,replace,WRITE
jxpath_4,run_shell_command,git restore src/java/org/apache/commons/jxpath/ri/model/dom/DOMNodePointer.java src/java/org/apache/commons/jxpath/ri/model/jdom/JDOMNodePointer.java,git restore,VCS
jxpath_4,read_file,,read_file,READ
jxpath_4,replace,,replace,WRITE
jxpath_4,replace,,replace,WRITE
jxpath_4,read_file,,read_file,READ
jxpath_4,replace,,replace,WRITE
jxpath_4,replace,,replace,WRITE
jxpath_4,run_shell_command,./run_bug_exposing_tests.sh,run_bug_exposing_tests.sh,TEST
jxpath_4,read_file,,read_file,READ
jxpath_4,search_file_content,,search_file_content,SEARCH_CONTENT
jxpath_4,read_file,,read_file,READ
jxpath_4,replace,,replace,WRITE
jxpath_4,run_shell_command,git restore src/java/org/apache/commons/jxpath/ri/model/dom/DOMNodePointer.java src/java/org/apache/commons/jxpath/ri/model/jdom/JDOMNodePointer.java,git restore,VCS
jxpath_4,read_file,,read_file,READ
jxpath_4,replace,,replace,WRITE
jxpath_4,replace,,replace,WRITE
jxpath_4,read_file,,read_file,READ
jxpath_4,replace,,replace,WRITE
jxpath_4,replace,,replace,WRITE
jxpath_4,run_shell_command,./run_bug_exposing_tests.sh,run_bug_exposing_tests.sh,TEST
jxpath_4,read_file,,read_file,READ
jxpath_4,search_file_content,,search_file_content,SEARCH_CONTENT
jxpath_4,read_file,,read_file,READ
jxpath_4,replace,,replace,WRITE
jxpath_4,run_shell_command,git restore src/java/org/apache/commons/jxpath/ri/model/dom/DOMNodePointer.java src/java/org/apache/commons/jxpath/ri/model/jdom/JDOMNodePointer.java,git restore,VCS
jxpath_4,read_file,,read_file,READ
jxpath_4,replace,,replace,WRITE
jxpath_4,replace,,replace,WRITE
jxpath_4,read_file,,read_file,READ
jxpath_4,replace,,replace,WRITE
jxpath_4,replace,,replace,WRITE
jxpath_4,run_shell_command,./run_bug_exposing_tests.sh,run_bug_exposing_tests.sh,TEST
jxpath_4,read_file,,read_file,READ
jxpath_4,search_file_content,,search_file_content,SEARCH_CONTENT
jxpath_4,read_file,,read_file,READ
jxpath_4,replace,,replace,WRITE
jxpath_4,run_shell_command,git restore src/java/org/apache/commons/jxpath/ri/model/dom/DOMNodePointer.java src/java/org/apache/commons/jxpath/ri/model/jdom/JDOMNodePointer.java,git restore,VCS
jxpath_4,read_file,,read_file,READ
jxpath_4,replace,,replace,WRITE
jxpath_4,replace,,replace,WRITE
jxpath_4,read_file,,read_file,READ
jxpath_4,replace,,replace,WRITE
jxpath_4,replace,,replace,WRITE
jxpath_4,run_shell_command,./run_bug_exposing_tests.sh,run_bug_exposing_tests.sh,TEST
jxpath_4,read_file,,read_file,READ
jxpath_4,search_file_content,,search_file_content,SEARCH_CONTENT
jxpath_4,read_file,,read_file,READ
jxpath_4,replace,,replace,WRITE
jxpath_4,run_shell_command,git restore src/java/org/apache/commons/jxpath/ri/model/dom/DOMNodePointer.java src/java/org/apache/commons/jxpath/ri/model/jdom/JDOMNodePointer.java,git restore,VCS
jxpath_4,read_file,,read_file,READ
jxpath_4,replace,,replace,WRITE
jxpath_4,replace,,replace,WRITE
jxpath_4,read_file,,read_file,READ
jxpath_4,replace,,replace,WRITE
jxpath_4,replace,,replace,WRITE
jxpath_4,run_shell_command,./run_bug_exposing_tests.sh,run_bug_exposing_tests.sh,TEST
jxpath_4,read_file,,read_file,READ
jxpath_4,search_file_content,,search_file_content,SEARCH_CONTENT
jxpath_4,read_file,,read_file,READ
jxpath_4,replace,,replace,WRITE
jxpath_4,run_shell_command,git restore src/java/org/apache/commons/jxpath/ri/model/dom/DOMNodePointer.java src/java/org/apache/commons/jxpath/ri/model/jdom/JDOMNodePointer.java,git restore,VCS
jxpath_4,read_file,,read_file,READ
jxpath_4,replace,,replace,WRITE
jxpath_4,replace,,replace,WRITE
jxpath_4,read_file,,read_file,READ
jxpath_4,replace,,replace,WRITE
jxpath_4,replace,,replace,WRITE
jxpath_4,run_shell_command,./run_bug_exposing_tests.sh,run_bug_exposing_tests.sh,TEST
jxpath_4,read_file,,read_file,READ
jxpath_4,search_file_content,,search_file_content,SEARCH_CONTENT
jxpath_4,read_file,,read_file,READ
jxpath_4,replace,,replace,WRITE
jxpath_4,run_shell_command,git restore src/java/org/apache/commons/jxpath/ri/model/dom/DOMNodePointer.java src/java/org/apache/commons/jxpath/ri/model/jdom/JDOMNodePointer.java,git restore,VCS
jxpath_4,read_file,,read_file,READ
jxpath_4,replace,,replace,WRITE
jxpath_4,replace,,replace,WRITE
jxpath_4,read_file,,read_file,READ
jxpath_4,replace,,replace,WRITE
jxpath_7,read_file,,read_file,READ
jxpath_7,run_shell_command,./run_bug_exposing_tests.sh,run_bug_exposing_tests.sh,TEST
jxpath_7,read_file,,read_file,READ
jxpath_7,glob,,glob,SEARCH_FILES
jxpath_7,read_file,,read_file,READ
jxpath_7,replace,,replace,WRITE
jxpath_7,run_shell_command,defects4j compile,defects4j compile,BUILD
jxpath_7,replace,,replace,WRITE
jxpath_7,run_shell_command,defects4j compile,defects4j compile,BUILD
jxpath_7,run_shell_command,defects4j test -t org.apache.commons.jxpath.ri.compiler.CoreOperationTest::testNodeSetAndNumberComparisonWithEmptyNodeSet,defects4j test,TEST
jxpath_7,glob,,glob,SEARCH_FILES
jxpath_7,read_many_files,,read_many_files,READ
jxpath_7,read_file,,read_file,READ
jxpath_7,replace,,replace,WRITE
jxpath_7,read_file,,read_file,READ
jxpath_7,replace,,replace,WRITE
jxpath_7,replace,,replace,WRITE
jxpath_7,read_file,,read_file,READ
jxpath_7,replace,,replace,WRITE
jxpath_7,read_file,,read_file,READ
jxpath_7,replace,,replace,WRITE
jxpath_7,read_file,,read_file,READ
jxpath_7,replace,,replace,WRITE
jxpath_7,run_shell_command,defects4j compile,defects4j compile,BUILD
jxpath_7,run_shell_command,defects4j test -t org.apache.commons.jxpath.ri.compiler.CoreOperationTest::testNodeSetAndNumberComparisonWithEmptyNodeSet,defects4j test,TEST
jxpath_7,run_shell_command,defects4j test,defects4j test,TEST
jxpath_7,run_shell_command,git diff,git diff,VCS
jxpath_9,read_file,,read_file,READ
jxpath_9,run_shell_command,./run_bug_exposing_tests.sh,run_bug_exposing_tests.sh,TEST
jxpath_9,read_file,,read_file,READ
jxpath_9,run_shell_command,defects4j test,defects4j test,TEST
jxpath_9,read_file,,read_file,READ
jxpath_9,read_file,,read_file,READ
jxpath_9,read_file,,read_file,READ
jxpath_9,read_file,,read_file,READ
jxpath_9,read_file,,read_file,READ
jxpath_9,read_file,,read_file,READ
jxpath_9,read_file,,read_file,READ
jxpath_9,read_file,,read_file,READ
jxpath_9,read_file,,read_file,READ
jxpath_9,read_file,,read_file,READ
jxpath_9,read_file,,read_file,READ
jxpath_9,read_file,,read_file,READ
jxpath_9,run_shell_command,./run_bug_exposing_tests.sh,run_bug_exposing_tests.sh,TEST
jxpath_9,read_file,,read_file,READ
jxpath_9,read_file,,read_file,READ
jxpath_9,replace,,replace,WRITE
jxpath_9,run_shell_command,defects4j compile,defects4j compile,BUILD
jxpath_9,run_shell_command,defects4j test,defects4j test,TEST
jxpath_9,read_file,,read_file,READ
jxpath_9,replace,,replace,WRITE
jxpath_9,run_shell_command,defects4j compile,defects4j compile,BUILD
jxpath_9,run_shell_command,defects4j test,defects4j test,TEST
jxpath_9,replace,,replace,WRITE
jxpath_9,run_shell_command,defects4j compile,defects4j compile,BUILD
jxpath_9,run_shell_command,defects4j test,defects4j test,TEST
jxpath_9,replace,,replace,WRITE
jxpath_9,run_shell_command,defects4j compile,defects4j compile,BUILD
jxpath_9,run_shell_command,defects4j test,defects4j test,TEST
jxpath_9,replace,,replace,WRITE
jxpath_9,read_file,,read_file,READ
jxpath_9,replace,,replace,WRITE
jxpath_9,run_shell_command,defects4j compile,defects4j compile,BUILD
jxpath_9,run_shell_command,defects4j test,defects4j test,TEST
jxpath_9,replace,,replace,WRITE
jxpath_9,run_shell_command,defects4j compile,defects4j compile,BUILD
jxpath_9,run_shell_command,defects4j test,defects4j test,TEST
jxpath_9,replace,,replace,WRITE
jxpath_9,run_shell_command,defects4j compile,defects4j compile,BUILD
jxpath_9,run_shell_command,defects4j test,defects4j test,TEST
jxpath_9,replace,,replace,WRITE
jxpath_9,read_file,,read_file,READ
jxpath_9,replace,,replace,WRITE
jxpath_9,read_file,,read_file,READ
jxpath_9,replace,,replace,WRITE
jxpath_9,replace,,replace,WRITE
jxpath_9,run_shell_command,defects4j compile,defects4j compile,BUILD
jxpath_9,run_shell_command,defects4j test,defects4j test,TEST
jxpath_9,replace,,replace,WRITE
jxpath_9,run_shell_command,defects4j compile,defects4j compile,BUILD
jxpath_9,run_shell_command,./run_bug_exposing_tests.sh,run_bug_exposing_tests.sh,TEST
jxpath_9,read_file,,read_file,READ
jxpath_9,replace,,replace,WRITE
jxpath_9,read_file,,read_file,READ
jxpath_9,read_file,,read_file,READ
jxpath_9,replace,,replace,WRITE
jxpath_9,run_shell_command,defects4j compile,defects4j compile,BUILD
jxpath_9,run_shell_command,defects4j test,defects4j test,TEST
jxpath_9,replace,,replace,WRITE
jxpath_9,replace,,replace,WRITE
jxpath_9,run_shell_command,defects4j compile,defects4j compile,BUILD
jxpath_9,run_shell_command,defects4j test,defects4j test,TEST
jxpath_9,replace,,replace,WRITE
jxpath_9,run_shell_command,defects4j compile,defects4j compile,BUILD
jxpath_9,run_shell_command,./run_bug_exposing_tests.sh,run_bug_exposing_tests.sh,TEST
jxpath_9,read_file,,read_file,READ
jxpath_9,replace,,replace,WRITE
jxpath_9,replace,,replace,WRITE
jxpath_9,run_shell_command,defects4j compile,defects4j compile,BUILD
jxpath_9,run_shell_command,./run_bug_exposing_tests.sh,run_bug_exposing_tests.sh,TEST
jxpath_9,read_file,,read_file,READ
jxpath_9,replace,,replace,WRITE
jxpath_9,run_shell_command,defects4j compile,defects4j compile,BUILD
jxpath_9,run_shell_command,defects4j test,defects4j test,TEST
jxpath_9,replace,,replace,WRITE
jxpath_9,replace,,replace,WRITE
jxpath_9,run_shell_command,defects4j compile,defects4j compile,BUILD
jxpath_9,run_shell_command,defects4j test,defects4j test,TEST
jxpath_9,replace,,replace,WRITE
jxpath_9,run_shell_command,defects4j compile,defects4j compile,BUILD
jxpath_9,run_shell_command,./run_bug_exposing_tests.sh,run_bug_exposing_tests.sh,TEST
jxpath_9,read_file,,read_file,READ
jxpath_9,replace,,replace,WRITE
jxpath_9,run_shell_command,defects4j compile,defects4j compile,BUILD
jxpath_9,run_shell_command,defects4j test,defects4j test,TEST
jxpath_9,run_shell_command,git diff,git diff,VCS
lang_13,read_file,,read_file,READ
lang_13,run_shell_command,./run_bug_exposing_tests.sh,run_bug_exposing_tests.sh,TEST
lang_13,read_file,,read_file,READ
lang_13,run_shell_command,defects4j compile,defects4j compile,BUILD
lang_13,run_shell_command,defects4j test -t org.apache.commons.lang3.SerializationUtilsTest::primitiveTypeClassSerialization,defects4j test,TEST
lang_13,read_file,,read_file,READ
lang_13,replace,,replace,WRITE
lang_13,run_shell_command,defects4j compile,defects4j compile,BUILD
lang_13,run_shell_command,defects4j test -t org.apache.commons.lang3.SerializationUtilsTest::primitiveTypeClassSerialization,defects4j test,TEST
lang_13,google_web_search,,google_web_search,WEB
lang_13,replace,,replace,WRITE
lang_13,run_shell_command,defects4j compile,defects4j compile,BUILD
lang_13,run_shell_command,defects4j test -t org.apache.commons.lang3.SerializationUtilsTest::primitiveTypeClassSerialization,defects4j test,TEST
lang_13,read_file,,read_file,READ
lang_13,replace,,replace,WRITE
lang_13,replace,,replace,WRITE
lang_13,run_shell_command,defects4j compile,defects4j compile,BUILD
lang_13,run_shell_command,defects4j test -t org.apache.commons.lang3.SerializationUtilsTest::primitiveTypeClassSerialization,defects4j test,TEST
lang_13,read_file,,read_file,READ
lang_13,replace,,replace,WRITE
lang_13,replace,,replace,WRITE
lang_13,run_shell_command,defects4j compile,defects4j compile,BUILD
lang_13,run_shell_command,defects4j test -t org.apache.commons.lang3.SerializationUtilsTest::primitiveTypeClassSerialization,defects4j test,TEST
lang_13,run_shell_command,git checkout HEAD -- src/main/java/org/apache/commons/lang3/SerializationUtils.java,git checkout,VCS
lang_13,replace,,replace,WRITE
lang_13,run_shell_command,defects4j compile,defects4j compile,BUILD
lang_13,run_shell_command,defects4j test -t org.apache.commons.lang3.SerializationUtilsTest::primitiveTypeClassSerialization,defects4j test,TEST
lang_13,run_shell_command,git checkout HEAD -- src/main/java/org/apache/commons/lang3/SerializationUtils.java,git checkout,VCS
lang_13,replace,,replace,WRITE
lang_13,run_shell_command,defects4j compile,defects4j compile,BUILD
lang_13,run_shell_command,defects4j test -t org.apache.commons.lang3.SerializationUtilsTest::primitiveTypeClassSerialization,defects4j test,TEST
lang_13,run_shell_command,defects4j test,defects4j test,TEST
lang_13,run_shell_command,git diff,git diff,VCS
lang_15,read_file,,read_file,READ
lang_15,glob,,glob,SEARCH_FILES
lang_15,glob,,glob,SEARCH_FILES
lang_15,read_file,,read_file,READ
lang_15,replace,,replace,WRITE
lang_15,run_shell_command,./run_bug_exposing_tests.sh,run_bug_exposing_tests.sh,TEST
lang_15,read_file,,read_file,READ
lang_15,run_shell_command,defects4j compile,defects4j compile,BUILD
lang_15,run_shell_command,defects4j test -t org.apache.commons.lang3.reflect.TypeUtilsTest::testGetTypeArguments,defects4j test,TEST
lang_15,read_file,,read_file,READ
lang_15,replace,,replace,WRITE
lang_15,run_shell_command,defects4j compile,defects4j compile,BUILD
lang_15,replace,,replace,WRITE
lang_15,run_shell_command,defects4j compile,defects4j compile,BUILD
lang_15,run_shell_command,defects4j test,defects4j test,TEST
lang_15,read_file,,read_file,READ
lang_15,replace,,replace,WRITE
lang_15,run_shell_command,defects4j compile,defects4j compile,BUILD
lang_15,run_shell_command,defects4j test -t org.apache.commons.lang3.reflect.TypeUtilsTest::testIsAssignable,defects4j test,TEST
lang_15,run_shell_command,./run_all_tests_trace.sh,run_all_tests_trace.sh,TEST
lang_15,read_file,,read_file,READ
lang_15,replace,,replace,WRITE
lang_15,run_shell_command,defects4j compile,defects4j compile,BUILD
lang_15,run_shell_command,defects4j test,defects4j test,TEST
lang_15,replace,,replace,WRITE
lang_15,replace,,replace,WRITE
lang_15,run_shell_command,defects4j compile,defects4j compile,BUILD
lang_15,run_shell_command,defects4j test,defects4j test,TEST
lang_15,replace,,replace,WRITE
lang_15,replace,,replace,WRITE
lang_15,replace,,replace,WRITE
lang_15,run_shell_command,defects4j compile,defects4j compile,BUILD
lang_15,replace,,replace,WRITE
lang_15,run_shell_command,defects4j compile,defects4j compile,BUILD
lang_15,replace,,replace,WRITE
lang_15,replace,,replace,WRITE
lang_15,run_shell_command,defects4j compile,defects4j compile,BUILD
lang_15,run_shell_command,defects4j test,defects4j test,TEST
lang_15,run_shell_command,git show HEAD:src/main/java/org/apache/commons/lang3/reflect/TypeUtils.java,git show,VCS
lang_15,write_file,,write_file,WRITE
lang_15,run_shell_command,defects4j compile,defects4j compile,BUILD
lang_15,run_shell_command,defects4j test,defects4j test,TEST
lang_15,replace,,replace,WRITE
lang_15,run_shell_command,defects4j compile,defects4j compile,BUILD
lang_15,run_shell_command,defects4j test -t org.apache.commons.lang3.reflect.TypeUtilsTest::testGetTypeArguments,defects4j test,TEST
lang_15,run_shell_command,git show HEAD:src/main/java/org/apache/commons/lang3/reflect/TypeUtils.java,git show,VCS
lang_15,write_file,,write_file,WRITE
lang_15,replace,,replace,WRITE
lang_15,run_shell_command,defects4j compile,defects4j compile,BUILD
lang_15,run_shell_command,defects4j test,defects4j test,TEST
lang_15,replace,,replace,WRITE
lang_15,replace,,replace,WRITE
lang_15,run_shell_command,defects4j compile,defects4j compile,BUILD
lang_15,run_shell_command,defects4j test,defects4j test,TEST
lang_15,replace,,replace,WRITE
lang_15,run_shell_command,defects4j compile,defects4j compile,BUILD
lang_15,run_shell_command,defects4j test,defects4j test,TEST
lang_15,run_shell_command,git show HEAD:src/main/java/org/apache/commons/lang3/reflect/TypeUtils.java,git show,VCS
lang_15,write_file,,write_file,WRITE
lang_15,run_shell_command,defects4j compile,defects4j compile,BUILD
lang_15,run_shell_command,defects4j test,defects4j test,TEST
lang_15,replace,,replace,WRITE
lang_15,run_shell_command,defects4j compile,defects4j compile,BUILD
lang_15,run_shell_command,defects4j test,defects4j test,TEST
lang_15,replace,,replace,WRITE
lang_15,run_shell_command,defects4j compile,defects4j compile,BUILD
lang_15,run_shell_command,defects4j test,defects4j test,TEST
lang_15,run_shell_command,git show HEAD:src/main/java/org/apache/commons/lang3/reflect/TypeUtils.java,git show,VCS
lang_15,write_file,,write_file,WRITE
lang_15,run_shell_command,defects4j compile,defects4j compile,BUILD
lang_15,run_shell_command,defects4j test,defects4j test,TEST
lang_15,replace,,replace,WRITE
lang_15,run_shell_command,defects4j compile,defects4j compile,BUILD
lang_15,run_shell_command,defects4j test,defects4j test,TEST
lang_15,replace,,replace,WRITE
lang_15,run_shell_command,defects4j compile,defects4j compile,BUILD
lang_15,run_shell_command,defects4j test,defects4j test,TEST
lang_15,run_shell_command,git show HEAD:src/main/java/org/apache/commons/lang3/reflect/TypeUtils.java,git show,VCS
lang_15,write_file,,write_file,WRITE
lang_15,run_shell_command,defects4j compile,defects4j compile,BUILD
lang_15,run_shell_command,defects4j test,defects4j test,TEST
lang_15,replace,,replace,WRITE
lang_15,run_shell_command,defects4j compile,defects4j compile,BUILD
lang_15,run_shell_command,defects4j test,defects4j test,TEST
lang_15,replace,,replace,WRITE
lang_15,run_shell_command,defects4j compile,defects4j compile,BUILD
lang_15,run_shell_command,defects4j test,defects4j test,TEST
lang_15,run_shell_command,git show HEAD:src/main/java/org/apache/commons/lang3/reflect/TypeUtils.java,git show,VCS
lang_15,write_file,,write_file,WRITE
lang_15,run_shell_command,defects4j compile,defects4j compile,BUILD
lang_15,run_shell_command,defects4j test,defects4j test,TEST
lang_15,replace,,replace,WRITE
lang_15,run_shell_command,defects4j compile,defects4j compile,BUILD
lang_15,run_shell_command,defects4j test,defects4j test,TEST
lang_15,replace,,replace,WRITE
lang_15,run_shell_command,defects4j compile,defects4j compile,BUILD
lang_15,run_shell_command,defects4j test,defects4j test,TEST
lang_15,run_shell_command,git show HEAD:src/main/java/org/apache/commons/lang3/reflect/TypeUtils.java,git show,VCS
lang_15,write_file,,write_file,WRITE
lang_15,run_shell_command,defects4j compile,defects4j compile,BUILD
lang_15,run_shell_command,defects4j test,defects4j test,TEST
lang_15,replace,,replace,WRITE
lang_15,run_shell_command,defects4j compile,defects4j compile,BUILD
lang_15,run_shell_command,defects4j test,defects4j test,TEST
lang_15,replace,,replace,WRITE
lang_15,run_shell_command,defects4j compile,defects4j compile,BUILD
lang_15,run_shell_command,defects4j test,defects4j test,TEST
lang_15,run_shell_command,git show HEAD:src/main/java/org/apache/commons/lang3/reflect/TypeUtils.java,git show,VCS
lang_15,write_file,,write_file,WRITE
lang_15,run_shell_command,defects4j compile,defects4j compile,BUILD
lang_15,replace,,replace,WRITE
lang_15,run_shell_command,defects4j compile,defects4j compile,BUILD
lang_15,run_shell_command,defects4j test,defects4j test,TEST
lang_15,replace,,replace,WRITE
lang_15,run_shell_command,defects4j compile,defects4j compile,BUILD
lang_15,run_shell_command,defects4j test,defects4j test,TEST
lang_15,replace,,replace,WRITE
lang_15,run_shell_command,defects4j compile,defects4j compile,BUILD
lang_15,run_shell_command,defects4j test,defects4j test,TEST
lang_15,run_shell_command,git show HEAD:src/main/java/org/apache/commons/lang3/reflect/TypeUtils.java,git show,VCS
lang_15,run_shell_command,git show HEAD:src/main/java/org/apache/commons/lang3/reflect/TypeUtils.java,git show,VCS
lang_15,replace,,replace,WRITE
lang_15,replace,,replace,WRITE
lang_15,read_file,,read_file,READ
lang_15,replace,,replace,WRITE
lang_15,read_file,,read_file,READ
lang_20,read_file,,read_file,READ
lang_20,run_shell_command,./run_bug_exposing_tests.sh,run_bug_exposing_tests.sh,TEST
lang_20,read_file,,read_file,READ
lang_20,run_shell_command,defects4j test,defects4j test,TEST
lang_20,read_file,,read_file,READ
lang_20,search_file_content,,search_file_content,SEARCH_CONTENT
lang_20,read_file,,read_file,READ
lang_20,read_file,,read_file,READ
lang_20,read_file,,read_file,READ
lang_20,replace,,replace,WRITE
lang_20,run_shell_command,./run_bug_exposing_tests.sh,run_bug_exposing_tests.sh,TEST
lang_20,run_shell_command,defects4j compile,defects4j compile,BUILD
lang_20,run_shell_command,defects4j test,defects4j test,TEST
lang_20,read_file,,read_file,READ
lang_20,replace,,replace,WRITE
lang_20,replace,,replace,WRITE
lang_20,run_shell_command,defects4j compile,defects4j compile,BUILD
lang_20,run_shell_command,defects4j test,defects4j test,TEST
lang_20,replace,,replace,WRITE
lang_20,replace,,replace,WRITE
lang_20,replace,,replace,WRITE
lang_20,run_shell_command,defects4j compile,defects4j compile,BUILD
lang_20,run_shell_command,defects4j test,defects4j test,TEST
lang_20,read_file,,read_file,READ
lang_20,read_file,,read_file,READ
lang_20,replace,,replace,WRITE
lang_20,run_shell_command,defects4j compile,defects4j compile,BUILD
lang_20,run_shell_command,defects4j test,defects4j test,TEST
lang_20,replace,,replace,WRITE
lang_20,replace,,replace,WRITE
lang_20,replace,,replace,WRITE
lang_20,replace,,replace,WRITE
lang_20,run_shell_command,defects4j compile,defects4j compile,BUILD
lang_20,run_shell_command,defects4j test,defects4j test,TEST
lang_20,read_file,,read_file,READ
lang_20,run_shell_command,defects4j test -t org.apache.commons.lang3.StringUtilsTest::testJoin_ArrayChar > test_trace.log 2>&1,defects4j test,TEST
lang_20,read_file,,read_file,READ
lang_20,write_file,,write_file,WRITE
lang_20,run_shell_command,chmod +x /Users/danielding/Desktop/example_dir/Lang_20/run_single_test.sh,chmod,FILE_OPS
lang_20,run_shell_command,/Users/danielding/Desktop/example_dir/Lang_20/run_single_test.sh > single_test_trace.log 2>&1,run_single_test.sh,TEST
lang_20,read_file,,read_file,READ
lang_20,search_file_content,,search_file_content,SEARCH_CONTENT
lang_20,replace,,replace,WRITE
lang_20,run_shell_command,defects4j compile,defects4j compile,BUILD
lang_20,run_shell_command,defects4j test,defects4j test,TEST
lang_20,replace,,replace,WRITE
lang_20,replace,,replace,WRITE
lang_20,replace,,replace,WRITE
lang_20,replace,,replace,WRITE
lang_20,replace,,replace,WRITE
lang_20,replace,,replace,WRITE
lang_20,run_shell_command,defects4j compile,defects4j compile,BUILD
lang_20,run_shell_command,defects4j test,defects4j test,TEST
lang_20,replace,,replace,WRITE
lang_20,replace,,replace,WRITE
lang_20,replace,,replace,WRITE
lang_20,replace,,replace,WRITE
lang_20,run_shell_command,defects4j compile,defects4j compile,BUILD
lang_20,run_shell_command,defects4j test,defects4j test,TEST
lang_20,search_file_content,,search_file_content,SEARCH_CONTENT
lang_20,read_file,,read_file,READ
lang_20,replace,,replace,WRITE
lang_20,run_shell_command,defects4j compile,defects4j compile,BUILD
lang_20,run_shell_command,defects4j test,defects4j test,TEST
lang_20,replace,,replace,WRITE
lang_20,replace,,replace,WRITE
lang_20,run_shell_command,defects4j compile,defects4j compile,BUILD
lang_20,run_shell_command,defects4j test,defects4j test,TEST
lang_20,run_shell_command,git diff > /Users/danielding/Desktop/example_dir/Lang_20/fix.patch,git diff,VCS
lang_20,read_file,,read_file,READ
lang_27,read_file,,read_file,READ
lang_27,run_shell_command,./run_bug_exposing_tests.sh,run_bug_exposing_tests.sh,TEST
lang_27,read_file,,read_file,READ
lang_27,run_shell_command,defects4j compile,defects4j compile,BUILD
lang_27,run_shell_command,./run_bug_exposing_tests.sh,run_bug_exposing_tests.sh,TEST
lang_27,read_file,,read_file,READ
lang_27,read_file,,read_file,READ
lang_27,replace,,replace,WRITE
lang_27,run_shell_command,./run_bug_exposing_tests.sh,run_bug_exposing_tests.sh,TEST
lang_27,read_file,,read_file,READ
lang_27,run_shell_command,defects4j test,defects4j test,TEST
lang_27,run_shell_command,git diff,git diff,VCS
lang_30,run_shell_command,./run_bug_exposing_tests.sh,run_bug_exposing_tests.sh,TEST
lang_30,read_file,,read_file,READ
lang_30,glob,,glob,SEARCH_FILES
lang_30,glob,,glob,SEARCH_FILES
lang_30,glob,,glob,SEARCH_FILES
lang_30,read_file,,read_file,READ
lang_30,replace,,replace,WRITE
lang_30,run_shell_command,defects4j compile,defects4j compile,BUILD
lang_30,replace,,replace,WRITE
lang_30,read_file,,read_file,READ
lang_30,replace,,replace,WRITE
lang_30,replace,,replace,WRITE
lang_30,read_file,,read_file,READ
lang_30,replace,,replace,WRITE
lang_30,run_shell_command,defects4j compile,defects4j compile,BUILD
lang_30,run_shell_command,defects4j test -t org.apache.commons.lang3.StringUtilsTest::testContainsAny_StringString_SupplementaryChars,defects4j test,TEST
lang_30,read_file,,read_file,READ
lang_30,read_file,,read_file,READ
lang_30,replace,,replace,WRITE
lang_30,run_shell_command,defects4j compile,defects4j compile,BUILD
lang_30,run_shell_command,defects4j test -t org.apache.commons.lang3.StringUtilsTest::testContainsAny_StringString_SupplementaryChars,defects4j test,TEST
lang_30,run_shell_command,git restore src/main/java/org/apache/commons/lang3/StringUtils.java,git restore,VCS
lang_30,run_shell_command,defects4j compile,defects4j compile,BUILD
lang_30,run_shell_command,defects4j test -t org.apache.commons.lang3.StringUtilsTest::testContainsAny_StringString_SupplementaryChars,defects4j test,TEST
lang_30,replace,,replace,WRITE
lang_30,replace,,replace,WRITE
lang_30,run_shell_command,defects4j compile,defects4j compile,BUILD
lang_30,run_shell_command,defects4j test -t org.apache.commons.lang3.StringUtilsTest::testContainsAny_StringString_SupplementaryChars_BugFix,defects4j test,TEST
lang_30,run_shell_command,defects4j test,defects4j test,TEST
lang_30,replace,,replace,WRITE
lang_30,read_file,,read_file,READ
lang_30,replace,,replace,WRITE
lang_30,run_shell_command,defects4j compile,defects4j compile,BUILD
lang_30,run_shell_command,defects4j test,defects4j test,TEST
lang_30,run_shell_command,git restore src/main/java/org/apache/commons/lang3/StringUtils.java,git restore,VCS
lang_30,replace,,replace,WRITE
lang_30,replace,,replace,WRITE
lang_30,replace,,replace,WRITE
lang_30,replace,,replace,WRITE
lang_30,run_shell_command,defects4j compile,defects4j compile,BUILD
lang_30,run_shell_command,defects4j test,defects4j test,TEST
lang_30,read_file,,read_file,READ
lang_30,replace,,replace,WRITE
lang_30,read_file,,read_file,READ
lang_30,replace,,replace,WRITE
lang_30,replace,,replace,WRITE
lang_30,replace,,replace,WRITE
lang_30,read_file,,read_file,READ
lang_30,replace,,replace,WRITE
lang_30,read_file,,read_file,READ
lang_30,replace,,replace,WRITE
lang_30,read_file,,read_file,READ
lang_30,replace,,replace,WRITE
lang_30,replace,,replace,WRITE
lang_30,run_shell_command,defects4j compile,defects4j compile,BUILD
lang_30,run_shell_command,defects4j test,defects4j test,TEST
lang_30,read_file,,read_file,READ
lang_30,replace,,replace,WRITE
lang_30,replace,,replace,WRITE
lang_30,run_shell_command,defects4j compile,defects4j compile,BUILD
lang_30,run_shell_command,defects4j test,defects4j test,TEST
lang_30,replace,,replace,WRITE
lang_30,replace,,replace,WRITE
lang_30,replace,,replace,WRITE
lang_30,run_shell_command,defects4j compile,defects4j compile,BUILD
lang_30,run_shell_command,defects4j test,defects4j test,TEST
lang_30,run_shell_command,git diff,git diff,VCS
lang_32,run_shell_command,./run_bug_exposing_tests.sh,run_bug_exposing_tests.sh,TEST
lang_32,read_file,,read_file,READ
lang_32,read_file,,read_file,READ
lang_32,replace,,replace,WRITE
lang_32,read_file,,read_file,READ
lang_32,replace,,replace,WRITE
lang_32,run_shell_command,defects4j compile,defects4j compile,BUILD
lang_32,run_shell_command,defects4j test,defects4j test,TEST
lang_32,read_file,,read_file,READ
lang_32,replace,,replace,WRITE
lang_32,run_shell_command,defects4j compile,defects4j compile,BUILD
lang_32,run_shell_command,defects4j test,defects4j test,TEST
lang_32,read_file,,read_file,READ
lang_32,replace,,replace,WRITE
lang_32,replace,,replace,WRITE
lang_32,replace,,replace,WRITE
lang_32,run_shell_command,defects4j compile,defects4j compile,BUILD
lang_32,run_shell_command,defects4j test,defects4j test,TEST
lang_32,replace,,replace,WRITE
lang_32,replace,,replace,WRITE
lang_32,replace,,replace,WRITE
lang_32,replace,,replace,WRITE
lang_32,replace,,replace,WRITE
lang_32,replace,,replace,WRITE
lang_32,run_shell_command,defects4j compile,defects4j compile,BUILD
lang_32,run_shell_command,defects4j test,defects4j test,TEST
lang_32,replace,,replace,WRITE
lang_32,run_shell_command,defects4j compile,defects4j compile,BUILD
lang_32,run_shell_command,defects4j test,defects4j test,TEST
lang_34,run_shell_command,./run_bug_exposing_tests.sh,run_bug_exposing_tests.sh,TEST
lang_34,read_file,,read_file,READ
lang_34,read_file,,read_file,READ
lang_34,read_file,,read_file,READ
lang_34,read_file,,read_file,READ
lang_34,replace,,replace,WRITE
lang_34,replace,,replace,WRITE
lang_34,replace,,replace,WRITE
lang_34,replace,,replace,WRITE
lang_34,read_file,,read_file,READ
lang_34,replace,,replace,WRITE
lang_34,replace,,replace,WRITE
lang_34,read_file,,read_file,READ
lang_34,replace,,replace,WRITE
lang_34,read_file,,read_file,READ
lang_34,replace,,replace,WRITE
lang_34,replace,,replace,WRITE
lang_34,run_shell_command,defects4j compile,defects4j compile,BUILD
lang_34,run_shell_command,defects4j test,defects4j test,TEST
lang_34,replace,,replace,WRITE
lang_34,replace,,replace,WRITE
lang_34,replace,,replace,WRITE
lang_34,replace,,replace,WRITE
lang_34,replace,,replace,WRITE
lang_34,replace,,replace,WRITE
lang_34,replace,,replace,WRITE
lang_34,run_shell_command,defects4j compile,defects4j compile,BUILD
lang_34,read_file,,read_file,READ
lang_34,replace,,replace,WRITE
lang_34,run_shell_command,defects4j compile,defects4j compile,BUILD
lang_34,run_shell_command,defects4j test,defects4j test,TEST
lang_34,replace,,replace,WRITE
lang_34,replace,,replace,WRITE
lang_34,replace,,replace,WRITE
lang_34,replace,,replace,WRITE
lang_34,read_file,,read_file,READ
lang_34,replace,,replace,WRITE
lang_34,replace,,replace,WRITE
lang_34,replace,,replace,WRITE
lang_34,run_shell_command,defects4j compile,defects4j compile,BUILD
lang_34,run_shell_command,defects4j test,defects4j test,TEST
lang_34,replace,,replace,WRITE
lang_34,replace,,replace,WRITE
lang_34,replace,,replace,WRITE
lang_34,replace,,replace,WRITE
lang_34,replace,,replace,WRITE
lang_34,replace,,replace,WRITE
lang_34,replace,,replace,WRITE
lang_34,replace,,replace,WRITE
lang_34,read_file,,read_file,READ
lang_34,replace,,replace,WRITE
lang_34,read_file,,read_file,READ
lang_34,replace,,replace,WRITE
lang_34,read_file,,read_file,READ
lang_34,replace,,replace,WRITE
lang_34,replace,,replace,WRITE
lang_34,run_shell_command,defects4j compile,defects4j compile,BUILD
lang_34,read_file,,read_file,READ
lang_34,replace,,replace,WRITE
lang_34,replace,,replace,WRITE
lang_34,run_shell_command,defects4j compile,defects4j compile,BUILD
lang_34,replace,,replace,WRITE
lang_34,run_shell_command,defects4j compile,defects4j compile,BUILD
lang_34,run_shell_command,defects4j test,defects4j test,TEST
lang_34,replace,,replace,WRITE
lang_34,replace,,replace,WRITE
lang_34,read_file,,read_file,READ
lang_34,run_shell_command,defects4j compile,defects4j compile,BUILD
lang_34,run_shell_command,defects4j test,defects4j test,TEST
lang_34,replace,,replace,WRITE
lang_34,read_file,,read_file,READ
lang_34,replace,,replace,WRITE
lang_34,read_file,,read_file,READ
lang_34,replace,,replace,WRITE
lang_34,replace,,replace,WRITE
lang_34,run_shell_command,defects4j compile,defects4j compile,BUILD
lang_34,run_shell_command,defects4j test,defects4j test,TEST
lang_34,read_file,,read_file,READ
lang_34,replace,,replace,WRITE
lang_34,run_shell_command,defects4j compile,defects4j compile,BUILD
lang_34,run_shell_command,defects4j test,defects4j test,TEST
lang_35,run_shell_command,./run_bug_exposing_tests.sh,run_bug_exposing_tests.sh,TEST
lang_35,read_file,,read_file,READ
lang_35,run_shell_command,defects4j test,defects4j test,TEST
lang_35,read_file,,read_file,READ
lang_35,search_file_content,,search_file_content,SEARCH_CONTENT
lang_35,search_file_content,,search_file_content,SEARCH_CONTENT
lang_35,read_file,,read_file,READ
lang_35,replace,,replace,WRITE
lang_35,run_shell_command,defects4j compile,defects4j compile,BUILD
lang_35,run_shell_command,defects4j test -t org.apache.commons.lang3.ArrayUtilsAddTest::testLANG571,defects4j test,TEST
lang_35,read_file,,read_file,READ
lang_35,search_file_content,,search_file_content,SEARCH_CONTENT
lang_35,read_file,,read_file,READ
lang_35,read_file,,read_file,READ
lang_35,replace,,replace,WRITE
lang_35,run_shell_command,defects4j compile,defects4j compile,BUILD
lang_35,run_shell_command,defects4j test -t org.apache.commons.lang3.ArrayUtilsAddTest::testLANG571,defects4j test,TEST
lang_35,run_shell_command,defects4j test,defects4j test,TEST
lang_35,run_shell_command,git diff,git diff,VCS
lang_36,read_file,,read_file,READ
lang_36,list_directory,,list_directory,SEARCH_FILES
lang_36,glob,,glob,SEARCH_FILES
lang_36,read_file,,read_file,READ
lang_36,replace,,replace,WRITE
lang_36,run_shell_command,defects4j compile,defects4j compile,BUILD
lang_36,run_shell_command,./run_bug_exposing_tests.sh,run_bug_exposing_tests.sh,TEST
lang_36,read_file,,read_file,READ
lang_36,replace,,replace,WRITE
lang_36,run_shell_command,defects4j compile,defects4j compile,BUILD
lang_36,run_shell_command,./run_bug_exposing_tests.sh,run_bug_exposing_tests.sh,TEST
lang_36,read_file,,read_file,READ
lang_36,run_shell_command,git restore /Users/danielding/Desktop/example_dir/Lang_36/src/java/org/apache/commons/lang3/math/NumberUtils.java,git restore,VCS
lang_36,replace,,replace,WRITE
lang_36,run_shell_command,defects4j compile,defects4j compile,BUILD
lang_36,run_shell_command,./run_bug_exposing_tests.sh,run_bug_exposing_tests.sh,TEST
lang_36,read_file,,read_file,READ
lang_36,replace,,replace,WRITE
lang_36,run_shell_command,defects4j compile,defects4j compile,BUILD
lang_36,run_shell_command,./run_bug_exposing_tests.sh,run_bug_exposing_tests.sh,TEST
lang_36,read_file,,read_file,READ
lang_36,read_file,,read_file,READ
lang_36,run_shell_command,git restore /Users/danielding/Desktop/example_dir/Lang_36/src/java/org/apache/commons/lang3/math/NumberUtils.java,git restore,VCS
lang_36,replace,,replace,WRITE
lang_36,replace,,replace,WRITE
lang_36,replace,,replace,WRITE
lang_36,run_shell_command,defects4j compile,defects4j compile,BUILD
lang_36,run_shell_command,./run_bug_exposing_tests.sh,run_bug_exposing_tests.sh,TEST
lang_36,read_file,,read_file,READ
lang_36,run_shell_command,./run_all_tests_trace.sh,run_all_tests_trace.sh,TEST
lang_36,read_file,,read_file,READ
lang_36,run_shell_command,git diff,git diff,VCS
lang_41,run_shell_command,./run_bug_exposing_tests.sh,run_bug_exposing_tests.sh,TEST
lang_41,read_file,,read_file,READ
lang_41,run_shell_command,defects4j compile,defects4j compile,BUILD
lang_41,run_shell_command,defects4j test -t org.apache.commons.lang.ClassUtilsTest,defects4j test,TEST
lang_41,read_file,,read_file,READ
lang_41,glob,,glob,SEARCH_FILES
lang_41,glob,,glob,SEARCH_FILES
lang_41,glob,,glob,SEARCH_FILES
lang_41,read_file,,read_file,READ
lang_41,run_shell_command,defects4j test -t org.apache.commons.lang.ClassUtilsTest::test_getShortClassName_Class,defects4j test,TEST
lang_41,glob,,glob,SEARCH_FILES
lang_41,read_file,,read_file,READ
lang_41,replace,,replace,WRITE
lang_41,run_shell_command,defects4j test -t org.apache.commons.lang.ClassUtilsTest::test_getShortClassName_Class,defects4j test,TEST
lang_41,run_shell_command,defects4j test,defects4j test,TEST
lang_41,read_file,,read_file,READ
lang_41,replace,,replace,WRITE
lang_41,run_shell_command,defects4j test,defects4j test,TEST
lang_41,run_shell_command,git diff,git diff,VCS
lang_46,write_file,,write_file,WRITE
lang_46,run_shell_command,defects4j compile,defects4j compile,BUILD
lang_46,run_shell_command,defects4j test -t org.apache.commons.lang.StringEscapeUtilsTestBug::testEscapeJavaWithSlash,defects4j test,TEST
lang_46,read_file,,read_file,READ
lang_46,replace,,replace,WRITE
lang_46,run_shell_command,defects4j compile,defects4j compile,BUILD
lang_46,run_shell_command,defects4j test -t org.apache.commons.lang.StringEscapeUtilsTestBug::testEscapeJavaWithSlash,defects4j test,TEST
lang_46,replace,,replace,WRITE
lang_46,replace,,replace,WRITE
lang_46,replace,,replace,WRITE
lang_46,replace,,replace,WRITE
lang_46,replace,,replace,WRITE
lang_46,replace,,replace,WRITE
lang_46,replace,,replace,WRITE
lang_46,read_file,,read_file,READ
lang_46,replace,,replace,WRITE
lang_46,replace,,replace,WRITE
lang_46,replace,,replace,WRITE
lang_46,replace,,replace,WRITE
lang_46,read_file,,read_file,READ
lang_46,replace,,replace,WRITE
lang_46,replace,,replace,WRITE
lang_46,replace,,replace,WRITE
lang_46,replace,,replace,WRITE
lang_46,replace,,replace,WRITE
lang_46,run_shell_command,defects4j compile,defects4j compile,BUILD
lang_46,replace,,replace,WRITE
lang_46,replace,,replace,WRITE
lang_46,replace,,replace,WRITE
lang_46,run_shell_command,defects4j compile,defects4j compile,BUILD
lang_46,replace,,replace,WRITE
lang_46,run_shell_command,defects4j compile,defects4j compile,BUILD
lang_46,run_shell_command,defects4j test -t org.apache.commons.lang.StringEscapeUtilsTestBug::testEscapeJavaWithSlash,defects4j test,TEST
lang_46,read_file,,read_file,READ
lang_46,replace,,replace,WRITE
lang_46,run_shell_command,defects4j test -t org.apache.commons.lang.StringEscapeUtilsTestBug::testEscapeJavaWithSlash,defects4j test,TEST
lang_46,run_shell_command,./run_bug_exposing_tests.sh,run_bug_exposing_tests.sh,TEST
lang_46,read_file,,read_file,READ
lang_46,replace,,replace,WRITE
lang_46,read_file,,read_file,READ
lang_46,replace,,replace,WRITE
lang_46,run_shell_command,defects4j compile,defects4j compile,BUILD
lang_46,run_shell_command,defects4j test,defects4j test,TEST
lang_46,run_shell_command,rm /Users/danielding/Desktop/example_dir/Lang_46/src/test/java/org/apache/commons/lang/StringEscapeUtilsTestBug.java,rm,FILE_OPS
lang_46,read_file,,read_file,READ
lang_47,run_shell_command,./run_bug_exposing_tests.sh,run_bug_exposing_tests.sh,TEST
lang_47,read_file,,read_file,READ
lang_47,run_shell_command,defects4j test,defects4j test,TEST
lang_47,read_file,,read_file,READ
lang_47,replace,,replace,WRITE
lang_47,replace,,replace,WRITE
lang_47,run_shell_command,defects4j compile,defects4j compile,BUILD
lang_47,run_shell_command,defects4j test,defects4j test,TEST
lang_4,read_file,,read_file,READ
lang_4,run_shell_command,./run_bug_exposing_tests.sh,run_bug_exposing_tests.sh,TEST
lang_4,read_file,,read_file,READ
lang_4,glob,,glob,SEARCH_FILES
lang_4,run_shell_command,defects4j test -t org.apache.commons.lang3.text.translate.LookupTranslatorTest,defects4j test,TEST
lang_4,run_shell_command,defects4j test -t org.apache.commons.lang3.text.translate.LookupTranslatorTest,defects4j test,TEST
lang_4,google_web_search,,google_web_search,WEB
lang_4,run_shell_command,defects4j test -w /Users/danielding/Desktop/example_dir/Lang_4 -t org.apache.commons.lang3.text.translate.LookupTranslatorTest,defects4j test,TEST
lang_4,run_shell_command,defects4j test,defects4j test,TEST
lang_4,read_file,,read_file,READ
lang_4,read_file,,read_file,READ
lang_4,replace,,replace,WRITE
lang_4,run_shell_command,defects4j test -w /Users/danielding/Desktop/example_dir/Lang_4 -t org.apache.commons.lang3.text.translate.LookupTranslatorTest::testLang882,defects4j test,TEST
lang_4,run_shell_command,defects4j test,defects4j test,TEST
lang_4,run_shell_command,git diff,git diff,VCS
lang_50,run_shell_command,./run_bug_exposing_tests.sh,run_bug_exposing_tests.sh,TEST
lang_50,run_shell_command,defects4j test,defects4j test,TEST
lang_50,read_file,,read_file,READ
lang_50,replace,,replace,WRITE
lang_50,replace,,replace,WRITE
lang_50,replace,,replace,WRITE
lang_50,run_shell_command,defects4j compile,defects4j compile,BUILD
lang_50,run_shell_command,defects4j test -t org.apache.commons.lang.time.FastDateFormatTest::test_changeDefault_Locale_DateInstance && defects4j test -t org.apache.commons.lang.time.FastDateFormatTest::test_changeDefault_Locale_DateTimeInstance,defects4j test,TEST
lang_50,run_shell_command,defects4j test -t org.apache.commons.lang.time.FastDateFormatTest::test_changeDefault_Locale_DateInstance && defects4j test -t org.apache.commons.lang.time.FastDateFormatTest::test_changeDefault_Locale_DateTimeInstance,defects4j test,TEST
lang_50,run_shell_command,defects4j test,defects4j test,TEST
lang_50,run_shell_command,git diff,git diff,VCS
lang_56,run_shell_command,./run_bug_exposing_tests.sh,run_bug_exposing_tests.sh,TEST
lang_56,read_file,,read_file,READ
lang_56,glob,,glob,SEARCH_FILES
lang_56,read_file,,read_file,READ
lang_56,replace,,replace,WRITE
lang_56,replace,,replace,WRITE
lang_56,run_shell_command,defects4j compile,defects4j compile,BUILD
lang_56,run_shell_command,defects4j test,defects4j test,TEST
lang_56,run_shell_command,git diff,git diff,VCS
lang_5,read_file,,read_file,READ
lang_5,run_shell_command,./run_bug_exposing_tests.sh,run_bug_exposing_tests.sh,TEST
lang_5,read_file,,read_file,READ
lang_5,run_shell_command,defects4j compile,defects4j compile,BUILD
lang_5,run_shell_command,defects4j test,defects4j test,TEST
lang_5,read_file,,read_file,READ
lang_5,read_file,,read_file,READ
lang_5,read_file,,read_file,READ
lang_60,run_shell_command,./run_bug_exposing_tests.sh,run_bug_exposing_tests.sh,TEST
lang_60,read_file,,read_file,READ
lang_60,run_shell_command,defects4j test,defects4j test,TEST
lang_60,read_file,,read_file,READ
lang_60,search_file_content,,search_file_content,SEARCH_CONTENT
lang_60,replace,,replace,WRITE
lang_60,replace,,replace,WRITE
lang_60,run_shell_command,defects4j compile,defects4j compile,BUILD
lang_60,run_shell_command,defects4j test,defects4j test,TEST
lang_60,run_shell_command,git diff,git diff,VCS
lang_63,run_shell_command,./run_bug_exposing_tests.sh,run_bug_exposing_tests.sh,TEST
lang_63,read_file,,read_file,READ
lang_63,read_file,,read_file,READ
lang_63,run_shell_command,defects4j test -t org.apache.commons.lang.time.DurationFormatUtilsTest::testJiraLang281,defects4j test,TEST
lang_63,read_file,,read_file,READ
lang_63,replace,,replace,WRITE
lang_63,run_shell_command,defects4j compile,defects4j compile,BUILD
lang_63,run_shell_command,defects4j test,defects4j test,TEST
lang_63,replace,,replace,WRITE
lang_63,replace,,replace,WRITE
lang_63,run_shell_command,defects4j compile,defects4j compile,BUILD
lang_63,run_shell_command,defects4j test,defects4j test,TEST
lang_63,run_shell_command,git diff,git diff,VCS
lang_64,run_shell_command,./run_bug_exposing_tests.sh,run_bug_exposing_tests.sh,TEST
lang_64,read_file,,read_file,READ
lang_64,run_shell_command,defects4j compile,defects4j compile,BUILD
lang_64,run_shell_command,./run_bug_exposing_tests.sh,run_bug_exposing_tests.sh,TEST
lang_64,read_file,,read_file,READ
lang_64,read_file,,read_file,READ
lang_64,read_file,,read_file,READ
lang_64,replace,,replace,WRITE
lang_64,run_shell_command,defects4j compile,defects4j compile,BUILD
lang_64,run_shell_command,./run_bug_exposing_tests.sh,run_bug_exposing_tests.sh,TEST
lang_64,read_file,,read_file,READ
lang_64,replace,,replace,WRITE
lang_64,run_shell_command,defects4j compile,defects4j compile,BUILD
lang_64,run_shell_command,./run_bug_exposing_tests.sh,run_bug_exposing_tests.sh,TEST
lang_64,read_file,,read_file,READ
lang_64,read_file,,read_file,READ
lang_64,replace,,replace,WRITE
lang_64,run_shell_command,defects4j compile,defects4j compile,BUILD
lang_64,run_shell_command,./run_bug_exposing_tests.sh,run_bug_exposing_tests.sh,TEST
lang_64,read_file,,read_file,READ
lang_64,replace,,replace,WRITE
lang_64,run_shell_command,defects4j compile,defects4j compile,BUILD
lang_64,run_shell_command,./run_bug_exposing_tests.sh,run_bug_exposing_tests.sh,TEST
lang_64,read_file,,read_file,READ
lang_64,run_shell_command,./run_all_tests_trace.sh,run_all_tests_trace.sh,TEST
lang_64,read_file,,read_file,READ
lang_64,run_shell_command,git diff,git diff,VCS
lang_65,run_shell_command,./run_bug_exposing_tests.sh,run_bug_exposing_tests.sh,TEST
lang_65,read_file,,read_file,READ
lang_65,run_shell_command,defects4j test -t org.apache.commons.lang.time.DateUtilsTest,defects4j test,TEST
lang_65,run_shell_command,defects4j compile,defects4j compile,BUILD
lang_65,run_shell_command,defects4j test,defects4j test,TEST
lang_65,read_file,,read_file,READ
lang_65,read_file,,read_file,READ
lang_65,read_file,,read_file,READ
lang_65,read_file,,read_file,READ
lang_65,replace,,replace,WRITE
lang_65,run_shell_command,defects4j compile,defects4j compile,BUILD
lang_65,run_shell_command,defects4j test -t org.apache.commons.lang.time.DateUtilsTest::testTruncateLang59,defects4j test,TEST
lang_65,replace,,replace,WRITE
lang_65,read_file,,read_file,READ
lang_65,replace,,replace,WRITE
lang_65,replace,,replace,WRITE
lang_65,run_shell_command,defects4j compile,defects4j compile,BUILD
lang_65,run_shell_command,defects4j test -t org.apache.commons.lang.time.DateUtilsTest::testTruncateLang59,defects4j test,TEST
lang_65,replace,,replace,WRITE
lang_65,replace,,replace,WRITE
lang_65,run_shell_command,defects4j compile,defects4j compile,BUILD
lang_65,replace,,replace,WRITE
lang_65,run_shell_command,defects4j compile,defects4j compile,BUILD
lang_65,replace,,replace,WRITE
lang_65,run_shell_command,defects4j compile,defects4j compile,BUILD
lang_65,run_shell_command,defects4j test -t org.apache.commons.lang.time.DateUtilsTest::testTruncateLang59,defects4j test,TEST
lang_65,replace,,replace,WRITE
lang_65,replace,,replace,WRITE
lang_65,run_shell_command,defects4j compile,defects4j compile,BUILD
lang_65,run_shell_command,defects4j test -t org.apache.commons.lang.time.DateUtilsTest::testTruncateLang59,defects4j test,TEST
lang_65,replace,,replace,WRITE
lang_65,replace,,replace,WRITE
lang_65,run_shell_command,defects4j compile,defects4j compile,BUILD
lang_65,replace,,replace,WRITE
lang_65,run_shell_command,defects4j compile,defects4j compile,BUILD
lang_65,run_shell_command,defects4j test -t org.apache.commons.lang.time.DateUtilsTest::testTruncateLang59,defects4j test,TEST
lang_65,replace,,replace,WRITE
lang_65,replace,,replace,WRITE
lang_65,run_shell_command,defects4j compile,defects4j compile,BUILD
lang_65,run_shell_command,defects4j test -t org.apache.commons.lang.time.DateUtilsTest::testTruncateLang59,defects4j test,TEST
lang_65,replace,,replace,WRITE
lang_65,replace,,replace,WRITE
lang_65,run_shell_command,defects4j compile,defects4j compile,BUILD
lang_65,run_shell_command,defects4j test -t org.apache.commons.lang.time.DateUtilsTest::testTruncateLang59,defects4j test,TEST
lang_65,replace,,replace,WRITE
lang_65,replace,,replace,WRITE
lang_65,run_shell_command,defects4j compile,defects4j compile,BUILD
lang_65,run_shell_command,defects4j test -t org.apache.commons.lang.time.DateUtilsTest::testTruncateLang59,defects4j test,TEST
lang_65,replace,,replace,WRITE
lang_65,replace,,replace,WRITE
lang_65,run_shell_command,defects4j compile,defects4j compile,BUILD
lang_65,run_shell_command,defects4j test -t org.apache.commons.lang.time.DateUtilsTest::testTruncateLang59,defects4j test,TEST
lang_65,replace,,replace,WRITE
lang_65,replace,,replace,WRITE
lang_65,run_shell_command,defects4j compile,defects4j compile,BUILD
lang_65,run_shell_command,defects4j test -t org.apache.commons.lang.time.DateUtilsTest::testTruncateLang59,defects4j test,TEST
lang_65,replace,,replace,WRITE
lang_65,replace,,replace,WRITE
lang_65,run_shell_command,defects4j compile,defects4j compile,BUILD
lang_65,run_shell_command,defects4j test -t org.apache.commons.lang.time.DateUtilsTest::testTruncateLang59,defects4j test,TEST
lang_65,replace,,replace,WRITE
lang_65,replace,,replace,WRITE
lang_65,run_shell_command,defects4j compile,defects4j compile,BUILD
lang_65,run_shell_command,defects4j test -t org.apache.commons.lang.time.DateUtilsTest::testTruncateLang59,defects4j test,TEST
lang_65,replace,,replace,WRITE
lang_65,replace,,replace,WRITE
lang_65,run_shell_command,defects4j compile,defects4j compile,BUILD
lang_65,run_shell_command,defects4j test -t org.apache.commons.lang.time.DateUtilsTest::testTruncateLang59,defects4j test,TEST
lang_65,replace,,replace,WRITE
lang_65,replace,,replace,WRITE
lang_65,run_shell_command,defects4j compile,defects4j compile,BUILD
lang_65,run_shell_command,defects4j test -t org.apache.commons.lang.time.DateUtilsTest::testTruncateLang59,defects4j test,TEST
lang_65,replace,,replace,WRITE
lang_65,replace,,replace,WRITE
lang_65,run_shell_command,defects4j compile,defects4j compile,BUILD
lang_65,run_shell_command,defects4j test -t org.apache.commons.lang.time.DateUtilsTest::testTruncateLang59,defects4j test,TEST
lang_65,replace,,replace,WRITE
lang_7,read_file,,read_file,READ
lang_7,run_shell_command,./run_bug_exposing_tests.sh,run_bug_exposing_tests.sh,TEST
lang_7,read_file,,read_file,READ
lang_7,run_shell_command,defects4j compile,defects4j compile,BUILD
lang_7,run_shell_command,defects4j test,defects4j test,TEST
lang_7,read_file,,read_file,READ
lang_7,read_file,,read_file,READ
lang_7,replace,,replace,WRITE
lang_7,run_shell_command,defects4j test,defects4j test,TEST
lang_7,run_shell_command,git diff,git diff,VCS
lang_8,read_file,,read_file,READ
lang_8,run_shell_command,./run_bug_exposing_tests.sh,run_bug_exposing_tests.sh,TEST
lang_8,read_file,,read_file,READ
lang_8,list_directory,,list_directory,SEARCH_FILES
lang_8,run_shell_command,defects4j compile,defects4j compile,BUILD
lang_8,run_shell_command,./run_bug_exposing_tests.sh,run_bug_exposing_tests.sh,TEST
lang_8,read_file,,read_file,READ
lang_8,read_file,,read_file,READ
lang_8,replace,,replace,WRITE
lang_8,run_shell_command,defects4j compile,defects4j compile,BUILD
lang_8,run_shell_command,./run_bug_exposing_tests.sh,run_bug_exposing_tests.sh,TEST
lang_8,read_file,,read_file,READ
lang_8,run_shell_command,./run_all_tests_trace.sh,run_all_tests_trace.sh,TEST
lang_8,read_file,,read_file,READ
lang_8,run_shell_command,git diff,git diff,VCS
math_100,glob,,glob,SEARCH_FILES
math_100,read_file,,read_file,READ
math_100,replace,,replace,WRITE
math_100,replace,,replace,WRITE
math_100,run_shell_command,defects4j compile,defects4j compile,BUILD
math_100,run_shell_command,./run_bug_exposing_tests.sh,run_bug_exposing_tests.sh,TEST
math_100,read_file,,read_file,READ
math_100,run_shell_command,defects4j test,defects4j test,TEST
math_100,run_shell_command,git diff,git diff,VCS
math_106,run_shell_command,./run_bug_exposing_tests.sh,run_bug_exposing_tests.sh,TEST
math_106,read_file,,read_file,READ
math_106,run_shell_command,defects4j test,defects4j test,TEST
math_106,read_file,,read_file,READ
math_106,read_file,,read_file,READ
math_106,read_file,,read_file,READ
math_106,read_file,,read_file,READ
math_12,run_shell_command,./run_bug_exposing_tests.sh,run_bug_exposing_tests.sh,TEST
math_12,read_file,,read_file,READ
math_12,run_shell_command,defects4j test,defects4j test,TEST
math_12,glob,,glob,SEARCH_FILES
math_12,read_file,,read_file,READ
math_12,replace,,replace,WRITE
math_12,run_shell_command,defects4j compile,defects4j compile,BUILD
math_12,run_shell_command,defects4j test -t org.apache.commons.math3.distribution.GammaDistributionTest::testDistributionClone && defects4j test -t org.apache.commons.math3.distribution.LogNormalDistributionTest::testDistributionClone && defects4j test -t org.apache.commons.math3.distribution.NormalDistributionTest::testDistributionClone,defects4j test,TEST
math_12,run_shell_command,defects4j test -t org.apache.commons.math3.distribution.GammaDistributionTest::testDistributionClone && defects4j test -t org.apache.commons.math3.distribution.LogNormalDistributionTest::testDistributionClone && defects4j test -t org.apache.commons.math3.distribution.NormalDistributionTest::testDistributionClone,defects4j test,TEST
math_12,run_shell_command,defects4j test -t org.apache.commons.math3.distribution.GammaDistributionTest::testDistributionClone && defects4j test -t org.apache.commons.math3.distribution.LogNormalDistributionTest::testDistributionClone && defects4j test -t org.apache.commons.math3.distribution.NormalDistributionTest::testDistributionClone,defects4j test,TEST
math_12,run_shell_command,defects4j test,defects4j test,TEST
math_12,run_shell_command,git diff,git diff,VCS
math_14,run_shell_command,./run_bug_exposing_tests.sh,run_bug_exposing_tests.sh,TEST
math_14,read_file,,read_file,READ
math_14,run_shell_command,defects4j compile,defects4j compile,BUILD
math_14,run_shell_command,defects4j test,defects4j test,TEST
math_14,read_file,,read_file,READ
math_14,read_file,,read_file,READ
math_14,read_file,,read_file,READ
math_14,read_file,,read_file,READ
math_14,replace,,replace,WRITE
math_14,run_shell_command,defects4j compile,defects4j compile,BUILD
math_14,run_shell_command,defects4j test -t org.apache.commons.math3.fitting.PolynomialFitterTest::testLargeSample,defects4j test,TEST
math_14,read_file,,read_file,READ
math_14,read_file,,read_file,READ
math_14,replace,,replace,WRITE
math_14,run_shell_command,defects4j compile,defects4j compile,BUILD
math_14,run_shell_command,defects4j test -t org.apache.commons.math3.fitting.PolynomialFitterTest::testLargeSample,defects4j test,TEST
math_14,run_shell_command,defects4j test,defects4j test,TEST
math_14,run_shell_command,git diff,git diff,VCS
math_15,glob,,glob,SEARCH_FILES
math_15,read_file,,read_file,READ
math_15,replace,,replace,WRITE
math_15,run_shell_command,defects4j compile,defects4j compile,BUILD
math_15,run_shell_command,./run_bug_exposing_tests.sh,run_bug_exposing_tests.sh,TEST
math_15,run_shell_command,defects4j test,defects4j test,TEST
math_15,run_shell_command,git diff,git diff,VCS
math_16,run_shell_command,./run_bug_exposing_tests.sh,run_bug_exposing_tests.sh,TEST
math_16,read_file,,read_file,READ
math_16,run_shell_command,defects4j compile,defects4j compile,BUILD
math_16,run_shell_command,defects4j test -t org.apache.commons.math3.util.FastMathTest,defects4j test,TEST
math_16,glob,,glob,SEARCH_FILES
math_16,read_file,,read_file,READ
math_16,run_shell_command,defects4j test -t org.apache.commons.math3.util.FastMathTest::testMath905LargePositive,defects4j test,TEST
math_16,run_shell_command,defects4j test -t org.apache.commons.math3.util.FastMathTest::testMath905LargeNegative,defects4j test,TEST
math_16,glob,,glob,SEARCH_FILES
math_16,read_file,,read_file,READ
math_16,replace,,replace,WRITE
math_16,replace,,replace,WRITE
math_16,replace,,replace,WRITE
math_16,run_shell_command,defects4j compile,defects4j compile,BUILD
math_16,run_shell_command,defects4j test -t org.apache.commons.math3.util.FastMathTest::testMath905LargePositive,defects4j test,TEST
math_16,replace,,replace,WRITE
math_16,replace,,replace,WRITE
math_16,read_file,,read_file,READ
math_16,replace,,replace,WRITE
math_16,run_shell_command,defects4j compile,defects4j compile,BUILD
math_16,run_shell_command,defects4j test -t org.apache.commons.math3.util.FastMathTest::testMath905LargePositive,defects4j test,TEST
math_16,run_shell_command,defects4j test -t org.apache.commons.math3.util.FastMathTest::testMath905LargeNegative,defects4j test,TEST
math_16,run_shell_command,defects4j test,defects4j test,TEST
math_16,run_shell_command,git diff,git diff,VCS
math_18,run_shell_command,./run_bug_exposing_tests.sh,run_bug_exposing_tests.sh,TEST
math_18,read_file,,read_file,READ
math_18,glob,,glob,SEARCH_FILES
math_18,run_shell_command,defects4j compile,defects4j compile,BUILD
math_18,run_shell_command,./run_bug_exposing_tests.sh,run_bug_exposing_tests.sh,TEST
math_18,read_file,,read_file,READ
math_18,read_file,,read_file,READ
math_18,replace,,replace,WRITE
math_18,replace,,replace,WRITE
math_18,replace,,replace,WRITE
math_18,replace,,replace,WRITE
math_18,run_shell_command,defects4j compile,defects4j compile,BUILD
math_18,run_shell_command,./run_bug_exposing_tests.sh,run_bug_exposing_tests.sh,TEST
math_18,read_file,,read_file,READ
math_18,read_file,,read_file,READ
math_18,replace,,replace,WRITE
math_18,run_shell_command,defects4j compile,defects4j compile,BUILD
math_18,run_shell_command,./run_bug_exposing_tests.sh,run_bug_exposing_tests.sh,TEST
math_18,read_file,,read_file,READ
math_18,replace,,replace,WRITE
math_18,run_shell_command,defects4j compile,defects4j compile,BUILD
math_18,run_shell_command,./run_bug_exposing_tests.sh,run_bug_exposing_tests.sh,TEST
math_18,read_file,,read_file,READ
math_18,replace,,replace,WRITE
math_18,replace,,replace,WRITE
math_18,run_shell_command,defects4j compile,defects4j compile,BUILD
math_18,run_shell_command,./run_bug_exposing_tests.sh,run_bug_exposing_tests.sh,TEST
math_18,read_file,,read_file,READ
math_18,replace,,replace,WRITE
math_18,read_file,,read_file,READ
math_18,replace,,replace,WRITE
math_18,run_shell_command,defects4j compile,defects4j compile,BUILD
math_18,run_shell_command,./run_bug_exposing_tests.sh,run_bug_exposing_tests.sh,TEST
math_18,read_file,,read_file,READ
math_18,replace,,replace,WRITE
math_18,run_shell_command,defects4j compile,defects4j compile,BUILD
math_18,run_shell_command,./run_bug_exposing_tests.sh,run_bug_exposing_tests.sh,TEST
math_18,read_file,,read_file,READ
math_18,replace,,replace,WRITE
math_18,replace,,replace,WRITE
math_18,run_shell_command,defects4j compile,defects4j compile,BUILD
math_18,run_shell_command,./run_bug_exposing_tests.sh,run_bug_exposing_tests.sh,TEST
math_18,read_file,,read_file,READ
math_18,replace,,replace,WRITE
math_18,run_shell_command,defects4j compile,defects4j compile,BUILD
math_18,run_shell_command,./run_bug_exposing_tests.sh,run_bug_exposing_tests.sh,TEST
math_18,read_file,,read_file,READ
math_18,replace,,replace,WRITE
math_18,run_shell_command,defects4j compile,defects4j compile,BUILD
math_18,run_shell_command,./run_bug_exposing_tests.sh,run_bug_exposing_tests.sh,TEST
math_18,read_file,,read_file,READ
math_18,replace,,replace,WRITE
math_18,run_shell_command,defects4j compile,defects4j compile,BUILD
math_18,run_shell_command,./run_bug_exposing_tests.sh,run_bug_exposing_tests.sh,TEST
math_18,read_file,,read_file,READ
math_18,replace,,replace,WRITE
math_18,run_shell_command,defects4j compile,defects4j compile,BUILD
math_18,run_shell_command,./run_bug_exposing_tests.sh,run_bug_exposing_tests.sh,TEST
math_18,read_file,,read_file,READ
math_18,replace,,replace,WRITE
math_18,run_shell_command,defects4j compile,defects4j compile,BUILD
math_18,run_shell_command,./run_bug_exposing_tests.sh,run_bug_exposing_tests.sh,TEST
math_18,read_file,,read_file,READ
math_18,replace,,replace,WRITE
math_18,run_shell_command,defects4j compile,defects4j compile,BUILD
math_18,run_shell_command,./run_bug_exposing_tests.sh,run_bug_exposing_tests.sh,TEST
math_18,read_file,,read_file,READ
math_18,replace,,replace,WRITE
math_18,run_shell_command,defects4j compile,defects4j compile,BUILD
math_18,run_shell_command,./run_bug_exposing_tests.sh,run_bug_exposing_tests.sh,TEST
math_18,read_file,,read_file,READ
math_18,replace,,replace,WRITE
math_18,run_shell_command,defects4j compile,defects4j compile,BUILD
math_18,run_shell_command,./run_bug_exposing_tests.sh,run_bug_exposing_tests.sh,TEST
math_18,read_file,,read_file,READ
math_18,replace,,replace,WRITE
math_18,replace,,replace,WRITE
math_18,run_shell_command,defects4j compile,defects4j compile,BUILD
math_18,replace,,replace,WRITE
math_18,run_shell_command,defects4j compile,defects4j compile,BUILD
math_18,run_shell_command,./run_bug_exposing_tests.sh,run_bug_exposing_tests.sh,TEST
math_18,read_file,,read_file,READ
math_18,replace,,replace,WRITE
math_18,replace,,replace,WRITE
math_18,read_file,,read_file,READ
math_18,replace,,replace,WRITE
math_18,replace,,replace,WRITE
math_18,run_shell_command,defects4j compile,defects4j compile,BUILD
math_18,run_shell_command,./run_bug_exposing_tests.sh,run_bug_exposing_tests.sh,TEST
math_18,read_file,,read_file,READ
math_18,replace,,replace,WRITE
math_18,replace,,replace,WRITE
math_18,replace,,replace,WRITE
math_18,replace,,replace,WRITE
math_18,replace,,replace,WRITE
math_18,replace,,replace,WRITE
math_18,replace,,replace,WRITE
math_18,replace,,replace,WRITE
math_18,replace,,replace,WRITE
math_18,replace,,replace,WRITE
math_18,replace,,replace,WRITE
math_18,replace,,replace,WRITE
math_18,replace,,replace,WRITE
math_18,replace,,replace,WRITE
math_18,replace,,replace,WRITE
math_18,replace,,replace,WRITE
math_18,replace,,replace,WRITE
math_18,replace,,replace,WRITE
math_18,replace,,replace,WRITE
math_18,replace,,replace,WRITE
math_18,replace,,replace,WRITE
math_18,replace,,replace,WRITE
math_18,replace,,replace,WRITE
math_18,replace,,replace,WRITE
math_18,replace,,replace,WRITE
math_18,replace,,replace,WRITE
math_18,replace,,replace,WRITE
math_18,replace,,replace,WRITE
math_18,replace,,replace,WRITE
math_18,replace,,replace,WRITE
math_18,replace,,replace,WRITE
math_18,replace,,replace,WRITE
math_18,replace,,replace,WRITE
math_18,replace,,replace,WRITE
math_18,replace,,replace,WRITE
math_18,replace,,replace,WRITE
math_18,replace,,replace,WRITE
math_18,replace,,replace,WRITE
math_18,replace,,replace,WRITE
math_18,replace,,replace,WRITE
math_18,replace,,replace,WRITE
math_18,replace,,replace,WRITE
math_18,replace,,replace,WRITE
math_18,replace,,replace,WRITE
math_18,replace,,replace,WRITE
math_18,replace,,replace,WRITE
math_18,replace,,replace,WRITE
math_18,replace,,replace,WRITE
math_18,replace,,replace,WRITE
math_18,replace,,replace,WRITE
math_18,replace,,replace,WRITE
math_18,replace,,replace,WRITE
math_18,replace,,replace,WRITE
math_18,replace,,replace,WRITE
math_18,replace,,replace,WRITE
math_18,replace,,replace,WRITE
math_18,replace,,replace,WRITE
math_18,replace,,replace,WRITE
math_18,replace,,replace,WRITE
math_18,replace,,replace,WRITE
math_18,replace,,replace,WRITE
math_18,replace,,replace,WRITE
math_18,replace,,replace,WRITE
math_18,replace,,replace,WRITE
math_18,replace,,replace,WRITE
math_18,replace,,replace,WRITE
math_18,replace,,replace,WRITE
math_18,replace,,replace,WRITE
math_18,replace,,replace,WRITE
math_18,replace,,replace,WRITE
math_18,replace,,replace,WRITE
math_18,replace,,replace,WRITE
math_18,replace,,replace,WRITE
math_18,replace,,replace,WRITE
math_18,replace,,replace,WRITE
math_18,replace,,replace,WRITE
math_18,replace,,replace,WRITE
math_18,replace,,replace,WRITE
math_18,replace,,replace,WRITE
math_18,replace,,replace,WRITE
math_18,replace,,replace,WRITE
math_18,replace,,replace,WRITE
math_18,replace,,replace,WRITE
math_18,replace,,replace,WRITE
math_18,replace,,replace,WRITE
math_18,replace,,replace,WRITE
math_18,replace,,replace,WRITE
math_18,replace,,replace,WRITE
math_1,run_shell_command,./run_bug_exposing_tests.sh,run_bug_exposing_tests.sh,TEST
math_1,read_file,,read_file,READ
math_1,run_shell_command,defects4j compile,defects4j compile,BUILD
math_1,run_shell_command,./run_bug_exposing_tests.sh,run_bug_exposing_tests.sh,TEST
math_1,run_shell_command,defects4j test,defects4j test,TEST
math_1,read_file,,read_file,READ
math_1,read_file,,read_file,READ
math_1,replace,,replace,WRITE
math_1,replace,,replace,WRITE
math_1,run_shell_command,defects4j compile,defects4j compile,BUILD
math_1,run_shell_command,defects4j test -t org.apache.commons.math3.fraction.BigFractionTest::testDigitLimitConstructor && defects4j test -t org.apache.commons.math3.fraction.FractionTest::testDigitLimitConstructor,defects4j test,TEST
math_1,run_shell_command,defects4j test -t org.apache.commons.math3.fraction.BigFractionTest::testDigitLimitConstructor && defects4j test -t org.apache.commons.math3.fraction.FractionTest::testDigitLimitConstructor,defects4j test,TEST
math_1,run_shell_command,defects4j test,defects4j test,TEST
math_1,read_file,,read_file,READ
math_1,replace,,replace,WRITE
math_1,replace,,replace,WRITE
math_1,run_shell_command,defects4j compile,defects4j compile,BUILD
math_1,run_shell_command,defects4j test,defects4j test,TEST
math_1,run_shell_command,git diff,git diff,VCS
math_21,run_shell_command,./run_bug_exposing_tests.sh,run_bug_exposing_tests.sh,TEST
math_21,read_file,,read_file,READ
math_21,glob,,glob,SEARCH_FILES
math_21,glob,,glob,SEARCH_FILES
math_21,run_shell_command,defects4j test -t org.apache.commons.math3.random.CorrelatedRandomVectorGeneratorTest,defects4j test,TEST
math_21,run_shell_command,defects4j test -t org.apache.commons.math3.random.CorrelatedRandomVectorGeneratorTest,defects4j test,TEST
math_21,read_file,,read_file,READ
math_21,run_shell_command,defects4j test -t org.apache.commons.math3.random.CorrelatedRandomVectorGeneratorTest::testSampleWithZeroCovariance,defects4j test,TEST
math_21,glob,,glob,SEARCH_FILES
math_21,read_file,,read_file,READ
math_21,replace,,replace,WRITE
math_21,run_shell_command,defects4j compile,defects4j compile,BUILD
math_21,run_shell_command,defects4j test -t org.apache.commons.math3.random.CorrelatedRandomVectorGeneratorTest::testSampleWithZeroCovariance,defects4j test,TEST
math_21,run_shell_command,defects4j test,defects4j test,TEST
math_21,run_shell_command,git diff,git diff,VCS
math_22,run_shell_command,./run_bug_exposing_tests.sh,run_bug_exposing_tests.sh,TEST
math_22,read_file,,read_file,READ
math_22,run_shell_command,defects4j compile,defects4j compile,BUILD
math_22,run_shell_command,defects4j test,defects4j test,TEST
math_22,read_file,,read_file,READ
math_22,read_file,,read_file,READ
math_22,read_file,,read_file,READ
math_22,replace,,replace,WRITE
math_22,replace,,replace,WRITE
math_22,run_shell_command,defects4j compile,defects4j compile,BUILD
math_22,run_shell_command,defects4j test,defects4j test,TEST
math_22,run_shell_command,git diff,git diff,VCS
math_23,run_shell_command,./run_bug_exposing_tests.sh,run_bug_exposing_tests.sh,TEST
math_23,read_file,,read_file,READ
math_23,run_shell_command,defects4j compile,defects4j compile,BUILD
math_23,run_shell_command,defects4j test,defects4j test,TEST
math_23,read_file,,read_file,READ
math_23,read_file,,read_file,READ
math_23,replace,,replace,WRITE
math_23,replace,,replace,WRITE
math_23,replace,,replace,WRITE
math_23,run_shell_command,defects4j compile,defects4j compile,BUILD
math_23,run_shell_command,defects4j test -t org.apache.commons.math3.optimization.univariate.BrentOptimizerTest::testKeepInitIfBest,defects4j test,TEST
math_23,run_shell_command,defects4j test,defects4j test,TEST
math_23,replace,,replace,WRITE
math_23,run_shell_command,defects4j compile,defects4j compile,BUILD
math_23,run_shell_command,defects4j test,defects4j test,TEST
math_24,run_shell_command,./run_bug_exposing_tests.sh,run_bug_exposing_tests.sh,TEST
math_24,read_file,,read_file,READ
math_24,run_shell_command,defects4j compile,defects4j compile,BUILD
math_24,run_shell_command,defects4j test,defects4j test,TEST
math_24,glob,,glob,SEARCH_FILES
math_24,read_file,,read_file,READ
math_24,glob,,glob,SEARCH_FILES
math_24,read_file,,read_file,READ
math_24,replace,,replace,WRITE
math_24,replace,,replace,WRITE
math_24,replace,,replace,WRITE
math_24,replace,,replace,WRITE
math_24,run_shell_command,defects4j compile,defects4j compile,BUILD
math_24,run_shell_command,defects4j test,defects4j test,TEST
math_26,glob,,glob,SEARCH_FILES
math_26,glob,,glob,SEARCH_FILES
math_26,read_file,,read_file,READ
math_26,read_file,,read_file,READ
math_26,write_file,,write_file,WRITE
math_26,run_shell_command,defects4j compile,defects4j compile,BUILD
math_26,run_shell_command,defects4j test -t org.apache.commons.math3.fraction.FractionBug26Test,defects4j test,TEST
math_26,run_shell_command,defects4j test,defects4j test,TEST
math_26,read_file,,read_file,READ
math_26,replace,,replace,WRITE
math_26,replace,,replace,WRITE
math_26,run_shell_command,defects4j compile,defects4j compile,BUILD
math_26,run_shell_command,defects4j test,defects4j test,TEST
math_26,replace,,replace,WRITE
math_26,replace,,replace,WRITE
math_26,run_shell_command,defects4j compile,defects4j compile,BUILD
math_26,run_shell_command,defects4j test,defects4j test,TEST
math_26,replace,,replace,WRITE
math_26,run_shell_command,defects4j compile,defects4j compile,BUILD
math_26,run_shell_command,defects4j test,defects4j test,TEST
math_26,replace,,replace,WRITE
math_26,replace,,replace,WRITE
math_26,run_shell_command,defects4j compile,defects4j compile,BUILD
math_26,run_shell_command,defects4j test,defects4j test,TEST
math_26,read_file,,read_file,READ
math_26,replace,,replace,WRITE
math_26,run_shell_command,defects4j compile,defects4j compile,BUILD
math_26,run_shell_command,defects4j test,defects4j test,TEST
math_26,replace,,replace,WRITE
math_26,run_shell_command,defects4j compile,defects4j compile,BUILD
math_26,read_file,,read_file,READ
math_26,replace,,replace,WRITE
math_26,replace,,replace,WRITE
math_26,run_shell_command,defects4j compile,defects4j compile,BUILD
math_26,run_shell_command,defects4j test,defects4j test,TEST
math_26,read_file,,read_file,READ
math_26,replace,,replace,WRITE
math_26,replace,,replace,WRITE
math_26,run_shell_command,defects4j compile,defects4j compile,BUILD
math_26,run_shell_command,defects4j test,defects4j test,TEST
math_26,replace,,replace,WRITE
math_26,run_shell_command,defects4j compile,defects4j compile,BUILD
math_26,run_shell_command,defects4j test,defects4j test,TEST
math_26,replace,,replace,WRITE
math_26,replace,,replace,WRITE
math_26,run_shell_command,defects4j compile,defects4j compile,BUILD
math_26,run_shell_command,defects4j test,defects4j test,TEST
math_26,replace,,replace,WRITE
math_26,replace,,replace,WRITE
math_26,run_shell_command,defects4j compile,defects4j compile,BUILD
math_26,run_shell_command,defects4j test,defects4j test,TEST
math_26,read_file,,read_file,READ
math_26,read_file,,read_file,READ
math_26,replace,,replace,WRITE
math_26,replace,,replace,WRITE
math_26,run_shell_command,defects4j compile,defects4j compile,BUILD
math_26,run_shell_command,defects4j test,defects4j test,TEST
math_26,replace,,replace,WRITE
math_26,run_shell_command,defects4j compile,defects4j compile,BUILD
math_26,run_shell_command,defects4j test,defects4j test,TEST
math_26,read_file,,read_file,READ
math_26,replace,,replace,WRITE
math_26,run_shell_command,defects4j compile,defects4j compile,BUILD
math_26,run_shell_command,defects4j test,defects4j test,TEST
math_26,run_shell_command,git diff,git diff,VCS
math_26,run_shell_command,git add src/main/java/org/apache/commons/math3/fraction/Fraction.java,git add,VCS
math_26,run_shell_command,git add src/test/java/org/apache/commons/math3/fraction/FractionBug26Test.java,git add,VCS
math_26,run_shell_command,git diff --staged,git diff,VCS
math_28,run_shell_command,./run_bug_exposing_tests.sh,run_bug_exposing_tests.sh,TEST
math_28,read_file,,read_file,READ
math_28,run_shell_command,defects4j test,defects4j test,TEST
math_28,glob,,glob,SEARCH_FILES
math_28,read_file,,read_file,READ
math_28,glob,,glob,SEARCH_FILES
math_28,read_file,,read_file,READ
math_28,search_file_content,,search_file_content,SEARCH_CONTENT
math_28,search_file_content,,search_file_content,SEARCH_CONTENT
math_28,replace,,replace,WRITE
math_28,run_shell_command,defects4j test,defects4j test,TEST
math_28,google_web_search,,google_web_search,WEB
math_28,replace,,replace,WRITE
math_28,run_shell_command,defects4j test,defects4j test,TEST
math_28,run_shell_command,defects4j compile,defects4j compile,BUILD
math_29,run_shell_command,./run_bug_exposing_tests.sh,run_bug_exposing_tests.sh,TEST
math_29,read_file,,read_file,READ
math_29,run_shell_command,defects4j compile,defects4j compile,BUILD
math_29,run_shell_command,defects4j test,defects4j test,TEST
math_29,read_file,,read_file,READ
math_29,replace,,replace,WRITE
math_29,replace,,replace,WRITE
math_29,run_shell_command,defects4j compile,defects4j compile,BUILD
math_29,run_shell_command,defects4j test,defects4j test,TEST
math_29,run_shell_command,git diff,git diff,VCS
math_31,run_shell_command,./run_bug_exposing_tests.sh,run_bug_exposing_tests.sh,TEST
math_31,read_file,,read_file,READ
math_31,glob,,glob,SEARCH_FILES
math_31,run_shell_command,defects4j test,defects4j test,TEST
math_31,read_file,,read_file,READ
math_31,read_file,,read_file,READ
math_31,glob,,glob,SEARCH_FILES
math_31,read_file,,read_file,READ
math_31,glob,,glob,SEARCH_FILES
math_31,read_file,,read_file,READ
math_31,replace,,replace,WRITE
math_31,run_shell_command,defects4j compile,defects4j compile,BUILD
math_31,run_shell_command,defects4j test,defects4j test,TEST
math_31,run_shell_command,./run_bug_exposing_tests.sh,run_bug_exposing_tests.sh,TEST
math_31,replace,,replace,WRITE
math_31,run_shell_command,defects4j compile,defects4j compile,BUILD
math_31,run_shell_command,defects4j test,defects4j test,TEST
math_31,replace,,replace,WRITE
math_31,run_shell_command,defects4j compile,defects4j compile,BUILD
math_31,run_shell_command,defects4j test,defects4j test,TEST
math_31,glob,,glob,SEARCH_FILES
math_31,replace,,replace,WRITE
math_31,replace,,replace,WRITE
math_31,run_shell_command,defects4j compile,defects4j compile,BUILD
math_31,run_shell_command,defects4j test,defects4j test,TEST
math_31,run_shell_command,git diff,git diff,VCS
math_31,run_shell_command,git checkout -- src/main/java/org/apache/commons/math3/distribution/BinomialDistribution.java,git checkout,VCS
math_31,replace,,replace,WRITE
math_31,replace,,replace,WRITE
math_31,run_shell_command,git diff src/main/java/org/apache/commons/math3/distribution/BinomialDistribution.java,git diff,VCS
math_35,run_shell_command,./run_bug_exposing_tests.sh,run_bug_exposing_tests.sh,TEST
math_35,read_file,,read_file,READ
math_35,run_shell_command,defects4j compile,defects4j compile,BUILD
math_35,run_shell_command,./run_bug_exposing_tests.sh,run_bug_exposing_tests.sh,TEST
math_35,read_file,,read_file,READ
math_35,read_file,,read_file,READ
math_35,replace,,replace,WRITE
math_35,replace,,replace,WRITE
math_35,run_shell_command,defects4j compile,defects4j compile,BUILD
math_35,run_shell_command,defects4j test,defects4j test,TEST
math_35,run_shell_command,git diff,git diff,VCS
math_36,run_shell_command,./run_bug_exposing_tests.sh,run_bug_exposing_tests.sh,TEST
math_36,read_file,,read_file,READ
math_36,run_shell_command,defects4j compile,defects4j compile,BUILD
math_36,run_shell_command,defects4j test,defects4j test,TEST
math_36,read_file,,read_file,READ
math_36,replace,,replace,WRITE
math_36,replace,,replace,WRITE
math_36,run_shell_command,defects4j compile,defects4j compile,BUILD
math_36,run_shell_command,defects4j test -t org.apache.commons.math.fraction.BigFractionTest::testFloatValueForLargeNumeratorAndDenominator && defects4j test -t org.apache.commons.math.fraction.BigFractionTest::testDoubleValueForLargeNumeratorAndDenominator,defects4j test,TEST
math_36,run_shell_command,defects4j test -t org.apache.commons.math.fraction.BigFractionTest::testFloatValueForLargeNumeratorAndDenominator && defects4j test -t org.apache.commons.math.fraction.BigFractionTest::testDoubleValueForLargeNumeratorAndDenominator,defects4j test,TEST
math_36,run_shell_command,defects4j test,defects4j test,TEST
math_36,replace,,replace,WRITE
math_36,replace,,replace,WRITE
math_36,run_shell_command,defects4j compile && defects4j test,defects4j compile,BUILD
math_36,run_shell_command,defects4j compile && defects4j test,defects4j test,TEST
math_36,replace,,replace,WRITE
math_36,replace,,replace,WRITE
math_36,run_shell_command,defects4j compile && defects4j test,defects4j compile,BUILD
math_36,run_shell_command,defects4j compile && defects4j test,defects4j test,TEST
math_36,run_shell_command,git diff,git diff,VCS
math_37,read_file,,read_file,READ
math_37,replace,,replace,WRITE
math_37,run_shell_command,defects4j compile,defects4j compile,BUILD
math_37,run_shell_command,./run_bug_exposing_tests.sh,run_bug_exposing_tests.sh,TEST
math_37,read_file,,read_file,READ
math_37,read_file,,read_file,READ
math_37,read_file,,read_file,READ
math_37,replace,,replace,WRITE
math_37,run_shell_command,defects4j compile,defects4j compile,BUILD
math_37,run_shell_command,./run_bug_exposing_tests.sh,run_bug_exposing_tests.sh,TEST
math_37,read_file,,read_file,READ
math_37,replace,,replace,WRITE
math_37,run_shell_command,defects4j compile,defects4j compile,BUILD
math_37,run_shell_command,./run_bug_exposing_tests.sh,run_bug_exposing_tests.sh,TEST
math_37,read_file,,read_file,READ
math_37,read_file,,read_file,READ
math_37,replace,,replace,WRITE
math_37,replace,,replace,WRITE
math_37,run_shell_command,defects4j compile,defects4j compile,BUILD
math_37,run_shell_command,./run_bug_exposing_tests.sh,run_bug_exposing_tests.sh,TEST
math_37,read_file,,read_file,READ
math_37,run_shell_command,./run_all_tests_trace.sh,run_all_tests_trace.sh,TEST
math_37,read_file,,read_file,READ
math_37,read_file,,read_file,READ
math_37,run_shell_command,git diff,git diff,VCS
math_38,glob,,glob,SEARCH_FILES
math_38,read_file,,read_file,READ
math_38,read_file,,read_file,READ
math_38,search_file_content,,search_file_content,SEARCH_CONTENT
math_38,search_file_content,,search_file_content,SEARCH_CONTENT
math_38,search_file_content,,search_file_content,SEARCH_CONTENT
math_38,read_file,,read_file,READ
math_38,replace,,replace,WRITE
math_38,run_shell_command,defects4j compile,defects4j compile,BUILD
math_38,read_file,,read_file,READ
math_38,read_file,,read_file,READ
math_38,read_file,,read_file,READ
math_38,replace,,replace,WRITE
math_38,search_file_content,,search_file_content,SEARCH_CONTENT
math_38,read_file,,read_file,READ
math_38,search_file_content,,search_file_content,SEARCH_CONTENT
math_38,replace,,replace,WRITE
math_38,run_shell_command,./run_bug_exposing_tests.sh,run_bug_exposing_tests.sh,TEST
math_38,read_file,,read_file,READ
math_38,read_file,,read_file,READ
math_38,replace,,replace,WRITE
math_38,search_file_content,,search_file_content,SEARCH_CONTENT
math_38,replace,,replace,WRITE
math_38,run_shell_command,./run_bug_exposing_tests.sh,run_bug_exposing_tests.sh,TEST
math_38,read_file,,read_file,READ
math_38,replace,,replace,WRITE
math_38,run_shell_command,./run_bug_exposing_tests.sh,run_bug_exposing_tests.sh,TEST
math_38,read_file,,read_file,READ
math_38,replace,,replace,WRITE
math_38,replace,,replace,WRITE
math_38,replace,,replace,WRITE
math_38,run_shell_command,defects4j compile,defects4j compile,BUILD
math_38,run_shell_command,./run_bug_exposing_tests.sh,run_bug_exposing_tests.sh,TEST
math_38,read_file,,read_file,READ
math_38,replace,,replace,WRITE
math_38,run_shell_command,defects4j compile,defects4j compile,BUILD
math_38,run_shell_command,./run_bug_exposing_tests.sh,run_bug_exposing_tests.sh,TEST
math_38,read_file,,read_file,READ
math_38,replace,,replace,WRITE
math_38,run_shell_command,defects4j compile,defects4j compile,BUILD
math_38,run_shell_command,./run_bug_exposing_tests.sh,run_bug_exposing_tests.sh,TEST
math_38,read_file,,read_file,READ
math_38,read_file,,read_file,READ
math_38,replace,,replace,WRITE
math_38,read_file,,read_file,READ
math_38,replace,,replace,WRITE
math_38,read_file,,read_file,READ
math_38,replace,,replace,WRITE
math_38,read_file,,read_file,READ
math_38,search_file_content,,search_file_content,SEARCH_CONTENT
math_38,read_file,,read_file,READ
math_38,replace,,replace,WRITE
math_38,replace,,replace,WRITE
math_38,run_shell_command,defects4j compile,defects4j compile,BUILD
math_38,run_shell_command,./run_bug_exposing_tests.sh,run_bug_exposing_tests.sh,TEST
math_38,read_file,,read_file,READ
math_38,replace,,replace,WRITE
math_38,run_shell_command,defects4j compile,defects4j compile,BUILD
math_38,run_shell_command,./run_bug_exposing_tests.sh,run_bug_exposing_tests.sh,TEST
math_38,read_file,,read_file,READ
math_38,search_file_content,,search_file_content,SEARCH_CONTENT
math_38,read_file,,read_file,READ
math_38,glob,,glob,SEARCH_FILES
math_38,read_file,,read_file,READ
math_38,replace,,replace,WRITE
math_38,replace,,replace,WRITE
math_38,replace,,replace,WRITE
math_38,replace,,replace,WRITE
math_38,replace,,replace,WRITE
math_38,replace,,replace,WRITE
math_38,replace,,replace,WRITE
math_38,replace,,replace,WRITE
math_38,run_shell_command,defects4j compile,defects4j compile,BUILD
math_38,replace,,replace,WRITE
math_38,replace,,replace,WRITE
math_38,replace,,replace,WRITE
math_38,replace,,replace,WRITE
math_38,replace,,replace,WRITE
math_38,read_file,,read_file,READ
math_38,replace,,replace,WRITE
math_38,replace,,replace,WRITE
math_38,read_file,,read_file,READ
math_38,read_file,,read_file,READ
math_38,replace,,replace,WRITE
math_38,replace,,replace,WRITE
math_38,replace,,replace,WRITE
math_38,replace,,replace,WRITE
math_38,replace,,replace,WRITE
math_38,run_shell_command,defects4j compile,defects4j compile,BUILD
math_38,replace,,replace,WRITE
math_38,read_file,,read_file,READ
math_38,replace,,replace,WRITE
math_38,replace,,replace,WRITE
math_38,replace,,replace,WRITE
math_38,read_file,,read_file,READ
math_38,read_file,,read_file,READ
math_38,replace,,replace,WRITE
math_38,replace,,replace,WRITE
math_38,replace,,replace,WRITE
math_38,replace,,replace,WRITE
math_38,run_shell_command,defects4j compile,defects4j compile,BUILD
math_38,run_shell_command,./run_bug_exposing_tests.sh,run_bug_exposing_tests.sh,TEST
math_38,read_file,,read_file,READ
math_38,replace,,replace,WRITE
math_38,run_shell_command,defects4j compile,defects4j compile,BUILD
math_38,run_shell_command,./run_bug_exposing_tests.sh,run_bug_exposing_tests.sh,TEST
math_38,read_file,,read_file,READ
math_38,replace,,replace,WRITE
math_38,replace,,replace,WRITE
math_38,read_file,,read_file,READ
math_38,replace,,replace,WRITE
math_38,run_shell_command,defects4j compile,defects4j compile,BUILD
math_38,run_shell_command,./run_bug_exposing_tests.sh,run_bug_exposing_tests.sh,TEST
math_38,read_file,,read_file,READ
math_38,replace,,replace,WRITE
math_38,replace,,replace,WRITE
math_38,read_file,,read_file,READ
math_38,replace,,replace,WRITE
math_38,run_shell_command,defects4j compile,defects4j compile,BUILD
math_38,run_shell_command,./run_bug_exposing_tests.sh,run_bug_exposing_tests.sh,TEST
math_38,read_file,,read_file,READ
math_38,replace,,replace,WRITE
math_38,replace,,replace,WRITE
math_38,read_file,,read_file,READ
math_38,replace,,replace,WRITE
math_38,run_shell_command,defects4j compile,defects4j compile,BUILD
math_38,run_shell_command,./run_bug_exposing_tests.sh,run_bug_exposing_tests.sh,TEST
math_38,read_file,,read_file,READ
math_38,replace,,replace,WRITE
math_38,replace,,replace,WRITE
math_38,read_file,,read_file,READ
math_38,replace,,replace,WRITE
math_38,run_shell_command,defects4j compile,defects4j compile,BUILD
math_38,run_shell_command,./run_bug_exposing_tests.sh,run_bug_exposing_tests.sh,TEST
math_38,read_file,,read_file,READ
math_38,replace,,replace,WRITE
math_38,replace,,replace,WRITE
math_38,read_file,,read_file,READ
math_38,replace,,replace,WRITE
math_38,run_shell_command,defects4j compile,defects4j compile,BUILD
math_38,run_shell_command,./run_bug_exposing_tests.sh,run_bug_exposing_tests.sh,TEST
math_38,read_file,,read_file,READ
math_38,replace,,replace,WRITE
math_44,run_shell_command,./run_bug_exposing_tests.sh,run_bug_exposing_tests.sh,TEST
math_44,read_file,,read_file,READ
math_44,run_shell_command,defects4j test,defects4j test,TEST
math_44,glob,,glob,SEARCH_FILES
math_44,read_file,,read_file,READ
math_44,glob,,glob,SEARCH_FILES
math_44,read_file,,read_file,READ
math_44,replace,,replace,WRITE
math_44,run_shell_command,defects4j compile,defects4j compile,BUILD
math_44,run_shell_command,defects4j test,defects4j test,TEST
math_44,replace,,replace,WRITE
math_44,replace,,replace,WRITE
math_44,run_shell_command,defects4j compile,defects4j compile,BUILD
math_44,run_shell_command,defects4j test,defects4j test,TEST
math_44,replace,,replace,WRITE
math_44,replace,,replace,WRITE
math_44,run_shell_command,defects4j compile,defects4j compile,BUILD
math_44,run_shell_command,defects4j test,defects4j test,TEST
math_44,replace,,replace,WRITE
math_44,replace,,replace,WRITE
math_44,run_shell_command,defects4j compile,defects4j compile,BUILD
math_44,run_shell_command,defects4j test,defects4j test,TEST
math_44,replace,,replace,WRITE
math_44,replace,,replace,WRITE
math_44,run_shell_command,defects4j compile,defects4j compile,BUILD
math_44,run_shell_command,defects4j test,defects4j test,TEST
math_44,replace,,replace,WRITE
math_44,replace,,replace,WRITE
math_44,run_shell_command,defects4j compile,defects4j compile,BUILD
math_44,run_shell_command,defects4j test,defects4j test,TEST
math_44,replace,,replace,WRITE
math_44,replace,,replace,WRITE
math_44,run_shell_command,defects4j compile,defects4j compile,BUILD
math_44,run_shell_command,defects4j test,defects4j test,TEST
math_44,replace,,replace,WRITE
math_44,replace,,replace,WRITE
math_44,run_shell_command,defects4j compile,defects4j compile,BUILD
math_44,run_shell_command,defects4j test,defects4j test,TEST
math_44,replace,,replace,WRITE
math_44,replace,,replace,WRITE
math_44,run_shell_command,defects4j compile,defects4j compile,BUILD
math_44,run_shell_command,defects4j test,defects4j test,TEST
math_44,replace,,replace,WRITE
math_44,replace,,replace,WRITE
math_44,run_shell_command,defects4j compile,defects4j compile,BUILD
math_44,run_shell_command,defects4j test,defects4j test,TEST
math_44,replace,,replace,WRITE
math_44,replace,,replace,WRITE
math_44,run_shell_command,defects4j compile,defects4j compile,BUILD
math_44,run_shell_command,defects4j test,defects4j test,TEST
math_44,replace,,replace,WRITE
math_44,replace,,replace,WRITE
math_44,run_shell_command,defects4j compile,defects4j compile,BUILD
math_44,run_shell_command,defects4j test,defects4j test,TEST
math_44,replace,,replace,WRITE
math_44,replace,,replace,WRITE
math_44,run_shell_command,defects4j compile,defects4j compile,BUILD
math_44,run_shell_command,defects4j test,defects4j test,TEST
math_44,replace,,replace,WRITE
math_44,replace,,replace,WRITE
math_44,run_shell_command,defects4j compile,defects4j compile,BUILD
math_44,run_shell_command,defects4j test,defects4j test,TEST
math_44,replace,,replace,WRITE
math_44,replace,,replace,WRITE
math_44,run_shell_command,defects4j compile,defects4j compile,BUILD
math_44,run_shell_command,defects4j test,defects4j test,TEST
math_44,replace,,replace,WRITE
math_44,replace,,replace,WRITE
math_44,run_shell_command,defects4j compile,defects4j compile,BUILD
math_44,run_shell_command,defects4j test,defects4j test,TEST
math_44,replace,,replace,WRITE
math_44,replace,,replace,WRITE
math_44,run_shell_command,defects4j compile,defects4j compile,BUILD
math_44,run_shell_command,defects4j test,defects4j test,TEST
math_44,replace,,replace,WRITE
math_44,replace,,replace,WRITE
math_44,run_shell_command,defects4j compile,defects4j compile,BUILD
math_44,run_shell_command,defects4j test,defects4j test,TEST
math_44,replace,,replace,WRITE
math_44,replace,,replace,WRITE
math_44,run_shell_command,defects4j compile,defects4j compile,BUILD
math_44,run_shell_command,defects4j test,defects4j test,TEST
math_44,replace,,replace,WRITE
math_44,replace,,replace,WRITE
math_44,run_shell_command,defects4j compile,defects4j compile,BUILD
math_44,run_shell_command,defects4j test,defects4j test,TEST
math_44,replace,,replace,WRITE
math_44,replace,,replace,WRITE
math_44,run_shell_command,defects4j compile,defects4j compile,BUILD
math_44,run_shell_command,defects4j test,defects4j test,TEST
math_44,replace,,replace,WRITE
math_44,replace,,replace,WRITE
math_44,run_shell_command,defects4j compile,defects4j compile,BUILD
math_44,run_shell_command,defects4j test,defects4j test,TEST
math_44,replace,,replace,WRITE
math_44,replace,,replace,WRITE
math_44,run_shell_command,defects4j compile,defects4j compile,BUILD
math_44,run_shell_command,defects4j test,defects4j test,TEST
math_44,replace,,replace,WRITE
math_44,replace,,replace,WRITE
math_44,run_shell_command,defects4j compile,defects4j compile,BUILD
math_44,run_shell_command,defects4j test,defects4j test,TEST
math_44,replace,,replace,WRITE
math_44,replace,,replace,WRITE
math_44,run_shell_command,defects4j compile,defects4j compile,BUILD
math_44,run_shell_command,defects4j test,defects4j test,TEST
math_44,replace,,replace,WRITE
math_44,replace,,replace,WRITE
math_44,run_shell_command,defects4j compile,defects4j compile,BUILD
math_44,run_shell_command,defects4j test,defects4j test,TEST
math_44,replace,,replace,WRITE
math_44,replace,,replace,WRITE
math_44,run_shell_command,defects4j compile,defects4j compile,BUILD
math_44,run_shell_command,defects4j test,defects4j test,TEST
math_44,replace,,replace,WRITE
math_44,replace,,replace,WRITE
math_44,run_shell_command,defects4j compile,defects4j compile,BUILD
math_44,run_shell_command,defects4j test,defects4j test,TEST
math_44,replace,,replace,WRITE
math_44,replace,,replace,WRITE
math_44,run_shell_command,defects4j compile,defects4j compile,BUILD
math_44,run_shell_command,defects4j test,defects4j test,TEST
math_44,replace,,replace,WRITE
math_44,replace,,replace,WRITE
math_44,run_shell_command,defects4j compile,defects4j compile,BUILD
math_44,run_shell_command,defects4j test,defects4j test,TEST
math_44,replace,,replace,WRITE
math_44,replace,,replace,WRITE
math_44,run_shell_command,defects4j compile,defects4j compile,BUILD
math_44,run_shell_command,defects4j test,defects4j test,TEST
math_44,replace,,replace,WRITE
math_44,replace,,replace,WRITE
math_44,run_shell_command,defects4j compile,defects4j compile,BUILD
math_44,run_shell_command,defects4j test,defects4j test,TEST
math_44,replace,,replace,WRITE
math_44,replace,,replace,WRITE
math_44,run_shell_command,defects4j compile,defects4j compile,BUILD
math_44,run_shell_command,defects4j test,defects4j test,TEST
math_44,replace,,replace,WRITE
math_44,replace,,replace,WRITE
math_44,run_shell_command,defects4j compile,defects4j compile,BUILD
math_44,run_shell_command,defects4j test,defects4j test,TEST
math_44,replace,,replace,WRITE
math_44,replace,,replace,WRITE
math_44,run_shell_command,defects4j compile,defects4j compile,BUILD
math_44,run_shell_command,defects4j test,defects4j test,TEST
math_44,replace,,replace,WRITE
math_44,replace,,replace,WRITE
math_44,run_shell_command,defects4j compile,defects4j compile,BUILD
math_44,run_shell_command,defects4j test,defects4j test,TEST
math_44,replace,,replace,WRITE
math_44,replace,,replace,WRITE
math_44,run_shell_command,defects4j compile,defects4j compile,BUILD
math_44,run_shell_command,defects4j test,defects4j test,TEST
math_44,replace,,replace,WRITE
math_44,replace,,replace,WRITE
math_44,run_shell_command,defects4j compile,defects4j compile,BUILD
math_44,run_shell_command,defects4j test,defects4j test,TEST
math_44,replace,,replace,WRITE
math_44,replace,,replace,WRITE
math_44,run_shell_command,defects4j compile,defects4j compile,BUILD
math_44,run_shell_command,defects4j test,defects4j test,TEST
math_44,replace,,replace,WRITE
math_44,replace,,replace,WRITE
math_44,run_shell_command,defects4j compile,defects4j compile,BUILD
math_44,run_shell_command,defects4j test,defects4j test,TEST
math_46,run_shell_command,./run_bug_exposing_tests.sh,run_bug_exposing_tests.sh,TEST
math_46,read_file,,read_file,READ
math_46,glob,,glob,SEARCH_FILES
math_46,run_shell_command,defects4j test -t org.apache.commons.math.complex.ComplexTest,defects4j test,TEST
math_46,run_shell_command,defects4j compile,defects4j compile,BUILD
math_46,run_shell_command,defects4j test,defects4j test,TEST
math_46,glob,,glob,SEARCH_FILES
math_46,read_file,,read_file,READ
math_46,read_file,,read_file,READ
math_46,replace,,replace,WRITE
math_46,replace,,replace,WRITE
math_47,run_shell_command,./run_bug_exposing_tests.sh,run_bug_exposing_tests.sh,TEST
math_47,read_file,,read_file,READ
math_47,run_shell_command,defects4j test,defects4j test,TEST
math_47,read_file,,read_file,READ
math_47,read_file,,read_file,READ
math_47,replace,,replace,WRITE
math_47,replace,,replace,WRITE
math_47,run_shell_command,defects4j compile,defects4j compile,BUILD
math_49,run_shell_command,./run_bug_exposing_tests.sh,run_bug_exposing_tests.sh,TEST
math_49,read_file,,read_file,READ
math_49,glob,,glob,SEARCH_FILES
math_49,search_file_content,,search_file_content,SEARCH_CONTENT
math_49,read_file,,read_file,READ
math_49,replace,,replace,WRITE
math_49,replace,,replace,WRITE
math_49,run_shell_command,defects4j compile,defects4j compile,BUILD
math_49,run_shell_command,defects4j test,defects4j test,TEST
math_49,run_shell_command,git diff,git diff,VCS
math_4,run_shell_command,./run_bug_exposing_tests.sh,run_bug_exposing_tests.sh,TEST
math_4,read_file,,read_file,READ
math_4,run_shell_command,defects4j test,defects4j test,TEST
math_4,read_file,,read_file,READ
math_4,read_file,,read_file,READ
math_4,read_file,,read_file,READ
math_4,read_file,,read_file,READ
math_4,replace,,replace,WRITE
math_4,replace,,replace,WRITE
math_4,run_shell_command,defects4j compile,defects4j compile,BUILD
math_4,run_shell_command,defects4j test,defects4j test,TEST
math_4,run_shell_command,git diff,git diff,VCS
math_52,run_shell_command,./run_bug_exposing_tests.sh,run_bug_exposing_tests.sh,TEST
math_52,read_file,,read_file,READ
math_52,run_shell_command,defects4j compile,defects4j compile,BUILD
math_52,run_shell_command,./run_bug_exposing_tests.sh,run_bug_exposing_tests.sh,TEST
math_52,run_shell_command,defects4j test,defects4j test,TEST
math_52,read_file,,read_file,READ
math_52,read_file,,read_file,READ
math_54,run_shell_command,./run_bug_exposing_tests.sh,run_bug_exposing_tests.sh,TEST
math_54,read_file,,read_file,READ
math_54,glob,,glob,SEARCH_FILES
math_54,read_file,,read_file,READ
math_54,search_file_content,,search_file_content,SEARCH_CONTENT
math_54,read_file,,read_file,READ
math_54,replace,,replace,WRITE
math_54,run_shell_command,defects4j compile,defects4j compile,BUILD
math_54,write_file,,write_file,WRITE
math_54,run_shell_command,defects4j compile,defects4j compile,BUILD
math_54,run_shell_command,defects4j test -t org.apache.commons.math.dfp.TestDfpToDoubleBug::testToDoubleZero,defects4j test,TEST
math_54,run_shell_command,defects4j test,defects4j test,TEST
math_54,glob,,glob,SEARCH_FILES
math_54,read_file,,read_file,READ
math_54,run_shell_command,defects4j test -t org.apache.commons.math.dfp.DfpTest::testIssue567,defects4j test,TEST
math_54,replace,,replace,WRITE
math_54,replace,,replace,WRITE
math_54,run_shell_command,defects4j compile,defects4j compile,BUILD
math_54,run_shell_command,defects4j test -t org.apache.commons.math.dfp.DfpTest::testIssue567,defects4j test,TEST
math_54,replace,,replace,WRITE
math_54,run_shell_command,defects4j compile,defects4j compile,BUILD
math_54,run_shell_command,defects4j test,defects4j test,TEST
math_54,run_shell_command,rm /Users/danielding/Desktop/example_dir/Math_54/src/test/java/org/apache/commons/math/dfp/TestDfpToDoubleBug.java,rm,FILE_OPS
math_54,run_shell_command,git diff,git diff,VCS
math_55,run_shell_command,./run_bug_exposing_tests.sh,run_bug_exposing_tests.sh,TEST
math_55,read_file,,read_file,READ
math_55,search_file_content,,search_file_content,SEARCH_CONTENT
math_55,run_shell_command,defects4j test -t org.apache.commons.math.geometry.Vector3DTest::testCrossProductCancellation,defects4j test,TEST
math_55,read_file,,read_file,READ
math_55,read_file,,read_file,READ
math_55,replace,,replace,WRITE
math_55,run_shell_command,defects4j compile,defects4j compile,BUILD
math_55,run_shell_command,defects4j test -t org.apache.commons.math.geometry.Vector3DTest::testCrossProductCancellation,defects4j test,TEST
math_55,replace,,replace,WRITE
math_55,run_shell_command,defects4j compile,defects4j compile,BUILD
math_55,run_shell_command,defects4j test -t org.apache.commons.math.geometry.Vector3DTest::testCrossProductCancellation,defects4j test,TEST
math_55,read_file,,read_file,READ
math_55,replace,,replace,WRITE
math_55,read_file,,read_file,READ
math_55,replace,,replace,WRITE
math_55,run_shell_command,defects4j compile,defects4j compile,BUILD
math_55,run_shell_command,defects4j test -t org.apache.commons.math.geometry.Vector3DTest::testCrossProductCancellation,defects4j test,TEST
math_55,run_shell_command,./run_all_tests_trace.sh,run_all_tests_trace.sh,TEST
math_55,read_file,,read_file,READ
math_55,read_file,,read_file,READ
math_55,read_file,,read_file,READ
math_55,replace,,replace,WRITE
math_55,run_shell_command,defects4j compile,defects4j compile,BUILD
math_55,run_shell_command,defects4j test -t org.apache.commons.math.geometry.Vector3DTest::testCrossProductCancellation,defects4j test,TEST
math_55,replace,,replace,WRITE
math_55,run_shell_command,defects4j compile,defects4j compile,BUILD
math_55,run_shell_command,defects4j test -t org.apache.commons.math.geometry.Vector3DTest::testCrossProductCancellation,defects4j test,TEST
math_61,read_file,,read_file,READ
math_61,run_shell_command,./run_bug_exposing_tests.sh,run_bug_exposing_tests.sh,TEST
math_61,run_shell_command,defects4j test,defects4j test,TEST
math_61,read_file,,read_file,READ
math_61,read_file,,read_file,READ
math_61,read_file,,read_file,READ
math_61,read_file,,read_file,READ
math_61,replace,,replace,WRITE
math_61,run_shell_command,defects4j compile,defects4j compile,BUILD
math_61,run_shell_command,defects4j test,defects4j test,TEST
math_61,replace,,replace,WRITE
math_61,run_shell_command,defects4j compile,defects4j compile,BUILD
math_61,run_shell_command,defects4j test,defects4j test,TEST
math_61,read_file,,read_file,READ
math_61,replace,,replace,WRITE
math_61,run_shell_command,defects4j compile,defects4j compile,BUILD
math_61,replace,,replace,WRITE
math_61,run_shell_command,defects4j compile,defects4j compile,BUILD
math_62,run_shell_command,./run_bug_exposing_tests.sh,run_bug_exposing_tests.sh,TEST
math_62,read_file,,read_file,READ
math_62,run_shell_command,defects4j test,defects4j test,TEST
math_62,read_file,,read_file,READ
math_62,glob,,glob,SEARCH_FILES
math_62,read_file,,read_file,READ
math_62,replace,,replace,WRITE
math_62,run_shell_command,defects4j compile,defects4j compile,BUILD
math_64,run_shell_command,./run_bug_exposing_tests.sh,run_bug_exposing_tests.sh,TEST
math_64,read_file,,read_file,READ
math_64,run_shell_command,defects4j compile,defects4j compile,BUILD
math_64,run_shell_command,defects4j test,defects4j test,TEST
math_64,glob,,glob,SEARCH_FILES
math_64,read_file,,read_file,READ
math_64,glob,,glob,SEARCH_FILES
math_64,read_file,,read_file,READ
math_64,replace,,replace,WRITE
math_64,run_shell_command,defects4j compile,defects4j compile,BUILD
math_64,run_shell_command,defects4j test,defects4j test,TEST
math_64,replace,,replace,WRITE
math_64,replace,,replace,WRITE
math_64,replace,,replace,WRITE
math_64,replace,,replace,WRITE
math_64,replace,,replace,WRITE
math_64,replace,,replace,WRITE
math_64,run_shell_command,defects4j compile,defects4j compile,BUILD
math_64,run_shell_command,defects4j test,defects4j test,TEST
math_64,replace,,replace,WRITE
math_64,run_shell_command,defects4j compile,defects4j compile,BUILD
math_64,run_shell_command,defects4j test,defects4j test,TEST
math_64,replace,,replace,WRITE
math_64,run_shell_command,defects4j compile,defects4j compile,BUILD
math_64,glob,,glob,SEARCH_FILES
math_64,read_file,,read_file,READ
math_64,replace,,replace,WRITE
math_64,run_shell_command,defects4j compile,defects4j compile,BUILD
math_64,run_shell_command,defects4j test,defects4j test,TEST
math_64,run_shell_command,git restore src/main/java/org/apache/commons/math/optimization/general/LevenbergMarquardtOptimizer.java,git restore,VCS
math_64,replace,,replace,WRITE
math_64,replace,,replace,WRITE
math_64,replace,,replace,WRITE
math_64,run_shell_command,defects4j compile,defects4j compile,BUILD
math_64,run_shell_command,defects4j test,defects4j test,TEST
math_64,run_shell_command,git restore src/main/java/org/apache/commons/math/optimization/general/LevenbergMarquardtOptimizer.java,git restore,VCS
math_64,replace,,replace,WRITE
math_64,replace,,replace,WRITE
math_64,replace,,replace,WRITE
math_64,run_shell_command,defects4j compile,defects4j compile,BUILD
math_64,run_shell_command,defects4j test,defects4j test,TEST
math_64,replace,,replace,WRITE
math_64,run_shell_command,defects4j compile,defects4j compile,BUILD
math_64,run_shell_command,defects4j test,defects4j test,TEST
math_64,glob,,glob,SEARCH_FILES
math_64,read_file,,read_file,READ
math_64,replace,,replace,WRITE
math_64,run_shell_command,defects4j compile,defects4j compile,BUILD
math_64,run_shell_command,defects4j test,defects4j test,TEST
math_64,run_shell_command,git diff src/main/java/org/apache/commons/math/optimization/general/LevenbergMarquardtOptimizer.java,git diff,VCS
math_65,run_shell_command,./run_bug_exposing_tests.sh,run_bug_exposing_tests.sh,TEST
math_65,read_file,,read_file,READ
math_65,run_shell_command,defects4j test,defects4j test,TEST
math_65,read_file,,read_file,READ
math_65,glob,,glob,SEARCH_FILES
math_65,search_file_content,,search_file_content,SEARCH_CONTENT
math_65,read_file,,read_file,READ
math_65,replace,,replace,WRITE
math_65,replace,,replace,WRITE
math_65,run_shell_command,defects4j compile,defects4j compile,BUILD
math_65,run_shell_command,defects4j test,defects4j test,TEST
math_66,run_shell_command,./run_bug_exposing_tests.sh,run_bug_exposing_tests.sh,TEST
math_66,read_file,,read_file,READ
math_66,run_shell_command,defects4j test,defects4j test,TEST
math_66,read_file,,read_file,READ
math_66,read_file,,read_file,READ
math_66,google_web_search,,google_web_search,WEB
math_66,replace,,replace,WRITE
math_66,run_shell_command,defects4j compile,defects4j compile,BUILD
math_66,run_shell_command,defects4j test,defects4j test,TEST
math_66,replace,,replace,WRITE
math_66,read_file,,read_file,READ
math_66,replace,,replace,WRITE
math_66,run_shell_command,git checkout /Users/danielding/Desktop/example_dir/Math_66/src/main/java/org/apache/commons/math/optimization/univariate/BrentOptimizer.java,git checkout,VCS
math_66,run_shell_command,defects4j test,defects4j test,TEST
math_66,replace,,replace,WRITE
math_66,run_shell_command,defects4j compile,defects4j compile,BUILD
math_66,run_shell_command,defects4j test,defects4j test,TEST
math_66,run_shell_command,git checkout /Users/danielding/Desktop/example_dir/Math_66/src/main/java/org/apache/commons/math/optimization/univariate/BrentOptimizer.java,git checkout,VCS
math_66,read_file,,read_file,READ
math_66,replace,,replace,WRITE
math_66,run_shell_command,defects4j compile,defects4j compile,BUILD
math_66,run_shell_command,defects4j test,defects4j test,TEST
math_66,run_shell_command,git checkout /Users/danielding/Desktop/example_dir/Math_66/src/main/java/org/apache/commons/math/optimization/univariate/BrentOptimizer.java,git checkout,VCS
math_66,run_shell_command,defects4j test,defects4j test,TEST
math_66,google_web_search,,google_web_search,WEB
math_66,run_shell_command,git checkout /Users/danielding/Desktop/example_dir/Math_66/src/main/java/org/apache/commons/math/optimization/univariate/BrentOptimizer.java,git checkout,VCS
math_66,read_file,,read_file,READ
math_66,replace,,replace,WRITE
math_66,run_shell_command,git checkout /Users/danielding/Desktop/example_dir/Math_66/src/main/java/org/apache/commons/math/optimization/univariate/BrentOptimizer.java,git checkout,VCS
math_66,read_file,,read_file,READ
math_66,replace,,replace,WRITE
math_66,replace,,replace,WRITE
math_66,replace,,replace,WRITE
math_66,run_shell_command,defects4j compile,defects4j compile,BUILD
math_66,run_shell_command,defects4j test,defects4j test,TEST
math_66,run_shell_command,git checkout /Users/danielding/Desktop/example_dir/Math_66/src/main/java/org/apache/commons/math/optimization/univariate/BrentOptimizer.java,git checkout,VCS
math_66,read_file,,read_file,READ
math_66,replace,,replace,WRITE
math_66,read_file,,read_file,READ
math_66,write_file,,write_file,WRITE
math_66,run_shell_command,defects4j compile,defects4j compile,BUILD
math_66,run_shell_command,defects4j test,defects4j test,TEST
math_66,run_shell_command,git checkout /Users/danielding/Desktop/example_dir/Math_66/src/main/java/org/apache/commons/math/optimization/univariate/BrentOptimizer.java,git checkout,VCS
math_66,read_file,,read_file,READ
math_66,write_file,,write_file,WRITE
math_66,run_shell_command,defects4j compile,defects4j compile,BUILD
math_66,run_shell_command,defects4j test,defects4j test,TEST
math_66,run_shell_command,git checkout /Users/danielding/Desktop/example_dir/Math_66/src/main/java/org/apache/commons/math/optimization/univariate/BrentOptimizer.java,git checkout,VCS
math_66,google_web_search,,google_web_search,WEB
math_66,google_web_search,,google_web_search,WEB
math_66,google_web_search,,google_web_search,WEB
math_66,run_shell_command,./run_bug_exposing_tests.sh,run_bug_exposing_tests.sh,TEST
math_66,read_file,,read_file,READ
math_66,write_file,,write_file,WRITE
math_66,run_shell_command,defects4j compile,defects4j compile,BUILD
math_66,run_shell_command,defects4j test,defects4j test,TEST
math_66,run_shell_command,git checkout /Users/danielding/Desktop/example_dir/Math_66/src/main/java/org/apache/commons/math/optimization/univariate/BrentOptimizer.java,git checkout,VCS
math_68,run_shell_command,./run_bug_exposing_tests.sh,run_bug_exposing_tests.sh,TEST
math_68,read_file,,read_file,READ
math_68,run_shell_command,defects4j test,defects4j test,TEST
math_68,read_file,,read_file,READ
math_68,read_file,,read_file,READ
math_68,read_file,,read_file,READ
math_68,read_file,,read_file,READ
math_68,replace,,replace,WRITE
math_68,replace,,replace,WRITE
math_68,replace,,replace,WRITE
math_68,replace,,replace,WRITE
math_68,replace,,replace,WRITE
math_68,run_shell_command,defects4j compile,defects4j compile,BUILD
math_68,replace,,replace,WRITE
math_68,run_shell_command,defects4j compile,defects4j compile,BUILD
math_68,run_shell_command,defects4j test,defects4j test,TEST
math_68,read_file,,read_file,READ
math_68,run_shell_command,git restore /Users/danielding/Desktop/example_dir/Math_68/src/main/java/org/apache/commons/math/optimization/general/LevenbergMarquardtOptimizer.java,git restore,VCS
math_68,replace,,replace,WRITE
math_68,replace,,replace,WRITE
math_68,replace,,replace,WRITE
math_68,replace,,replace,WRITE
math_68,replace,,replace,WRITE
math_68,run_shell_command,defects4j compile,defects4j compile,BUILD
math_68,replace,,replace,WRITE
math_68,run_shell_command,defects4j compile,defects4j compile,BUILD
math_68,run_shell_command,defects4j test,defects4j test,TEST
math_68,run_shell_command,git restore /Users/danielding/Desktop/example_dir/Math_68/src/main/java/org/apache/commons/math/optimization/general/LevenbergMarquardtOptimizer.java,git restore,VCS
math_68,replace,,replace,WRITE
math_68,replace,,replace,WRITE
math_68,replace,,replace,WRITE
math_68,replace,,replace,WRITE
math_68,replace,,replace,WRITE
math_68,replace,,replace,WRITE
math_68,run_shell_command,defects4j compile,defects4j compile,BUILD
math_68,run_shell_command,defects4j test,defects4j test,TEST
math_68,run_shell_command,git restore /Users/danielding/Desktop/example_dir/Math_68/src/main/java/org/apache/commons/math/optimization/general/LevenbergMarquardtOptimizer.java,git restore,VCS
math_68,replace,,replace,WRITE
math_68,replace,,replace,WRITE
math_68,replace,,replace,WRITE
math_68,replace,,replace,WRITE
math_68,replace,,replace,WRITE
math_68,replace,,replace,WRITE
math_68,replace,,replace,WRITE
math_68,run_shell_command,defects4j compile,defects4j compile,BUILD
math_68,replace,,replace,WRITE
math_68,run_shell_command,defects4j compile,defects4j compile,BUILD
math_68,run_shell_command,defects4j test,defects4j test,TEST
math_68,run_shell_command,git restore /Users/danielding/Desktop/example_dir/Math_68/src/main/java/org/apache/commons/math/optimization/general/LevenbergMarquardtOptimizer.java,git restore,VCS
math_68,replace,,replace,WRITE
math_68,replace,,replace,WRITE
math_68,replace,,replace,WRITE
math_68,replace,,replace,WRITE
math_68,replace,,replace,WRITE
math_68,replace,,replace,WRITE
math_68,run_shell_command,defects4j compile,defects4j compile,BUILD
math_68,run_shell_command,defects4j test,defects4j test,TEST
math_68,replace,,replace,WRITE
math_68,replace,,replace,WRITE
math_68,replace,,replace,WRITE
math_68,replace,,replace,WRITE
math_68,replace,,replace,WRITE
math_68,replace,,replace,WRITE
math_68,replace,,replace,WRITE
math_68,read_file,,read_file,READ
math_68,replace,,replace,WRITE
math_68,replace,,replace,WRITE
math_68,read_file,,read_file,READ
math_68,replace,,replace,WRITE
math_68,replace,,replace,WRITE
math_68,replace,,replace,WRITE
math_68,replace,,replace,WRITE
math_68,run_shell_command,defects4j compile,defects4j compile,BUILD
math_68,replace,,replace,WRITE
math_68,replace,,replace,WRITE
math_68,replace,,replace,WRITE
math_68,replace,,replace,WRITE
math_68,run_shell_command,defects4j compile,defects4j compile,BUILD
math_68,replace,,replace,WRITE
math_68,run_shell_command,defects4j compile,defects4j compile,BUILD
math_68,run_shell_command,defects4j test,defects4j test,TEST
math_68,run_shell_command,git restore /Users/danielding/Desktop/example_dir/Math_68/src/main/java/org/apache/commons/math/optimization/general/LevenbergMarquardtOptimizer.java,git restore,VCS
math_68,replace,,replace,WRITE
math_68,replace,,replace,WRITE
math_68,replace,,replace,WRITE
math_68,replace,,replace,WRITE
math_68,replace,,replace,WRITE
math_68,replace,,replace,WRITE
math_68,replace,,replace,WRITE
math_68,run_shell_command,defects4j compile,defects4j compile,BUILD
math_68,replace,,replace,WRITE
math_68,run_shell_command,defects4j compile,defects4j compile,BUILD
math_68,run_shell_command,defects4j test,defects4j test,TEST
math_68,run_shell_command,git restore /Users/danielding/Desktop/example_dir/Math_68/src/main/java/org/apache/commons/math/optimization/general/LevenbergMarquardtOptimizer.java,git restore,VCS
math_68,replace,,replace,WRITE
math_68,replace,,replace,WRITE
math_68,replace,,replace,WRITE
math_68,replace,,replace,WRITE
math_68,replace,,replace,WRITE
math_68,replace,,replace,WRITE
math_68,replace,,replace,WRITE
math_68,run_shell_command,defects4j compile,defects4j compile,BUILD
math_68,replace,,replace,WRITE
math_68,run_shell_command,defects4j compile,defects4j compile,BUILD
math_68,run_shell_command,defects4j test,defects4j test,TEST
math_68,run_shell_command,git restore /Users/danielding/Desktop/example_dir/Math_68/src/main/java/org/apache/commons/math/optimization/general/LevenbergMarquardtOptimizer.java,git restore,VCS
math_68,replace,,replace,WRITE
math_68,replace,,replace,WRITE
math_68,replace,,replace,WRITE
math_68,replace,,replace,WRITE
math_68,replace,,replace,WRITE
math_68,replace,,replace,WRITE
math_68,replace,,replace,WRITE
math_68,run_shell_command,defects4j compile,defects4j compile,BUILD
math_68,replace,,replace,WRITE
math_68,run_shell_command,defects4j compile,defects4j compile,BUILD
math_68,run_shell_command,defects4j test,defects4j test,TEST
math_68,run_shell_command,git restore /Users/danielding/Desktop/example_dir/Math_68/src/main/java/org/apache/commons/math/optimization/general/LevenbergMarquardtOptimizer.java,git restore,VCS
math_68,replace,,replace,WRITE
math_68,replace,,replace,WRITE
math_68,replace,,replace,WRITE
math_68,replace,,replace,WRITE
math_68,replace,,replace,WRITE
math_68,replace,,replace,WRITE
math_68,replace,,replace,WRITE
math_68,run_shell_command,defects4j compile,defects4j compile,BUILD
math_68,replace,,replace,WRITE
math_68,run_shell_command,defects4j compile,defects4j compile,BUILD
math_68,run_shell_command,defects4j test,defects4j test,TEST
math_68,run_shell_command,git restore /Users/danielding/Desktop/example_dir/Math_68/src/main/java/org/apache/commons/math/optimization/general/LevenbergMarquardtOptimizer.java,git restore,VCS
math_68,replace,,replace,WRITE
math_68,replace,,replace,WRITE
math_68,replace,,replace,WRITE
math_68,replace,,replace,WRITE
math_68,replace,,replace,WRITE
math_68,replace,,replace,WRITE
math_68,replace,,replace,WRITE
math_68,run_shell_command,defects4j compile,defects4j compile,BUILD
math_68,replace,,replace,WRITE
math_68,run_shell_command,defects4j compile,defects4j compile,BUILD
math_68,run_shell_command,defects4j test,defects4j test,TEST
math_68,run_shell_command,git restore /Users/danielding/Desktop/example_dir/Math_68/src/main/java/org/apache/commons/math/optimization/general/LevenbergMarquardtOptimizer.java,git restore,VCS
math_68,replace,,replace,WRITE
math_68,replace,,replace,WRITE
math_68,replace,,replace,WRITE
math_68,replace,,replace,WRITE
math_68,replace,,replace,WRITE
math_68,replace,,replace,WRITE
math_68,replace,,replace,WRITE
math_68,run_shell_command,defects4j compile,defects4j compile,BUILD
math_68,replace,,replace,WRITE
math_68,run_shell_command,defects4j compile,defects4j compile,BUILD
math_68,run_shell_command,defects4j test,defects4j test,TEST
math_68,run_shell_command,git restore /Users/danielding/Desktop/example_dir/Math_68/src/main/java/org/apache/commons/math/optimization/general/LevenbergMarquardtOptimizer.java,git restore,VCS
math_68,replace,,replace,WRITE
math_68,replace,,replace,WRITE
math_68,replace,,replace,WRITE
math_68,replace,,replace,WRITE
math_68,replace,,replace,WRITE
math_68,replace,,replace,WRITE
math_68,replace,,replace,WRITE
math_68,run_shell_command,defects4j compile,defects4j compile,BUILD
math_68,replace,,replace,WRITE
math_68,run_shell_command,defects4j compile,defects4j compile,BUILD
math_68,run_shell_command,defects4j test,defects4j test,TEST
math_68,run_shell_command,git restore /Users/danielding/Desktop/example_dir/Math_68/src/main/java/org/apache/commons/math/optimization/general/LevenbergMarquardtOptimizer.java,git restore,VCS
math_68,replace,,replace,WRITE
math_68,replace,,replace,WRITE
math_68,replace,,replace,WRITE
math_68,replace,,replace,WRITE
math_68,replace,,replace,WRITE
math_68,replace,,replace,WRITE
math_68,replace,,replace,WRITE
math_68,run_shell_command,defects4j compile,defects4j compile,BUILD
math_68,replace,,replace,WRITE
math_68,run_shell_command,defects4j compile,defects4j compile,BUILD
math_68,run_shell_command,defects4j test,defects4j test,TEST
math_68,run_shell_command,git restore /Users/danielding/Desktop/example_dir/Math_68/src/main/java/org/apache/commons/math/optimization/general/LevenbergMarquardtOptimizer.java,git restore,VCS
math_68,replace,,replace,WRITE
math_68,replace,,replace,WRITE
math_68,replace,,replace,WRITE
math_68,replace,,replace,WRITE
math_68,replace,,replace,WRITE
math_68,replace,,replace,WRITE
math_68,replace,,replace,WRITE
math_68,run_shell_command,defects4j compile,defects4j compile,BUILD
math_68,replace,,replace,WRITE
math_68,run_shell_command,defects4j compile,defects4j compile,BUILD
math_68,run_shell_command,defects4j test,defects4j test,TEST
math_68,run_shell_command,git restore /Users/danielding/Desktop/example_dir/Math_68/src/main/java/org/apache/commons/math/optimization/general/LevenbergMarquardtOptimizer.java,git restore,VCS
math_68,replace,,replace,WRITE
math_68,replace,,replace,WRITE
math_68,replace,,replace,WRITE
math_68,replace,,replace,WRITE
math_68,replace,,replace,WRITE
math_68,replace,,replace,WRITE
math_68,replace,,replace,WRITE
math_68,run_shell_command,defects4j compile,defects4j compile,BUILD
math_68,replace,,replace,WRITE
math_68,run_shell_command,defects4j compile,defects4j compile,BUILD
math_68,run_shell_command,defects4j test,defects4j test,TEST
math_68,run_shell_command,git restore /Users/danielding/Desktop/example_dir/Math_68/src/main/java/org/apache/commons/math/optimization/general/LevenbergMarquardtOptimizer.java,git restore,VCS
math_68,replace,,replace,WRITE
math_68,replace,,replace,WRITE
math_68,replace,,replace,WRITE
math_68,replace,,replace,WRITE
math_6,glob,,glob,SEARCH_FILES
math_6,read_file,,read_file,READ
math_6,glob,,glob,SEARCH_FILES
math_6,glob,,glob,SEARCH_FILES
math_6,read_file,,read_file,READ
math_6,replace,,replace,WRITE
math_6,run_shell_command,defects4j compile,defects4j compile,BUILD
math_6,glob,,glob,SEARCH_FILES
math_6,read_file,,read_file,READ
math_6,read_file,,read_file,READ
math_6,replace,,replace,WRITE
math_6,replace,,replace,WRITE
math_6,read_file,,read_file,READ
math_6,replace,,replace,WRITE
math_6,replace,,replace,WRITE
math_6,run_shell_command,defects4j test -t org.apache.commons.math3.optim.nonlinear.vector.jacobian.LevenbergMarquardtOptimizerTest::testGetIterations,defects4j test,TEST
math_6,replace,,replace,WRITE
math_6,replace,,replace,WRITE
math_6,run_shell_command,./run_bug_exposing_tests.sh,run_bug_exposing_tests.sh,TEST
math_6,read_file,,read_file,READ
math_6,run_shell_command,defects4j test,defects4j test,TEST
math_6,glob,,glob,SEARCH_FILES
math_6,read_file,,read_file,READ
math_6,read_file,,read_file,READ
math_6,replace,,replace,WRITE
math_6,run_shell_command,defects4j compile,defects4j compile,BUILD
math_6,run_shell_command,defects4j test,defects4j test,TEST
math_6,read_file,,read_file,READ
math_6,glob,,glob,SEARCH_FILES
math_6,read_file,,read_file,READ
math_6,replace,,replace,WRITE
math_6,run_shell_command,defects4j compile,defects4j compile,BUILD
math_6,run_shell_command,defects4j test,defects4j test,TEST
math_6,glob,,glob,SEARCH_FILES
math_6,read_file,,read_file,READ
math_6,replace,,replace,WRITE
math_6,run_shell_command,defects4j compile,defects4j compile,BUILD
math_6,run_shell_command,defects4j test,defects4j test,TEST
math_6,glob,,glob,SEARCH_FILES
math_6,read_file,,read_file,READ
math_6,replace,,replace,WRITE
math_6,run_shell_command,defects4j compile,defects4j compile,BUILD
math_6,run_shell_command,defects4j test,defects4j test,TEST
math_6,glob,,glob,SEARCH_FILES
math_6,read_file,,read_file,READ
math_6,replace,,replace,WRITE
math_6,run_shell_command,defects4j compile,defects4j compile,BUILD
math_6,run_shell_command,defects4j test,defects4j test,TEST
math_6,glob,,glob,SEARCH_FILES
math_6,read_file,,read_file,READ
math_6,replace,,replace,WRITE
math_6,run_shell_command,defects4j compile,defects4j compile,BUILD
math_6,run_shell_command,defects4j test,defects4j test,TEST
math_6,run_shell_command,git diff,git diff,VCS
math_71,run_shell_command,./run_bug_exposing_tests.sh,run_bug_exposing_tests.sh,TEST
math_71,read_file,,read_file,READ
math_71,run_shell_command,defects4j test -t org.apache.commons.math.ode.nonstiff.DormandPrince853IntegratorTest::testMissedEvent,defects4j test,TEST
math_71,read_file,,read_file,READ
math_71,read_file,,read_file,READ
math_71,replace,,replace,WRITE
math_71,run_shell_command,defects4j test -t org.apache.commons.math.ode.nonstiff.DormandPrince853IntegratorTest::testMissedEvent,defects4j test,TEST
math_71,read_file,,read_file,READ
math_71,read_file,,read_file,READ
math_71,replace,,replace,WRITE
math_71,replace,,replace,WRITE
math_71,run_shell_command,defects4j test -t org.apache.commons.math.ode.nonstiff.DormandPrince853IntegratorTest::testMissedEvent,defects4j test,TEST
math_71,replace,,replace,WRITE
math_71,replace,,replace,WRITE
math_71,run_shell_command,defects4j test -t org.apache.commons.math.ode.nonstiff.DormandPrince853IntegratorTest::testMissedEvent,defects4j test,TEST
math_71,replace,,replace,WRITE
math_71,replace,,replace,WRITE
math_71,run_shell_command,defects4j test -t org.apache.commons.math.ode.nonstiff.DormandPrince853IntegratorTest::testMissedEvent,defects4j test,TEST
math_71,replace,,replace,WRITE
math_71,replace,,replace,WRITE
math_71,run_shell_command,defects4j test -t org.apache.commons.math.ode.nonstiff.DormandPrince853IntegratorTest::testMissedEvent,defects4j test,TEST
math_71,read_file,,read_file,READ
math_71,read_file,,read_file,READ
math_71,search_file_content,,search_file_content,SEARCH_CONTENT
math_71,read_file,,read_file,READ
math_71,replace,,replace,WRITE
math_71,replace,,replace,WRITE
math_71,run_shell_command,defects4j test -t org.apache.commons.math.ode.nonstiff.DormandPrince853IntegratorTest::testMissedEvent,defects4j test,TEST
math_71,replace,,replace,WRITE
math_71,replace,,replace,WRITE
math_71,run_shell_command,defects4j test -t org.apache.commons.math.ode.nonstiff.DormandPrince853IntegratorTest::testMissedEvent,defects4j test,TEST
math_71,replace,,replace,WRITE
math_71,replace,,replace,WRITE
math_71,run_shell_command,defects4j test -t org.apache.commons.math.ode.nonstiff.DormandPrince853IntegratorTest::testMissedEvent,defects4j test,TEST
math_71,replace,,replace,WRITE
math_71,replace,,replace,WRITE
math_71,run_shell_command,defects4j test -t org.apache.commons.math.ode.nonstiff.DormandPrince853IntegratorTest::testMissedEvent,defects4j test,TEST
math_71,replace,,replace,WRITE
math_71,replace,,replace,WRITE
math_71,run_shell_command,defects4j test -t org.apache.commons.math.ode.nonstiff.DormandPrince853IntegratorTest::testMissedEvent,defects4j test,TEST
math_71,replace,,replace,WRITE
math_71,replace,,replace,WRITE
math_71,run_shell_command,defects4j test -t org.apache.commons.math.ode.nonstiff.DormandPrince853IntegratorTest::testMissedEvent,defects4j test,TEST
math_71,replace,,replace,WRITE
math_71,replace,,replace,WRITE
math_71,run_shell_command,defects4j test -t org.apache.commons.math.ode.nonstiff.DormandPrince853IntegratorTest::testMissedEvent,defects4j test,TEST
math_71,replace,,replace,WRITE
math_71,run_shell_command,defects4j compile,defects4j compile,BUILD
math_71,read_file,,read_file,READ
math_71,replace,,replace,WRITE
math_71,replace,,replace,WRITE
math_71,run_shell_command,defects4j compile,defects4j compile,BUILD
math_71,read_file,,read_file,READ
math_71,replace,,replace,WRITE
math_71,run_shell_command,defects4j compile,defects4j compile,BUILD
math_71,run_shell_command,defects4j test -t org.apache.commons.math.ode.nonstiff.DormandPrince853IntegratorTest::testMissedEvent,defects4j test,TEST
math_71,replace,,replace,WRITE
math_71,run_shell_command,defects4j test -t org.apache.commons.math.ode.nonstiff.DormandPrince853IntegratorTest::testMissedEvent,defects4j test,TEST
math_71,replace,,replace,WRITE
math_71,run_shell_command,defects4j test -t org.apache.commons.math.ode.nonstiff.DormandPrince853IntegratorTest::testMissedEvent,defects4j test,TEST
math_71,replace,,replace,WRITE
math_71,replace,,replace,WRITE
math_71,run_shell_command,defects4j test -t org.apache.commons.math.ode.nonstiff.DormandPrince853IntegratorTest::testMissedEvent,defects4j test,TEST
math_71,replace,,replace,WRITE
math_71,replace,,replace,WRITE
math_71,run_shell_command,defects4j test -t org.apache.commons.math.ode.nonstiff.DormandPrince853IntegratorTest::testMissedEvent,defects4j test,TEST
math_71,replace,,replace,WRITE
math_71,replace,,replace,WRITE
math_71,run_shell_command,defects4j test -t org.apache.commons.math.ode.nonstiff.DormandPrince853IntegratorTest::testMissedEvent,defects4j test,TEST
math_71,replace,,replace,WRITE
math_71,replace,,replace,WRITE
math_71,read_file,,read_file,READ
math_71,replace,,replace,WRITE
math_71,run_shell_command,defects4j test -t org.apache.commons.math.ode.nonstiff.DormandPrince853IntegratorTest::testMissedEvent,defects4j test,TEST
math_71,replace,,replace,WRITE
math_71,replace,,replace,WRITE
math_71,run_shell_command,defects4j test -t org.apache.commons.math.ode.nonstiff.DormandPrince853IntegratorTest::testMissedEvent,defects4j test,TEST
math_71,replace,,replace,WRITE
math_71,replace,,replace,WRITE
math_71,run_shell_command,defects4j test -t org.apache.commons.math.ode.nonstiff.DormandPrince853IntegratorTest::testMissedEvent,defects4j test,TEST
math_71,replace,,replace,WRITE
math_71,replace,,replace,WRITE
math_71,run_shell_command,defects4j test -t org.apache.commons.math.ode.nonstiff.DormandPrince853IntegratorTest::testMissedEvent,defects4j test,TEST
math_71,replace,,replace,WRITE
math_71,replace,,replace,WRITE
math_71,run_shell_command,defects4j test -t org.apache.commons.math.ode.nonstiff.DormandPrince853IntegratorTest::testMissedEvent,defects4j test,TEST
math_71,replace,,replace,WRITE
math_71,replace,,replace,WRITE
math_71,run_shell_command,defects4j test -t org.apache.commons.math.ode.nonstiff.DormandPrince853IntegratorTest::testMissedEvent,defects4j test,TEST
math_71,replace,,replace,WRITE
math_71,replace,,replace,WRITE
math_71,run_shell_command,defects4j test -t org.apache.commons.math.ode.nonstiff.DormandPrince853IntegratorTest::testMissedEvent,defects4j test,TEST
math_71,replace,,replace,WRITE
math_71,replace,,replace,WRITE
math_71,run_shell_command,defects4j test -t org.apache.commons.math.ode.nonstiff.DormandPrince853IntegratorTest::testMissedEvent,defects4j test,TEST
math_71,replace,,replace,WRITE
math_71,replace,,replace,WRITE
math_71,run_shell_command,defects4j test -t org.apache.commons.math.ode.nonstiff.DormandPrince853IntegratorTest::testMissedEvent,defects4j test,TEST
math_71,replace,,replace,WRITE
math_71,replace,,replace,WRITE
math_71,run_shell_command,defects4j test -t org.apache.commons.math.ode.nonstiff.DormandPrince853IntegratorTest::testMissedEvent,defects4j test,TEST
math_71,replace,,replace,WRITE
math_71,replace,,replace,WRITE
math_71,run_shell_command,defects4j test -t org.apache.commons.math.ode.nonstiff.DormandPrince853IntegratorTest::testMissedEvent,defects4j test,TEST
math_71,replace,,replace,WRITE
math_71,replace,,replace,WRITE
math_71,run_shell_command,defects4j test -t org.apache.commons.math.ode.nonstiff.DormandPrince853IntegratorTest::testMissedEvent,defects4j test,TEST
math_71,replace,,replace,WRITE
math_71,replace,,replace,WRITE
math_71,run_shell_command,defects4j test -t org.apache.commons.math.ode.nonstiff.DormandPrince853IntegratorTest::testMissedEvent,defects4j test,TEST
math_71,replace,,replace,WRITE
math_71,replace,,replace,WRITE
math_71,run_shell_command,defects4j test -t org.apache.commons.math.ode.nonstiff.DormandPrince853IntegratorTest::testMissedEvent,defects4j test,TEST
math_71,replace,,replace,WRITE
math_71,replace,,replace,WRITE
math_71,run_shell_command,defects4j test -t org.apache.commons.math.ode.nonstiff.DormandPrince853IntegratorTest::testMissedEvent,defects4j test,TEST
math_71,replace,,replace,WRITE
math_71,replace,,replace,WRITE
math_71,run_shell_command,defects4j test -t org.apache.commons.math.ode.nonstiff.DormandPrince853IntegratorTest::testMissedEvent,defects4j test,TEST
math_71,replace,,replace,WRITE
math_71,replace,,replace,WRITE
math_71,replace,,replace,WRITE
math_71,replace,,replace,WRITE
math_71,run_shell_command,defects4j test -t org.apache.commons.math.ode.nonstiff.DormandPrince853IntegratorTest::testMissedEvent,defects4j test,TEST
math_71,replace,,replace,WRITE
math_71,replace,,replace,WRITE
math_71,run_shell_command,defects4j test -t org.apache.commons.math.ode.nonstiff.DormandPrince853IntegratorTest::testMissedEvent,defects4j test,TEST
math_71,replace,,replace,WRITE
math_71,replace,,replace,WRITE
math_71,run_shell_command,defects4j test -t org.apache.commons.math.ode.nonstiff.DormandPrince853IntegratorTest::testMissedEvent,defects4j test,TEST
math_71,replace,,replace,WRITE
math_71,replace,,replace,WRITE
math_71,run_shell_command,defects4j test -t org.apache.commons.math.ode.nonstiff.DormandPrince853IntegratorTest::testMissedEvent,defects4j test,TEST
math_71,replace,,replace,WRITE
math_71,replace,,replace,WRITE
math_71,run_shell_command,defects4j test -t org.apache.commons.math.ode.nonstiff.DormandPrince853IntegratorTest::testMissedEvent,defects4j test,TEST
math_71,replace,,replace,WRITE
math_71,replace,,replace,WRITE
math_71,run_shell_command,defects4j test -t org.apache.commons.math.ode.nonstiff.DormandPrince853IntegratorTest::testMissedEvent,defects4j test,TEST
math_71,replace,,replace,WRITE
math_71,replace,,replace,WRITE
math_71,run_shell_command,defects4j test -t org.apache.commons.math.ode.nonstiff.DormandPrince853IntegratorTest::testMissedEvent,defects4j test,TEST
math_71,replace,,replace,WRITE
math_71,replace,,replace,WRITE
math_71,run_shell_command,defects4j test -t org.apache.commons.math.ode.nonstiff.DormandPrince853IntegratorTest::testMissedEvent,defects4j test,TEST
math_71,replace,,replace,WRITE
math_71,replace,,replace,WRITE
math_71,run_shell_command,defects4j test -t org.apache.commons.math.ode.nonstiff.DormandPrince853IntegratorTest::testMissedEvent,defects4j test,TEST
math_71,replace,,replace,WRITE
math_71,replace,,replace,WRITE
math_71,run_shell_command,defects4j test -t org.apache.commons.math.ode.nonstiff.DormandPrince853IntegratorTest::testMissedEvent,defects4j test,TEST
math_71,replace,,replace,WRITE
math_71,replace,,replace,WRITE
math_71,run_shell_command,defects4j test -t org.apache.commons.math.ode.nonstiff.DormandPrince853IntegratorTest::testMissedEvent,defects4j test,TEST
math_71,replace,,replace,WRITE
math_71,replace,,replace,WRITE
math_71,run_shell_command,defects4j test -t org.apache.commons.math.ode.nonstiff.DormandPrince853IntegratorTest::testMissedEvent,defects4j test,TEST
math_71,replace,,replace,WRITE
math_71,replace,,replace,WRITE
math_71,run_shell_command,defects4j test -t org.apache.commons.math.ode.nonstiff.DormandPrince853IntegratorTest::testMissedEvent,defects4j test,TEST
math_71,replace,,replace,WRITE
math_71,replace,,replace,WRITE
math_71,run_shell_command,defects4j test -t org.apache.commons.math.ode.nonstiff.DormandPrince853IntegratorTest::testMissedEvent,defects4j test,TEST
math_71,replace,,replace,WRITE
math_71,replace,,replace,WRITE
math_71,run_shell_command,defects4j test -t org.apache.commons.math.ode.nonstiff.DormandPrince853IntegratorTest::testMissedEvent,defects4j test,TEST
math_71,replace,,replace,WRITE
math_71,replace,,replace,WRITE
math_71,run_shell_command,defects4j test -t org.apache.commons.math.ode.nonstiff.DormandPrince853IntegratorTest::testMissedEvent,defects4j test,TEST
math_71,replace,,replace,WRITE
math_71,replace,,replace,WRITE
math_71,run_shell_command,defects4j test -t org.apache.commons.math.ode.nonstiff.DormandPrince853IntegratorTest::testMissedEvent,defects4j test,TEST
math_71,replace,,replace,WRITE
math_71,replace,,replace,WRITE
math_71,run_shell_command,defects4j test -t org.apache.commons.math.ode.nonstiff.DormandPrince853IntegratorTest::testMissedEvent,defects4j test,TEST
math_71,replace,,replace,WRITE
math_71,replace,,replace,WRITE
math_71,run_shell_command,defects4j test -t org.apache.commons.math.ode.nonstiff.DormandPrince853IntegratorTest::testMissedEvent,defects4j test,TEST
math_71,replace,,replace,WRITE
math_71,replace,,replace,WRITE
math_71,run_shell_command,defects4j test -t org.apache.commons.math.ode.nonstiff.DormandPrince853IntegratorTest::testMissedEvent,defects4j test,TEST
math_71,replace,,replace,WRITE
math_71,replace,,replace,WRITE
math_71,run_shell_command,defects4j test -t org.apache.commons.math.ode.nonstiff.DormandPrince853IntegratorTest::testMissedEvent,defects4j test,TEST
math_71,replace,,replace,WRITE
math_71,replace,,replace,WRITE
math_71,run_shell_command,defects4j test -t org.apache.commons.math.ode.nonstiff.DormandPrince853IntegratorTest::testMissedEvent,defects4j test,TEST
math_71,replace,,replace,WRITE
math_71,replace,,replace,WRITE
math_71,run_shell_command,defects4j test -t org.apache.commons.math.ode.nonstiff.DormandPrince853IntegratorTest::testMissedEvent,defects4j test,TEST
math_71,replace,,replace,WRITE
math_71,replace,,replace,WRITE
math_71,run_shell_command,defects4j test -t org.apache.commons.math.ode.nonstiff.DormandPrince853IntegratorTest::testMissedEvent,defects4j test,TEST
math_71,replace,,replace,WRITE
math_71,replace,,replace,WRITE
math_71,run_shell_command,defects4j test -t org.apache.commons.math.ode.nonstiff.DormandPrince853IntegratorTest::testMissedEvent,defects4j test,TEST
math_71,replace,,replace,WRITE
math_71,replace,,replace,WRITE
math_71,run_shell_command,defects4j test -t org.apache.commons.math.ode.nonstiff.DormandPrince853IntegratorTest::testMissedEvent,defects4j test,TEST
math_71,replace,,replace,WRITE
math_71,replace,,replace,WRITE
math_71,run_shell_command,defects4j test -t org.apache.commons.math.ode.nonstiff.DormandPrince853IntegratorTest::testMissedEvent,defects4j test,TEST
math_71,replace,,replace,WRITE
math_71,replace,,replace,WRITE
math_71,run_shell_command,defects4j test -t org.apache.commons.math.ode.nonstiff.DormandPrince853IntegratorTest::testMissedEvent,defects4j test,TEST
math_71,replace,,replace,WRITE
math_71,replace,,replace,WRITE
math_71,run_shell_command,defects4j test -t org.apache.commons.math.ode.nonstiff.DormandPrince853IntegratorTest::testMissedEvent,defects4j test,TEST
math_71,replace,,replace,WRITE
math_71,replace,,replace,WRITE
math_71,run_shell_command,defects4j test -t org.apache.commons.math.ode.nonstiff.DormandPrince853IntegratorTest::testMissedEvent,defects4j test,TEST
math_71,replace,,replace,WRITE
math_71,replace,,replace,WRITE
math_71,run_shell_command,defects4j test -t org.apache.commons.math.ode.nonstiff.DormandPrince853IntegratorTest::testMissedEvent,defects4j test,TEST
math_71,replace,,replace,WRITE
math_71,replace,,replace,WRITE
math_71,run_shell_command,defects4j test -t org.apache.commons.math.ode.nonstiff.DormandPrince853IntegratorTest::testMissedEvent,defects4j test,TEST
math_71,replace,,replace,WRITE
math_71,replace,,replace,WRITE
math_71,run_shell_command,defects4j test -t org.apache.commons.math.ode.nonstiff.DormandPrince853IntegratorTest::testMissedEvent,defects4j test,TEST
math_71,replace,,replace,WRITE
math_71,replace,,replace,WRITE
math_71,run_shell_command,defects4j test -t org.apache.commons.math.ode.nonstiff.DormandPrince853IntegratorTest::testMissedEvent,defects4j test,TEST
math_71,replace,,replace,WRITE
math_71,replace,,replace,WRITE
math_71,run_shell_command,defects4j test -t org.apache.commons.math.ode.nonstiff.DormandPrince853IntegratorTest::testMissedEvent,defects4j test,TEST
math_71,replace,,replace,WRITE
math_71,replace,,replace,WRITE
math_71,run_shell_command,defects4j test -t org.apache.commons.math.ode.nonstiff.DormandPrince853IntegratorTest::testMissedEvent,defects4j test,TEST
math_71,replace,,replace,WRITE
math_71,replace,,replace,WRITE
math_71,run_shell_command,defects4j test -t org.apache.commons.math.ode.nonstiff.DormandPrince853IntegratorTest::testMissedEvent,defects4j test,TEST
math_71,replace,,replace,WRITE
math_71,replace,,replace,WRITE
math_71,run_shell_command,defects4j test -t org.apache.commons.math.ode.nonstiff.DormandPrince853IntegratorTest::testMissedEvent,defects4j test,TEST
math_71,replace,,replace,WRITE
math_71,replace,,replace,WRITE
math_71,run_shell_command,defects4j test -t org.apache.commons.math.ode.nonstiff.DormandPrince853IntegratorTest::testMissedEvent,defects4j test,TEST
math_71,replace,,replace,WRITE
math_71,replace,,replace,WRITE
math_71,run_shell_command,defects4j test -t org.apache.commons.math.ode.nonstiff.DormandPrince853IntegratorTest::testMissedEvent,defects4j test,TEST
math_71,replace,,replace,WRITE
math_71,replace,,replace,WRITE
math_71,run_shell_command,defects4j test -t org.apache.commons.math.ode.nonstiff.DormandPrince853IntegratorTest::testMissedEvent,defects4j test,TEST
math_71,replace,,replace,WRITE
math_71,replace,,replace,WRITE
math_71,run_shell_command,defects4j test -t org.apache.commons.math.ode.nonstiff.DormandPrince853IntegratorTest::testMissedEvent,defects4j test,TEST
math_71,replace,,replace,WRITE
math_71,replace,,replace,WRITE
math_72,run_shell_command,./run_bug_exposing_tests.sh,run_bug_exposing_tests.sh,TEST
math_72,read_file,,read_file,READ
math_72,run_shell_command,defects4j compile,defects4j compile,BUILD
math_72,run_shell_command,defects4j test,defects4j test,TEST
math_72,glob,,glob,SEARCH_FILES
math_72,read_many_files,,read_many_files,READ
math_72,replace,,replace,WRITE
math_72,replace,,replace,WRITE
math_72,run_shell_command,defects4j compile,defects4j compile,BUILD
math_72,run_shell_command,defects4j test,defects4j test,TEST
math_72,run_shell_command,git diff,git diff,VCS
math_76,run_shell_command,./run_bug_exposing_tests.sh,run_bug_exposing_tests.sh,TEST
math_76,read_file,,read_file,READ
math_76,glob,,glob,SEARCH_FILES
math_76,run_shell_command,defects4j test -t org.apache.commons.math.linear.SingularValueDecompositionImplTest,defects4j test,TEST
math_76,run_shell_command,defects4j test,defects4j test,TEST
math_76,read_file,,read_file,READ
math_76,read_file,,read_file,READ
math_76,read_file,,read_file,READ
math_76,replace,,replace,WRITE
math_76,run_shell_command,defects4j test,defects4j test,TEST
math_76,replace,,replace,WRITE
math_76,replace,,replace,WRITE
math_76,run_shell_command,defects4j test,defects4j test,TEST
math_76,replace,,replace,WRITE
math_76,run_shell_command,./run_bug_exposing_tests.sh,run_bug_exposing_tests.sh,TEST
math_76,replace,,replace,WRITE
math_76,replace,,replace,WRITE
math_76,replace,,replace,WRITE
math_76,run_shell_command,./run_bug_exposing_tests.sh,run_bug_exposing_tests.sh,TEST
math_76,read_file,,read_file,READ
math_76,replace,,replace,WRITE
math_76,replace,,replace,WRITE
math_76,replace,,replace,WRITE
math_76,run_shell_command,defects4j test,defects4j test,TEST
math_76,replace,,replace,WRITE
math_76,run_shell_command,defects4j test,defects4j test,TEST
math_76,replace,,replace,WRITE
math_76,run_shell_command,defects4j test,defects4j test,TEST
math_76,replace,,replace,WRITE
math_76,replace,,replace,WRITE
math_76,run_shell_command,defects4j test,defects4j test,TEST
math_76,replace,,replace,WRITE
math_76,replace,,replace,WRITE
math_76,run_shell_command,defects4j test,defects4j test,TEST
math_76,replace,,replace,WRITE
math_76,run_shell_command,defects4j test,defects4j test,TEST
math_76,replace,,replace,WRITE
math_76,run_shell_command,defects4j test,defects4j test,TEST
math_76,replace,,replace,WRITE
math_76,run_shell_command,defects4j test,defects4j test,TEST
math_76,replace,,replace,WRITE
math_76,run_shell_command,defects4j test,defects4j test,TEST
math_76,replace,,replace,WRITE
math_76,run_shell_command,defects4j test,defects4j test,TEST
math_76,replace,,replace,WRITE
math_76,replace,,replace,WRITE
math_76,run_shell_command,defects4j test,defects4j test,TEST
math_76,replace,,replace,WRITE
math_76,run_shell_command,defects4j test,defects4j test,TEST
math_76,replace,,replace,WRITE
math_76,run_shell_command,defects4j test,defects4j test,TEST
math_76,replace,,replace,WRITE
math_76,run_shell_command,defects4j test,defects4j test,TEST
math_76,replace,,replace,WRITE
math_76,run_shell_command,defects4j test,defects4j test,TEST
math_76,replace,,replace,WRITE
math_76,run_shell_command,defects4j test,defects4j test,TEST
math_76,replace,,replace,WRITE
math_76,run_shell_command,defects4j test,defects4j test,TEST
math_76,replace,,replace,WRITE
math_76,run_shell_command,defects4j test,defects4j test,TEST
math_76,replace,,replace,WRITE
math_76,run_shell_command,defects4j test,defects4j test,TEST
math_76,replace,,replace,WRITE
math_76,run_shell_command,defects4j test,defects4j test,TEST
math_76,replace,,replace,WRITE
math_76,run_shell_command,defects4j test,defects4j test,TEST
math_76,replace,,replace,WRITE
math_76,run_shell_command,defects4j test,defects4j test,TEST
math_76,replace,,replace,WRITE
math_76,run_shell_command,defects4j test,defects4j test,TEST
math_76,replace,,replace,WRITE
math_76,run_shell_command,defects4j test,defects4j test,TEST
math_76,replace,,replace,WRITE
math_76,run_shell_command,defects4j test,defects4j test,TEST
math_76,replace,,replace,WRITE
math_76,run_shell_command,defects4j test,defects4j test,TEST
math_76,replace,,replace,WRITE
math_76,run_shell_command,defects4j test,defects4j test,TEST
math_76,replace,,replace,WRITE
math_76,run_shell_command,defects4j test,defects4j test,TEST
math_76,replace,,replace,WRITE
math_76,run_shell_command,defects4j test,defects4j test,TEST
math_76,replace,,replace,WRITE
math_76,run_shell_command,defects4j test,defects4j test,TEST
math_76,replace,,replace,WRITE
math_76,run_shell_command,defects4j test,defects4j test,TEST
math_76,replace,,replace,WRITE
math_76,run_shell_command,defects4j test,defects4j test,TEST
math_76,replace,,replace,WRITE
math_76,run_shell_command,defects4j test,defects4j test,TEST
math_76,replace,,replace,WRITE
math_76,run_shell_command,defects4j test,defects4j test,TEST
math_76,replace,,replace,WRITE
math_76,run_shell_command,defects4j test,defects4j test,TEST
math_76,replace,,replace,WRITE
math_76,run_shell_command,defects4j test,defects4j test,TEST
math_76,replace,,replace,WRITE
math_76,run_shell_command,defects4j test,defects4j test,TEST
math_76,replace,,replace,WRITE
math_76,run_shell_command,defects4j test,defects4j test,TEST
math_76,replace,,replace,WRITE
math_76,run_shell_command,defects4j test,defects4j test,TEST
math_76,replace,,replace,WRITE
math_76,run_shell_command,defects4j test,defects4j test,TEST
math_76,replace,,replace,WRITE
math_76,run_shell_command,defects4j test,defects4j test,TEST
math_76,replace,,replace,WRITE
math_76,run_shell_command,defects4j test,defects4j test,TEST
math_76,replace,,replace,WRITE
math_76,run_shell_command,defects4j test,defects4j test,TEST
math_76,replace,,replace,WRITE
math_76,run_shell_command,defects4j test,defects4j test,TEST
math_76,replace,,replace,WRITE
math_76,run_shell_command,defects4j test,defects4j test,TEST
math_76,replace,,replace,WRITE
math_76,run_shell_command,defects4j test,defects4j test,TEST
math_76,replace,,replace,WRITE
math_76,run_shell_command,defects4j test,defects4j test,TEST
math_76,replace,,replace,WRITE
math_76,run_shell_command,defects4j test,defects4j test,TEST
math_76,replace,,replace,WRITE
math_76,run_shell_command,defects4j test,defects4j test,TEST
math_76,replace,,replace,WRITE
math_76,run_shell_command,defects4j test,defects4j test,TEST
math_76,replace,,replace,WRITE
math_76,run_shell_command,defects4j test,defects4j test,TEST
math_76,replace,,replace,WRITE
math_76,run_shell_command,defects4j test,defects4j test,TEST
math_76,replace,,replace,WRITE
math_76,run_shell_command,defects4j test,defects4j test,TEST
math_76,replace,,replace,WRITE
math_76,run_shell_command,defects4j test,defects4j test,TEST
math_76,replace,,replace,WRITE
math_76,run_shell_command,defects4j test,defects4j test,TEST
math_76,replace,,replace,WRITE
math_76,run_shell_command,defects4j test,defects4j test,TEST
math_76,replace,,replace,WRITE
math_76,run_shell_command,defects4j test,defects4j test,TEST
math_76,replace,,replace,WRITE
math_76,run_shell_command,defects4j test,defects4j test,TEST
math_76,replace,,replace,WRITE
math_76,run_shell_command,defects4j test,defects4j test,TEST
math_76,replace,,replace,WRITE
math_76,run_shell_command,defects4j test,defects4j test,TEST
math_76,replace,,replace,WRITE
math_76,run_shell_command,defects4j test,defects4j test,TEST
math_76,replace,,replace,WRITE
math_76,run_shell_command,defects4j test,defects4j test,TEST
math_76,replace,,replace,WRITE
math_76,run_shell_command,defects4j test,defects4j test,TEST
math_76,replace,,replace,WRITE
math_76,run_shell_command,defects4j test,defects4j test,TEST
math_76,replace,,replace,WRITE
math_76,run_shell_command,defects4j test,defects4j test,TEST
math_76,replace,,replace,WRITE
math_76,run_shell_command,defects4j test,defects4j test,TEST
math_76,replace,,replace,WRITE
math_76,run_shell_command,defects4j test,defects4j test,TEST
math_76,replace,,replace,WRITE
math_76,run_shell_command,defects4j test,defects4j test,TEST
math_76,replace,,replace,WRITE
math_76,run_shell_command,defects4j test,defects4j test,TEST
math_76,replace,,replace,WRITE
math_76,run_shell_command,defects4j test,defects4j test,TEST
math_76,replace,,replace,WRITE
math_77,run_shell_command,./run_bug_exposing_tests.sh,run_bug_exposing_tests.sh,TEST
math_77,read_file,,read_file,READ
math_77,run_shell_command,defects4j test,defects4j test,TEST
math_77,read_many_files,,read_many_files,READ
math_77,replace,,replace,WRITE
math_77,replace,,replace,WRITE
math_77,run_shell_command,defects4j compile,defects4j compile,BUILD
math_77,run_shell_command,defects4j test,defects4j test,TEST
math_78,run_shell_command,./run_bug_exposing_tests.sh,run_bug_exposing_tests.sh,TEST
math_78,read_file,,read_file,READ
math_78,run_shell_command,defects4j compile,defects4j compile,BUILD
math_78,run_shell_command,defects4j test,defects4j test,TEST
math_78,read_file,,read_file,READ
math_78,read_file,,read_file,READ
math_78,replace,,replace,WRITE
math_78,run_shell_command,defects4j test -t org.apache.commons.math.ode.events.EventStateTest::closeEvents,defects4j test,TEST
math_78,read_file,,read_file,READ
math_78,replace,,replace,WRITE
math_78,replace,,replace,WRITE
math_78,replace,,replace,WRITE
math_78,run_shell_command,defects4j test -t org.apache.commons.math.ode.events.EventStateTest::closeEvents,defects4j test,TEST
math_78,read_file,,read_file,READ
math_78,replace,,replace,WRITE
math_78,replace,,replace,WRITE
math_78,replace,,replace,WRITE
math_78,replace,,replace,WRITE
math_78,run_shell_command,defects4j test -t org.apache.commons.math.ode.events.EventStateTest::closeEvents,defects4j test,TEST
math_78,read_file,,read_file,READ
math_78,replace,,replace,WRITE
math_78,replace,,replace,WRITE
math_78,replace,,replace,WRITE
math_78,run_shell_command,defects4j test -t org.apache.commons.math.ode.events.EventStateTest::closeEvents,defects4j test,TEST
math_78,replace,,replace,WRITE
math_78,replace,,replace,WRITE
math_78,run_shell_command,defects4j test -t org.apache.commons.math.ode.events.EventStateTest::closeEvents,defects4j test,TEST
math_78,read_file,,read_file,READ
math_78,replace,,replace,WRITE
math_7,run_shell_command,./run_bug_exposing_tests.sh,run_bug_exposing_tests.sh,TEST
math_7,read_file,,read_file,READ
math_7,search_file_content,,search_file_content,SEARCH_CONTENT
math_7,run_shell_command,defects4j test -t org.apache.commons.math3.ode.events.EventStateTest,defects4j test,TEST
math_7,run_shell_command,defects4j test,defects4j test,TEST
math_7,read_file,,read_file,READ
math_7,read_file,,read_file,READ
math_7,read_file,,read_file,READ
math_7,replace,,replace,WRITE
math_7,replace,,replace,WRITE
math_7,run_shell_command,defects4j compile,defects4j compile,BUILD
math_7,run_shell_command,defects4j test,defects4j test,TEST
math_7,read_file,,read_file,READ
math_7,replace,,replace,WRITE
math_7,replace,,replace,WRITE
math_7,run_shell_command,defects4j compile,defects4j compile,BUILD
math_7,run_shell_command,defects4j test,defects4j test,TEST
math_7,read_file,,read_file,READ
math_7,replace,,replace,WRITE
math_7,replace,,replace,WRITE
math_7,run_shell_command,defects4j compile,defects4j compile,BUILD
math_7,run_shell_command,defects4j test,defects4j test,TEST
math_7,run_shell_command,./run_all_tests_trace.sh,run_all_tests_trace.sh,TEST
math_7,read_file,,read_file,READ
math_7,replace,,replace,WRITE
math_7,replace,,replace,WRITE
math_7,replace,,replace,WRITE
math_7,read_file,,read_file,READ
math_7,replace,,replace,WRITE
math_7,replace,,replace,WRITE
math_7,run_shell_command,defects4j compile,defects4j compile,BUILD
math_7,run_shell_command,defects4j test,defects4j test,TEST
math_7,replace,,replace,WRITE
math_7,replace,,replace,WRITE
math_7,replace,,replace,WRITE
math_7,replace,,replace,WRITE
math_7,run_shell_command,defects4j compile,defects4j compile,BUILD
math_7,run_shell_command,defects4j test,defects4j test,TEST
math_7,read_file,,read_file,READ
math_7,replace,,replace,WRITE
math_7,replace,,replace,WRITE
math_7,replace,,replace,WRITE
math_7,replace,,replace,WRITE
math_7,run_shell_command,defects4j compile,defects4j compile,BUILD
math_7,run_shell_command,defects4j test,defects4j test,TEST
math_7,replace,,replace,WRITE
math_7,replace,,replace,WRITE
math_7,read_file,,read_file,READ
math_7,replace,,replace,WRITE
math_7,replace,,replace,WRITE
math_7,run_shell_command,defects4j compile,defects4j compile,BUILD
math_7,run_shell_command,defects4j test,defects4j test,TEST
math_7,replace,,replace,WRITE
math_7,replace,,replace,WRITE
math_7,replace,,replace,WRITE
math_7,run_shell_command,defects4j compile,defects4j compile,BUILD
math_7,run_shell_command,defects4j test,defects4j test,TEST
math_7,replace,,replace,WRITE
math_7,replace,,replace,WRITE
math_7,replace,,replace,WRITE
math_7,run_shell_command,defects4j compile,defects4j compile,BUILD
math_7,run_shell_command,defects4j test,defects4j test,TEST
math_7,replace,,replace,WRITE
math_7,replace,,replace,WRITE
math_7,replace,,replace,WRITE
math_7,run_shell_command,defects4j compile,defects4j compile,BUILD
math_7,replace,,replace,WRITE
math_7,replace,,replace,WRITE
math_7,replace,,replace,WRITE
math_7,read_file,,read_file,READ
math_7,run_shell_command,defects4j compile,defects4j compile,BUILD
math_7,replace,,replace,WRITE
math_7,run_shell_command,defects4j compile,defects4j compile,BUILD
math_7,replace,,replace,WRITE
math_7,replace,,replace,WRITE
math_7,run_shell_command,defects4j compile,defects4j compile,BUILD
math_7,run_shell_command,defects4j test,defects4j test,TEST
math_7,run_shell_command,git diff,git diff,VCS
math_81,read_file,,read_file,READ
math_81,replace,,replace,WRITE
math_81,replace,,replace,WRITE
math_81,run_shell_command,defects4j compile,defects4j compile,BUILD
math_81,run_shell_command,defects4j test -t org.apache.commons.math.linear.EigenDecompositionImplTest::testMath308,defects4j test,TEST
math_81,run_shell_command,git restore /Users/danielding/Desktop/example_dir/Math_81/src/main/java/org/apache/commons/math/linear/EigenDecompositionImpl.java,git restore,VCS
math_81,replace,,replace,WRITE
math_81,run_shell_command,defects4j compile,defects4j compile,BUILD
math_81,run_shell_command,defects4j test -t org.apache.commons.math.linear.EigenDecompositionImplTest::testMath308,defects4j test,TEST
math_81,run_shell_command,git restore /Users/danielding/Desktop/example_dir/Math_81/src/main/java/org/apache/commons/math/linear/EigenDecompositionImpl.java,git restore,VCS
math_81,replace,,replace,WRITE
math_81,read_file,,read_file,READ
math_81,read_file,,read_file,READ
math_81,replace,,replace,WRITE
math_81,read_file,,read_file,READ
math_81,replace,,replace,WRITE
math_81,run_shell_command,defects4j compile,defects4j compile,BUILD
math_81,run_shell_command,git restore /Users/danielding/Desktop/example_dir/Math_81/src/main/java/org/apache/commons/math/linear/EigenDecompositionImpl.java,git restore,VCS
math_81,read_file,,read_file,READ
math_81,replace,,replace,WRITE
math_81,read_file,,read_file,READ
math_81,replace,,replace,WRITE
math_81,run_shell_command,defects4j compile,defects4j compile,BUILD
math_81,run_shell_command,git restore /Users/danielding/Desktop/example_dir/Math_81/src/main/java/org/apache/commons/math/linear/EigenDecompositionImpl.java,git restore,VCS
math_81,replace,,replace,WRITE
math_81,replace,,replace,WRITE
math_81,replace,,replace,WRITE
math_81,replace,,replace,WRITE
math_81,read_file,,read_file,READ
math_81,read_file,,read_file,READ
math_81,read_file,,read_file,READ
math_81,replace,,replace,WRITE
math_81,run_shell_command,defects4j compile,defects4j compile,BUILD
math_81,run_shell_command,defects4j test -t org.apache.commons.math.linear.EigenDecompositionImplTest::testMath308,defects4j test,TEST
math_81,run_shell_command,git restore /Users/danielding/Desktop/example_dir/Math_81/src/main/java/org/apache/commons/math/linear/EigenDecompositionImpl.java,git restore,VCS
math_81,read_file,,read_file,READ
math_81,replace,,replace,WRITE
math_81,run_shell_command,defects4j compile,defects4j compile,BUILD
math_81,run_shell_command,defects4j test -t org.apache.commons.math.linear.EigenDecompositionImplTest::testMath308,defects4j test,TEST
math_81,run_shell_command,git restore /Users/danielding/Desktop/example_dir/Math_81/src/main/java/org/apache/commons/math/linear/EigenDecompositionImpl.java,git restore,VCS
math_81,read_file,,read_file,READ
math_81,replace,,replace,WRITE
math_81,run_shell_command,defects4j compile,defects4j compile,BUILD
math_81,run_shell_command,defects4j test -t org.apache.commons.math.linear.EigenDecompositionImplTest::testMath308,defects4j test,TEST
math_81,search_file_content,,search_file_content,SEARCH_CONTENT
math_81,search_file_content,,search_file_content,SEARCH_CONTENT
math_81,read_file,,read_file,READ
math_81,run_shell_command,git restore /Users/danielding/Desktop/example_dir/Math_81/src/main/java/org/apache/commons/math/linear/EigenDecompositionImpl.java,git restore,VCS
math_81,replace,,replace,WRITE
math_81,replace,,replace,WRITE
math_81,run_shell_command,defects4j compile,defects4j compile,BUILD
math_81,run_shell_command,defects4j test -t org.apache.commons.math.linear.EigenDecompositionImplTest::testMath308,defects4j test,TEST
math_81,run_shell_command,git restore /Users/danielding/Desktop/example_dir/Math_81/src/main/java/org/apache/commons/math/linear/EigenDecompositionImpl.java,git restore,VCS
math_81,replace,,replace,WRITE
math_81,replace,,replace,WRITE
math_81,run_shell_command,defects4j compile,defects4j compile,BUILD
math_81,run_shell_command,defects4j test -t org.apache.commons.math.linear.EigenDecompositionImplTest::testMath308,defects4j test,TEST
math_81,run_shell_command,git restore /Users/danielding/Desktop/example_dir/Math_81/src/main/java/org/apache/commons/math/linear/EigenDecompositionImpl.java,git restore,VCS
math_81,replace,,replace,WRITE
math_81,run_shell_command,defects4j compile,defects4j compile,BUILD
math_81,run_shell_command,defects4j test -t org.apache.commons.math.linear.EigenDecompositionImplTest::testMath308,defects4j test,TEST
math_81,run_shell_command,./run_bug_exposing_tests.sh,run_bug_exposing_tests.sh,TEST
math_81,read_file,,read_file,READ
math_81,run_shell_command,git restore /Users/danielding/Desktop/example_dir/Math_81/src/main/java/org/apache/commons/math/linear/EigenDecompositionImpl.java,git restore,VCS
math_81,replace,,replace,WRITE
math_81,replace,,replace,WRITE
math_81,run_shell_command,defects4j compile,defects4j compile,BUILD
math_81,run_shell_command,defects4j test -t org.apache.commons.math.linear.EigenDecompositionImplTest::testMath308,defects4j test,TEST
math_81,run_shell_command,git restore /Users/danielding/Desktop/example_dir/Math_81/src/main/java/org/apache/commons/math/linear/EigenDecompositionImpl.java,git restore,VCS
math_81,replace,,replace,WRITE
math_81,run_shell_command,defects4j compile,defects4j compile,BUILD
math_81,run_shell_command,defects4j test -t org.apache.commons.math.linear.EigenDecompositionImplTest::testMath308,defects4j test,TEST
math_81,run_shell_command,./run_bug_exposing_tests.sh,run_bug_exposing_tests.sh,TEST
math_81,read_file,,read_file,READ
math_81,run_shell_command,git restore /Users/danielding/Desktop/example_dir/Math_81/src/main/java/org/apache/commons/math/linear/EigenDecompositionImpl.java,git restore,VCS
math_81,replace,,replace,WRITE
math_81,replace,,replace,WRITE
math_81,run_shell_command,defects4j compile,defects4j compile,BUILD
math_81,run_shell_command,defects4j test -t org.apache.commons.math.linear.EigenDecompositionImplTest::testMath308,defects4j test,TEST
math_81,run_shell_command,git restore /Users/danielding/Desktop/example_dir/Math_81/src/main/java/org/apache/commons/math/linear/EigenDecompositionImpl.java,git restore,VCS
math_81,replace,,replace,WRITE
math_81,run_shell_command,defects4j compile,defects4j compile,BUILD
math_81,run_shell_command,defects4j test -t org.apache.commons.math.linear.EigenDecompositionImplTest::testMath308,defects4j test,TEST
math_81,run_shell_command,./run_bug_exposing_tests.sh,run_bug_exposing_tests.sh,TEST
math_81,read_file,,read_file,READ
math_81,run_shell_command,git restore /Users/danielding/Desktop/example_dir/Math_81/src/main/java/org/apache/commons/math/linear/EigenDecompositionImpl.java,git restore,VCS
math_81,replace,,replace,WRITE
math_81,replace,,replace,WRITE
math_81,run_shell_command,defects4j compile,defects4j compile,BUILD
math_81,run_shell_command,defects4j test -t org.apache.commons.math.linear.EigenDecompositionImplTest::testMath308,defects4j test,TEST
math_81,run_shell_command,git restore /Users/danielding/Desktop/example_dir/Math_81/src/main/java/org/apache/commons/math/linear/EigenDecompositionImpl.java,git restore,VCS
math_81,replace,,replace,WRITE
math_81,run_shell_command,defects4j compile,defects4j compile,BUILD
math_81,run_shell_command,defects4j test -t org.apache.commons.math.linear.EigenDecompositionImplTest::testMath308,defects4j test,TEST
math_81,run_shell_command,./run_bug_exposing_tests.sh,run_bug_exposing_tests.sh,TEST
math_81,read_file,,read_file,READ
math_81,run_shell_command,git restore /Users/danielding/Desktop/example_dir/Math_81/src/main/java/org/apache/commons/math/linear/EigenDecompositionImpl.java,git restore,VCS
math_81,replace,,replace,WRITE
math_81,replace,,replace,WRITE
math_81,run_shell_command,defects4j compile,defects4j compile,BUILD
math_81,run_shell_command,defects4j test -t org.apache.commons.math.linear.EigenDecompositionImplTest::testMath308,defects4j test,TEST
math_81,run_shell_command,git restore /Users/danielding/Desktop/example_dir/Math_81/src/main/java/org/apache/commons/math/linear/EigenDecompositionImpl.java,git restore,VCS
math_81,replace,,replace,WRITE
math_81,run_shell_command,defects4j compile,defects4j compile,BUILD
math_81,run_shell_command,defects4j test -t org.apache.commons.math.linear.EigenDecompositionImplTest::testMath308,defects4j test,TEST
math_81,run_shell_command,./run_bug_exposing_tests.sh,run_bug_exposing_tests.sh,TEST
math_81,read_file,,read_file,READ
math_81,run_shell_command,git restore /Users/danielding/Desktop/example_dir/Math_81/src/main/java/org/apache/commons/math/linear/EigenDecompositionImpl.java,git restore,VCS
math_81,replace,,replace,WRITE
math_81,replace,,replace,WRITE
math_81,run_shell_command,defects4j compile,defects4j compile,BUILD
math_81,run_shell_command,defects4j test -t org.apache.commons.math.linear.EigenDecompositionImplTest::testMath308,defects4j test,TEST
math_81,run_shell_command,git restore /Users/danielding/Desktop/example_dir/Math_81/src/main/java/org/apache/commons/math/linear/EigenDecompositionImpl.java,git restore,VCS
math_81,replace,,replace,WRITE
math_81,run_shell_command,defects4j compile,defects4j compile,BUILD
math_81,run_shell_command,defects4j test -t org.apache.commons.math.linear.EigenDecompositionImplTest::testMath308,defects4j test,TEST
math_81,run_shell_command,./run_bug_exposing_tests.sh,run_bug_exposing_tests.sh,TEST
math_81,read_file,,read_file,READ
math_81,run_shell_command,git restore /Users/danielding/Desktop/example_dir/Math_81/src/main/java/org/apache/commons/math/linear/EigenDecompositionImpl.java,git restore,VCS
math_81,replace,,replace,WRITE
math_81,replace,,replace,WRITE
math_81,run_shell_command,defects4j compile,defects4j compile,BUILD
math_81,run_shell_command,defects4j test -t org.apache.commons.math.linear.EigenDecompositionImplTest::testMath308,defects4j test,TEST
math_81,run_shell_command,git restore /Users/danielding/Desktop/example_dir/Math_81/src/main/java/org/apache/commons/math/linear/EigenDecompositionImpl.java,git restore,VCS
math_81,replace,,replace,WRITE
math_81,run_shell_command,defects4j compile,defects4j compile,BUILD
math_81,run_shell_command,defects4j test -t org.apache.commons.math.linear.EigenDecompositionImplTest::testMath308,defects4j test,TEST
math_81,run_shell_command,./run_bug_exposing_tests.sh,run_bug_exposing_tests.sh,TEST
math_81,read_file,,read_file,READ
math_81,run_shell_command,git restore /Users/danielding/Desktop/example_dir/Math_81/src/main/java/org/apache/commons/math/linear/EigenDecompositionImpl.java,git restore,VCS
math_81,replace,,replace,WRITE
math_81,replace,,replace,WRITE
math_81,run_shell_command,defects4j compile,defects4j compile,BUILD
math_81,run_shell_command,defects4j test -t org.apache.commons.math.linear.EigenDecompositionImplTest::testMath308,defects4j test,TEST
math_81,run_shell_command,git restore /Users/danielding/Desktop/example_dir/Math_81/src/main/java/org/apache/commons/math/linear/EigenDecompositionImpl.java,git restore,VCS
math_81,replace,,replace,WRITE
math_81,run_shell_command,defects4j compile,defects4j compile,BUILD
math_81,run_shell_command,defects4j test -t org.apache.commons.math.linear.EigenDecompositionImplTest::testMath308,defects4j test,TEST
math_81,run_shell_command,./run_bug_exposing_tests.sh,run_bug_exposing_tests.sh,TEST
math_81,read_file,,read_file,READ
math_81,run_shell_command,git restore /Users/danielding/Desktop/example_dir/Math_81/src/main/java/org/apache/commons/math/linear/EigenDecompositionImpl.java,git restore,VCS
math_81,replace,,replace,WRITE
math_81,replace,,replace,WRITE
math_81,run_shell_command,defects4j compile,defects4j compile,BUILD
math_81,run_shell_command,defects4j test -t org.apache.commons.math.linear.EigenDecompositionImplTest::testMath308,defects4j test,TEST
math_81,run_shell_command,git restore /Users/danielding/Desktop/example_dir/Math_81/src/main/java/org/apache/commons/math/linear/EigenDecompositionImpl.java,git restore,VCS
math_81,replace,,replace,WRITE
math_81,run_shell_command,defects4j compile,defects4j compile,BUILD
math_81,run_shell_command,defects4j test -t org.apache.commons.math.linear.EigenDecompositionImplTest::testMath308,defects4j test,TEST
math_81,run_shell_command,./run_bug_exposing_tests.sh,run_bug_exposing_tests.sh,TEST
math_81,read_file,,read_file,READ
math_81,run_shell_command,git restore /Users/danielding/Desktop/example_dir/Math_81/src/main/java/org/apache/commons/math/linear/EigenDecompositionImpl.java,git restore,VCS
math_81,replace,,replace,WRITE
math_81,replace,,replace,WRITE
math_81,run_shell_command,defects4j compile,defects4j compile,BUILD
math_83,run_shell_command,defects4j compile,defects4j compile,BUILD
math_83,run_shell_command,./run_bug_exposing_tests.sh,run_bug_exposing_tests.sh,TEST
math_83,read_file,,read_file,READ
math_83,read_file,,read_file,READ
math_83,read_file,,read_file,READ
math_83,read_file,,read_file,READ
math_83,replace,,replace,WRITE
math_83,run_shell_command,defects4j compile,defects4j compile,BUILD
math_83,run_shell_command,./run_bug_exposing_tests.sh,run_bug_exposing_tests.sh,TEST
math_83,read_file,,read_file,READ
math_83,run_shell_command,git restore /Users/danielding/Desktop/example_dir/Math_83/src/main/java/org/apache/commons/math/optimization/linear/SimplexTableau.java,git restore,VCS
math_83,run_shell_command,defects4j compile,defects4j compile,BUILD
math_83,run_shell_command,./run_bug_exposing_tests.sh,run_bug_exposing_tests.sh,TEST
math_83,read_file,,read_file,READ
math_84,run_shell_command,./run_bug_exposing_tests.sh,run_bug_exposing_tests.sh,TEST
math_84,read_file,,read_file,READ
math_84,run_shell_command,defects4j compile,defects4j compile,BUILD
math_84,run_shell_command,defects4j test -t org.apache.commons.math.optimization.direct.MultiDirectionalTest::testMultiDirectionalCorrectStart,defects4j test,TEST
math_84,read_file,,read_file,READ
math_84,search_file_content,,search_file_content,SEARCH_CONTENT
math_84,search_file_content,,search_file_content,SEARCH_CONTENT
math_84,glob,,glob,SEARCH_FILES
math_84,read_file,,read_file,READ
math_84,replace,,replace,WRITE
math_84,run_shell_command,defects4j compile,defects4j compile,BUILD
math_84,run_shell_command,defects4j test -t org.apache.commons.math.optimization.direct.MultiDirectionalTest::testMultiDirectionalCorrectStart,defects4j test,TEST
math_84,replace,,replace,WRITE
math_84,read_file,,read_file,READ
math_84,replace,,replace,WRITE
math_84,run_shell_command,defects4j compile,defects4j compile,BUILD
math_84,run_shell_command,defects4j test -t org.apache.commons.math.optimization.direct.MultiDirectionalTest::testMultiDirectionalCorrectStart,defects4j test,TEST
math_84,read_file,,read_file,READ
math_84,replace,,replace,WRITE
math_84,run_shell_command,defects4j compile,defects4j compile,BUILD
math_84,read_file,,read_file,READ
math_84,replace,,replace,WRITE
math_84,run_shell_command,defects4j compile,defects4j compile,BUILD
math_84,run_shell_command,defects4j test -t org.apache.commons.math.optimization.direct.MultiDirectionalTest::testMultiDirectionalCorrectStart,defects4j test,TEST
math_84,read_file,,read_file,READ
math_84,glob,,glob,SEARCH_FILES
math_84,read_file,,read_file,READ
math_84,replace,,replace,WRITE
math_84,run_shell_command,defects4j compile,defects4j compile,BUILD
math_84,run_shell_command,defects4j test -t org.apache.commons.math.optimization.direct.MultiDirectionalTest::testMath283,defects4j test,TEST
math_84,run_shell_command,defects4j test,defects4j test,TEST
math_84,run_shell_command,git diff,git diff,VCS
math_86,run_shell_command,./run_bug_exposing_tests.sh,run_bug_exposing_tests.sh,TEST
math_86,glob,,glob,SEARCH_FILES
math_86,glob,,glob,SEARCH_FILES
math_86,read_file,,read_file,READ
math_86,read_file,,read_file,READ
math_86,run_shell_command,defects4j test -t org.apache.commons.math.linear.CholeskyDecompositionImplTest::testMath274,defects4j test,TEST
math_86,replace,,replace,WRITE
math_86,run_shell_command,defects4j test -t org.apache.commons.math.linear.CholeskyDecompositionImplTest::testMath274,defects4j test,TEST
math_86,replace,,replace,WRITE
math_86,run_shell_command,defects4j test -t org.apache.commons.math.linear.CholeskyDecompositionImplTest::testMath274,defects4j test,TEST
math_86,run_shell_command,defects4j test,defects4j test,TEST
math_90,run_shell_command,./run_bug_exposing_tests.sh,run_bug_exposing_tests.sh,TEST
math_90,read_file,,read_file,READ
math_90,glob,,glob,SEARCH_FILES
math_90,glob,,glob,SEARCH_FILES
math_90,run_shell_command,defects4j compile,defects4j compile,BUILD
math_90,run_shell_command,defects4j test -t org.apache.commons.math.stat.FrequencyTest,defects4j test,TEST
math_90,run_shell_command,defects4j test -t org.apache.commons.math.stat.FrequencyTest,defects4j test,TEST
math_90,google_web_search,,google_web_search,WEB
math_90,run_shell_command,defects4j test,defects4j test,TEST
math_90,read_file,,read_file,READ
math_90,replace,,replace,WRITE
math_90,replace,,replace,WRITE
math_90,replace,,replace,WRITE
math_90,replace,,replace,WRITE
math_90,replace,,replace,WRITE
math_90,replace,,replace,WRITE
math_90,run_shell_command,defects4j compile,defects4j compile,BUILD
math_90,run_shell_command,defects4j test,defects4j test,TEST
math_90,read_file,,read_file,READ
math_90,replace,,replace,WRITE
math_90,run_shell_command,defects4j compile,defects4j compile,BUILD
math_90,run_shell_command,defects4j test,defects4j test,TEST
math_90,replace,,replace,WRITE
math_90,replace,,replace,WRITE
math_90,run_shell_command,defects4j compile,defects4j compile,BUILD
math_90,replace,,replace,WRITE
math_90,run_shell_command,defects4j compile,defects4j compile,BUILD
math_90,run_shell_command,defects4j test,defects4j test,TEST
math_90,replace,,replace,WRITE
math_90,run_shell_command,defects4j compile,defects4j compile,BUILD
math_90,run_shell_command,defects4j test,defects4j test,TEST
math_90,run_shell_command,git diff,git diff,VCS
math_92,run_shell_command,./run_bug_exposing_tests.sh,run_bug_exposing_tests.sh,TEST
math_92,read_file,,read_file,READ
math_92,run_shell_command,defects4j compile,defects4j compile,BUILD
math_92,run_shell_command,defects4j test -t org.apache.commons.math.util.MathUtilsTest,defects4j test,TEST
math_92,glob,,glob,SEARCH_FILES
math_92,read_file,,read_file,READ
math_92,run_shell_command,defects4j test -t org.apache.commons.math.util.MathUtilsTest::testBinomialCoefficientLarge,defects4j test,TEST
math_92,glob,,glob,SEARCH_FILES
math_92,read_file,,read_file,READ
math_92,replace,,replace,WRITE
math_92,replace,,replace,WRITE
math_92,run_shell_command,defects4j compile,defects4j compile,BUILD
math_92,run_shell_command,defects4j test -t org.apache.commons.math.util.MathUtilsTest::testBinomialCoefficientLarge,defects4j test,TEST
math_92,run_shell_command,defects4j test,defects4j test,TEST
math_93,glob,,glob,SEARCH_FILES
math_93,glob,,glob,SEARCH_FILES
math_93,read_file,,read_file,READ
math_93,read_file,,read_file,READ
math_93,run_shell_command,defects4j test -t org.apache.commons.math.util.MathUtilsTest::testFactorial,defects4j test,TEST
math_93,replace,,replace,WRITE
math_93,run_shell_command,defects4j test -t org.apache.commons.math.util.MathUtilsTest::testFactorial,defects4j test,TEST
math_93,replace,,replace,WRITE
math_93,run_shell_command,defects4j test -t org.apache.commons.math.util.MathUtilsTest::testFactorial,defects4j test,TEST
math_93,replace,,replace,WRITE
math_93,run_shell_command,defects4j test,defects4j test,TEST
math_93,read_file,,read_file,READ
math_93,replace,,replace,WRITE
math_93,run_shell_command,defects4j test,defects4j test,TEST
math_93,run_shell_command,git diff,git diff,VCS
math_98,read_file,,read_file,READ
math_98,replace,,replace,WRITE
math_98,run_shell_command,defects4j compile,defects4j compile,BUILD
math_98,run_shell_command,./run_bug_exposing_tests.sh,run_bug_exposing_tests.sh,TEST
math_98,run_shell_command,defects4j test,defects4j test,TEST
math_98,read_file,,read_file,READ
math_98,read_file,,read_file,READ
math_98,replace,,replace,WRITE
math_98,run_shell_command,defects4j compile,defects4j compile,BUILD
math_98,run_shell_command,defects4j test,defects4j test,TEST
math_98,run_shell_command,git diff,git diff,VCS
math_99,run_shell_command,./run_bug_exposing_tests.sh,run_bug_exposing_tests.sh,TEST
math_99,read_file,,read_file,READ
math_99,glob,,glob,SEARCH_FILES
math_99,read_file,,read_file,READ
math_99,glob,,glob,SEARCH_FILES
math_99,read_file,,read_file,READ
math_99,replace,,replace,WRITE
math_99,run_shell_command,defects4j compile,defects4j compile,BUILD
math_99,run_shell_command,defects4j test,defects4j test,TEST
math_99,replace,,replace,WRITE
math_99,run_shell_command,defects4j compile,defects4j compile,BUILD
math_99,run_shell_command,defects4j test,defects4j test,TEST
math_99,run_shell_command,git diff,git diff,VCS
mockito_10,run_shell_command,./run_bug_exposing_tests.sh,run_bug_exposing_tests.sh,TEST
mockito_10,read_file,,read_file,READ
mockito_10,glob,,glob,SEARCH_FILES
mockito_10,run_shell_command,defects4j compile,defects4j compile,BUILD
mockito_10,run_shell_command,defects4j test -t org.mockitousage.bugs.DeepStubsWronglyReportsSerializationProblemsTest::test,defects4j test,TEST
mockito_10,run_shell_command,./run_bug_exposing_tests.sh,run_bug_exposing_tests.sh,TEST
mockito_10,read_file,,read_file,READ
mockito_10,read_file,,read_file,READ
mockito_10,replace,,replace,WRITE
mockito_10,replace,,replace,WRITE
mockito_10,replace,,replace,WRITE
mockito_10,run_shell_command,defects4j compile,defects4j compile,BUILD
mockito_10,run_shell_command,defects4j test -t org.mockitousage.bugs.DeepStubsWronglyReportsSerializationProblemsTest::test,defects4j test,TEST
mockito_10,read_file,,read_file,READ
mockito_10,replace,,replace,WRITE
mockito_10,run_shell_command,defects4j compile,defects4j compile,BUILD
mockito_10,run_shell_command,defects4j test -t org.mockitousage.bugs.DeepStubsWronglyReportsSerializationProblemsTest::test,defects4j test,TEST
mockito_10,read_file,,read_file,READ
mockito_10,read_file,,read_file,READ
mockito_10,read_file,,read_file,READ
mockito_10,replace,,replace,WRITE
mockito_10,run_shell_command,defects4j compile,defects4j compile,BUILD
mockito_10,replace,,replace,WRITE
mockito_10,run_shell_command,defects4j compile,defects4j compile,BUILD
mockito_10,run_shell_command,defects4j test -t org.mockitousage.bugs.DeepStubsWronglyReportsSerializationProblemsTest::test,defects4j test,TEST
mockito_10,replace,,replace,WRITE
mockito_10,replace,,replace,WRITE
mockito_10,run_shell_command,defects4j compile,defects4j compile,BUILD
mockito_10,run_shell_command,defects4j test -t org.mockitousage.bugs.DeepStubsWronglyReportsSerializationProblemsTest::test,defects4j test,TEST
mockito_10,replace,,replace,WRITE
mockito_10,replace,,replace,WRITE
mockito_10,replace,,replace,WRITE
mockito_10,replace,,replace,WRITE
mockito_10,replace,,replace,WRITE
mockito_10,replace,,replace,WRITE
mockito_10,replace,,replace,WRITE
mockito_10,replace,,replace,WRITE
mockito_10,replace,,replace,WRITE
mockito_10,run_shell_command,defects4j compile,defects4j compile,BUILD
mockito_10,run_shell_command,defects4j test -t org.mockitousage.bugs.DeepStubsWronglyReportsSerializationProblemsTest::test,defects4j test,TEST
mockito_10,replace,,replace,WRITE
mockito_10,replace,,replace,WRITE
mockito_10,replace,,replace,WRITE
mockito_10,read_file,,read_file,READ
mockito_10,replace,,replace,WRITE
mockito_10,run_shell_command,defects4j compile,defects4j compile,BUILD
mockito_10,run_shell_command,defects4j test -t org.mockitousage.bugs.DeepStubsWronglyReportsSerializationProblemsTest::test,defects4j test,TEST
mockito_10,replace,,replace,WRITE
mockito_10,replace,,replace,WRITE
mockito_10,replace,,replace,WRITE
mockito_10,run_shell_command,defects4j compile,defects4j compile,BUILD
mockito_10,run_shell_command,defects4j test -t org.mockitousage.bugs.DeepStubsWronglyReportsSerializationProblemsTest::test,defects4j test,TEST
mockito_10,replace,,replace,WRITE
mockito_10,replace,,replace,WRITE
mockito_10,replace,,replace,WRITE
mockito_10,replace,,replace,WRITE
mockito_10,read_file,,read_file,READ
mockito_10,write_file,,write_file,WRITE
mockito_10,replace,,replace,WRITE
mockito_10,replace,,replace,WRITE
mockito_10,replace,,replace,WRITE
mockito_10,replace,,replace,WRITE
mockito_10,run_shell_command,defects4j compile,defects4j compile,BUILD
mockito_10,run_shell_command,defects4j test -t org.mockitousage.bugs.DeepStubsWronglyReportsSerializationProblemsTest::test,defects4j test,TEST
mockito_10,replace,,replace,WRITE
mockito_10,replace,,replace,WRITE
mockito_10,replace,,replace,WRITE
mockito_10,run_shell_command,defects4j compile,defects4j compile,BUILD
mockito_10,run_shell_command,defects4j test -t org.mockitousage.bugs.DeepStubsWronglyReportsSerializationProblemsTest::test,defects4j test,TEST
mockito_10,write_file,,write_file,WRITE
mockito_10,replace,,replace,WRITE
mockito_10,run_shell_command,defects4j compile,defects4j compile,BUILD
mockito_10,run_shell_command,defects4j test -t org.mockitousage.bugs.DeepStubsWronglyReportsSerializationProblemsTest::test,defects4j test,TEST
mockito_10,replace,,replace,WRITE
mockito_10,run_shell_command,defects4j compile,defects4j compile,BUILD
mockito_10,run_shell_command,defects4j test -t org.mockitousage.bugs.DeepStubsWronglyReportsSerializationProblemsTest::test,defects4j test,TEST
mockito_10,replace,,replace,WRITE
mockito_10,run_shell_command,defects4j compile,defects4j compile,BUILD
mockito_10,run_shell_command,defects4j test -t org.mockitousage.bugs.DeepStubsWronglyReportsSerializationProblemsTest::test,defects4j test,TEST
mockito_10,replace,,replace,WRITE
mockito_10,run_shell_command,defects4j compile,defects4j compile,BUILD
mockito_10,run_shell_command,defects4j test -t org.mockitousage.bugs.DeepStubsWronglyReportsSerializationProblemsTest::test,defects4j test,TEST
mockito_10,write_file,,write_file,WRITE
mockito_10,write_file,,write_file,WRITE
mockito_10,read_file,,read_file,READ
mockito_10,read_file,,read_file,READ
mockito_10,glob,,glob,SEARCH_FILES
mockito_10,read_file,,read_file,READ
mockito_10,replace,,replace,WRITE
mockito_10,run_shell_command,defects4j compile,defects4j compile,BUILD
mockito_10,replace,,replace,WRITE
mockito_14,run_shell_command,./run_bug_exposing_tests.sh,run_bug_exposing_tests.sh,TEST
mockito_14,read_file,,read_file,READ
mockito_14,run_shell_command,defects4j compile,defects4j compile,BUILD
mockito_14,run_shell_command,defects4j test -t org.mockitousage.bugs.VerifyingWithAnExtraCallToADifferentMockTest,defects4j test,TEST
mockito_14,read_file,,read_file,READ
mockito_14,run_shell_command,defects4j test -t org.mockitousage.bugs.VerifyingWithAnExtraCallToADifferentMockTest::shouldAllowVerifyingWhenOtherMockCallIsInTheSameLine,defects4j test,TEST
mockito_14,search_file_content,,search_file_content,SEARCH_CONTENT
mockito_14,read_file,,read_file,READ
mockito_14,read_many_files,,read_many_files,READ
mockito_15,run_shell_command,./run_bug_exposing_tests.sh,run_bug_exposing_tests.sh,TEST
mockito_15,read_file,,read_file,READ
mockito_15,run_shell_command,defects4j compile,defects4j compile,BUILD
mockito_15,run_shell_command,./run_bug_exposing_tests.sh,run_bug_exposing_tests.sh,TEST
mockito_15,read_file,,read_file,READ
mockito_15,glob,,glob,SEARCH_FILES
mockito_15,run_shell_command,defects4j test -t org.mockitousage.bugs.InjectMocksShouldTryPropertySettersFirstBeforeFieldAccessTest,defects4j test,TEST
mockito_15,search_file_content,,search_file_content,SEARCH_CONTENT
mockito_15,read_file,,read_file,READ
mockito_15,read_file,,read_file,READ
mockito_15,read_file,,read_file,READ
mockito_15,search_file_content,,search_file_content,SEARCH_CONTENT
mockito_15,read_file,,read_file,READ
mockito_16,run_shell_command,./run_bug_exposing_tests.sh,run_bug_exposing_tests.sh,TEST
mockito_16,read_file,,read_file,READ
mockito_16,run_shell_command,defects4j test,defects4j test,TEST
mockito_16,read_file,,read_file,READ
mockito_16,read_file,,read_file,READ
mockito_16,read_file,,read_file,READ
mockito_16,read_file,,read_file,READ
mockito_16,read_file,,read_file,READ
mockito_16,read_file,,read_file,READ
mockito_16,read_file,,read_file,READ
mockito_16,replace,,replace,WRITE
mockito_16,run_shell_command,defects4j compile,defects4j compile,BUILD
mockito_16,replace,,replace,WRITE
mockito_16,run_shell_command,defects4j compile,defects4j compile,BUILD
mockito_16,read_file,,read_file,READ
mockito_16,read_file,,read_file,READ
mockito_16,read_file,,read_file,READ
mockito_16,replace,,replace,WRITE
mockito_16,run_shell_command,defects4j compile,defects4j compile,BUILD
mockito_16,replace,,replace,WRITE
mockito_16,replace,,replace,WRITE
mockito_16,replace,,replace,WRITE
mockito_16,run_shell_command,defects4j compile,defects4j compile,BUILD
mockito_16,replace,,replace,WRITE
mockito_16,run_shell_command,defects4j compile,defects4j compile,BUILD
mockito_16,run_shell_command,defects4j test -t org.mockitousage.bugs.StubbingMocksThatAreConfiguredToReturnMocksTest::shouldAllowStubbingMocksConfiguredWithRETURNS_MOCKS,defects4j test,TEST
mockito_16,replace,,replace,WRITE
mockito_16,run_shell_command,defects4j compile,defects4j compile,BUILD
mockito_16,run_shell_command,defects4j test -t org.mockitousage.bugs.StubbingMocksThatAreConfiguredToReturnMocksTest::shouldAllowStubbingMocksConfiguredWithRETURNS_MOCKS,defects4j test,TEST
mockito_16,replace,,replace,WRITE
mockito_16,run_shell_command,defects4j compile,defects4j compile,BUILD
mockito_16,run_shell_command,defects4j test -t org.mockitousage.bugs.StubbingMocksThatAreConfiguredToReturnMocksTest::shouldAllowStubbingMocksConfiguredWithRETURNS_MOCKS,defects4j test,TEST
mockito_16,replace,,replace,WRITE
mockito_16,run_shell_command,defects4j compile,defects4j compile,BUILD
mockito_16,run_shell_command,defects4j test -t org.mockitousage.bugs.StubbingMocksThatAreConfiguredToReturnMocksTest::shouldAllowStubbingMocksConfiguredWithRETURNS_MOCKS,defects4j test,TEST
mockito_16,replace,,replace,WRITE
mockito_16,read_file,,read_file,READ
mockito_16,replace,,replace,WRITE
mockito_16,read_file,,read_file,READ
mockito_16,replace,,replace,WRITE
mockito_16,replace,,replace,WRITE
mockito_16,replace,,replace,WRITE
mockito_16,read_file,,read_file,READ
mockito_16,replace,,replace,WRITE
mockito_16,run_shell_command,defects4j compile,defects4j compile,BUILD
mockito_16,run_shell_command,defects4j test -t org.mockitousage.bugs.StubbingMocksThatAreConfiguredToReturnMocksTest::shouldAllowStubbingMocksConfiguredWithRETURNS_MOCKS,defects4j test,TEST
mockito_16,run_shell_command,defects4j test -t org.mockitousage.bugs.StubbingMocksThatAreConfiguredToReturnMocksTest::shouldAllowStubbingMocksConfiguredWithRETURNS_MOCKSWithDoApi,defects4j test,TEST
mockito_16,read_file,,read_file,READ
mockito_16,run_shell_command,./run_bug_exposing_tests.sh,run_bug_exposing_tests.sh,TEST
mockito_16,read_file,,read_file,READ
mockito_16,replace,,replace,WRITE
mockito_16,run_shell_command,defects4j compile,defects4j compile,BUILD
mockito_16,run_shell_command,defects4j test -t org.mockitousage.bugs.StubbingMocksThatAreConfiguredToReturnMocksTest::shouldAllowStubbingMocksConfiguredWithRETURNS_MOCKS,defects4j test,TEST
mockito_16,run_shell_command,git diff /Users/danielding/Desktop/example_dir/Mockito_16/src/org/mockito/internal/MockHandler.java,git diff,VCS
mockito_16,replace,,replace,WRITE
mockito_16,replace,,replace,WRITE
mockito_16,replace,,replace,WRITE
mockito_16,replace,,replace,WRITE
mockito_16,run_shell_command,defects4j compile,defects4j compile,BUILD
mockito_16,replace,,replace,WRITE
mockito_16,replace,,replace,WRITE
mockito_16,replace,,replace,WRITE
mockito_16,replace,,replace,WRITE
mockito_16,run_shell_command,defects4j compile,defects4j compile,BUILD
mockito_16,run_shell_command,git checkout /Users/danielding/Desktop/example_dir/Mockito_16/src/org/mockito/internal/MockHandler.java,git checkout,VCS
mockito_16,run_shell_command,git checkout /Users/danielding/Desktop/example_dir/Mockito_16/src/org/mockito/internal/progress/MockingProgress.java,git checkout,VCS
mockito_16,run_shell_command,git checkout /Users/danielding/Desktop/example_dir/Mockito_16/src/org/mockito/internal/progress/ThreadSafeMockingProgress.java,git checkout,VCS
mockito_16,run_shell_command,git checkout /Users/danielding/Desktop/example_dir/Mockito_16/src/org/mockito/internal/progress/MockingProgressImpl.java,git checkout,VCS
mockito_16,run_shell_command,defects4j compile,defects4j compile,BUILD
mockito_16,replace,,replace,WRITE
mockito_16,replace,,replace,WRITE
mockito_16,replace,,replace,WRITE
mockito_16,replace,,replace,WRITE
mockito_16,replace,,replace,WRITE
mockito_16,run_shell_command,defects4j compile,defects4j compile,BUILD
mockito_16,run_shell_command,defects4j test -t org.mockitousage.bugs.StubbingMocksThatAreConfiguredToReturnMocksTest::shouldAllowStubbingMocksConfiguredWithRETURNS_MOCKS,defects4j test,TEST
mockito_16,replace,,replace,WRITE
mockito_16,run_shell_command,defects4j compile,defects4j compile,BUILD
mockito_16,run_shell_command,defects4j test -t org.mockitousage.bugs.StubbingMocksThatAreConfiguredToReturnMocksTest::shouldAllowStubbingMocksConfiguredWithRETURNS_MOCKS,defects4j test,TEST
mockito_16,replace,,replace,WRITE
mockito_16,run_shell_command,defects4j compile,defects4j compile,BUILD
mockito_16,run_shell_command,defects4j test -t org.mockitousage.bugs.StubbingMocksThatAreConfiguredToReturnMocksTest::shouldAllowStubbingMocksConfiguredWithRETURNS_MOCKS,defects4j test,TEST
mockito_16,replace,,replace,WRITE
mockito_16,replace,,replace,WRITE
mockito_16,read_file,,read_file,READ
mockito_16,replace,,replace,WRITE
mockito_16,replace,,replace,WRITE
mockito_16,replace,,replace,WRITE
mockito_16,replace,,replace,WRITE
mockito_16,replace,,replace,WRITE
mockito_16,replace,,replace,WRITE
mockito_16,replace,,replace,WRITE
mockito_16,replace,,replace,WRITE
mockito_16,replace,,replace,WRITE
mockito_16,replace,,replace,WRITE
mockito_16,replace,,replace,WRITE
mockito_16,replace,,replace,WRITE
mockito_16,replace,,replace,WRITE
mockito_16,replace,,replace,WRITE
mockito_16,replace,,replace,WRITE
mockito_16,replace,,replace,WRITE
mockito_16,replace,,replace,WRITE
mockito_16,replace,,replace,WRITE
mockito_16,replace,,replace,WRITE
mockito_16,replace,,replace,WRITE
mockito_16,replace,,replace,WRITE
mockito_16,replace,,replace,WRITE
mockito_16,replace,,replace,WRITE
mockito_16,replace,,replace,WRITE
mockito_16,replace,,replace,WRITE
mockito_16,replace,,replace,WRITE
mockito_16,replace,,replace,WRITE
mockito_16,replace,,replace,WRITE
mockito_16,replace,,replace,WRITE
mockito_16,replace,,replace,WRITE
mockito_16,replace,,replace,WRITE
mockito_16,replace,,replace,WRITE
mockito_16,replace,,replace,WRITE
mockito_16,replace,,replace,WRITE
mockito_16,replace,,replace,WRITE
mockito_16,replace,,replace,WRITE
mockito_16,replace,,replace,WRITE
mockito_16,replace,,replace,WRITE
mockito_16,replace,,replace,WRITE
mockito_16,replace,,replace,WRITE
mockito_16,replace,,replace,WRITE
mockito_16,replace,,replace,WRITE
mockito_16,replace,,replace,WRITE
mockito_16,replace,,replace,WRITE
mockito_16,replace,,replace,WRITE
mockito_16,replace,,replace,WRITE
mockito_16,replace,,replace,WRITE
mockito_16,replace,,replace,WRITE
mockito_16,replace,,replace,WRITE
mockito_16,replace,,replace,WRITE
mockito_16,replace,,replace,WRITE
mockito_16,replace,,replace,WRITE
mockito_16,replace,,replace,WRITE
mockito_16,replace,,replace,WRITE
mockito_16,replace,,replace,WRITE
mockito_16,replace,,replace,WRITE
mockito_16,replace,,replace,WRITE
mockito_16,replace,,replace,WRITE
mockito_16,replace,,replace,WRITE
mockito_16,replace,,replace,WRITE
mockito_16,replace,,replace,WRITE
mockito_16,replace,,replace,WRITE
mockito_16,replace,,replace,WRITE
mockito_16,replace,,replace,WRITE
mockito_16,replace,,replace,WRITE
mockito_16,replace,,replace,WRITE
mockito_16,replace,,replace,WRITE
mockito_16,replace,,replace,WRITE
mockito_16,replace,,replace,WRITE
mockito_16,replace,,replace,WRITE
mockito_16,replace,,replace,WRITE
mockito_16,replace,,replace,WRITE
mockito_16,replace,,replace,WRITE
mockito_16,replace,,replace,WRITE
mockito_16,replace,,replace,WRITE
mockito_16,replace,,replace,WRITE
mockito_16,replace,,replace,WRITE
mockito_16,replace,,replace,WRITE
mockito_16,replace,,replace,WRITE
mockito_16,replace,,replace,WRITE
mockito_16,replace,,replace,WRITE
mockito_16,replace,,replace,WRITE
mockito_16,replace,,replace,WRITE
mockito_16,replace,,replace,WRITE
mockito_16,replace,,replace,WRITE
mockito_16,replace,,replace,WRITE
mockito_16,replace,,replace,WRITE
mockito_16,replace,,replace,WRITE
mockito_16,replace,,replace,WRITE
mockito_16,replace,,replace,WRITE
mockito_16,replace,,replace,WRITE
mockito_16,replace,,replace,WRITE
mockito_16,replace,,replace,WRITE
mockito_16,replace,,replace,WRITE
mockito_16,replace,,replace,WRITE
mockito_16,replace,,replace,WRITE
mockito_16,replace,,replace,WRITE
mockito_16,replace,,replace,WRITE
mockito_16,replace,,replace,WRITE
mockito_16,replace,,replace,WRITE
mockito_16,replace,,replace,WRITE
mockito_16,replace,,replace,WRITE
mockito_16,replace,,replace,WRITE
mockito_16,replace,,replace,WRITE
mockito_16,replace,,replace,WRITE
mockito_16,replace,,replace,WRITE
mockito_16,replace,,replace,WRITE
mockito_16,replace,,replace,WRITE
mockito_16,replace,,replace,WRITE
mockito_16,replace,,replace,WRITE
mockito_16,replace,,replace,WRITE
mockito_16,replace,,replace,WRITE
mockito_16,replace,,replace,WRITE
mockito_16,replace,,replace,WRITE
mockito_16,replace,,replace,WRITE
mockito_16,replace,,replace,WRITE
mockito_16,replace,,replace,WRITE
mockito_16,replace,,replace,WRITE
mockito_16,replace,,replace,WRITE
mockito_16,replace,,replace,WRITE
mockito_16,replace,,replace,WRITE
mockito_16,replace,,replace,WRITE
mockito_16,replace,,replace,WRITE
mockito_16,replace,,replace,WRITE
mockito_16,replace,,replace,WRITE
mockito_16,replace,,replace,WRITE
mockito_16,replace,,replace,WRITE
mockito_17,run_shell_command,./run_bug_exposing_tests.sh,run_bug_exposing_tests.sh,TEST
mockito_17,read_file,,read_file,READ
mockito_17,read_file,,read_file,READ
mockito_17,run_shell_command,defects4j compile,defects4j compile,BUILD
mockito_17,run_shell_command,defects4j test -t org.mockitousage.basicapi.MocksSerializationTest,defects4j test,TEST
mockito_17,run_shell_command,defects4j test -t org.mockitousage.basicapi.MocksSerializationTest,defects4j test,TEST
mockito_17,run_shell_command,defects4j export -p cp.test,defects4j export,DEFECTS4J_OTHER
mockito_17,run_shell_command,java -cp /Users/danielding/Desktop/defects4j/framework/projects/lib/junit-4.11.jar:/Users/danielding/Desktop/example_dir/Mockito_17/target/classes:/Users/danielding/Desktop/example_dir/Mockito_17/target/test-classes:/Users/danielding/Desktop/defects4j/framework/projects/Mockito/lib/asm-all-5.0.4.jar:/Users/danielding/Desktop/defects4j/framework/projects/Mockito/lib/assertj-core-2.1.0.jar:/Users/danielding/Desktop/defects4j/framework/projects/Mockito/lib/cglib-and-asm-1.0.jar:/Users/danielding/Desktop/defects4j/framework/projects/Mockito/lib/cobertura-2.0.3.jar:/Users/danielding/Desktop/defects4j/framework/projects/Mockito/lib/fest-assert-1.3.jar:/Users/danielding/Desktop/defects4j/framework/projects/Mockito/lib/fest-util-1.1.4.jar:/Users/danielding/Desktop/defects4j/framework/projects/Mockito/lib/hamcrest-all-1.3.jar:/Users/danielding/Desktop/defects4j/framework/projects/Mockito/lib/hamcrest-core-1.1.jar:/Users/danielding/Desktop/defects4j/framework/projects/Mockito/lib/objenesis-2.1.jar:/Users/danielding/Desktop/defects4j/framework/projects/Mockito/lib/objenesis-2.2.jar:/Users/danielding/Desktop/defects4j/framework/projects/Mockito/lib/powermock-reflect-1.2.5.jar org.junit.runner.JUnitCore org.mockitousage.basicapi.MocksSerializationTest,java,BUILD
mockito_17,list_directory,,list_directory,SEARCH_FILES
mockito_17,read_file,,read_file,READ
mockito_17,list_directory,,list_directory,SEARCH_FILES
mockito_17,list_directory,,list_directory,SEARCH_FILES
mockito_17,read_file,,read_file,READ
mockito_17,run_shell_command,ant clean && ant compile.test,ant,BUILD
mockito_17,run_shell_command,ant clean && ant compile.test,ant,BUILD
mockito_17,list_directory,,list_directory,SEARCH_FILES
mockito_17,run_shell_command,./run_bug_exposing_tests.sh,run_bug_exposing_tests.sh,TEST
mockito_17,read_file,,read_file,READ
mockito_17,read_file,,read_file,READ
mockito_17,run_shell_command,defects4j export -p tests.trigger,defects4j export,DEFECTS4J_OTHER
mockito_17,read_file,,read_file,READ
mockito_17,read_file,,read_file,READ
mockito_17,replace,,replace,WRITE
mockito_17,replace,,replace,WRITE
mockito_17,replace,,replace,WRITE
mockito_17,replace,,replace,WRITE
mockito_17,replace,,replace,WRITE
mockito_17,run_shell_command,ant clean && ant compile.test,ant,BUILD
mockito_17,run_shell_command,ant clean && ant compile.test,ant,BUILD
mockito_17,run_shell_command,./run_bug_exposing_tests.sh,run_bug_exposing_tests.sh,TEST
mockito_17,run_shell_command,defects4j test,defects4j test,TEST
mockito_17,read_file,,read_file,READ
mockito_17,replace,,replace,WRITE
mockito_17,replace,,replace,WRITE
mockito_17,replace,,replace,WRITE
mockito_17,run_shell_command,ant clean && ant compile.test && defects4j test,ant,BUILD
mockito_17,run_shell_command,ant clean && ant compile.test && defects4j test,ant,BUILD
mockito_17,run_shell_command,ant clean && ant compile.test && defects4j test,defects4j test,TEST
mockito_17,run_shell_command,git diff,git diff,VCS
mockito_19,run_shell_command,./run_bug_exposing_tests.sh,run_bug_exposing_tests.sh,TEST
mockito_19,read_file,,read_file,READ
mockito_19,run_shell_command,defects4j compile,defects4j compile,BUILD
mockito_19,run_shell_command,defects4j test,defects4j test,TEST
mockito_19,read_file,,read_file,READ
mockito_19,search_file_content,,search_file_content,SEARCH_CONTENT
mockito_19,read_file,,read_file,READ
mockito_19,read_file,,read_file,READ
mockito_19,read_file,,read_file,READ
mockito_19,read_file,,read_file,READ
mockito_19,read_file,,read_file,READ
mockito_19,read_file,,read_file,READ
mockito_19,read_file,,read_file,READ
mockito_19,replace,,replace,WRITE
mockito_19,run_shell_command,defects4j test -t org.mockitousage.annotation.MockInjectionUsingSetterOrPropertyTest::shouldInsertFieldWithCorrectNameWhenMultipleTypesAvailable,defects4j test,TEST
mockito_19,replace,,replace,WRITE
mockito_19,run_shell_command,defects4j test -t org.mockitousage.annotation.MockInjectionUsingSetterOrPropertyTest::shouldInsertFieldWithCorrectNameWhenMultipleTypesAvailable,defects4j test,TEST
mockito_19,replace,,replace,WRITE
mockito_19,read_file,,read_file,READ
mockito_19,replace,,replace,WRITE
mockito_19,read_file,,read_file,READ
mockito_19,replace,,replace,WRITE
mockito_19,run_shell_command,defects4j test -t org.mockitousage.annotation.MockInjectionUsingSetterOrPropertyTest::shouldInsertFieldWithCorrectNameWhenMultipleTypesAvailable,defects4j test,TEST
mockito_19,read_file,,read_file,READ
mockito_19,replace,,replace,WRITE
mockito_19,run_shell_command,defects4j test -t org.mockitousage.annotation.MockInjectionUsingSetterOrPropertyTest::shouldInsertFieldWithCorrectNameWhenMultipleTypesAvailable,defects4j test,TEST
mockito_19,run_shell_command,defects4j test,defects4j test,TEST
mockito_19,read_file,,read_file,READ
mockito_19,replace,,replace,WRITE
mockito_19,run_shell_command,defects4j test,defects4j test,TEST
mockito_19,read_file,,read_file,READ
mockito_19,replace,,replace,WRITE
mockito_19,replace,,replace,WRITE
mockito_19,run_shell_command,defects4j test,defects4j test,TEST
mockito_19,replace,,replace,WRITE
mockito_19,replace,,replace,WRITE
mockito_19,replace,,replace,WRITE
mockito_19,replace,,replace,WRITE
mockito_19,run_shell_command,defects4j test,defects4j test,TEST
mockito_19,read_file,,read_file,READ
mockito_19,replace,,replace,WRITE
mockito_19,run_shell_command,defects4j test,defects4j test,TEST
mockito_19,replace,,replace,WRITE
mockito_19,replace,,replace,WRITE
mockito_19,replace,,replace,WRITE
mockito_19,replace,,replace,WRITE
mockito_19,run_shell_command,defects4j test,defects4j test,TEST
mockito_19,read_file,,read_file,READ
mockito_19,replace,,replace,WRITE
mockito_19,read_file,,read_file,READ
mockito_19,replace,,replace,WRITE
mockito_19,read_file,,read_file,READ
mockito_19,replace,,replace,WRITE
mockito_19,read_file,,read_file,READ
mockito_19,write_file,,write_file,WRITE
mockito_19,run_shell_command,defects4j test,defects4j test,TEST
mockito_19,write_file,,write_file,WRITE
mockito_19,write_file,,write_file,WRITE
mockito_19,run_shell_command,defects4j test,defects4j test,TEST
mockito_19,write_file,,write_file,WRITE
mockito_19,write_file,,write_file,WRITE
mockito_19,run_shell_command,defects4j test,defects4j test,TEST
mockito_19,write_file,,write_file,WRITE
mockito_19,write_file,,write_file,WRITE
mockito_19,run_shell_command,defects4j test,defects4j test,TEST
mockito_19,write_file,,write_file,WRITE
mockito_19,write_file,,write_file,WRITE
mockito_19,run_shell_command,defects4j test,defects4j test,TEST
mockito_19,write_file,,write_file,WRITE
mockito_19,write_file,,write_file,WRITE
mockito_19,run_shell_command,defects4j test,defects4j test,TEST
mockito_19,write_file,,write_file,WRITE
mockito_19,write_file,,write_file,WRITE
mockito_19,run_shell_command,defects4j test,defects4j test,TEST
mockito_19,write_file,,write_file,WRITE
mockito_19,write_file,,write_file,WRITE
mockito_19,run_shell_command,defects4j test,defects4j test,TEST
mockito_19,write_file,,write_file,WRITE
mockito_19,write_file,,write_file,WRITE
mockito_19,run_shell_command,defects4j test,defects4j test,TEST
mockito_19,write_file,,write_file,WRITE
mockito_19,write_file,,write_file,WRITE
mockito_19,run_shell_command,defects4j test,defects4j test,TEST
mockito_19,write_file,,write_file,WRITE
mockito_19,write_file,,write_file,WRITE
mockito_19,run_shell_command,defects4j test,defects4j test,TEST
mockito_19,write_file,,write_file,WRITE
mockito_19,write_file,,write_file,WRITE
mockito_19,run_shell_command,defects4j test,defects4j test,TEST
mockito_19,write_file,,write_file,WRITE
mockito_19,write_file,,write_file,WRITE
mockito_19,run_shell_command,defects4j test,defects4j test,TEST
mockito_19,write_file,,write_file,WRITE
mockito_19,write_file,,write_file,WRITE
mockito_19,run_shell_command,defects4j test,defects4j test,TEST
mockito_19,run_shell_command,git diff,git diff,VCS
mockito_20,run_shell_command,./run_bug_exposing_tests.sh,run_bug_exposing_tests.sh,TEST
mockito_20,read_file,,read_file,READ
mockito_20,glob,,glob,SEARCH_FILES
mockito_20,search_file_content,,search_file_content,SEARCH_CONTENT
mockito_20,run_shell_command,defects4j compile,defects4j compile,BUILD
mockito_20,run_shell_command,defects4j test -t org.mockitousage.annotation.SpyAnnotationTest,defects4j test,TEST
mockito_20,run_shell_command,defects4j test -t org.mockitousage.annotation.SpyAnnotationTest::should_spy_abstract_class,defects4j test,TEST
mockito_20,run_shell_command,defects4j test -t org.mockitousage.constructor.CreatingMocksWithConstructorTest::can_spy_abstract_classes,defects4j test,TEST
mockito_20,read_file,,read_file,READ
mockito_20,search_file_content,,search_file_content,SEARCH_CONTENT
mockito_20,read_file,,read_file,READ
mockito_20,search_file_content,,search_file_content,SEARCH_CONTENT
mockito_20,search_file_content,,search_file_content,SEARCH_CONTENT
mockito_20,read_file,,read_file,READ
mockito_20,read_file,,read_file,READ
mockito_20,search_file_content,,search_file_content,SEARCH_CONTENT
mockito_20,read_file,,read_file,READ
mockito_20,read_file,,read_file,READ
mockito_20,read_file,,read_file,READ
mockito_20,read_file,,read_file,READ
mockito_20,list_directory,,list_directory,SEARCH_FILES
mockito_20,read_file,,read_file,READ
mockito_20,read_file,,read_file,READ
mockito_20,read_file,,read_file,READ
mockito_20,replace,,replace,WRITE
mockito_20,replace,,replace,WRITE
mockito_20,replace,,replace,WRITE
mockito_20,replace,,replace,WRITE
mockito_20,run_shell_command,defects4j compile,defects4j compile,BUILD
mockito_20,replace,,replace,WRITE
mockito_20,replace,,replace,WRITE
mockito_20,run_shell_command,defects4j compile,defects4j compile,BUILD
mockito_20,run_shell_command,defects4j test -t org.mockitousage.constructor.CreatingMocksWithConstructorTest::can_spy_abstract_classes,defects4j test,TEST
mockito_20,run_shell_command,defects4j test,defects4j test,TEST
mockito_20,replace,,replace,WRITE
mockito_20,replace,,replace,WRITE
mockito_20,replace,,replace,WRITE
mockito_20,replace,,replace,WRITE
mockito_20,read_file,,read_file,READ
mockito_20,replace,,replace,WRITE
mockito_20,replace,,replace,WRITE
mockito_20,read_file,,read_file,READ
mockito_20,search_file_content,,search_file_content,SEARCH_CONTENT
mockito_20,read_file,,read_file,READ
mockito_20,write_file,,write_file,WRITE
mockito_20,replace,,replace,WRITE
mockito_20,replace,,replace,WRITE
mockito_20,replace,,replace,WRITE
mockito_20,replace,,replace,WRITE
mockito_20,run_shell_command,defects4j compile,defects4j compile,BUILD
mockito_20,run_shell_command,defects4j test,defects4j test,TEST
mockito_20,replace,,replace,WRITE
mockito_20,run_shell_command,defects4j compile,defects4j compile,BUILD
mockito_20,run_shell_command,defects4j test,defects4j test,TEST
mockito_20,run_shell_command,git diff,git diff,VCS
mockito_21,run_shell_command,./run_bug_exposing_tests.sh,run_bug_exposing_tests.sh,TEST
mockito_21,read_file,,read_file,READ
mockito_21,list_directory,,list_directory,SEARCH_FILES
mockito_21,read_file,,read_file,READ
mockito_21,read_file,,read_file,READ
mockito_21,read_file,,read_file,READ
mockito_21,read_file,,read_file,READ
mockito_21,replace,,replace,WRITE
mockito_21,read_file,,read_file,READ
mockito_21,list_directory,,list_directory,SEARCH_FILES
mockito_21,read_file,,read_file,READ
mockito_21,list_directory,,list_directory,SEARCH_FILES
mockito_21,run_shell_command,mkdir -p /Users/danielding/Desktop/example_dir/Mockito_21/test/org/mockito/bugfix/,mkdir,FILE_OPS
mockito_21,write_file,,write_file,WRITE
mockito_21,run_shell_command,defects4j compile,defects4j compile,BUILD
mockito_21,run_shell_command,defects4j test,defects4j test,TEST
mockito_21,run_shell_command,git restore /Users/danielding/Desktop/example_dir/Mockito_21/src/org/mockito/internal/creation/instance/InstantiatorProvider.java,git restore,VCS
mockito_21,replace,,replace,WRITE
mockito_21,replace,,replace,WRITE
mockito_21,run_shell_command,defects4j compile,defects4j compile,BUILD
mockito_21,read_file,,read_file,READ
mockito_21,replace,,replace,WRITE
mockito_21,read_file,,read_file,READ
mockito_21,replace,,replace,WRITE
mockito_21,read_file,,read_file,READ
mockito_21,replace,,replace,WRITE
mockito_21,run_shell_command,defects4j compile,defects4j compile,BUILD
mockito_21,replace,,replace,WRITE
mockito_21,run_shell_command,defects4j compile,defects4j compile,BUILD
mockito_21,run_shell_command,defects4j test,defects4j test,TEST
mockito_21,run_shell_command,defects4j test -t org.mockito.internal.creation.instance.ConstructorInstantiatorTest::creates_instances_of_inner_classes,defects4j test,TEST
mockito_21,run_shell_command,./run_bug_exposing_tests.sh,run_bug_exposing_tests.sh,TEST
mockito_21,read_file,,read_file,READ
mockito_21,replace,,replace,WRITE
mockito_21,read_file,,read_file,READ
mockito_21,replace,,replace,WRITE
mockito_21,run_shell_command,defects4j compile,defects4j compile,BUILD
mockito_21,run_shell_command,defects4j test,defects4j test,TEST
mockito_21,run_shell_command,git diff,git diff,VCS
mockito_21,run_shell_command,git add /Users/danielding/Desktop/example_dir/Mockito_21/test/org/mockito/bugfix/AbstractClassMockingTest.java,git add,VCS
mockito_21,run_shell_command,git diff HEAD,git diff,VCS
mockito_23,run_shell_command,./run_bug_exposing_tests.sh,run_bug_exposing_tests.sh,TEST
mockito_23,read_file,,read_file,READ
mockito_23,run_shell_command,defects4j compile,defects4j compile,BUILD
mockito_23,run_shell_command,defects4j test,defects4j test,TEST
mockito_23,read_file,,read_file,READ
mockito_23,search_file_content,,search_file_content,SEARCH_CONTENT
mockito_23,read_file,,read_file,READ
mockito_23,read_file,,read_file,READ
mockito_23,read_file,,read_file,READ
mockito_23,read_file,,read_file,READ
mockito_23,replace,,replace,WRITE
mockito_23,replace,,replace,WRITE
mockito_23,run_shell_command,defects4j compile,defects4j compile,BUILD
mockito_23,run_shell_command,defects4j test -t org.mockitousage.stubbing.DeepStubsSerializableTest::should_serialize_and_deserialize_mock_created_by_deep_stubs,defects4j test,TEST
mockito_23,replace,,replace,WRITE
mockito_23,run_shell_command,defects4j compile,defects4j compile,BUILD
mockito_23,run_shell_command,defects4j test -t org.mockitousage.stubbing.DeepStubsSerializableTest::should_serialize_and_deserialize_mock_created_by_deep_stubs,defects4j test,TEST
mockito_23,replace,,replace,WRITE
mockito_23,replace,,replace,WRITE
mockito_23,run_shell_command,defects4j compile,defects4j compile,BUILD
mockito_23,run_shell_command,defects4j test -t org.mockitousage.stubbing.DeepStubsSerializableTest::should_serialize_and_deserialize_mock_created_by_deep_stubs,defects4j test,TEST
mockito_23,read_file,,read_file,READ
mockito_23,read_file,,read_file,READ
mockito_23,search_file_content,,search_file_content,SEARCH_CONTENT
mockito_23,search_file_content,,search_file_content,SEARCH_CONTENT
mockito_23,read_file,,read_file,READ
mockito_23,search_file_content,,search_file_content,SEARCH_CONTENT
mockito_23,read_file,,read_file,READ
mockito_23,run_shell_command,./run_bug_exposing_tests.sh,run_bug_exposing_tests.sh,TEST
mockito_23,read_file,,read_file,READ
mockito_23,read_file,,read_file,READ
mockito_23,replace,,replace,WRITE
mockito_23,replace,,replace,WRITE
mockito_23,replace,,replace,WRITE
mockito_23,replace,,replace,WRITE
mockito_23,run_shell_command,defects4j compile,defects4j compile,BUILD
mockito_23,run_shell_command,defects4j test -t org.mockitousage.stubbing.DeepStubsSerializableTest::should_serialize_and_deserialize_mock_created_by_deep_stubs,defects4j test,TEST
mockito_23,read_file,,read_file,READ
mockito_23,read_file,,read_file,READ
mockito_23,read_file,,read_file,READ
mockito_23,read_file,,read_file,READ
mockito_23,replace,,replace,WRITE
mockito_23,read_file,,read_file,READ
mockito_23,replace,,replace,WRITE
mockito_23,replace,,replace,WRITE
mockito_23,read_file,,read_file,READ
mockito_23,run_shell_command,defects4j compile,defects4j compile,BUILD
mockito_23,run_shell_command,defects4j test -t org.mockitousage.stubbing.DeepStubsSerializableTest::should_serialize_and_deserialize_mock_created_by_deep_stubs,defects4j test,TEST
mockito_23,search_file_content,,search_file_content,SEARCH_CONTENT
mockito_23,read_file,,read_file,READ
mockito_25,run_shell_command,./run_bug_exposing_tests.sh,run_bug_exposing_tests.sh,TEST
mockito_25,read_file,,read_file,READ
mockito_25,glob,,glob,SEARCH_FILES
mockito_25,read_file,,read_file,READ
mockito_25,run_shell_command,defects4j compile,defects4j compile,BUILD
mockito_25,run_shell_command,./run_bug_exposing_tests.sh,run_bug_exposing_tests.sh,TEST
mockito_25,read_file,,read_file,READ
mockito_25,run_shell_command,defects4j test -t org.mockito.internal.stubbing.defaultanswers.ReturnsGenericDeepStubsTest,defects4j test,TEST
mockito_25,read_file,,read_file,READ
mockito_25,run_shell_command,defects4j test -t org.mockito.internal.stubbing.defaultanswers.ReturnsGenericDeepStubsTest::generic_deep_mock_frenzy__look_at_these_chained_calls,defects4j test,TEST
mockito_25,glob,,glob,SEARCH_FILES
mockito_25,read_file,,read_file,READ
mockito_25,read_file,,read_file,READ
mockito_25,read_file,,read_file,READ
mockito_25,read_file,,read_file,READ
mockito_25,replace,,replace,WRITE
mockito_25,replace,,replace,WRITE
mockito_25,run_shell_command,defects4j compile,defects4j compile,BUILD
mockito_25,read_file,,read_file,READ
mockito_25,write_file,,write_file,WRITE
mockito_25,replace,,replace,WRITE
mockito_25,replace,,replace,WRITE
mockito_25,replace,,replace,WRITE
mockito_25,replace,,replace,WRITE
mockito_25,run_shell_command,defects4j compile,defects4j compile,BUILD
mockito_25,replace,,replace,WRITE
mockito_25,run_shell_command,defects4j compile,defects4j compile,BUILD
mockito_25,run_shell_command,defects4j test -t org.mockito.internal.stubbing.defaultanswers.ReturnsGenericDeepStubsTest::generic_deep_mock_frenzy__look_at_these_chained_calls,defects4j test,TEST
mockito_25,read_file,,read_file,READ
mockito_25,replace,,replace,WRITE
mockito_25,replace,,replace,WRITE
mockito_25,replace,,replace,WRITE
mockito_25,read_file,,read_file,READ
mockito_25,replace,,replace,WRITE
mockito_25,run_shell_command,defects4j compile,defects4j compile,BUILD
mockito_25,glob,,glob,SEARCH_FILES
mockito_25,search_file_content,,search_file_content,SEARCH_CONTENT
mockito_25,search_file_content,,search_file_content,SEARCH_CONTENT
mockito_25,replace,,replace,WRITE
mockito_25,read_file,,read_file,READ
mockito_25,replace,,replace,WRITE
mockito_25,replace,,replace,WRITE
mockito_25,replace,,replace,WRITE
mockito_25,read_file,,read_file,READ
mockito_25,replace,,replace,WRITE
mockito_25,read_file,,read_file,READ
mockito_25,replace,,replace,WRITE
mockito_25,replace,,replace,WRITE
mockito_25,read_file,,read_file,READ
mockito_25,replace,,replace,WRITE
mockito_25,replace,,replace,WRITE
mockito_25,replace,,replace,WRITE
mockito_25,read_file,,read_file,READ
mockito_25,replace,,replace,WRITE
mockito_25,replace,,replace,WRITE
mockito_25,replace,,replace,WRITE
mockito_25,run_shell_command,defects4j compile,defects4j compile,BUILD
mockito_25,replace,,replace,WRITE
mockito_25,read_file,,read_file,READ
mockito_25,read_file,,read_file,READ
mockito_25,replace,,replace,WRITE
mockito_25,read_file,,read_file,READ
mockito_25,replace,,replace,WRITE
mockito_25,read_file,,read_file,READ
mockito_25,replace,,replace,WRITE
mockito_25,run_shell_command,defects4j compile,defects4j compile,BUILD
mockito_25,read_file,,read_file,READ
mockito_25,write_file,,write_file,WRITE
mockito_2,run_shell_command,./run_bug_exposing_tests.sh,run_bug_exposing_tests.sh,TEST
mockito_2,read_file,,read_file,READ
mockito_2,run_shell_command,defects4j compile,defects4j compile,BUILD
mockito_2,run_shell_command,./run_bug_exposing_tests.sh,run_bug_exposing_tests.sh,TEST
mockito_2,read_file,,read_file,READ
mockito_2,search_file_content,,search_file_content,SEARCH_CONTENT
mockito_2,read_file,,read_file,READ
mockito_2,read_file,,read_file,READ
mockito_2,search_file_content,,search_file_content,SEARCH_CONTENT
mockito_2,read_file,,read_file,READ
mockito_2,replace,,replace,WRITE
mockito_2,read_file,,read_file,READ
mockito_2,read_file,,read_file,READ
mockito_2,replace,,replace,WRITE
mockito_2,read_file,,read_file,READ
mockito_2,replace,,replace,WRITE
mockito_2,replace,,replace,WRITE
mockito_2,run_shell_command,defects4j compile,defects4j compile,BUILD
mockito_2,replace,,replace,WRITE
mockito_2,replace,,replace,WRITE
mockito_2,run_shell_command,defects4j compile,defects4j compile,BUILD
mockito_2,run_shell_command,./run_bug_exposing_tests.sh,run_bug_exposing_tests.sh,TEST
mockito_2,read_file,,read_file,READ
mockito_2,replace,,replace,WRITE
mockito_2,run_shell_command,defects4j compile,defects4j compile,BUILD
mockito_2,run_shell_command,./run_bug_exposing_tests.sh,run_bug_exposing_tests.sh,TEST
mockito_2,read_file,,read_file,READ
mockito_2,replace,,replace,WRITE
mockito_2,replace,,replace,WRITE
mockito_2,run_shell_command,defects4j compile,defects4j compile,BUILD
mockito_2,run_shell_command,./run_bug_exposing_tests.sh,run_bug_exposing_tests.sh,TEST
mockito_2,read_file,,read_file,READ
mockito_2,run_shell_command,./run_all_tests_trace.sh,run_all_tests_trace.sh,TEST
mockito_2,run_shell_command,git diff,git diff,VCS
mockito_2,run_shell_command,git diff src/org/mockito/internal/util/Timer.java src/org/mockito/verification/After.java src/org/mockito/verification/Timeout.java,git diff,VCS
mockito_30,run_shell_command,./run_bug_exposing_tests.sh,run_bug_exposing_tests.sh,TEST
mockito_30,read_file,,read_file,READ
mockito_30,glob,,glob,SEARCH_FILES
mockito_30,run_shell_command,defects4j test -t org.mockito.internal.stubbing.defaultanswers.ReturnsSmartNullsTest,defects4j test,TEST
mockito_30,run_shell_command,defects4j test,defects4j test,TEST
mockito_30,read_file,,read_file,READ
mockito_30,read_file,,read_file,READ
mockito_30,read_file,,read_file,READ
mockito_30,replace,,replace,WRITE
mockito_30,replace,,replace,WRITE
mockito_30,replace,,replace,WRITE
mockito_30,run_shell_command,defects4j compile,defects4j compile,BUILD
mockito_30,run_shell_command,./run_bug_exposing_tests.sh,run_bug_exposing_tests.sh,TEST
mockito_30,read_file,,read_file,READ
mockito_30,run_shell_command,defects4j test,defects4j test,TEST
mockito_30,run_shell_command,git diff,git diff,VCS
mockito_31,run_shell_command,./run_bug_exposing_tests.sh,run_bug_exposing_tests.sh,TEST
mockito_31,read_file,,read_file,READ
mockito_31,run_shell_command,defects4j compile,defects4j compile,BUILD
mockito_31,run_shell_command,./run_bug_exposing_tests.sh,run_bug_exposing_tests.sh,TEST
mockito_31,run_shell_command,defects4j test -t org.mockito.internal.stubbing.defaultanswers.ReturnsSmartNullsTest,defects4j test,TEST
mockito_31,run_shell_command,defects4j test,defects4j test,TEST
mockito_31,read_file,,read_file,READ
mockito_31,read_file,,read_file,READ
mockito_31,replace,,replace,WRITE
mockito_31,run_shell_command,defects4j test -t org.mockito.internal.stubbing.defaultanswers.ReturnsSmartNullsTest::shouldPrintTheParametersWhenCallingAMethodWithArgs,defects4j test,TEST
mockito_31,run_shell_command,defects4j test,defects4j test,TEST
mockito_31,run_shell_command,git diff,git diff,VCS
mockito_32,run_shell_command,./run_bug_exposing_tests.sh,run_bug_exposing_tests.sh,TEST
mockito_32,read_file,,read_file,READ
mockito_32,glob,,glob,SEARCH_FILES
mockito_32,run_shell_command,defects4j test -t org.mockitousage.bugs.SpyShouldHaveNiceNameTest,defects4j test,TEST
mockito_32,read_file,,read_file,READ
mockito_32,run_shell_command,defects4j test -t org.mockitousage.bugs.SpyShouldHaveNiceNameTest::shouldPrintNiceName,defects4j test,TEST
mockito_32,search_file_content,,search_file_content,SEARCH_CONTENT
mockito_32,read_file,,read_file,READ
mockito_32,search_file_content,,search_file_content,SEARCH_CONTENT
mockito_32,read_file,,read_file,READ
mockito_32,replace,,replace,WRITE
mockito_32,run_shell_command,defects4j compile,defects4j compile,BUILD
mockito_32,run_shell_command,defects4j test -t org.mockitousage.bugs.SpyShouldHaveNiceNameTest::shouldPrintNiceName,defects4j test,TEST
mockito_32,run_shell_command,defects4j test,defects4j test,TEST
mockito_32,run_shell_command,git diff,git diff,VCS
mockito_35,list_directory,,list_directory,SEARCH_FILES
mockito_35,read_file,,read_file,READ
mockito_35,list_directory,,list_directory,SEARCH_FILES
mockito_35,write_file,,write_file,WRITE
mockito_35,run_shell_command,defects4j compile,defects4j compile,BUILD
mockito_35,run_shell_command,defects4j test -t org.mockitousage.bugs.Bug35ReproducerTest::shouldAllowIsAForPrimitiveArgumentsInVerification,defects4j test,TEST
mockito_35,search_file_content,,search_file_content,SEARCH_CONTENT
mockito_35,read_file,,read_file,READ
mockito_35,replace,,replace,WRITE
mockito_35,run_shell_command,defects4j compile,defects4j compile,BUILD
mockito_35,run_shell_command,defects4j test -t org.mockitousage.bugs.Bug35ReproducerTest::shouldAllowIsAForPrimitiveArgumentsInVerification,defects4j test,TEST
mockito_35,replace,,replace,WRITE
mockito_35,run_shell_command,defects4j compile,defects4j compile,BUILD
mockito_35,run_shell_command,defects4j test -t org.mockitousage.bugs.Bug35ReproducerTest::shouldAllowIsAForPrimitiveArgumentsInVerification,defects4j test,TEST
mockito_35,list_directory,,list_directory,SEARCH_FILES
mockito_35,read_file,,read_file,READ
mockito_35,read_file,,read_file,READ
mockito_35,search_file_content,,search_file_content,SEARCH_CONTENT
mockito_35,search_file_content,,search_file_content,SEARCH_CONTENT
mockito_35,read_file,,read_file,READ
mockito_35,read_file,,read_file,READ
mockito_35,read_file,,read_file,READ
mockito_35,read_file,,read_file,READ
mockito_35,list_directory,,list_directory,SEARCH_FILES
mockito_35,read_file,,read_file,READ
mockito_35,list_directory,,list_directory,SEARCH_FILES
mockito_35,read_file,,read_file,READ
mockito_35,read_file,,read_file,READ
mockito_35,read_file,,read_file,READ
mockito_35,replace,,replace,WRITE
mockito_35,run_shell_command,defects4j compile,defects4j compile,BUILD
mockito_35,run_shell_command,defects4j test -t org.mockitousage.bugs.Bug35ReproducerTest::shouldAllowIsAForPrimitiveArgumentsInVerification,defects4j test,TEST
mockito_35,read_file,,read_file,READ
mockito_35,read_file,,read_file,READ
mockito_35,search_file_content,,search_file_content,SEARCH_CONTENT
mockito_35,read_file,,read_file,READ
mockito_35,replace,,replace,WRITE
mockito_35,run_shell_command,defects4j compile,defects4j compile,BUILD
mockito_35,run_shell_command,defects4j test -t org.mockitousage.bugs.Bug35ReproducerTest::shouldAllowIsAForPrimitiveArgumentsInVerification,defects4j test,TEST
mockito_35,list_directory,,list_directory,SEARCH_FILES
mockito_36,run_shell_command,./run_bug_exposing_tests.sh,run_bug_exposing_tests.sh,TEST
mockito_36,read_file,,read_file,READ
mockito_36,run_shell_command,defects4j compile,defects4j compile,BUILD
mockito_36,search_file_content,,search_file_content,SEARCH_CONTENT
mockito_36,run_shell_command,defects4j test -t org.mockitousage.spies.SpyingOnInterfacesTest,defects4j test,TEST
mockito_36,run_shell_command,defects4j test -t org.mockitousage.spies.SpyingOnInterfacesTest,defects4j test,TEST
mockito_36,run_shell_command,defects4j test,defects4j test,TEST
mockito_36,read_many_files,,read_many_files,READ
mockito_3,run_shell_command,./run_bug_exposing_tests.sh,run_bug_exposing_tests.sh,TEST
mockito_3,read_file,,read_file,READ
mockito_3,run_shell_command,defects4j compile,defects4j compile,BUILD
mockito_3,run_shell_command,defects4j test,defects4j test,TEST
mockito_3,read_file,,read_file,READ
mockito_3,read_file,,read_file,READ
mockito_3,search_file_content,,search_file_content,SEARCH_CONTENT
mockito_3,search_file_content,,search_file_content,SEARCH_CONTENT
mockito_3,read_file,,read_file,READ
mockito_3,read_file,,read_file,READ
mockito_3,read_file,,read_file,READ
mockito_3,replace,,replace,WRITE
mockito_3,run_shell_command,defects4j compile,defects4j compile,BUILD
mockito_3,run_shell_command,defects4j test,defects4j test,TEST
mockito_3,read_file,,read_file,READ
mockito_3,read_file,,read_file,READ
mockito_3,read_file,,read_file,READ
mockito_3,replace,,replace,WRITE
mockito_3,run_shell_command,defects4j compile,defects4j compile,BUILD
mockito_3,run_shell_command,defects4j test,defects4j test,TEST
mockito_3,read_file,,read_file,READ
mockito_3,read_file,,read_file,READ
mockito_3,replace,,replace,WRITE
mockito_3,run_shell_command,defects4j compile,defects4j compile,BUILD
mockito_3,run_shell_command,defects4j test,defects4j test,TEST
mockito_3,replace,,replace,WRITE
mockito_3,replace,,replace,WRITE
mockito_3,run_shell_command,defects4j compile,defects4j compile,BUILD
mockito_3,run_shell_command,defects4j test,defects4j test,TEST
mockito_3,replace,,replace,WRITE
mockito_3,replace,,replace,WRITE
mockito_3,read_file,,read_file,READ
mockito_3,replace,,replace,WRITE
mockito_3,run_shell_command,defects4j compile,defects4j compile,BUILD
mockito_3,run_shell_command,defects4j test,defects4j test,TEST
mockito_3,run_shell_command,git diff,git diff,VCS
mockito_4,run_shell_command,./run_bug_exposing_tests.sh,run_bug_exposing_tests.sh,TEST
mockito_4,read_file,,read_file,READ
mockito_4,run_shell_command,defects4j test,defects4j test,TEST
mockito_4,read_file,,read_file,READ
mockito_4,search_file_content,,search_file_content,SEARCH_CONTENT
mockito_4,read_file,,read_file,READ
mockito_4,search_file_content,,search_file_content,SEARCH_CONTENT
mockito_4,read_file,,read_file,READ
mockito_4,search_file_content,,search_file_content,SEARCH_CONTENT
mockito_4,read_file,,read_file,READ
mockito_4,search_file_content,,search_file_content,SEARCH_CONTENT
mockito_4,read_file,,read_file,READ
mockito_4,search_file_content,,search_file_content,SEARCH_CONTENT
mockito_4,search_file_content,,search_file_content,SEARCH_CONTENT
mockito_4,read_file,,read_file,READ
mockito_4,search_file_content,,search_file_content,SEARCH_CONTENT
mockito_4,read_file,,read_file,READ
mockito_4,search_file_content,,search_file_content,SEARCH_CONTENT
mockito_4,search_file_content,,search_file_content,SEARCH_CONTENT
mockito_4,read_file,,read_file,READ
mockito_4,read_file,,read_file,READ
mockito_4,read_file,,read_file,READ
mockito_4,search_file_content,,search_file_content,SEARCH_CONTENT
mockito_4,read_file,,read_file,READ
mockito_4,search_file_content,,search_file_content,SEARCH_CONTENT
mockito_4,read_file,,read_file,READ
mockito_4,run_shell_command,defects4j test -t org.mockitousage.bugs.ClassCastExOnVerifyZeroInteractionsTest::should_not_throw_a_ClassCastException,defects4j test,TEST
mockito_4,list_directory,,list_directory,SEARCH_FILES
mockito_4,read_file,,read_file,READ
mockito_4,list_directory,,list_directory,SEARCH_FILES
mockito_4,list_directory,,list_directory,SEARCH_FILES
mockito_4,search_file_content,,search_file_content,SEARCH_CONTENT
mockito_4,list_directory,,list_directory,SEARCH_FILES
mockito_4,read_file,,read_file,READ
mockito_4,search_file_content,,search_file_content,SEARCH_CONTENT
mockito_4,read_file,,read_file,READ
mockito_4,replace,,replace,WRITE
mockito_4,replace,,replace,WRITE
mockito_4,run_shell_command,defects4j compile,defects4j compile,BUILD
mockito_4,run_shell_command,defects4j test,defects4j test,TEST
mockito_4,read_file,,read_file,READ
mockito_4,replace,,replace,WRITE
mockito_4,run_shell_command,defects4j compile,defects4j compile,BUILD
mockito_4,run_shell_command,defects4j test,defects4j test,TEST
mockito_4,replace,,replace,WRITE
mockito_4,replace,,replace,WRITE
mockito_4,run_shell_command,defects4j compile,defects4j compile,BUILD
mockito_4,replace,,replace,WRITE
mockito_4,run_shell_command,defects4j compile,defects4j compile,BUILD
mockito_4,run_shell_command,defects4j test,defects4j test,TEST
mockito_4,replace,,replace,WRITE
mockito_6,run_shell_command,./run_bug_exposing_tests.sh,run_bug_exposing_tests.sh,TEST
mockito_6,read_file,,read_file,READ
mockito_6,glob,,glob,SEARCH_FILES
mockito_6,read_file,,read_file,READ
mockito_6,run_shell_command,defects4j test -t org.mockitousage.matchers.AnyXMatchersAcceptNullsTest,defects4j test,TEST
mockito_6,run_shell_command,defects4j compile,defects4j compile,BUILD
mockito_6,run_shell_command,defects4j test,defects4j test,TEST
mockito_6,glob,,glob,SEARCH_FILES
mockito_6,read_file,,read_file,READ
mockito_6,read_file,,read_file,READ
mockito_6,write_file,,write_file,WRITE
mockito_6,replace,,replace,WRITE
mockito_6,write_file,,write_file,WRITE
mockito_6,replace,,replace,WRITE
mockito_6,write_file,,write_file,WRITE
mockito_6,replace,,replace,WRITE
mockito_6,write_file,,write_file,WRITE
mockito_6,replace,,replace,WRITE
mockito_6,write_file,,write_file,WRITE
mockito_6,replace,,replace,WRITE
mockito_6,write_file,,write_file,WRITE
mockito_6,replace,,replace,WRITE
mockito_6,replace,,replace,WRITE
mockito_6,replace,,replace,WRITE
mockito_6,replace,,replace,WRITE
mockito_6,replace,,replace,WRITE
mockito_6,replace,,replace,WRITE
mockito_6,replace,,replace,WRITE
mockito_6,replace,,replace,WRITE
mockito_6,run_shell_command,defects4j compile,defects4j compile,BUILD
mockito_6,run_shell_command,defects4j test,defects4j test,TEST
mockito_6,read_file,,read_file,READ
mockito_6,read_file,,read_file,READ
mockito_6,read_file,,read_file,READ
mockito_6,read_file,,read_file,READ
mockito_6,replace,,replace,WRITE
mockito_6,replace,,replace,WRITE
mockito_6,replace,,replace,WRITE
mockito_6,replace,,replace,WRITE
mockito_6,replace,,replace,WRITE
mockito_6,replace,,replace,WRITE
mockito_6,run_shell_command,defects4j compile,defects4j compile,BUILD
mockito_6,run_shell_command,defects4j test,defects4j test,TEST
mockito_6,replace,,replace,WRITE
mockito_6,run_shell_command,defects4j compile,defects4j compile,BUILD
mockito_6,run_shell_command,defects4j test,defects4j test,TEST
mockito_6,glob,,glob,SEARCH_FILES
mockito_6,read_file,,read_file,READ
mockito_6,replace,,replace,WRITE
mockito_6,run_shell_command,defects4j compile,defects4j compile,BUILD
mockito_6,run_shell_command,defects4j test,defects4j test,TEST
mockito_6,replace,,replace,WRITE
mockito_6,run_shell_command,defects4j compile,defects4j compile,BUILD
mockito_6,run_shell_command,defects4j test,defects4j test,TEST
mockito_6,run_shell_command,git diff,git diff,VCS
mockito_9,run_shell_command,./run_bug_exposing_tests.sh,run_bug_exposing_tests.sh,TEST
mockito_9,read_file,,read_file,READ
mockito_9,run_shell_command,defects4j test,defects4j test,TEST
mockito_9,glob,,glob,SEARCH_FILES
mockito_9,read_file,,read_file,READ
mockito_9,search_file_content,,search_file_content,SEARCH_CONTENT
mockito_9,read_file,,read_file,READ
mockito_9,read_file,,read_file,READ
mockito_9,read_file,,read_file,READ
mockito_9,read_file,,read_file,READ
mockito_9,search_file_content,,search_file_content,SEARCH_CONTENT
mockito_9,search_file_content,,search_file_content,SEARCH_CONTENT
mockito_9,replace,,replace,WRITE
mockito_9,run_shell_command,defects4j compile,defects4j compile,BUILD
mockito_9,run_shell_command,defects4j test -t org.mockitousage.constructor.CreatingMocksWithConstructorTest::abstractMethodStubbed && defects4j test -t org.mockitousage.constructor.CreatingMocksWithConstructorTest::testCallsRealInterfaceMethod && defects4j test -t org.mockitousage.constructor.CreatingMocksWithConstructorTest::abstractMethodReturnsDefault,defects4j test,TEST
mockito_9,run_shell_command,defects4j test -t org.mockitousage.constructor.CreatingMocksWithConstructorTest::abstractMethodStubbed && defects4j test -t org.mockitousage.constructor.CreatingMocksWithConstructorTest::testCallsRealInterfaceMethod && defects4j test -t org.mockitousage.constructor.CreatingMocksWithConstructorTest::abstractMethodReturnsDefault,defects4j test,TEST
mockito_9,run_shell_command,defects4j test -t org.mockitousage.constructor.CreatingMocksWithConstructorTest::abstractMethodStubbed && defects4j test -t org.mockitousage.constructor.CreatingMocksWithConstructorTest::testCallsRealInterfaceMethod && defects4j test -t org.mockitousage.constructor.CreatingMocksWithConstructorTest::abstractMethodReturnsDefault,defects4j test,TEST
mockito_9,run_shell_command,defects4j test,defects4j test,TEST
time_10,run_shell_command,./run_bug_exposing_tests.sh,run_bug_exposing_tests.sh,TEST
time_10,read_file,,read_file,READ
time_10,run_shell_command,defects4j test,defects4j test,TEST
time_10,read_file,,read_file,READ
time_10,read_file,,read_file,READ
time_10,read_file,,read_file,READ
time_10,read_file,,read_file,READ
time_10,replace,,replace,WRITE
time_10,read_file,,read_file,READ
time_10,replace,,replace,WRITE
time_10,run_shell_command,defects4j compile,defects4j compile,BUILD
time_10,run_shell_command,defects4j test,defects4j test,TEST
time_12,run_shell_command,./run_bug_exposing_tests.sh,run_bug_exposing_tests.sh,TEST
time_12,read_file,,read_file,READ
time_12,run_shell_command,defects4j compile,defects4j compile,BUILD
time_12,read_file,,read_file,READ
time_12,read_file,,read_file,READ
time_12,replace,,replace,WRITE
time_12,run_shell_command,./run_bug_exposing_tests.sh,run_bug_exposing_tests.sh,TEST
time_12,run_shell_command,defects4j test,defects4j test,TEST
time_12,read_file,,read_file,READ
time_12,replace,,replace,WRITE
time_12,read_file,,read_file,READ
time_12,replace,,replace,WRITE
time_12,replace,,replace,WRITE
time_12,run_shell_command,defects4j test,defects4j test,TEST
time_12,run_shell_command,git diff,git diff,VCS
time_13,run_shell_command,./run_bug_exposing_tests.sh,run_bug_exposing_tests.sh,TEST
time_13,read_file,,read_file,READ
time_13,run_shell_command,defects4j compile,defects4j compile,BUILD
time_13,search_file_content,,search_file_content,SEARCH_CONTENT
time_13,read_file,,read_file,READ
time_13,run_shell_command,defects4j test -t org.joda.time.format.TestISOPeriodFormat::testFormatStandard_negative,defects4j test,TEST
time_13,read_file,,read_file,READ
time_13,read_file,,read_file,READ
time_13,read_file,,read_file,READ
time_13,read_file,,read_file,READ
time_13,read_file,,read_file,READ
time_13,read_file,,read_file,READ
time_13,replace,,replace,WRITE
time_13,replace,,replace,WRITE
time_13,run_shell_command,defects4j test -t org.joda.time.format.TestISOPeriodFormat::testFormatStandard_negative,defects4j test,TEST
time_13,run_shell_command,./run_bug_exposing_tests.sh,run_bug_exposing_tests.sh,TEST
time_13,read_file,,read_file,READ
time_13,replace,,replace,WRITE
time_13,replace,,replace,WRITE
time_13,run_shell_command,defects4j test -t org.joda.time.format.TestISOPeriodFormat::testFormatStandard_negative,defects4j test,TEST
time_13,run_shell_command,defects4j test,defects4j test,TEST
time_13,run_shell_command,git diff,git diff,VCS
time_1,run_shell_command,./run_bug_exposing_tests.sh,run_bug_exposing_tests.sh,TEST
time_1,read_file,,read_file,READ
time_1,run_shell_command,defects4j test,defects4j test,TEST
time_1,read_file,,read_file,READ
time_1,read_file,,read_file,READ
time_1,replace,,replace,WRITE
time_1,read_file,,read_file,READ
time_1,replace,,replace,WRITE
time_1,run_shell_command,defects4j compile,defects4j compile,BUILD
time_1,run_shell_command,defects4j test,defects4j test,TEST
time_1,replace,,replace,WRITE
time_1,run_shell_command,defects4j compile,defects4j compile,BUILD
time_1,run_shell_command,defects4j test,defects4j test,TEST
time_1,search_file_content,,search_file_content,SEARCH_CONTENT
time_1,read_file,,read_file,READ
time_1,replace,,replace,WRITE
time_1,replace,,replace,WRITE
time_1,read_file,,read_file,READ
time_1,read_file,,read_file,READ
time_1,replace,,replace,WRITE
time_1,replace,,replace,WRITE
time_1,replace,,replace,WRITE
time_1,read_file,,read_file,READ
time_1,read_file,,read_file,READ
time_1,replace,,replace,WRITE
time_1,run_shell_command,defects4j compile,defects4j compile,BUILD
time_1,run_shell_command,defects4j test,defects4j test,TEST
time_1,read_file,,read_file,READ
time_1,replace,,replace,WRITE
time_1,read_file,,read_file,READ
time_1,replace,,replace,WRITE
time_1,read_file,,read_file,READ
time_1,replace,,replace,WRITE
time_1,search_file_content,,search_file_content,SEARCH_CONTENT
time_1,search_file_content,,search_file_content,SEARCH_CONTENT
time_1,replace,,replace,WRITE
time_1,run_shell_command,defects4j compile,defects4j compile,BUILD
time_1,run_shell_command,defects4j test,defects4j test,TEST
time_1,replace,,replace,WRITE
time_1,read_file,,read_file,READ
time_1,replace,,replace,WRITE
time_1,run_shell_command,defects4j compile,defects4j compile,BUILD
time_1,run_shell_command,defects4j test,defects4j test,TEST
time_1,run_shell_command,git diff /Users/danielding/Desktop/example_dir/Time_1/src/main/java/org/joda/time/Partial.java,git diff,VCS
time_1,run_shell_command,git checkout /Users/danielding/Desktop/example_dir/Time_1/src/main/java/org/joda/time/Partial.java,git checkout,VCS
time_1,run_shell_command,defects4j compile,defects4j compile,BUILD
time_1,run_shell_command,defects4j test,defects4j test,TEST
time_1,replace,,replace,WRITE
time_1,run_shell_command,defects4j compile,defects4j compile,BUILD
time_1,run_shell_command,defects4j test,defects4j test,TEST
time_1,replace,,replace,WRITE
time_1,read_file,,read_file,READ
time_1,replace,,replace,WRITE
time_1,read_file,,read_file,READ
time_1,replace,,replace,WRITE
time_1,read_file,,read_file,READ
time_1,replace,,replace,WRITE
time_1,read_file,,read_file,READ
time_1,replace,,replace,WRITE
time_1,read_file,,read_file,READ
time_1,replace,,replace,WRITE
time_1,read_file,,read_file,READ
time_1,replace,,replace,WRITE
time_1,read_file,,read_file,READ
time_1,replace,,replace,WRITE
time_1,read_file,,read_file,READ
time_1,replace,,replace,WRITE
time_1,read_file,,read_file,READ
time_1,replace,,replace,WRITE
time_1,read_file,,read_file,READ
time_1,replace,,replace,WRITE
time_1,read_file,,read_file,READ
time_1,replace,,replace,WRITE
time_1,read_file,,read_file,READ
time_1,replace,,replace,WRITE
time_1,read_file,,read_file,READ
time_1,replace,,replace,WRITE
time_1,read_file,,read_file,READ
time_1,replace,,replace,WRITE
time_1,read_file,,read_file,READ
time_1,replace,,replace,WRITE
time_1,read_file,,read_file,READ
time_1,replace,,replace,WRITE
time_1,read_file,,read_file,READ
time_1,replace,,replace,WRITE
time_23,run_shell_command,./run_bug_exposing_tests.sh,run_bug_exposing_tests.sh,TEST
time_23,read_file,,read_file,READ
time_23,glob,,glob,SEARCH_FILES
time_23,read_file,,read_file,READ
time_23,run_shell_command,defects4j export -p tests.trigger,defects4j export,DEFECTS4J_OTHER
time_23,run_shell_command,defects4j export -p cp.test,defects4j export,DEFECTS4J_OTHER
time_23,run_shell_command,defects4j compile,defects4j compile,BUILD
time_23,run_shell_command,./run_bug_exposing_tests.sh,run_bug_exposing_tests.sh,TEST
time_23,read_file,,read_file,READ
time_23,read_file,,read_file,READ
time_23,glob,,glob,SEARCH_FILES
time_23,read_file,,read_file,READ
time_23,replace,,replace,WRITE
time_23,run_shell_command,defects4j compile,defects4j compile,BUILD
time_23,run_shell_command,./run_bug_exposing_tests.sh,run_bug_exposing_tests.sh,TEST
time_23,read_file,,read_file,READ
time_23,replace,,replace,WRITE
time_23,run_shell_command,defects4j compile,defects4j compile,BUILD
time_23,run_shell_command,./run_bug_exposing_tests.sh,run_bug_exposing_tests.sh,TEST
time_23,read_file,,read_file,READ
time_23,replace,,replace,WRITE
time_23,run_shell_command,defects4j compile,defects4j compile,BUILD
time_23,run_shell_command,./run_bug_exposing_tests.sh,run_bug_exposing_tests.sh,TEST
time_23,read_file,,read_file,READ
time_23,replace,,replace,WRITE
time_23,read_file,,read_file,READ
time_23,replace,,replace,WRITE
time_23,run_shell_command,defects4j compile,defects4j compile,BUILD
time_23,run_shell_command,./run_bug_exposing_tests.sh,run_bug_exposing_tests.sh,TEST
time_23,read_file,,read_file,READ
time_23,read_file,,read_file,READ
time_23,replace,,replace,WRITE
time_23,run_shell_command,defects4j compile,defects4j compile,BUILD
time_23,run_shell_command,./run_bug_exposing_tests.sh,run_bug_exposing_tests.sh,TEST
time_23,read_file,,read_file,READ
time_23,replace,,replace,WRITE
time_23,run_shell_command,defects4j compile,defects4j compile,BUILD
time_23,run_shell_command,./run_bug_exposing_tests.sh,run_bug_exposing_tests.sh,TEST
time_23,read_file,,read_file,READ
time_23,replace,,replace,WRITE
time_23,run_shell_command,defects4j compile,defects4j compile,BUILD
time_23,run_shell_command,./run_bug_exposing_tests.sh,run_bug_exposing_tests.sh,TEST
time_23,read_file,,read_file,READ
time_23,read_file,,read_file,READ
time_23,replace,,replace,WRITE
time_23,run_shell_command,defects4j compile,defects4j compile,BUILD
time_23,run_shell_command,./run_bug_exposing_tests.sh,run_bug_exposing_tests.sh,TEST
time_23,read_file,,read_file,READ
time_23,read_file,,read_file,READ
time_23,replace,,replace,WRITE
time_23,run_shell_command,defects4j compile,defects4j compile,BUILD
time_23,run_shell_command,./run_bug_exposing_tests.sh,run_bug_exposing_tests.sh,TEST
time_23,read_file,,read_file,READ
time_23,read_file,,read_file,READ
time_23,replace,,replace,WRITE
time_23,run_shell_command,defects4j compile,defects4j compile,BUILD
time_23,run_shell_command,./run_bug_exposing_tests.sh,run_bug_exposing_tests.sh,TEST
time_23,read_file,,read_file,READ
time_23,read_file,,read_file,READ
time_23,replace,,replace,WRITE
time_23,run_shell_command,defects4j compile,defects4j compile,BUILD
time_23,run_shell_command,./run_bug_exposing_tests.sh,run_bug_exposing_tests.sh,TEST
time_23,read_file,,read_file,READ
time_23,read_file,,read_file,READ
time_23,replace,,replace,WRITE
time_23,run_shell_command,defects4j compile,defects4j compile,BUILD
time_23,run_shell_command,./run_bug_exposing_tests.sh,run_bug_exposing_tests.sh,TEST
time_23,read_file,,read_file,READ
time_23,read_file,,read_file,READ
time_23,replace,,replace,WRITE
time_23,run_shell_command,defects4j compile,defects4j compile,BUILD
time_23,run_shell_command,./run_bug_exposing_tests.sh,run_bug_exposing_tests.sh,TEST
time_23,read_file,,read_file,READ
time_23,read_file,,read_file,READ
time_23,replace,,replace,WRITE
time_23,run_shell_command,defects4j compile,defects4j compile,BUILD
time_23,run_shell_command,./run_bug_exposing_tests.sh,run_bug_exposing_tests.sh,TEST
time_23,read_file,,read_file,READ
time_23,read_file,,read_file,READ
time_23,replace,,replace,WRITE
time_23,run_shell_command,defects4j compile,defects4j compile,BUILD
time_23,run_shell_command,./run_bug_exposing_tests.sh,run_bug_exposing_tests.sh,TEST
time_23,read_file,,read_file,READ
time_23,read_file,,read_file,READ
time_23,replace,,replace,WRITE
time_23,run_shell_command,defects4j compile,defects4j compile,BUILD
time_23,run_shell_command,./run_bug_exposing_tests.sh,run_bug_exposing_tests.sh,TEST
time_23,read_file,,read_file,READ
time_23,read_file,,read_file,READ
time_23,replace,,replace,WRITE
time_23,run_shell_command,defects4j compile,defects4j compile,BUILD
time_23,run_shell_command,./run_bug_exposing_tests.sh,run_bug_exposing_tests.sh,TEST
time_23,read_file,,read_file,READ
time_23,read_file,,read_file,READ
time_23,replace,,replace,WRITE
time_23,run_shell_command,defects4j compile,defects4j compile,BUILD
time_23,run_shell_command,./run_bug_exposing_tests.sh,run_bug_exposing_tests.sh,TEST
time_23,read_file,,read_file,READ
time_23,read_file,,read_file,READ
time_23,replace,,replace,WRITE
time_23,run_shell_command,defects4j compile,defects4j compile,BUILD
time_23,run_shell_command,./run_bug_exposing_tests.sh,run_bug_exposing_tests.sh,TEST
time_23,read_file,,read_file,READ
time_23,read_file,,read_file,READ
time_23,replace,,replace,WRITE
time_23,run_shell_command,defects4j compile,defects4j compile,BUILD
time_23,run_shell_command,./run_bug_exposing_tests.sh,run_bug_exposing_tests.sh,TEST
time_23,read_file,,read_file,READ
time_23,read_file,,read_file,READ
time_23,replace,,replace,WRITE
time_23,run_shell_command,defects4j compile,defects4j compile,BUILD
time_23,run_shell_command,./run_bug_exposing_tests.sh,run_bug_exposing_tests.sh,TEST
time_23,read_file,,read_file,READ
time_23,read_file,,read_file,READ
time_26,run_shell_command,./run_bug_exposing_tests.sh,run_bug_exposing_tests.sh,TEST
time_26,read_file,,read_file,READ
time_26,glob,,glob,SEARCH_FILES
time_26,run_shell_command,defects4j compile,defects4j compile,BUILD
time_26,run_shell_command,./run_bug_exposing_tests.sh,run_bug_exposing_tests.sh,TEST
time_26,read_file,,read_file,READ
time_26,read_file,,read_file,READ
time_26,read_file,,read_file,READ
time_26,read_file,,read_file,READ
time_26,read_file,,read_file,READ
time_26,replace,,replace,WRITE
time_26,run_shell_command,defects4j compile,defects4j compile,BUILD
time_26,run_shell_command,defects4j test,defects4j test,TEST
time_2,run_shell_command,./run_bug_exposing_tests.sh,run_bug_exposing_tests.sh,TEST
time_2,read_file,,read_file,READ
time_2,run_shell_command,defects4j test,defects4j test,TEST
time_2,run_shell_command,defects4j test -t org.joda.time.TestPartial_Basics::testWith_baseAndArgHaveNoRange,defects4j test,TEST
time_2,list_directory,,list_directory,SEARCH_FILES
time_2,read_file,,read_file,READ
time_2,list_directory,,list_directory,SEARCH_FILES
time_2,read_file,,read_file,READ
time_2,read_file,,read_file,READ
time_2,read_file,,read_file,READ
time_2,replace,,replace,WRITE
time_2,run_shell_command,defects4j compile,defects4j compile,BUILD
time_2,run_shell_command,defects4j test -t org.joda.time.TestPartial_Basics::testWith_baseAndArgHaveNoRange,defects4j test,TEST
time_2,read_file,,read_file,READ
time_2,google_web_search,,google_web_search,WEB
time_2,google_web_search,,google_web_search,WEB
time_2,replace,,replace,WRITE
time_2,read_file,,read_file,READ
time_2,replace,,replace,WRITE
time_2,run_shell_command,defects4j compile,defects4j compile,BUILD
time_2,run_shell_command,git checkout /Users/danielding/Desktop/example_dir/Time_2/src/main/java/org/joda/time/Partial.java,git checkout,VCS
time_2,run_shell_command,defects4j compile,defects4j compile,BUILD
time_2,replace,,replace,WRITE
time_2,read_file,,read_file,READ
time_2,replace,,replace,WRITE
time_2,replace,,replace,WRITE
time_2,run_shell_command,defects4j compile,defects4j compile,BUILD
time_2,run_shell_command,defects4j test -t org.joda.time.TestPartial_Basics::testWith_baseAndArgHaveNoRange,defects4j test,TEST
time_3,run_shell_command,./run_bug_exposing_tests.sh,run_bug_exposing_tests.sh,TEST
time_3,read_file,,read_file,READ
time_3,read_file,,read_file,READ
time_3,replace,,replace,WRITE
time_3,run_shell_command,./run_bug_exposing_tests.sh,run_bug_exposing_tests.sh,TEST
time_3,read_file,,read_file,READ
time_3,run_shell_command,defects4j compile,defects4j compile,BUILD
time_3,run_shell_command,./run_bug_exposing_tests.sh,run_bug_exposing_tests.sh,TEST
time_3,read_file,,read_file,READ
time_3,read_file,,read_file,READ
time_3,read_file,,read_file,READ
time_3,read_file,,read_file,READ
time_3,read_file,,read_file,READ
time_3,replace,,replace,WRITE
time_3,replace,,replace,WRITE
time_3,run_shell_command,defects4j compile,defects4j compile,BUILD
time_3,run_shell_command,./run_bug_exposing_tests.sh,run_bug_exposing_tests.sh,TEST
time_3,read_file,,read_file,READ
time_3,read_file,,read_file,READ
time_3,read_file,,read_file,READ
time_3,replace,,replace,WRITE
time_3,replace,,replace,WRITE
time_3,replace,,replace,WRITE
time_3,replace,,replace,WRITE
time_3,run_shell_command,defects4j compile,defects4j compile,BUILD
time_3,run_shell_command,./run_bug_exposing_tests.sh,run_bug_exposing_tests.sh,TEST
time_3,read_file,,read_file,READ
time_3,replace,,replace,WRITE
time_3,replace,,replace,WRITE
time_3,run_shell_command,defects4j compile,defects4j compile,BUILD
time_3,run_shell_command,./run_bug_exposing_tests.sh,run_bug_exposing_tests.sh,TEST
time_3,read_file,,read_file,READ
time_3,run_shell_command,defects4j test,defects4j test,TEST
time_6,run_shell_command,./run_bug_exposing_tests.sh,run_bug_exposing_tests.sh,TEST
time_6,read_file,,read_file,READ
time_6,read_file,,read_file,READ
time_6,run_shell_command,defects4j export -p cp.test,defects4j export,DEFECTS4J_OTHER
time_6,read_file,,read_file,READ
time_6,replace,,replace,WRITE
time_6,run_shell_command,./run_bug_exposing_tests.sh,run_bug_exposing_tests.sh,TEST
time_6,read_file,,read_file,READ
time_6,run_shell_command,defects4j compile,defects4j compile,BUILD
time_6,run_shell_command,./run_bug_exposing_tests.sh,run_bug_exposing_tests.sh,TEST
time_6,read_file,,read_file,READ
time_6,read_file,,read_file,READ
time_6,replace,,replace,WRITE
time_6,replace,,replace,WRITE
time_6,replace,,replace,WRITE
time_6,replace,,replace,WRITE
time_6,run_shell_command,defects4j compile,defects4j compile,BUILD
time_6,run_shell_command,./run_bug_exposing_tests.sh,run_bug_exposing_tests.sh,TEST
time_6,read_file,,read_file,READ
time_6,read_file,,read_file,READ
time_6,replace,,replace,WRITE
time_6,replace,,replace,WRITE
time_6,replace,,replace,WRITE
time_6,replace,,replace,WRITE
time_6,run_shell_command,defects4j compile,defects4j compile,BUILD
time_6,run_shell_command,./run_bug_exposing_tests.sh,run_bug_exposing_tests.sh,TEST
time_6,read_file,,read_file,READ
time_6,replace,,replace,WRITE
time_6,replace,,replace,WRITE
time_6,run_shell_command,defects4j compile,defects4j compile,BUILD
time_6,replace,,replace,WRITE
time_6,read_file,,read_file,READ
time_6,replace,,replace,WRITE
time_6,replace,,replace,WRITE
time_6,run_shell_command,defects4j compile,defects4j compile,BUILD
time_6,run_shell_command,./run_bug_exposing_tests.sh,run_bug_exposing_tests.sh,TEST
time_6,read_file,,read_file,READ
time_6,read_file,,read_file,READ
time_6,replace,,replace,WRITE
time_6,replace,,replace,WRITE
time_6,read_file,,read_file,READ
time_6,replace,,replace,WRITE
time_6,read_file,,read_file,READ
time_6,replace,,replace,WRITE
time_6,replace,,replace,WRITE
time_6,run_shell_command,defects4j compile,defects4j compile,BUILD
time_6,run_shell_command,./run_bug_exposing_tests.sh,run_bug_exposing_tests.sh,TEST
time_6,read_file,,read_file,READ
time_6,read_file,,read_file,READ
time_6,replace,,replace,WRITE
time_6,replace,,replace,WRITE
time_6,run_shell_command,defects4j compile,defects4j compile,BUILD
time_6,run_shell_command,./run_bug_exposing_tests.sh,run_bug_exposing_tests.sh,TEST
time_6,read_file,,read_file,READ
time_6,replace,,replace,WRITE
time_6,replace,,replace,WRITE
time_6,replace,,replace,WRITE
time_6,replace,,replace,WRITE
time_6,replace,,replace,WRITE
time_6,replace,,replace,WRITE
time_6,run_shell_command,defects4j compile,defects4j compile,BUILD
time_6,run_shell_command,./run_bug_exposing_tests.sh,run_bug_exposing_tests.sh,TEST
time_6,read_file,,read_file,READ
time_6,replace,,replace,WRITE
time_6,run_shell_command,defects4j compile,defects4j compile,BUILD
time_6,run_shell_command,./run_bug_exposing_tests.sh,run_bug_exposing_tests.sh,TEST
time_6,read_file,,read_file,READ
time_6,run_shell_command,./run_all_tests_trace.sh,run_all_tests_trace.sh,TEST
time_6,read_file,,read_file,READ
time_6,read_file,,read_file,READ
time_6,replace,,replace,WRITE
time_6,run_shell_command,./run_all_tests_trace.sh,run_all_tests_trace.sh,TEST
time_6,read_file,,read_file,READ
time_6,replace,,replace,WRITE
time_6,run_shell_command,defects4j compile,defects4j compile,BUILD
time_6,replace,,replace,WRITE
time_6,run_shell_command,defects4j compile,defects4j compile,BUILD
time_6,run_shell_command,./run_all_tests_trace.sh,run_all_tests_trace.sh,TEST
time_6,replace,,replace,WRITE
time_6,run_shell_command,defects4j compile,defects4j compile,BUILD
time_6,run_shell_command,./run_all_tests_trace.sh,run_all_tests_trace.sh,TEST
time_6,replace,,replace,WRITE
time_6,replace,,replace,WRITE
time_6,read_file,,read_file,READ
time_6,replace,,replace,WRITE
time_6,read_file,,read_file,READ
time_6,replace,,replace,WRITE
time_6,read_file,,read_file,READ
time_6,replace,,replace,WRITE
time_6,replace,,replace,WRITE
time_6,run_shell_command,defects4j compile,defects4j compile,BUILD
time_6,run_shell_command,./run_all_tests_trace.sh,run_all_tests_trace.sh,TEST
time_6,run_shell_command,git diff,git diff,VCS
time_9,run_shell_command,./run_bug_exposing_tests.sh,run_bug_exposing_tests.sh,TEST
time_9,read_file,,read_file,READ
time_9,run_shell_command,defects4j compile,defects4j compile,BUILD
time_9,run_shell_command,./run_bug_exposing_tests.sh,run_bug_exposing_tests.sh,TEST
time_9,read_file,,read_file,READ
time_9,run_shell_command,defects4j test -t org.joda.time.TestDateTimeZone,defects4j test,TEST
time_9,read_file,,read_file,READ
time_9,read_file,,read_file,READ
time_9,replace,,replace,WRITE
time_9,run_shell_command,./run_bug_exposing_tests.sh,run_bug_exposing_tests.sh,TEST
time_9,read_file,,read_file,READ
time_9,read_file,,read_file,READ
time_9,read_file,,read_file,READ
time_9,replace,,replace,WRITE
time_9,replace,,replace,WRITE
time_9,run_shell_command,./run_bug_exposing_tests.sh,run_bug_exposing_tests.sh,TEST
time_9,read_file,,read_file,READ
time_9,run_shell_command,./run_all_tests_trace.sh,run_all_tests_trace.sh,TEST
time_9,replace,,replace,WRITE
time_9,run_shell_command,./run_all_tests_trace.sh,run_all_tests_trace.sh,TEST
time_9,read_file,,read_file,READ
time_9,run_shell_command,git diff,git diff,VCS
time_9,run_shell_command,git restore run_bug_exposing_tests.sh run_all_tests_trace.sh,git restore,VCS
