bug,function_name,count,command
Chart_14,edit,7,
Chart_14,glob,2,
Chart_14,read_file,9,
Chart_14,run_shell_command,1,./run_all_tests_trace.sh
Chart_14,run_shell_command,1,./run_bug_exposing_tests.sh
Chart_14,run_shell_command,1,defects4j compile
Chart_14,run_shell_command,2,defects4j test
Chart_14,run_shell_command,1,"grep -n ""boolean removed = markers.remove"" /Users/nashid/repos/qwen-cli-automation/workspace/Chart_14/source/org/jfree/chart/plot/CategoryPlot.java"
Chart_14,run_shell_command,1,"grep -n ""boolean removed = markers.remove"" /Users/nashid/repos/qwen-cli-automation/workspace/Chart_14/source/org/jfree/chart/plot/XYPlot.java"
Chart_14,run_shell_command,1,"sed -n '2160,2170p' /Users/nashid/repos/qwen-cli-automation/workspace/Chart_14/source/org/jfree/chart/plot/CategoryPlot.java"
Chart_14,run_shell_command,1,"sed -n '2285,2300p' /Users/nashid/repos/qwen-cli-automation/workspace/Chart_14/source/org/jfree/chart/plot/XYPlot.java"
Chart_14,run_shell_command,1,"sed -n '2440,2450p' /Users/nashid/repos/qwen-cli-automation/workspace/Chart_14/source/org/jfree/chart/plot/CategoryPlot.java"
Chart_14,run_shell_command,1,"sed -n '2520,2540p' /Users/nashid/repos/qwen-cli-automation/workspace/Chart_14/source/org/jfree/chart/plot/XYPlot.java"
Chart_14,search_file_content,2,
Chart_15,edit,6,
Chart_15,glob,2,
Chart_15,read_file,21,
Chart_15,run_shell_command,1,./run_bug_exposing_tests.sh
Chart_15,run_shell_command,1,"./run_bug_exposing_tests.sh 2>&1 | grep -A 20 -B 5 ""testDrawWithNullDataset"""
Chart_15,run_shell_command,2,"cd /Users/nashid/repos/qwen-cli-automation/workspace/Chart_15 && javac -cp ""lib/*:build"" test_fix.java && java -cp "".:lib/*:build"" test_fix"
Chart_15,run_shell_command,3,defects4j compile
Chart_15,run_shell_command,3,defects4j test
Chart_15,run_shell_command,3,defects4j test -t org.jfree.chart.plot.junit.PiePlot3DTests::testDrawWithNullDataset
Chart_15,run_shell_command,1,defects4j test -t org.jfree.chart.plot.junit.PiePlot3DTests::testDrawWithNullDataset -v 2>&1
Chart_15,run_shell_command,1,rm /Users/nashid/repos/qwen-cli-automation/workspace/Chart_15/test_fix.java /Users/nashid/repos/qwen-cli-automation/workspace/Chart_15/test_fix.class
Chart_15,run_shell_command,1,wc -l /Users/nashid/repos/qwen-cli-automation/workspace/Chart_15/source/org/jfree/chart/plot/PiePlot3D.java
Chart_15,search_file_content,8,
Chart_15,write_file,1,
Chart_18,edit,8,
Chart_18,glob,1,
Chart_18,read_file,22,
Chart_18,run_shell_command,1,./run_all_tests_trace.sh
Chart_18,run_shell_command,1,./run_bug_exposing_tests.sh
Chart_18,run_shell_command,1,cd /Users/nashid/repos/qwen-cli-automation/workspace/Chart_18 && defects4j compile
Chart_18,run_shell_command,3,cd /Users/nashid/repos/qwen-cli-automation/workspace/Chart_18 && defects4j test
Chart_18,run_shell_command,2,cd /Users/nashid/repos/qwen-cli-automation/workspace/Chart_18 && defects4j test -t org.jfree.data.category.junit.DefaultCategoryDatasetTests::testBug1835955
Chart_18,run_shell_command,2,cd /Users/nashid/repos/qwen-cli-automation/workspace/Chart_18 && defects4j test -t org.jfree.data.junit.DefaultKeyedValues2DTests::testRemoveColumnByKey
Chart_18,run_shell_command,1,cd /Users/nashid/repos/qwen-cli-automation/workspace/Chart_18 && defects4j test -t org.jfree.data.junit.DefaultKeyedValuesTests::testGetIndex2
Chart_18,run_shell_command,3,cd /Users/nashid/repos/qwen-cli-automation/workspace/Chart_18 && defects4j test -t org.jfree.data.junit.DefaultKeyedValuesTests::testRemoveValue
Chart_18,run_shell_command,1,cd /Users/nashid/repos/qwen-cli-automation/workspace/Chart_18 && defects4j test -v -t org.jfree.data.category.junit.DefaultCategoryDatasetTests::testBug1835955
Chart_18,run_shell_command,1,"cd /Users/nashid/repos/qwen-cli-automation/workspace/Chart_18 && grep -n ""testRemoveValue"" tests/org/jfree/data/junit/DefaultKeyedValuesTests.java"
Chart_18,run_shell_command,1,cd /Users/nashid/repos/qwen-cli-automation/workspace/Chart_18 && java -cp build:build-tests:lib/servlet.jar:lib/junit-4.11.jar org.junit.runner.JUnitCore org.jfree.data.junit.DefaultKeyedValues2DTests
Chart_18,run_shell_command,1,defects4j compile
Chart_18,search_file_content,3,
Chart_19,edit,3,
Chart_19,glob,3,
Chart_19,read_file,12,
Chart_19,run_shell_command,1,./run_all_tests_trace.sh
Chart_19,run_shell_command,1,./run_bug_exposing_tests.sh
Chart_19,run_shell_command,1,cd /Users/nashid/repos/qwen-cli-automation/workspace/Chart_19 && defects4j compile
Chart_19,run_shell_command,1,cd /Users/nashid/repos/qwen-cli-automation/workspace/Chart_19 && defects4j test -t org.jfree.chart.plot.junit.CategoryPlotTests::testGetDomainAxisIndex
Chart_19,run_shell_command,1,cd /Users/nashid/repos/qwen-cli-automation/workspace/Chart_19 && defects4j test -t org.jfree.chart.plot.junit.CategoryPlotTests::testGetRangeAxisIndex
Chart_19,run_shell_command,1,defects4j compile
Chart_19,run_shell_command,1,defects4j test -t org.jfree.chart.plot.junit.CategoryPlotTests::testGetRangeAxisIndex
Chart_19,run_shell_command,1,defects4j test -t org.jfree.chart.plot.junit.CategoryPlotTests::testGetRangeAxisIndex -v
Chart_19,run_shell_command,1,"grep -n \""indexOf\"" /Users/nashid/repos/qwen-cli-automation/workspace/Chart_19/source/org/jfree/chart/util/AbstractObjectList.java"
Chart_19,search_file_content,3,
Chart_19,write_file,1,
Chart_2,edit,3,
Chart_2,list_directory,9,
Chart_2,read_file,9,
Chart_2,run_shell_command,1,cd /Users/nashid/repos/qwen-cli-automation/workspace/Chart_2 && ./run_bug_exposing_tests.sh
Chart_2,run_shell_command,2,cd /Users/nashid/repos/qwen-cli-automation/workspace/Chart_2 && defects4j compile
Chart_2,run_shell_command,1,cd /Users/nashid/repos/qwen-cli-automation/workspace/Chart_2 && defects4j compile && defects4j test
Chart_2,run_shell_command,2,cd /Users/nashid/repos/qwen-cli-automation/workspace/Chart_2 && defects4j test
Chart_2,run_shell_command,1,cd /Users/nashid/repos/qwen-cli-automation/workspace/Chart_2 && defects4j test -t org.jfree.data.general.junit.DatasetUtilitiesTests::testBug2849731_2
Chart_2,run_shell_command,1,cd /Users/nashid/repos/qwen-cli-automation/workspace/Chart_2 && defects4j test -t org.jfree.data.general.junit.DatasetUtilitiesTests::testBug2849731_2 -v
Chart_2,run_shell_command,1,cd /Users/nashid/repos/qwen-cli-automation/workspace/Chart_2 && git status
Chart_2,run_shell_command,2,"cd /Users/nashid/repos/qwen-cli-automation/workspace/Chart_2 && java -cp ""/Users/nashid/repos/qwen-cli-automation/workspace/Chart_2/lib/servlet.jar:/Users/nashid/repos/defects4j/framework/projects/lib/junit-4.11.jar:/Users/nashid/repos/qwen-cli-automation/workspace/Chart_2/build:/Users/nashid/repos/qwen-cli-automation/workspace/Chart_2/build-tests"" org.junit.runner.JUnitCore org.jfree.data.general.junit.DatasetUtilitiesTests"
Chart_2,run_shell_command,1,cd /Users/nashid/repos/qwen-cli-automation/workspace/Chart_2 && patch -p1 < patch.diff
Chart_2,search_file_content,3,
Chart_2,web_fetch,1,"What is the bug described in the forum post mentioned in the bug description? Specifically, what is the issue with DatasetUtilities.iterateRangeBounds() methods?"
Chart_2,write_file,1,
Chart_21,edit,3,
Chart_21,glob,3,
Chart_21,read_file,6,
Chart_21,run_shell_command,1,./run_bug_exposing_tests.sh
Chart_21,run_shell_command,1,cd /Users/nashid/repos/qwen-cli-automation/workspace/Chart_21 && java -cp lib/servlet.jar:lib/junit-4.11.jar:build:build-tests org.junit.runner.JUnitCore org.jfree.data.statistics.junit.DefaultBoxAndWhiskerCategoryDatasetTests
Chart_21,run_shell_command,1,defects4j compile
Chart_21,run_shell_command,1,defects4j compile && defects4j test
Chart_21,run_shell_command,3,defects4j test
Chart_21,run_shell_command,1,defects4j test -t org.jfree.data.statistics.junit.DefaultBoxAndWhiskerCategoryDatasetTests::testGetRangeBounds
Chart_21,todo_write,2,
Chart_25,edit,5,
Chart_25,list_directory,14,
Chart_25,read_file,12,
Chart_25,run_shell_command,1,./run_all_tests_trace.sh
Chart_25,run_shell_command,1,./run_bug_exposing_tests.sh
Chart_25,run_shell_command,2,defects4j compile
Chart_25,run_shell_command,4,defects4j test
Chart_25,run_shell_command,1,defects4j test -t org.jfree.chart.renderer.category.junit.StatisticalBarRendererTests
Chart_25,search_file_content,2,
Chart_4,edit,2,
Chart_4,glob,2,
Chart_4,list_directory,2,
Chart_4,read_file,12,
Chart_4,run_shell_command,1,./run_all_tests_trace.sh
Chart_4,run_shell_command,2,./run_bug_exposing_tests.sh
Chart_4,run_shell_command,2,defects4j compile
Chart_4,run_shell_command,2,defects4j test
Chart_4,run_shell_command,2,defects4j test -t org.jfree.chart.axis.junit.LogAxisTests::testXYAutoRange1
Chart_4,run_shell_command,1,defects4j test -t org.jfree.chart.axis.junit.LogAxisTests::testXYAutoRange2
Chart_4,run_shell_command,1,"sed -i '' '395,404s/setRange(new Range(lower, upper), false, false);/if (lower <= 0.0) {\n                lower = this.smallestValue;\n            }\n            if (upper <= 0.0) {\n                upper = this.smallestValue * 10;\n            }\n            \n            setRange(new Range(lower, upper), false, false);/' /Users/nashid/repos/qwen-cli-automation/workspace/Chart_4/source/org/jfree/chart/axis/LogAxis.java"
Chart_4,run_shell_command,1,"sed -n '384,420p' /Users/nashid/repos/qwen-cli-automation/workspace/Chart_4/source/org/jfree/chart/axis/LogAxis.java"
Chart_4,run_shell_command,1,"sed -n '384,440p' /Users/nashid/repos/qwen-cli-automation/workspace/Chart_4/source/org/jfree/chart/axis/LogAxis.java"
Chart_4,search_file_content,2,
Cli_1,edit,2,
Cli_1,glob,4,
Cli_1,list_directory,3,
Cli_1,read_file,6,
Cli_1,run_shell_command,1,cd /Users/nashid/repos/qwen-cli-automation/workspace/Cli_1 && ./run_bug_exposing_tests.sh
Cli_1,run_shell_command,1,cd /Users/nashid/repos/qwen-cli-automation/workspace/Cli_1 && defects4j compile
Cli_1,run_shell_command,1,cd /Users/nashid/repos/qwen-cli-automation/workspace/Cli_1 && defects4j compile && defects4j test
Cli_1,run_shell_command,2,cd /Users/nashid/repos/qwen-cli-automation/workspace/Cli_1 && defects4j test
Cli_1,run_shell_command,1,cd /Users/nashid/repos/qwen-cli-automation/workspace/Cli_1 && defects4j test -t org.apache.commons.cli.bug.BugCLI13Test::testCLI13
Cli_1,run_shell_command,1,cd /Users/nashid/repos/qwen-cli-automation/workspace/Cli_1 && git diff
Cli_1,run_shell_command,4,"cd /Users/nashid/repos/qwen-cli-automation/workspace/Cli_1 && javac -cp ""target/lib/commons-lang/jars/commons-lang-2.1.jar:target/classes:target/test-classes"" debug_test.java && java -cp "".:target/lib/commons-lang/jars/commons-lang-2.1.jar:target/classes:target/test-classes"" debug_test"
Cli_1,run_shell_command,1,"cd /Users/nashid/repos/qwen-cli-automation/workspace/Cli_1 && javac -cp ""target/lib/commons-lang/jars/commons-lang-2.1.jar:target/classes:target/test-classes"" debug_test.java && java -cp "".:target/lib/commons-lang/jars/commons-lang-2.1.jar:target/classes:target/test-frames"" debug_test"
Cli_1,run_shell_command,1,cd /Users/nashid/repos/qwen-cli-automation/workspace/Cli_1 && rm debug_test.java debug_test.class
Cli_1,write_file,3,
Cli_10,edit,1,
Cli_10,list_directory,6,
Cli_10,read_file,6,
Cli_10,run_shell_command,1,./run_bug_exposing_tests.sh
Cli_10,run_shell_command,1,defects4j compile
Cli_10,run_shell_command,2,defects4j test
Cli_10,run_shell_command,1,defects4j test -t org.apache.commons.cli.ParseRequiredTest::testReuseOptionsTwice
Cli_10,run_shell_command,1,git diff
Cli_10,run_shell_command,1,pwd && ls -la
Cli_10,search_file_content,1,
Cli_10,todo_write,1,
Cli_10,write_file,1,
Cli_13,edit,4,
Cli_13,glob,1,
Cli_13,read_file,18,
Cli_13,run_shell_command,1,./run_all_tests_trace.sh
Cli_13,run_shell_command,1,./run_bug_exposing_tests.sh
Cli_13,run_shell_command,2,defects4j compile
Cli_13,run_shell_command,2,defects4j compile && defects4j test
Cli_13,run_shell_command,3,defects4j test
Cli_13,run_shell_command,1,defects4j test -t org.apache.commons.cli2.bug.BugLoopingOptionLookAlikeTest::testLoopingOptionLookAlike2
Cli_13,run_shell_command,1,git diff src/java/org/apache/commons/cli2/commandline/WriteableCommandLineImpl.java
Cli_13,run_shell_command,1,git status
Cli_13,run_shell_command,1,rm /Users/nashid/repos/qwen-cli-automation/workspace/Cli_13/src/test/org/apache/commons/cli2/bug/ArgumentDefaultOverrideTest.java
Cli_13,search_file_content,4,
Cli_13,write_file,1,
Cli_14,glob,1,
Cli_14,list_directory,11,
Cli_14,read_file,1,
Cli_18,edit,3,
Cli_18,read_file,16,
Cli_18,run_shell_command,1,./run_bug_exposing_tests.sh
Cli_18,run_shell_command,1,cd /Users/nashid/repos/qwen-cli-automation/workspace/Cli_18 && git add .
Cli_18,run_shell_command,2,cd /Users/nashid/repos/qwen-cli-automation/workspace/Cli_18 && git checkout HEAD -- src/java/org/apache/commons/cli/PosixParser.java
Cli_18,run_shell_command,1,"cd /Users/nashid/repos/qwen-cli-automation/workspace/Cli_18 && git commit -m ""Fix PosixParser to properly handle unrecognized tokens starting with '-' when stopAtNonOption is enabled.

The bug was in processOptionToken method where unrecognized tokens were being ignored instead of being added to the tokens list when stopAtNonOption flag was true. This caused tests like testStop2 to fail as they expected the unrecognized token to be processed as an extra argument."""
Cli_18,run_shell_command,1,cd /Users/nashid/repos/qwen-cli-automation/workspace/Cli_18 && git diff
Cli_18,run_shell_command,1,"cd /Users/nashid/repos/qwen-cli-automation/workspace/Cli_18 && grep -A 10 -B 2 ""processOptionToken"" src/java/org/apache/commons/cli/PosixParser.java"
Cli_18,run_shell_command,1,"cd /Users/nashid/repos/qwen-cli-automation/workspace/Cli_18 && grep -n ""else if (stopAtNonOption)"" src/java/org/apache/commons/cli/PosixParser.java"
Cli_18,run_shell_command,1,cd /Users/nashid/repos/qwen-cli-automation/workspace/Cli_18 && perl -i -0777 -pe 's/(else if \(stopAtNonOption\)\n        \{\n            eatTheRest = true;\n        \})/(else if (stopAtNonOption)\n        {\n            eatTheRest = true;\n            tokens.add(token);\n        })/g' src/java/org/apache/commons/cli/PosixParser.java
Cli_18,run_shell_command,1,"cd /Users/nashid/repos/qwen-cli-automation/workspace/Cli_18 && sed -i '' '142,150s/else if (stopAtNonOption)/else if (stopAtNonOption) {\\n            eatTheRest = true;\\n            tokens.add(token);\\n        }/' src/java/org/apache/commons/cli/PosixParser.java"
Cli_18,run_shell_command,1,"cd /Users/nashid/repos/qwen-cli-automation/workspace/Cli_18 && sed -i '' '239,243s/            eatTheRest = true;/            eatTheRest = true;\\n            tokens.add(token);/' src/java/org/apache/commons/cli/PosixParser.java"
Cli_18,run_shell_command,2,defects4j compile
Cli_18,run_shell_command,3,defects4j test
Cli_18,run_shell_command,2,defects4j test -t org.apache.commons.cli.PosixParserTest::testStop2
Cli_18,search_file_content,2,
Cli_18,write_file,1,
Cli_21,edit,3,
Cli_21,glob,6,
Cli_21,read_file,17,
Cli_21,run_shell_command,1,./run_bug_exposing_tests.sh
Cli_21,run_shell_command,1,cd /Users/nashid/repos/qwen-cli-automation/workspace/Cli_21 && ant compile
Cli_21,run_shell_command,1,cd /Users/nashid/repos/qwen-cli-automation/workspace/Cli_21 && cp src/java/org/apache/commons/cli2/commandline/WriteableCommandLineImpl.java src/java/org/apache/commons/cli2/commandline/WriteableCommandLineImpl.java.backup
Cli_21,run_shell_command,2,cd /Users/nashid/repos/qwen-cli-automation/workspace/Cli_21 && defects4j compile
Cli_21,run_shell_command,2,cd /Users/nashid/repos/qwen-cli-automation/workspace/Cli_21 && defects4j test
Cli_21,run_shell_command,2,cd /Users/nashid/repos/qwen-cli-automation/workspace/Cli_21 && defects4j test -t org.apache.commons.cli2.bug.BugCLI150Test::testNegativeNumber
Cli_21,run_shell_command,1,"cd /Users/nashid/repos/qwen-cli-automation/workspace/Cli_21 && find . -name ""*.java"" -exec grep -l ""looksLikeOption"" {} \;"
Cli_21,run_shell_command,1,cd /Users/nashid/repos/qwen-cli-automation/workspace/Cli_21 && git add src/java/org/apache/commons/cli2/commandline/WriteableCommandLineImpl.java
Cli_21,run_shell_command,1,"cd /Users/nashid/repos/qwen-cli-automation/workspace/Cli_21 && git commit -m ""Fix: Negative numbers are no longer mistaken for options

The looksLikeOption method in WriteableCommandLineImpl was treating all strings
starting with '-' as potential options, including negative numbers like -42.
This fix detects if a string like '-42' is a valid negative number and returns
false to treat it as a value rather than an option.

Fixes the bug where --num -0.1 would result in 'Unexpected -0.1 while processing --num'
and similar cases with negative integers and decimals."""
Cli_21,run_shell_command,2,cd /Users/nashid/repos/qwen-cli-automation/workspace/Cli_21 && git diff HEAD
Cli_21,run_shell_command,1,cd /Users/nashid/repos/qwen-cli-automation/workspace/Cli_21 && git status
Cli_21,run_shell_command,1,"cd /Users/nashid/repos/qwen-cli-automation/workspace/Cli_21 && grep -n ""looksLikeOption"" src/java/org/apache/commons/cli2/commandline/WriteableCommandLineImpl.java"
Cli_21,run_shell_command,1,cd /Users/nashid/repos/qwen-cli-automation/workspace/Cli_21 && java -cp target/classes:target/test-classes org.junit.runner.JUnitCore org.apache.commons.cli2.bug.BugCLI150Test
Cli_21,run_shell_command,1,cd /Users/nashid/repos/qwen-cli-automation/workspace/Cli_21 && javac -d target/classes src/java/org/apache/commons/cli2/commandline/WriteableCommandLineImpl.java
Cli_21,run_shell_command,1,"cd /Users/nashid/repos/qwen-cli-automation/workspace/Cli_21 && sed -i.bak '232,239s/                if (trigger.startsWith(prefix))/                if (trigger.startsWith(prefix))\n                {\n                    // Check if this is a negative number, which should not be treated as an option\n                    if (prefix.equals(""-"")) {\n                        // A negative number starts with ""-"". Check if the rest is numeric.\n                        // Skip the prefix ""-""\n                        String numberPart = trigger.substring(1);\n                        if (numberPart.length() > 0) {\n                            try {\n                                // Check if it's a valid number\n                                Double.parseDouble(numberPart);\n                                // If we can parse it, it's a negative number, not an option\n                                return false;\n                            } catch (NumberFormatException e) {\n                                // Not a number, so it might be an option\n                            }\n                        }\n                    }\n                    return true;\n                }/' src/java/org/apache/commons/cli2/commandline/WriteableCommandLineImpl.java"
Cli_21,run_shell_command,1,"cd /Users/nashid/repos/qwen-cli-automation/workspace/Cli_21 && sed -n '225,243p' src/java/org/apache/commons/cli2/commandline/WriteableCommandLineImpl.java"
Cli_21,run_shell_command,1,"cd /Users/nashid/repos/qwen-cli-automation/workspace/Cli_21 && sed -n '225,245p' src/java/org/apache/commons/cli2/commandline/WriteableCommandLineImpl.java"
Cli_21,run_shell_command,1,defects4j compile
Cli_21,run_shell_command,2,defects4j test
Cli_21,run_shell_command,1,defects4j test -t org.apache.commons.cli2.bug.BugCLI150Test::testNegativeNumber
Cli_21,run_shell_command,1,mkdir -p logs && defects4j test > logs/test_output.log 2>&1 && cat logs/test_output.log
Cli_21,search_file_content,2,
Cli_21,write_file,1,
Cli_22,edit,9,
Cli_22,read_file,9,
Cli_22,run_shell_command,1,cd /Users/nashid/repos/qwen-cli-automation/workspace/Cli_22 && ./run_bug_exposing_tests.sh
Cli_22,run_shell_command,1,cd /Users/nashid/repos/qwen-cli-automation/workspace/Cli_22 && chmod +x test_bug.sh && ./test_bug.sh
Cli_22,run_shell_command,4,cd /Users/nashid/repos/qwen-cli-automation/workspace/Cli_22 && defects4j compile
Cli_22,run_shell_command,3,cd /Users/nashid/repos/qwen-cli-automation/workspace/Cli_22 && defects4j compile && defects4j test
Cli_22,run_shell_command,1,cd /Users/nashid/repos/qwen-cli-automation/workspace/Cli_22 && defects4j export -p tests.trigger
Cli_22,run_shell_command,5,cd /Users/nashid/repos/qwen-cli-automation/workspace/Cli_22 && defects4j test
Cli_22,run_shell_command,1,cd /Users/nashid/repos/qwen-cli-automation/workspace/Cli_22 && defects4j test -t org.apache.commons.cli.ApplicationTest::testGroovy
Cli_22,run_shell_command,1,cd /Users/nashid/repos/qwen-cli-automation/workspace/Cli_22 && defects4j test -t org.apache.commons.cli.PosixParserTest::testStopAtExpectedArg
Cli_22,run_shell_command,1,cd /Users/nashid/repos/qwen-cli-automation/workspace/Cli_22 && defects4j test -t org.apache.commons.cli.PosixParserTest::testStopAtExpectedArg -v
Cli_22,run_shell_command,1,"cd /Users/nashid/repos/qwen-cli-automation/workspace/Cli_22 && defects4j test 2>&1 | grep -A 10 -B 5 ""Failing tests"""
Cli_22,run_shell_command,3,cd /Users/nashid/repos/qwen-cli-automation/workspace/Cli_22 && git checkout HEAD -- src/java/org/apache/commons/cli/PosixParser.java
Cli_22,run_shell_command,1,cd /Users/nashid/repos/qwen-cli-automation/workspace/Cli_22 && git checkout HEAD -- src/java/org/apache/commons/cli/PosixParser.java && git diff
Cli_22,run_shell_command,1,cd /Users/nashid/repos/qwen-cli-automation/workspace/Cli_22 && git diff HEAD~1 src/java/org/apache/commons/cli/PosixParser.java
Cli_22,run_shell_command,1,cd /Users/nashid/repos/qwen-cli-automation/workspace/Cli_22 && git diff src/java/org/apache/commons/cli/PosixParser.java
Cli_22,run_shell_command,1,cd /Users/nashid/repos/qwen-cli-automation/workspace/Cli_22 && git reset --hard D4J_Cli_22_BUGGY_VERSION
Cli_22,run_shell_command,1,cd /Users/nashid/repos/qwen-cli-automation/workspace/Cli_22 && git reset --hard HEAD~1
Cli_22,run_shell_command,1,cd /Users/nashid/repos/qwen-cli-automation/workspace/Cli_22 && git status
Cli_22,run_shell_command,1,cd /Users/nashid/repos/qwen-cli-automation/workspace/Cli_22 && java -cp target/classes:target/test-classes org.junit.runner.JUnitCore org.apache.commons.cli.PosixParserTest::testStopAtExpectedArg
Cli_22,run_shell_command,1,cd /Users/nashid/repos/qwen-cli-automation/workspace/Cli_22 && javac -cp target/classes TestBug.java && java -cp .:target/classes TestBug
Cli_22,search_file_content,2,
Cli_22,write_file,2,
Cli_23,edit,1,
Cli_23,glob,2,
Cli_23,read_file,4,
Cli_23,run_shell_command,1,./run_bug_exposing_tests.sh
Cli_23,run_shell_command,1,defects4j compile
Cli_23,run_shell_command,2,defects4j test
Cli_23,run_shell_command,2,defects4j test -t org.apache.commons.cli.bug.BugCLI162Test::testInfiniteLoop
Cli_23,run_shell_command,2,defects4j test -t org.apache.commons.cli.bug.BugCLI162Test::testPrintHelpLongLines
Cli_23,run_shell_command,1,git diff
Cli_23,run_shell_command,1,git log --oneline -n 10
Cli_23,run_shell_command,1,"git show 3571cf4:src/java/org/apache/commons/cli/HelpFormatter.java | grep -A 30 ""renderWrappedText"""
Cli_23,run_shell_command,1,"git show 3571cf4:src/java/org/apache/commons/cli/HelpFormatter.java | grep -A 50 ""protected StringBuffer renderWrappedText"""
Cli_23,run_shell_command,1,"git show 3571cf4:src/java/org/apache/commons/cli/HelpFormatter.java | sed -n '/protected StringBuffer renderWrappedText/,/return sb;/p' | head -n 50"
Cli_23,run_shell_command,1,git status
Cli_23,run_shell_command,2,"javac -cp ""target/classes:target/test-classes"" TestBugCLI162.java && java -cp "".:target/classes:target/test-classes"" TestBugCLI162"
Cli_23,run_shell_command,1,ls -la target/
Cli_23,run_shell_command,1,rm TestBugCLI162.java TestBugCLI162.class
Cli_23,todo_write,1,
Cli_23,write_file,1,
Cli_26,edit,5,
Cli_26,glob,4,
Cli_26,read_file,15,
Cli_26,run_shell_command,1,./run_bug_exposing_tests.sh
Cli_26,run_shell_command,3,cd /Users/nashid/repos/qwen-cli-automation/workspace/Cli_26 && cp src/java/org/apache/commons/cli/OptionBuilder.java.bak src/java/org/apache/commons/cli/OptionBuilder.java
Cli_26,run_shell_command,1,"cd /Users/nashid/repos/qwen-cli-automation/workspace/Cli_26 && echo -e ""\n        }\n    }"" >> src/java/org/apache/commons/cli/OptionBuilder.java"
Cli_26,run_shell_command,1,"cd /Users/nashid/repos/qwen-cli-automation/workspace/Cli_26 && echo -e ""\n    /**\n     * Create an Option using the current settings and with\n     * the specified Option <code>char</code>.\n     *\n     * @param opt the <code>java.lang.String</code> representation\n     * of the Option\n     * @return the Option instance\n     * @throws IllegalArgumentException if <code>opt</code> is not\n     * a valid character.  See Option.\n     */\n    public static Option create(String opt) throws IllegalArgumentException\n    {\n        try\n        {\n            // create the option\n            Option option = new Option(opt, description);\n\n            // set the option properties\n            option.setLongOpt(longopt);\n            option.setRequired(required);\n            option.setOptionalArg(optionalArg);\n            option.setArgs(numberOfArgs);\n            option.setType(type);\n            option.setValueSeparator(valuesep);\n            option.setArgName(argName);\n            // reset the OptionBuilder properties\n            OptionBuilder.reset();\n\n            // return the Option instance\n            return option;\n        }\n        catch (IllegalArgumentException e)\n        {\n            // reset the OptionBuilder properties even on failure\n            OptionBuilder.reset();\n            throw e;\n        }\n    }\n}"" >> src/java/org/apache/commons/cli/OptionBuilder.java"
Cli_26,run_shell_command,1,"cd /Users/nashid/repos/qwen-cli-automation/workspace/Cli_26 && find . -name ""*.class"" -delete"
Cli_26,run_shell_command,1,cd /Users/nashid/repos/qwen-cli-automation/workspace/Cli_26 && git checkout -- src/java/org/apache/commons/cli/OptionBuilder.java
Cli_26,run_shell_command,1,cd /Users/nashid/repos/qwen-cli-automation/workspace/Cli_26 && git diff src/java/org/apache/commons/cli/OptionBuilder.java
Cli_26,run_shell_command,1,cd /Users/nashid/repos/qwen-cli-automation/workspace/Cli_26 && git status
Cli_26,run_shell_command,1,"cd /Users/nashid/repos/qwen-cli-automation/workspace/Cli_26 && grep -n ""create(String opt)"" src/java/org/apache/commons/cli/OptionBuilder.java"
Cli_26,run_shell_command,1,cd /Users/nashid/repos/qwen-cli-automation/workspace/Cli_26 && java -cp target/classes src/java/org/apache/commons/cli/OptionBuilder.java
Cli_26,run_shell_command,1,"cd /Users/nashid/repos/qwen-cli-automation/workspace/Cli_26 && javac -cp ""target/classes:target/test-classes"" src/test/org/apache/commons/cli/OptionBuilderTest.java"
Cli_26,run_shell_command,1,cd /Users/nashid/repos/qwen-cli-automation/workspace/Cli_26 && patch -p1 < fix.patch
Cli_26,run_shell_command,1,"cd /Users/nashid/repos/qwen-cli-automation/workspace/Cli_26 && python3 -c ""
import re
with open('src/java/org/apache/commons/cli/OptionBuilder.java', 'r') as f:
    content = f.read()

# Find the create(String opt) method
pattern = r'(public static Option create\(String opt\) throws IllegalArgumentException\s*\{[^}]*(\s*\})+)'
match = re.search(pattern, content, re.DOTALL)

if match:
    # Extract the entire method
    original_method = match.group(1)
    # Replace with method with try/catch
    fixed_method = '''
    public static Option create(String opt) throws IllegalArgumentException
    {
        try
        {
            // create the option
            Option option = new Option(opt, description);

            // set the option properties
            option.setLongOpt(longopt);
            option.setRequired(required);
            option.setOptionalArg(optionalArg);
            option.setArgs(numberOfArgs);
            option.setType(type);
            option.setValueSeparator(valuesep);
            option.setArgName(argName);
            // reset the OptionBuilder properties
            OptionBuilder.reset();

            // return the Option instance
            return option;
        }
        catch (IllegalArgumentException e)
        {
            // reset the OptionBuilder properties even on failure
            OptionBuilder.reset();
            throw e;
        }
    }'''
    
    # Replace the method in content
    new_content = content.replace(original_method, fixed_method)
    
    # Write back to file
    with open('src/java/org/apache/commons/cli/OptionBuilder.java', 'w') as f:
        f.write(new_content)
        
    print('Fixed!')
else:
    print('Method not found')
"""
Cli_26,run_shell_command,1,cd /Users/nashid/repos/qwen-cli-automation/workspace/Cli_26 && rm src/java/org/apache/commons/cli/OptionBuilder.java && cp src/java/org/apache/commons/cli/OptionBuilder.java.bak src/java/org/apache/commons/cli/OptionBuilder.java
Cli_26,run_shell_command,1,"cd /Users/nashid/repos/qwen-cli-automation/workspace/Cli_26 && sed -i.bak '/public static Option create(String opt)/,/^    }$/ s/^    }$/        try\n        {\n            \/\/ create the option\n            Option option = new Option(opt, description);\n\n            \/\/ set the option properties\n            option.setLongOpt(longopt);\n            option.setRequired(required);\n            option.setOptionalArg(optionalArg);\n            option.setArgs(numberOfArgs);\n            option.setType(type);\n            option.setValueSeparator(valuesep);\n            option.setArgName(argName);\n            \/\/ reset the OptionBuilder properties\n            OptionBuilder.reset();\n\n            \/\/ return the Option instance\n            return option;\n        }\n        catch (IllegalArgumentException e)\n        {\n            \/\/ reset the OptionBuilder properties even on failure\n            OptionBuilder.reset();\n            throw e;\n        }/' src/java/org/apache/commons/cli/OptionBuilder.java"
Cli_26,run_shell_command,1,"cd /Users/nashid/repos/qwen-cli-automation/workspace/Cli_26 && sed -i.bak '346,366d' src/java/org/apache/commons/cli/OptionBuilder.java"
Cli_26,run_shell_command,1,"cd /Users/nashid/repos/qwen-cli-automation/workspace/Cli_26 && sed -i.bak '346,366s/.*/        try\n        {\n            \/\/ create the option\n            Option option = new Option(opt, description);\n\n            \/\/ set the option properties\n            option.setLongOpt(longopt);\n            option.setRequired(required);\n            option.setOptionalArg(optionalArg);\n            option.setArgs(numberOfArgs);\n            option.setType(type);\n            option.setValueSeparator(valuesep);\n            option.setArgName(argName);\n            \/\/ reset the OptionBuilder properties\n            OptionBuilder.reset();\n\n            \/\/ return the Option instance\n            return option;\n        }\n        catch (IllegalArgumentException e)\n        {\n            \/\/ reset the OptionBuilder properties even on failure\n            OptionBuilder.reset();\n            throw e;\n        }/' src/java/org/apache/commons/cli/OptionBuilder.java"
Cli_26,run_shell_command,1,"cd /Users/nashid/repos/qwen-cli-automation/workspace/Cli_26 && sed -i.bak '383,386d' src/java/org/apache/commons/cli/OptionBuilder.java"
Cli_26,run_shell_command,5,defects4j compile
Cli_26,run_shell_command,2,defects4j test
Cli_26,run_shell_command,3,defects4j test -t org.apache.commons.cli.OptionBuilderTest::testBuilderIsResettedAlways
Cli_26,write_file,3,
Cli_30,edit,3,
Cli_30,list_directory,8,
Cli_30,read_file,9,
Cli_30,run_shell_command,1,./run_bug_exposing_tests.sh
Cli_30,run_shell_command,1,"cat /Users/nashid/repos/qwen-cli-automation/workspace/Cli_30/src/main/java/org/apache/commons/cli/DefaultParser.java | sed -n '139,175p'"
Cli_30,run_shell_command,1,cp /Users/nashid/repos/qwen-cli-automation/workspace/Cli_30/src/main/java/org/apache/commons/cli/DefaultParser.java /Users/nashid/repos/qwen-cli-automation/workspace/Cli_30/src/main/java/org/apache/commons/cli/DefaultParser.java.backup
Cli_30,run_shell_command,2,defects4j compile
Cli_30,run_shell_command,1,defects4j test
Cli_30,run_shell_command,1,"find /Users/nashid/repos/qwen-cli-automation/workspace/Cli_30/src/test -name ""*OptionGroup*"" -o -name ""*Parser*Test*"" | head -5"
Cli_30,run_shell_command,1,"grep -n ""handleProperties"" /Users/nashid/repos/qwen-cli-automation/workspace/Cli_30/src/main/java/org/apache/commons/cli/DefaultParser.java"
Cli_30,run_shell_command,1,"grep -n ""processProperties"" /Users/nashid/repos/qwen-cli-automation/workspace/Cli_30/src/main/java/org/apache/commons/cli/Parser.java"
Cli_30,run_shell_command,1,"sed -n '139,170p' /Users/nashid/repos/qwen-cli-automation/workspace/Cli_30/src/main/java/org/apache/commons/cli/DefaultParser.java"
Cli_30,run_shell_command,1,"sed -n '139,180p' /Users/nashid/repos/qwen-cli-automation/workspace/Cli_30/src/main/java/org/apache/commons/cli/DefaultParser.java"
Cli_30,run_shell_command,1,"sed -n '252,285p' /Users/nashid/repos/qwen-cli-automation/workspace/Cli_30/src/main/java/org/apache/commons/cli/Parser.java"
Cli_30,search_file_content,1,
Cli_30,write_file,1,
Cli_31,edit,4,
Cli_31,read_file,12,
Cli_31,run_shell_command,1,./run_all_tests_trace.sh
Cli_31,run_shell_command,1,./run_bug_exposing_tests.sh
Cli_31,run_shell_command,1,"cd /Users/nashid/repos/qwen-cli-automation/workspace/Cli_31 && grep -n ""getArgName\|DEFAULT_ARG_NAME"" src/main/java/org/apache/commons/cli/HelpFormatter.java"
Cli_31,run_shell_command,3,"cd /Users/nashid/repos/qwen-cli-automation/workspace/Cli_31 && javac -cp ""target/classes:target/test-classes"" debug_test.java && java -cp "".:target/classes:target/test-classes"" debug_test"
Cli_31,run_shell_command,3,defects4j compile
Cli_31,run_shell_command,3,defects4j test
Cli_31,run_shell_command,2,defects4j test -t org.apache.commons.cli.HelpFormatterTest::testDefaultArgName
Cli_31,run_shell_command,1,"grep -n ""<argName>"" /Users/nashid/repos/qwen-cli-automation/workspace/Cli_31/src/main/java/org/apache/commons/cli/HelpFormatter.java"
Cli_31,run_shell_command,1,"grep -n -A 10 -B 5 ""hasArg()"" /Users/nashid/repos/qwen-cli-automation/workspace/Cli_31/src/main/java/org/apache/commons/cli/HelpFormatter.java"
Cli_31,run_shell_command,1,"java -cp ""/Users/nashid/repos/defects4j/framework/projects/Cli/lib/junit/junit/3.8.2/junit-3.8.2.jar:/Users/nashid/repos/defects4j/framework/projects/Cli/lib/junit-addons/junit-addons/1.4/junit-addons-1.4.jar:/Users/nashid/repos/qwen-cli-automation/workspace/Cli_31/target/classes:/Users/nashid/repos/qwen-cli-automation/workspace/Cli_31/target/test-classes"" org.junit.runner.JUnitCore org.apache.commons.cli.HelpFormatterTest::testDefaultArgName"
Cli_31,run_shell_command,1,rm /Users/nashid/repos/qwen-cli-automation/workspace/Cli_31/debug_test.java /Users/nashid/repos/qwen-cli-automation/workspace/Cli_31/debug_test.class
Cli_31,search_file_content,2,
Cli_31,write_file,2,
Cli_33,edit,5,
Cli_33,glob,2,
Cli_33,read_file,10,
Cli_33,run_shell_command,1,./run_bug_exposing_tests.sh
Cli_33,run_shell_command,1,cd /Users/nashid/repos/qwen-cli-automation/workspace/Cli_33 && cp src/main/java/org/apache/commons/cli/HelpFormatter.java src/main/java/org/apache/commons/cli/HelpFormatter.java.backup
Cli_33,run_shell_command,2,cd /Users/nashid/repos/qwen-cli-automation/workspace/Cli_33 && cp src/main/java/org/apache/commons/cli/HelpFormatter.java.backup src/main/java/org/apache/commons/cli/HelpFormatter.java
Cli_33,run_shell_command,2,cd /Users/nashid/repos/qwen-cli-automation/workspace/Cli_33 && defects4j compile
Cli_33,run_shell_command,2,cd /Users/nashid/repos/qwen-cli-automation/workspace/Cli_33 && defects4j compile && defects4j test
Cli_33,run_shell_command,1,cd /Users/nashid/repos/qwen-cli-automation/workspace/Cli_33 && defects4j test
Cli_33,run_shell_command,1,"cd /Users/nashid/repos/qwen-cli-automation/workspace/Cli_33 && grep -n ""protected StringBuffer renderWrappedText"" src/main/java/org/apache/commons/cli/HelpFormatter.java"
Cli_33,run_shell_command,1,"cd /Users/nashid/repos/qwen-cli-automation/workspace/Cli_33 && java -cp target/classes:target/test-classes:$(find lib -name ""*.jar"" | tr '\n' ':') junit.textui.TestRunner org.apache.commons.cli.HelpFormatterTest"
Cli_33,run_shell_command,1,"cd /Users/nashid/repos/qwen-cli-automation/workspace/Cli_33 && javac -cp ""target/classes:target/test-classes:lib/*"" TestDebug.java && java -cp "".:target/classes:target/test-classes:lib/*"" TestDebug"
Cli_33,run_shell_command,1,"cd /Users/nashid/repos/qwen-cli-automation/workspace/Cli_33 && javac -cp ""target/classes:target/test-classes:lib/*"" TestIndenation.java && java -cp "".:target/classes:target/test-classes:lib/*"" TestIndenation"
Cli_33,run_shell_command,1,"cd /Users/nashid/repos/qwen-cli-automation/workspace/Cli_33 && sed -i '.bak' '/protected StringBuffer renderWrappedText/,/return sb;/c\
    protected StringBuffer renderWrappedText(StringBuffer sb, int width, \
                                             int nextLineTabStop, String text)\
    {\
        // Split the text into lines to handle leading whitespace properly\
        String[] lines = text.split(""\\\\n"", -1);\
        for (int i = 0; i < lines.length; i++)\
        {\
            String line = lines[i];\
            if (i > 0)\
            {\
                // For continuation lines, preserve leading whitespace\
                line = createPadding(nextLineTabStop) + line;\
            }\
            \
            int pos = findWrapPos(line, width, 0);\
            if (pos == -1)\
            {\
                sb.append(rtrim(line));\
            }\
            else\
            {\
                sb.append(rtrim(line.substring(0, pos))).append(defaultNewLine);\
                // Continue processing the remaining part of the line\
                String remaining = line.substring(pos);\
                while (true)\
                {\
                    pos = findWrapPos(remaining, width, 0);\
                    if (pos == -1)\
                    {\
                        sb.append(createPadding(nextLineTabStop)).append(remaining);\
                        break;\
                    }\
                    sb.append(createPadding(nextLineTabStop)).append(remaining.substring(0, pos)).append(defaultNewLine);\
                    remaining = remaining.substring(pos);\
                }\
            }\
            if (i < lines.length - 1)\
            {\
                sb.append(defaultNewLine);\
            }\
        }\
        return sb;\
    }' src/main/java/org/apache/commons/cli/HelpFormatter.java"
Cli_33,run_shell_command,1,defects4j test
Cli_33,run_shell_command,1,defects4j test -t org.apache.commons.cli.HelpFormatterTest::testIndentedHeaderAndFooter
Cli_33,search_file_content,4,
Cli_33,todo_write,1,
Cli_33,write_file,3,
Cli_34,edit,4,
Cli_34,glob,1,
Cli_34,read_file,12,
Cli_34,run_shell_command,1,./run_all_tests_trace.sh
Cli_34,run_shell_command,1,./run_bug_exposing_tests.sh
Cli_34,run_shell_command,1,"cat /Users/nashid/repos/qwen-cli-automation/workspace/Cli_34/src/main/java/org/apache/commons/cli/CommandLine.java | sed -n '113,125p'"
Cli_34,run_shell_command,1,"cd /Users/nashid/repos/qwen-cli-automation/workspace/Cli_34 && awk '/public Object getParsedOptionValue\(String opt\) throws ParseException/,/return TypeHandler\.createValue\(res, option\.getType\(\)\);/' {print;next} 1 | sed -e 's/return TypeHandler\.createValue(res, option\.getType());/        // If no type is specified, default to String\n        Class type = option.getType();\n        if (type == null) {\n            type = String.class;\n        }\n        \n        return TypeHandler.createValue(res, type);/' > temp_file && mv temp_file src/main/java/org/apache/commons/cli/CommandLine.java"
Cli_34,run_shell_command,1,"cd /Users/nashid/repos/qwen-cli-automation/workspace/Cli_34 && grep -A 15 ""getParsedOptionValue"" src/main/java/org/apache/commons/cli/CommandLine.java"
Cli_34,run_shell_command,1,cd /Users/nashid/repos/qwen-cli-automation/workspace/Cli_34 && mvn clean compile
Cli_34,run_shell_command,1,"cd /Users/nashid/repos/qwen-cli-automation/workspace/Cli_34 && perl -i -0777 -pe 's/(public Object getParsedOptionValue\(String opt\) throws ParseException \{\n\s+String res = getOptionValue\(opt\);\n\s+Option option = resolveOption\(opt\);\n\s+\n\s+if \(option == null || res == null\)\n\s+\{\n\s+return null;\n\s+\}\n\s+\n\s+return TypeHandler\.createValue\(res, option\.getType\(\)\);)/public Object getParsedOptionValue(String opt) throws ParseException\n    {\n        String res = getOptionValue(opt);\n        Option option = resolveOption(opt);\n        \n        if (option == null || res == null)\n        {\n            return null;\n        }\n        \n        // If no type is specified, default to String\n        Class type = option.getType();\n        if (type == null) {\n            type = String.class;\n        }\n        \n        return TypeHandler.createValue(res, type);\n    }/gs' src/main/java/org/apache/commons/cli/CommandLine.java"
Cli_34,run_shell_command,1,defects4j test
Cli_34,search_file_content,3,
Cli_34,write_file,1,
Cli_36,edit,1,
Cli_36,list_directory,8,
Cli_36,read_file,5,
Cli_36,run_shell_command,1,cd /Users/nashid/repos/qwen-cli-automation/workspace/Cli_36 && ./run_all_tests_trace.sh
Cli_36,run_shell_command,1,cd /Users/nashid/repos/qwen-cli-automation/workspace/Cli_36 && ./run_bug_exposing_tests.sh
Cli_36,run_shell_command,2,cd /Users/nashid/repos/qwen-cli-automation/workspace/Cli_36 && defects4j compile
Cli_36,run_shell_command,1,cd /Users/nashid/repos/qwen-cli-automation/workspace/Cli_36 && defects4j test
Cli_36,run_shell_command,1,cd /Users/nashid/repos/qwen-cli-automation/workspace/Cli_36 && defects4j test -t org.apache.commons.cli.bug.BugCLI266Test
Cli_36,run_shell_command,2,"cd /Users/nashid/repos/qwen-cli-automation/workspace/Cli_36 && java -cp ""/Users/nashid/repos/defects4j/framework/projects/Cli/lib/junit/junit/4.12/junit-4.12.jar:/Users/nashid/repos/defects4j/framework/projects/Cli/lib/org/hamcrest/hamcrest-core/1.3/hamcrest-core-1.3.jar:/Users/nashid/repos/qwen-cli-automation/workspace/Cli_36/target/classes:/Users/nashid/repos/qwen-cli-automation/workspace/Cli_36/target/test-classes"" org.junit.runner.JUnitCore org.apache.commons.cli.bug.BugCLI266Test"
Cli_36,search_file_content,1,
Cli_36,write_file,1,
Cli_39,edit,8,
Cli_39,glob,5,
Cli_39,list_directory,1,
Cli_39,read_file,17,
Cli_39,run_shell_command,1,./run_all_tests_trace.sh
Cli_39,run_shell_command,1,./run_bug_exposing_tests.sh
Cli_39,run_shell_command,1,cp /Users/nashid/repos/qwen-cli-automation/workspace/Cli_39/src/main/java/org/apache/commons/cli/TypeHandler.java /Users/nashid/repos/qwen-cli-automation/workspace/Cli_39/src/main/java/org/apache/commons/cli/TypeHandler.java.backup
Cli_39,run_shell_command,2,defects4j compile
Cli_39,run_shell_command,3,defects4j test
Cli_39,run_shell_command,1,git diff src/main/java/org/apache/commons/cli/TypeHandler.java
Cli_39,run_shell_command,1,git status
Cli_39,search_file_content,2,
Cli_39,write_file,2,
Closure_100,read_file,4,
Closure_100,run_shell_command,1,./run_all_tests_trace.sh
Closure_100,run_shell_command,1,./run_bug_exposing_tests.sh
Closure_103,edit,4,
Closure_103,glob,5,
Closure_103,read_file,11,
Closure_103,run_shell_command,1,./run_bug_exposing_tests.sh
Closure_103,run_shell_command,4,defects4j compile
Closure_103,run_shell_command,5,defects4j test
Closure_103,run_shell_command,1,defects4j test -t com.google.javascript.jscomp.CheckUnreachableCodeTest::testInstanceOfThrowsException
Closure_103,run_shell_command,1,defects4j test -t com.google.javascript.jscomp.ControlFlowAnalysisTest::testInstanceOf
Closure_103,run_shell_command,1,defects4j test -t com.google.javascript.jscomp.DisambiguatePropertiesTest::testSupertypeReferenceOfSubtypeProperty
Closure_103,run_shell_command,1,defects4j test -v
Closure_103,run_shell_command,1,"git log --oneline -10 --grep=""unreachable\|Unreachable\|instanceof\|InstanceOf"""
Closure_103,run_shell_command,1,git show 2f5cb162
Closure_103,search_file_content,1,
Closure_106,edit,6,
Closure_106,glob,2,
Closure_106,read_file,13,
Closure_106,run_shell_command,1,./run_bug_exposing_tests.sh
Closure_106,run_shell_command,2,cd /Users/nashid/repos/qwen-cli-automation/workspace/Closure_106 && git checkout src/com/google/javascript/jscomp/CollapseProperties.java
Closure_106,run_shell_command,1,cd /Users/nashid/repos/qwen-cli-automation/workspace/Closure_106 && git status
Closure_106,run_shell_command,1,"cd /Users/nashid/repos/qwen-cli-automation/workspace/Closure_106 && grep -n ""addStubsForUndeclaredProperties"" src/com/google/javascript/jscomp/CollapseProperties.java"
Closure_106,run_shell_command,1,"cd /Users/nashid/repos/qwen-cli-automation/workspace/Closure_106 && sed -i.bak '811,840s/Preconditions.checkArgument(NodeUtil.isStatementBlock(parent));/\/\/ Ensure parent is a statement block before proceeding\n    if (!NodeUtil.isStatementBlock(parent)) {\n      return 0;\n    }/' src/com/google/javascript/jscomp/CollapseProperties.java"
Closure_106,run_shell_command,1,"cd /Users/nashid/repos/qwen-cli-automation/workspace/Closure_106 && sed -n '805,850p' src/com/google/javascript/jscomp/CollapseProperties.java"
Closure_106,run_shell_command,1,"cd /Users/nashid/repos/qwen-cli-automation/workspace/Closure_106 && sed -n '811,840p' src/com/google/javascript/jscomp/CollapseProperties.java | cat -A"
Closure_106,run_shell_command,1,"cd /Users/nashid/repos/qwen-cli-automation/workspace/Closure_106 && sed -n '811,840p' src/com/google/javascript/jscomp/CollapseProperties.java | od -c"
Closure_106,run_shell_command,1,"cd /Users/nashid/repos/qwen-cli-automation/workspace/Closure_106 && sed -n '820,825p' src/com/google/javascript/jscomp/CollapseProperties.java"
Closure_106,run_shell_command,5,defects4j compile
Closure_106,run_shell_command,2,defects4j test
Closure_106,run_shell_command,1,defects4j test -t com.google.javascript.jscomp.CollapsePropertiesTest::testCrashInNestedAssign
Closure_106,run_shell_command,1,git checkout /Users/nashid/repos/qwen-cli-automation/workspace/Closure_106/src/com/google/javascript/jscomp/CollapseProperties.java
Closure_106,search_file_content,2,
Closure_106,todo_write,1,
Closure_106,write_file,1,
Closure_108,edit,4,
Closure_108,read_file,6,
Closure_108,run_shell_command,2,./run_bug_exposing_tests.sh
Closure_108,run_shell_command,3,defects4j compile
Closure_108,run_shell_command,3,defects4j test
Closure_108,run_shell_command,3,defects4j test -t com.google.javascript.jscomp.ScopedAliasesTest::testIssue1144
Closure_108,search_file_content,1,
Closure_108,todo_write,2,
Closure_110,edit,5,
Closure_110,read_file,10,
Closure_110,run_shell_command,1,./run_bug_exposing_tests.sh
Closure_110,run_shell_command,1,./run_bug_exposing_tests.sh 2>&1 | head -30
Closure_110,run_shell_command,1,cd /Users/nashid/repos/qwen-cli-automation/workspace/Closure_110 && git diff
Closure_110,run_shell_command,1,cd /Users/nashid/repos/qwen-cli-automation/workspace/Closure_110 && java -cp build/classes:build/test:lib/* org.junit.runner.JUnitCore com.google.javascript.jscomp.ScopedAliasesTest
Closure_110,run_shell_command,3,defects4j compile
Closure_110,run_shell_command,3,defects4j test
Closure_110,run_shell_command,1,defects4j test -t com.google.javascript.jscomp.ScopedAliasesTest::testFunctionDeclaration
Closure_110,run_shell_command,3,defects4j test -t com.google.javascript.jscomp.ScopedAliasesTest::testHoistedFunctionDeclaration
Closure_110,run_shell_command,2,defects4j test -t com.google.javascript.jscomp.ScopedAliasesTest::testHoistedFunctionDeclaration -v
Closure_110,run_shell_command,1,git checkout HEAD -- src/com/google/javascript/jscomp/ScopedAliases.java
Closure_110,run_shell_command,1,"grep -n ""public void test.*FunctionDeclaration"" /Users/nashid/repos/qwen-cli-automation/workspace/Closure_110/test/com/google/javascript/jscomp/ScopedAliasesTest.java"
Closure_110,search_file_content,3,
Closure_110,todo_write,1,
Closure_115,read_file,3,
Closure_115,run_shell_command,1,./run_all_tests_trace.sh
Closure_115,run_shell_command,1,./run_bug_exposing_tests.sh
Closure_116,glob,3,
Closure_116,read_file,9,
Closure_116,run_shell_command,1,./run_all_tests_trace.sh 2>&1 | tee all_tests_trace.log
Closure_116,run_shell_command,1,./run_bug_exposing_tests.sh
Closure_116,run_shell_command,1,./run_bug_exposing_tests.sh 2>&1 | tee bug_exposing_output.log
Closure_116,run_shell_command,1,defects4j test
Closure_116,run_shell_command,1,defects4j test -t com.google.javascript.jscomp.FunctionInjectorTest::testIssue1101a
Closure_116,run_shell_command,1,defects4j test -t com.google.javascript.jscomp.FunctionInjectorTest::testIssue1101b
Closure_117,edit,21,
Closure_117,glob,3,
Closure_117,list_directory,5,
Closure_117,read_file,18,
Closure_117,run_shell_command,4,./run_bug_exposing_tests.sh
Closure_117,run_shell_command,1,./run_bug_exposing_tests.sh 2>&1 | tail -20
Closure_117,run_shell_command,4,defects4j compile
Closure_117,run_shell_command,1,defects4j compile && defects4j test
Closure_117,run_shell_command,4,defects4j compile && defects4j test -t com.google.javascript.jscomp.TypeCheckTest::testIssue1047
Closure_117,run_shell_command,1,defects4j test -t com.google.javascript.jscomp.TypeCheckTest::testIssue1047
Closure_117,run_shell_command,1,"diff -u /Users/nashid/repos/qwen-cli-automation/workspace/Closure_117/src/com/google/javascript/jscomp/TypeCheck.java /Users/nashid/repos/qwen-cli-automation/workspace/Closure_117/src/com/google/javascript/jscomp/TypeCheck.java.backup 2>/dev/null || echo ""No backup file found"""
Closure_117,run_shell_command,1,git checkout -- /Users/nashid/repos/qwen-cli-automation/workspace/Closure_117/src/com/google/javascript/jscomp/TypeCheck.java
Closure_117,run_shell_command,2,git checkout HEAD -- /Users/nashid/repos/qwen-cli-automation/workspace/Closure_117/src/com/google/javascript/jscomp/TypeCheck.java
Closure_117,run_shell_command,3,git diff
Closure_117,run_shell_command,1,"grep -A 5 -B 5 ""testIssue1047"" /Users/nashid/repos/qwen-cli-automation/workspace/Closure_117/bug_triggering_tests.20251029_154534.log"
Closure_117,run_shell_command,1,"grep -n ""INEXISTENT_PROPERTY"" /Users/nashid/repos/qwen-cli-automation/workspace/Closure_117/src/com/google/javascript/jscomp/TypeCheck.java"
Closure_117,run_shell_command,1,"grep -n ""getReadableJSTypeName"" /Users/nashid/repos/qwen-cli-automation/workspace/Closure_117/src/com/google/javascript/jscomp/TypeValidator.java"
Closure_117,run_shell_command,1,"sed -n '2075,2088p' /Users/nashid/repos/qwen-cli-automation/workspace/Closure_117/src/com/google/javascript/jscomp/TypeCheck.java"
Closure_117,run_shell_command,1,tail -20 /Users/nashid/repos/qwen-cli-automation/workspace/Closure_117/src/com/google/javascript/jscomp/TypeCheck.java
Closure_117,run_shell_command,1,tail -5 /Users/nashid/repos/qwen-cli-automation/workspace/Closure_117/src/com/google/javascript/jscomp/TypeCheck.java
Closure_117,run_shell_command,1,tail -50 /Users/nashid/repos/qwen-cli-automation/workspace/Closure_117/src/com/google/javascript/jscomp/TypeCheck.java
Closure_117,run_shell_command,1,wc -l /Users/nashid/repos/qwen-cli-automation/workspace/Closure_117/src/com/google/javascript/jscomp/TypeCheck.java
Closure_117,search_file_content,5,
Closure_134,edit,5,
Closure_134,glob,3,
Closure_134,read_file,21,
Closure_134,run_shell_command,2,./run_bug_exposing_tests.sh
Closure_134,run_shell_command,1,cd /Users/nashid/repos/qwen-cli-automation/workspace/Closure_134 && git checkout -- src/com/google/javascript/jscomp/AmbiguateProperties.java
Closure_134,run_shell_command,1,cd /Users/nashid/repos/qwen-cli-automation/workspace/Closure_134 && git diff src/com/google/javascript/jscomp/AmbiguateProperties.java
Closure_134,run_shell_command,1,cd /Users/nashid/repos/qwen-cli-automation/workspace/Closure_134 && git status
Closure_134,run_shell_command,1,cd /Users/nashid/repos/qwen-cli-automation/workspace/Closure_134 && patch -p1 < fix.patch
Closure_134,run_shell_command,2,defects4j compile
Closure_134,run_shell_command,3,defects4j test
Closure_134,run_shell_command,1,defects4j test -t com.google.javascript.jscomp.AmbiguatePropertiesTest::testImplementsAndExtends
Closure_134,run_shell_command,1,defects4j test -t com.google.javascript.jscomp.AmbiguatePropertiesTest::testImplementsAndExtends 2>&1
Closure_134,run_shell_command,1,defects4j test -t com.google.javascript.jscomp.AmbiguatePropertiesTest::testImplementsAndExtends 2>&1 | head -20
Closure_134,run_shell_command,1,"find /Users/nashid/repos/qwen-cli-automation/workspace/Closure_134 -name ""*.java"" -type f -exec grep -l ""@inheritDoc"" {} \;"
Closure_134,run_shell_command,1,"grep -n ""handlePropertyDeclaration"" /Users/nashid/repos/qwen-cli-automation/workspace/Closure_134/src/com/google/javascript/jscomp/AmbiguateProperties.java"
Closure_134,run_shell_command,1,"grep -n ""testIssue86"" /Users/nashid/repos/qwen-cli-automation/workspace/Closure_134/test/com/google/javascript/jscomp/TypeCheckTest.java"
Closure_134,search_file_content,4,
Closure_134,todo_write,1,
Closure_134,write_file,1,
Closure_135,edit,5,
Closure_135,list_directory,6,
Closure_135,read_file,12,
Closure_135,run_shell_command,2,./run_bug_exposing_tests.sh
Closure_135,run_shell_command,4,defects4j compile
Closure_135,run_shell_command,4,defects4j test
Closure_135,run_shell_command,4,defects4j test -t com.google.javascript.jscomp.DevirtualizePrototypeMethodsTest::testRewritePrototypeMethods2
Closure_135,run_shell_command,2,defects4j test -t com.google.javascript.jscomp.TypeCheckTest::testGoodExtends9
Closure_135,run_shell_command,1,git add src/com/google/javascript/jscomp/DevirtualizePrototypeMethods.java
Closure_135,run_shell_command,1,git checkout -- src/com/google/javascript/jscomp/DevirtualizePrototypeMethods.java
Closure_135,run_shell_command,1,"git commit -m ""Fix for Closure bug #135: Inheritance detection when prototype directly assigned and DevirtualizePrototypeMethods type inference issues"" -m ""Modified DevirtualizePrototypeMethods.java to fix type inference for self parameters in devirtualized methods. Addresses test failures in DevirtualizePrototypeMethodsTest::testRewritePrototypeMethods2 and TypeCheckTest::testGoodExtends9."""
Closure_135,run_shell_command,1,git diff src/com/google/javascript/jscomp/DevirtualizePrototypeMethods.java
Closure_135,run_shell_command,2,git status
Closure_135,run_shell_command,1,java -cp build/classes:lib/ant_deploy.jar:lib/google_common_deploy.jar:lib/hamcrest-core-1.1.jar:lib/junit4-core.jar:lib/junit4-legacy.jar:lib/libtrunk_rhino_parser_jarjared.jar:lib/protobuf_deploy.jar:build/test org.junit.runner.JUnitCore com.google.javascript.jscomp.DevirtualizePrototypeMethodsTest
Closure_135,run_shell_command,1,java -cp build/classes:lib/ant_deploy.jar:lib/google_common_deploy.jar:lib/hamcrest-core-1.1.jar:lib/junit4-core.jar:lib/junit4-legacy.jar:lib/libtrunk_rhino_parser_jarjared.jar:lib/protobuf_deploy.jar:build/test org.junit.runner.JUnitCore com.google.javascript.jscomp.TypeCheckTest
Closure_135,search_file_content,8,
Closure_137,read_file,4,
Closure_137,run_shell_command,1,./run_all_tests_trace.sh
Closure_137,run_shell_command,1,./run_bug_exposing_tests.sh
Closure_138,edit,3,
Closure_138,glob,3,
Closure_138,read_file,15,
Closure_138,run_shell_command,1,./run_bug_exposing_tests.sh
Closure_138,run_shell_command,2,cd /Users/nashid/repos/qwen-cli-automation/workspace/Closure_138 && defects4j compile
Closure_138,run_shell_command,2,cd /Users/nashid/repos/qwen-cli-automation/workspace/Closure_138 && defects4j test
Closure_138,run_shell_command,1,"cd /Users/nashid/repos/qwen-cli-automation/workspace/Closure_138 && grep -n ""U2U_CONSTRUCTOR\|OBJECT_FUNCTION\|NULL_TYPE"" src/com/google/javascript/jscomp/ClosureReverseAbstractInterpreter.java"
Closure_138,run_shell_command,1,"cd /Users/nashid/repos/qwen-cli-automation/workspace/Closure_138 && grep -r ""U2U_CONSTRUCTOR"" src/"
Closure_138,run_shell_command,1,cd /Users/nashid/repos/qwen-cli-automation/workspace/Closure_138 && java -cp build/classes:build/test:lib/ant_deploy.jar:lib/args4j_deploy.jar:lib/google_common_deploy.jar:lib/hamcrest-core-1.1.jar:lib/junit.jar:lib/libtrunk_rhino_parser_jarjared.jar:lib/protobuf_deploy.jar org.junit.runner.JUnitCore com.google.javascript.jscomp.ClosureReverseAbstractInterpreterTest::testGoogIsArrayOnNull
Closure_138,run_shell_command,1,cd /Users/nashid/repos/qwen-cli-automation/workspace/Closure_138 && java -cp build/classes:build/test:lib/ant_deploy.jar:lib/args4j_deploy.jar:lib/google_common_deploy.jar:lib/hamcrest-core-1.1.jar:lib/junit.jar:lib/libtrunk_rhino_parser_jarjared.jar:lib/protobuf_deploy.jar org.junit.runner.JUnitCore com.google.javascript.jscomp.TypeCheckTest::testIssue124
Closure_138,run_shell_command,2,cd /Users/nashid/repos/qwen-cli-automation/workspace/Closure_138 && patch -p1 < Closure_138.patch
Closure_138,run_shell_command,1,defects4j compile
Closure_138,run_shell_command,1,defects4j test
Closure_138,run_shell_command,1,defects4j test -t com.google.javascript.jscomp.TypeCheckTest::testIssue124b
Closure_138,run_shell_command,1,defects4j test -t com.google.javascript.jscomp.TypeCheckTest::testIssue124b -v
Closure_138,run_shell_command,1,ls build/test/com/google/javascript/jscomp/ClosureReverseAbstractInterpreterTest.class
Closure_138,search_file_content,4,
Closure_138,write_file,3,
Closure_139,read_file,3,
Closure_139,run_shell_command,1,./run_all_tests_trace.sh
Closure_139,run_shell_command,1,./run_bug_exposing_tests.sh
Closure_140,read_file,4,
Closure_140,run_shell_command,1,./run_all_tests_trace.sh
Closure_140,run_shell_command,1,./run_bug_exposing_tests.sh
Closure_141,edit,3,
Closure_141,glob,4,
Closure_141,read_file,16,
Closure_141,run_shell_command,1,./run_all_tests_trace.sh
Closure_141,run_shell_command,1,./run_bug_exposing_tests.sh
Closure_141,run_shell_command,1,cd /Users/nashid/repos/qwen-cli-automation/workspace/Closure_141 && defects4j compile
Closure_141,run_shell_command,1,cd /Users/nashid/repos/qwen-cli-automation/workspace/Closure_141 && defects4j test
Closure_141,run_shell_command,1,cd /Users/nashid/repos/qwen-cli-automation/workspace/Closure_141 && defects4j test -t com.google.javascript.jscomp.PureFunctionIdentifierTest::testCallFunctionFOrGWithSideEffects
Closure_141,run_shell_command,1,defects4j test
Closure_141,run_shell_command,1,defects4j test -t com.google.javascript.jscomp.ExpresssionDecomposerTest
Closure_141,run_shell_command,1,"grep -n ""markPureFunctionCalls"" /Users/nashid/repos/qwen-cli-automation/workspace/Closure_141/src/com/google/javascript/jscomp/PureFunctionIdentifier.java"
Closure_141,run_shell_command,1,"grep -r ""functionCallHasSideEffects"" /Users/nashid/repos/qwen-cli-automation/workspace/Closure_141/src/"
Closure_141,search_file_content,4,
Closure_141,todo_write,3,
Closure_142,edit,6,
Closure_142,glob,1,
Closure_142,read_file,11,
Closure_142,run_shell_command,1,cd /Users/nashid/repos/qwen-cli-automation/workspace/Closure_142 && ./run_all_tests_trace.sh
Closure_142,run_shell_command,2,cd /Users/nashid/repos/qwen-cli-automation/workspace/Closure_142 && ./run_bug_exposing_tests.sh
Closure_142,run_shell_command,1,"cd /Users/nashid/repos/qwen-cli-automation/workspace/Closure_142 && cat bug_triggering_tests.20251029_163529.log | grep -A 20 ""JsDocInfoParserTest"""
Closure_142,run_shell_command,1,cd /Users/nashid/repos/qwen-cli-automation/workspace/Closure_142 && defects4j compile
Closure_142,run_shell_command,1,cd /Users/nashid/repos/qwen-cli-automation/workspace/Closure_142 && defects4j test
Closure_142,run_shell_command,3,cd /Users/nashid/repos/qwen-cli-automation/workspace/Closure_142 && defects4j test -t com.google.javascript.jscomp.CoalesceVariableNamesTest::testParameter4
Closure_142,run_shell_command,2,cd /Users/nashid/repos/qwen-cli-automation/workspace/Closure_142 && defects4j test -t com.google.javascript.jscomp.parsing.JsDocInfoParserTest::testParseLicenseWithAnnotation
Closure_142,run_shell_command,1,cd /Users/nashid/repos/qwen-cli-automation/workspace/Closure_142 && defects4j test -t com.google.javascript.jscomp.parsing.JsDocInfoParserTest::testParseLicenseWithAnnotation 2>&1 | tail -20
Closure_142,run_shell_command,1,"cd /Users/nashid/repos/qwen-cli-automation/workspace/Closure_142 && defects4j test 2>&1 | grep -E ""(FAIL|Failing tests)"""
Closure_142,run_shell_command,1,cd /Users/nashid/repos/qwen-cli-automation/workspace/Closure_142 && git checkout test/com/google/javascript/jscomp/parsing/JsDocInfoParserTest.java
Closure_142,run_shell_command,1,cd /Users/nashid/repos/qwen-cli-automation/workspace/Closure_142 && git restore src/com/google/javascript/jscomp/CoalesceVariableNames.java
Closure_142,run_shell_command,1,cd /Users/nashid/repos/qwen-cli-automation/workspace/Closure_142 && git status
Closure_142,run_shell_command,1,"cd /Users/nashid/repos/qwen-cli-automation/workspace/Closure_142 && grep -n ""license\|License"" src/com/google/javascript/rhino/JSDocInfo.java"
Closure_142,search_file_content,7,
Closure_142,todo_write,1,
Closure_142,write_file,2,
Closure_143,edit,4,
Closure_143,list_directory,1,
Closure_143,read_file,10,
Closure_143,run_shell_command,2,./run_bug_exposing_tests.sh
Closure_143,run_shell_command,1,"cd /Users/nashid/repos/qwen-cli-automation/workspace/Closure_143 && java -cp ""build/classes:lib/*:build/test"" org.junit.runner.JUnitCore com.google.javascript.jscomp.CommandLineRunnerTest"
Closure_143,run_shell_command,3,defects4j compile
Closure_143,run_shell_command,4,defects4j test
Closure_143,run_shell_command,3,defects4j test -t com.google.javascript.jscomp.CommandLineRunnerTest::testDefineFlag3
Closure_143,run_shell_command,1,defects4j test -t com.google.javascript.jscomp.CommandLineRunnerTest::testDefineFlag3 -v
Closure_143,run_shell_command,1,git add src/com/google/javascript/jscomp/AbstractCommandLineRunner.java
Closure_143,run_shell_command,1,"git commit -m ""Fix @define support for strings containing single quotes"" -m ""The @define functionality did not properly handle string values that contained single quotes. This fix modifies AbstractCommandLineRunner.java to accept both single and double quoted strings when processing define values, allowing strings like --define=FOO=\""x'\"" to be processed correctly."""
Closure_143,run_shell_command,1,git diff
Closure_143,run_shell_command,1,git status
Closure_143,run_shell_command,1,"javac -cp ""build/classes:lib/*"" TestDefineString.java && java -cp "".:build/classes:lib/*"" TestDefineString"
Closure_143,run_shell_command,1,rm TestDefineString.java
Closure_143,search_file_content,8,
Closure_143,write_file,1,
Closure_147,glob,2,
Closure_147,read_file,6,
Closure_147,run_shell_command,1,./run_all_tests_trace.sh
Closure_147,run_shell_command,1,./run_bug_exposing_tests.sh
Closure_147,run_shell_command,1,defects4j compile
Closure_147,run_shell_command,1,defects4j test
Closure_148,edit,3,
Closure_148,read_file,16,
Closure_148,run_shell_command,1,./run_all_tests_trace.sh
Closure_148,run_shell_command,1,./run_bug_exposing_tests.sh
Closure_148,run_shell_command,1,cd /Users/nashid/repos/qwen-cli-automation/workspace/Closure_148 && java -cp build/classes:lib/ant_deploy.jar:lib/args4j_deploy.jar:lib/google_common_deploy.jar:lib/hamcrest-core-1.1.jar:lib/json.jar:lib/junit.jar:lib/libtrunk_rhino_parser_jarjared.jar:lib/protobuf_deploy.jar:build/test org.junit.runner.JUnitCore com.google.javascript.jscomp.SourceMapTest::testGoldenOutput0
Closure_148,run_shell_command,1,defects4j compile
Closure_148,run_shell_command,1,defects4j test
Closure_148,run_shell_command,1,defects4j test -t com.google.javascript.jscomp.SourceMapTest::testGoldenOutput0
Closure_148,run_shell_command,1,defects4j test -v
Closure_148,run_shell_command,1,git status
Closure_148,search_file_content,7,
Closure_148,write_file,1,
Closure_151,edit,4,
Closure_151,glob,1,
Closure_151,read_file,9,
Closure_151,run_shell_command,1,./run_all_tests_trace.sh
Closure_151,run_shell_command,1,./run_bug_exposing_tests.sh
Closure_151,run_shell_command,1,cd /Users/nashid/repos/qwen-cli-automation/workspace/Closure_151 && java -cp build/classes:lib/ant_deploy.jar:lib/args4j_deploy.jar:lib/guava-r06.jar:lib/hamcrest-core-1.1.jar:lib/json.jar:lib/jsr305.jar:lib/junit.jar:lib/libtrunk_rhino_parser_jarjared.jar:lib/protobuf-java-2.3.0.jar:build/test com.google.javascript.jscomp.CommandLineRunner --version
Closure_151,run_shell_command,1,cd /Users/nashid/repos/qwen-cli-automation/workspace/Closure_151 && java -cp build/classes:lib/ant_deploy.jar:lib/args4j_deploy.jar:lib/guava-r06.jar:lib/hamcrest-core-1.1.jar:lib/json.jar:lib/jsr305.jar:lib/junit.jar:lib/libtrunk_rhino_parser_jarjared.jar:lib/protobuf-java-2.3.0.jar:build/test org.junit.runner.JUnitCore com.google.javascript.jscomp.CommandLineRunnerTest
Closure_151,run_shell_command,1,cd /Users/nashid/repos/qwen-cli-automation/workspace/Closure_151 && javac -cp build/classes:lib/ant_deploy.jar:lib/args4j_deploy.jar:lib/guava-r06.jar:lib/hamcrest-core-1.1.jar:lib/json.jar:lib/jsr305.jar:lib/junit.jar:lib/libtrunk_rhino_parser_jarjared.jar:lib/protobuf-java-2.3.0.jar:build/test test/com/google/javascript/jscomp/CommandLineRunnerTest.java && java -cp build/classes:lib/ant_deploy.jar:lib/args4j_deploy.jar:lib/guava-r06.jar:lib/hamcrest-core-1.1.jar:lib/json.jar:lib/jsr305.jar:lib/junit.jar:lib/libtrunk_rhino_parser_jarjared.jar:lib/protobuf-java-2.3.0.jar:build/test:test com.google.javascript.jscomp.CommandLineRunnerTest testVersionFlag
Closure_151,run_shell_command,1,cd /Users/nashid/repos/qwen-cli-automation/workspace/Closure_151 && timeout 5 java -cp build/classes:lib/ant_deploy.jar:lib/args4j_deploy.jar:lib/guava-r06.jar:lib/hamcrest-core-1.1.jar:lib/json.jar:lib/jsr305.jar:lib/junit.jar:lib/libtrunk_rhino_parser_jarjared.jar:lib/protobuf-java-2.3.0.jar:build/test com.google.javascript.jscomp.CommandLineRunner --version 2>&1 | head -n 3
Closure_151,run_shell_command,3,defects4j compile
Closure_151,run_shell_command,1,defects4j test
Closure_151,run_shell_command,1,defects4j test -t com.google.javascript.jscomp.CommandLineRunnerTest
Closure_151,search_file_content,4,
Closure_151,todo_write,1,
Closure_153,read_file,4,
Closure_153,run_shell_command,1,./run_all_tests_trace.sh
Closure_153,run_shell_command,1,./run_bug_exposing_tests.sh
Closure_153,run_shell_command,1,defects4j test
Closure_153,run_shell_command,1,defects4j test -t com.google.javascript.jscomp.NormalizeTest::testDuplicateVarInExterns
Closure_154,read_file,2,
Closure_154,run_shell_command,1,./run_bug_exposing_tests.sh
Closure_154,run_shell_command,1,defects4j test
Closure_154,run_shell_command,1,defects4j test -t com.google.javascript.jscomp.TypeCheckTest::testInterfaceInheritanceCheck12
Closure_155,read_file,4,
Closure_155,run_shell_command,1,./run_all_tests_trace.sh
Closure_155,run_shell_command,1,./run_bug_exposing_tests.sh
Closure_157,edit,5,
Closure_157,exit_plan_mode,1,
Closure_157,glob,1,
Closure_157,read_file,13,
Closure_157,run_shell_command,2,./run_bug_exposing_tests.sh
Closure_157,run_shell_command,1,cd /Users/nashid/repos/qwen-cli-automation/workspace/Closure_157 && git add src/com/google/javascript/jscomp/parsing/IRFactory.java
Closure_157,run_shell_command,1,"cd /Users/nashid/repos/qwen-cli-automation/workspace/Closure_157 && git commit -m ""Fix bug where numbers and quoted property names reject for get and set properties"" -m ""The fix addresses the issue in IRFactory.java where numeric property names in object literals were being incorrectly converted to quoted strings during parsing. This change ensures that numeric keys like {1:1} remain unquoted in the final output, and that quoted property names behave correctly in getters and setters."""
Closure_157,run_shell_command,1,cd /Users/nashid/repos/qwen-cli-automation/workspace/Closure_157 && git status
Closure_157,run_shell_command,1,cd /Users/nashid/repos/qwen-cli-automation/workspace/Closure_157 && java -cp build/classes:build/test:lib/args4j.jar:lib/guava.jar:lib/json.jar:lib/jsr305.jar:lib/libtrunk_rhino_parser_jarjared.jar:lib/protobuf-java.jar:lib/ant.jar:lib/ant-launcher.jar:lib/caja-r4314.jar:lib/junit.jar org.junit.runner.JUnitCore com.google.javascript.jscomp.CodePrinterTest
Closure_157,run_shell_command,1,cd /Users/nashid/repos/qwen-cli-automation/workspace/Closure_157 && java -cp build/classes:build/test:lib/args4j.jar:lib/guava.jar:lib/json.jar:lib/jsr305.jar:lib/libtrunk_rhino_parser_jarjared.jar:lib/protobuf-java.jar:lib/ant.jar:lib/ant-launcher.jar:lib/caja-r4314.jar:lib/junit.jar org.junit.runner.JUnitCore com.google.javascript.jscomp.CodePrinterTest::testObjectLit2
Closure_157,run_shell_command,5,defects4j compile
Closure_157,run_shell_command,4,defects4j test
Closure_157,run_shell_command,1,defects4j test -t com.google.javascript.jscomp.CodePrinterTest::testObjectLit2
Closure_157,run_shell_command,1,defects4j test -t com.google.javascript.jscomp.CodePrinterTest::testObjectLit2 2>&1 | head -20
Closure_157,run_shell_command,1,"defects4j test 2>&1 | grep -E ""(FAIL|testObjectLit|testGetter|testSetter)"" | head -20"
Closure_157,run_shell_command,1,defects4j test 2>&1 | tail -20
Closure_157,run_shell_command,1,"find /Users/nashid/repos/qwen-cli-automation/workspace/Closure_157 -name ""*.java"" -exec grep -l ""quoted.*string\|QUOTED_PROP"" {} \;"
Closure_157,run_shell_command,1,"grep -A 5 -B 5 ""Token\."" /Users/nashid/repos/qwen-cli-automation/workspace/Closure_157/src/com/google/javascript/jscomp/CodePrinter.java | head -30"
Closure_157,run_shell_command,1,"grep -n ""OBJECTLIT\|printObject\|getProperty"" /Users/nashid/repos/qwen-cli-automation/workspace/Closure_157/src/com/google/javascript/jscomp/CodePrinter.java"
Closure_157,run_shell_command,1,"grep -n ""print.*Object\|print.*Lit\|print.*Node"" /Users/nashid/repos/qwen-cli-automation/workspace/Closure_157/src/com/google/javascript/jscomp/CodePrinter.java"
Closure_157,run_shell_command,1,"grep -n ""protected.*void.*print\|private.*void.*print\|public.*void.*print"" /Users/nashid/repos/qwen-cli-automation/workspace/Closure_157/src/com/google/javascript/jscomp/CodePrinter.java"
Closure_157,run_shell_command,1,"grep -n ""testObjectLiteral"" /Users/nashid/repos/qwen-cli-automation/workspace/Closure_157/test/com/google/javascript/jscomp/parsing/IRFactoryTest.java"
Closure_157,run_shell_command,1,"grep -n -A 10 -B 5 ""OBJECTLIT.*:"" /Users/nashid/repos/qwen-cli-automation/workspace/Closure_157/src/com/google/javascript/jscomp/parsing/IRFactory.java"
Closure_157,run_shell_command,1,"grep -n -A 10 -B 5 ""property.*name\|propertyName\|getName.*property"" /Users/nashid/repos/qwen-cli-automation/workspace/Closure_157/src/com/google/javascript/jscomp/parsing/IRFactory.java | head -30"
Closure_157,run_shell_command,1,"grep -n -A 10 -B 5 ""transformAsString"" /Users/nashid/repos/qwen-cli-automation/workspace/Closure_157/src/com/google/javascript/jscomp/parsing/IRFactory.java"
Closure_157,run_shell_command,1,"grep -n -A 5 -B 5 ""GET\|SET"" /Users/nashid/repos/qwen-cli-automation/workspace/Closure_157/src/com/google/javascript/jscomp/parsing/IRFactory.java | head -30"
Closure_157,run_shell_command,1,ls -la build/test/
Closure_157,search_file_content,6,
Closure_157,todo_write,2,
Closure_158,edit,1,
Closure_158,glob,2,
Closure_158,read_file,12,
Closure_158,run_shell_command,1,./run_all_tests_trace.sh
Closure_158,run_shell_command,1,./run_bug_exposing_tests.sh
Closure_158,run_shell_command,1,cd /Users/nashid/repos/qwen-cli-automation/workspace/Closure_158 && defects4j test -t com.google.javascript.jscomp.CommandLineRunnerTest::testWarningGuardOrdering1
Closure_158,run_shell_command,1,cd /Users/nashid/repos/qwen-cli-automation/workspace/Closure_158 && defects4j test -t com.google.javascript.jscomp.CommandLineRunnerTest::testWarningGuardOrdering2
Closure_158,run_shell_command,1,cd /Users/nashid/repos/qwen-cli-automation/workspace/Closure_158 && defects4j test -t com.google.javascript.jscomp.CommandLineRunnerTest::testWarningGuardOrdering3
Closure_158,run_shell_command,1,cd /Users/nashid/repos/qwen-cli-automation/workspace/Closure_158 && defects4j test -t com.google.javascript.jscomp.CommandLineRunnerTest::testWarningGuardOrdering4
Closure_158,search_file_content,7,
Closure_16,edit,5,
Closure_16,glob,1,
Closure_16,read_file,9,
Closure_16,run_shell_command,4,./run_bug_exposing_tests.sh
Closure_16,run_shell_command,3,defects4j compile
Closure_16,run_shell_command,2,defects4j test
Closure_16,run_shell_command,1,defects4j test -t com.google.javascript.jscomp.IntegrationTest::testIssue772
Closure_16,run_shell_command,2,defects4j test -t com.google.javascript.jscomp.ScopedAliasesTest::testIssue772
Closure_16,search_file_content,3,
Closure_160,edit,6,
Closure_160,glob,5,
Closure_160,read_file,12,
Closure_160,run_shell_command,3,./run_bug_exposing_tests.sh
Closure_160,run_shell_command,1,"cd /Users/nashid/repos/qwen-cli-automation/workspace/Closure_160 && find . -name ""*WarningGuard*"" -type f"
Closure_160,run_shell_command,1,"cd /Users/nashid/repos/qwen-cli-automation/workspace/Closure_160 && grep -A 10 -B 10 ""ShowByPathWarningsGuard"" src/com/google/javascript/jscomp/*.java"
Closure_160,run_shell_command,1,"cd /Users/nashid/repos/qwen-cli-automation/workspace/Closure_160 && grep -A 20 -B 5 ""setRunOptions"" src/com/google/javascript/jscomp/AbstractCommandLineRunner.java"
Closure_160,run_shell_command,1,"cd /Users/nashid/repos/qwen-cli-automation/workspace/Closure_160 && grep -n ""warning_level\|WARNING_LEVEL\|QUIET"" src/com/google/javascript/jscomp/CommandLineRunner.java"
Closure_160,run_shell_command,1,"cd /Users/nashid/repos/qwen-cli-automation/workspace/Closure_160 && grep -n -A 10 -B 5 ""WarningGuardSpec"" src/com/google/javascript/jscomp/AbstractCommandLineRunner.java"
Closure_160,run_shell_command,1,"cd /Users/nashid/repos/qwen-cli-automation/workspace/Closure_160 && grep -n -A 10 -B 5 ""addWarningsGuard\|WarningGuard"" src/com/google/javascript/jscomp/CommandLineRunner.java"
Closure_160,run_shell_command,1,"cd /Users/nashid/repos/qwen-cli-automation/workspace/Closure_160 && grep -n -A 10 -B 5 ""jscomp_error\|jscomp_off"" src/com/google/javascript/jscomp/CommandLineRunner.java"
Closure_160,run_shell_command,1,"cd /Users/nashid/repos/qwen-cli-automation/workspace/Closure_160 && grep -n -A 20 -B 5 ""silenceAllWarnings"" src/com/google/javascript/jscomp/WarningLevel.java"
Closure_160,run_shell_command,1,"cd /Users/nashid/repos/qwen-cli-automation/workspace/Closure_160 && grep -n -A 30 ""protected static class WarningGuardSpec"" src/com/google/javascript/jscomp/AbstractCommandLineRunner.java"
Closure_160,run_shell_command,1,cd /Users/nashid/repos/qwen-cli-automation/workspace/Closure_160 && java -cp build/classes:lib/args4j.jar:lib/guava.jar:lib/json.jar:lib/jsr305.jar:lib/libtrunk_rhino_parser_jarjared.jar:lib/protobuf-java.jar:lib/ant.jar:lib/ant-launcher.jar:lib/caja-r4314.jar:lib/junit.jar:build/test com.google.javascript.jscomp.CommandLineRunner --warning_level=QUIET --jscomp_error=undefinedVars --js=console.log('x = 3;')
Closure_160,run_shell_command,1,cd /Users/nashid/repos/qwen-cli-automation/workspace/Closure_160 && java -cp build/classes:lib/args4j.jar:lib/guava.jar:lib/json.jar:lib/jsr305.jar:lib/libtrunk_rhino_parser_jarjared.jar:lib/protobuf-java.jar:lib/ant.jar:lib/ant-launcher.jar:lib/caja-r4314.jar:lib/junit.jar:build/test com.google.javascript.jscomp.CommandLineRunner --warning_level=QUIET --jscomp_error=undefinedVars --js=test_input.js
Closure_160,run_shell_command,2,defects4j compile
Closure_160,run_shell_command,6,defects4j test
Closure_160,run_shell_command,1,defects4j test -t com.google.javascript.jscomp.CommandLineRunnerTest::testCheckSymbolsOverrideForQuiet
Closure_160,run_shell_command,1,git checkout -- src/com/google/javascript/jscomp/WarningLevel.java
Closure_160,run_shell_command,1,git diff HEAD~1 src/com/google/javascript/jscomp/WarningLevel.java
Closure_160,run_shell_command,1,git diff src/com/google/javascript/jscomp/WarningLevel.java
Closure_160,run_shell_command,1,git status
Closure_160,search_file_content,1,
Closure_160,write_file,3,
Closure_162,read_file,3,
Closure_162,run_shell_command,1,./run_all_tests_trace.sh
Closure_162,run_shell_command,1,./run_bug_exposing_tests.sh
Closure_163,read_file,3,
Closure_163,run_shell_command,1,./run_all_tests_trace.sh
Closure_163,run_shell_command,1,./run_bug_exposing_tests.sh
Closure_164,glob,4,
Closure_164,read_file,11,
Closure_164,run_shell_command,1,./run_bug_exposing_tests.sh
Closure_164,run_shell_command,1,./run_bug_exposing_tests.sh 2>&1 | head -50
Closure_164,run_shell_command,1,defects4j compile
Closure_164,run_shell_command,1,defects4j test
Closure_164,run_shell_command,1,defects4j test -t com.google.javascript.jscomp.LooseTypeCheckTest::testMethodInference7
Closure_164,search_file_content,2,
Closure_164,todo_write,1,
Closure_165,read_file,1,
Closure_167,edit,5,
Closure_167,glob,2,
Closure_167,read_file,16,
Closure_167,run_shell_command,1,./run_bug_exposing_tests.sh
Closure_167,run_shell_command,1,"cd /Users/nashid/repos/qwen-cli-automation/workspace/Closure_167 && find . -name ""*.java"" -exec grep -l ""visitFor\|FOR_"" {} \;"
Closure_167,run_shell_command,1,"cd /Users/nashid/repos/qwen-cli-automation/workspace/Closure_167 && find . -name ""*Base*Test.java"" | head -5"
Closure_167,run_shell_command,1,cd /Users/nashid/repos/qwen-cli-automation/workspace/Closure_167 && git reset --hard HEAD
Closure_167,run_shell_command,2,cd /Users/nashid/repos/qwen-cli-automation/workspace/Closure_167 && git stash
Closure_167,run_shell_command,1,cd /Users/nashid/repos/qwen-cli-automation/workspace/Closure_167 && git status
Closure_167,run_shell_command,1,"cd /Users/nashid/repos/qwen-cli-automation/workspace/Closure_167 && grep -A 15 -B 5 ""testTypes.*Property.*never.*defined"" test/com/google/javascript/jscomp/TypeCheckTest.java"
Closure_167,run_shell_command,1,"cd /Users/nashid/repos/qwen-cli-automation/workspace/Closure_167 && grep -A 20 ""public void testTypes"" test/com/google/javascript/jscomp/TypeCheckTest.java"
Closure_167,run_shell_command,1,"cd /Users/nashid/repos/qwen-cli-automation/workspace/Closure_167 && grep -A 20 -B 5 ""isPropertyTest"" src/com/google/javascript/jscomp/TypeCheck.java"
Closure_167,run_shell_command,1,"cd /Users/nashid/repos/qwen-cli-automation/workspace/Closure_167 && grep -A 20 -B 5 ""testIssue783"" test/com/google/javascript/jscomp/TypeCheckTest.java"
Closure_167,run_shell_command,1,"cd /Users/nashid/repos/qwen-cli-automation/workspace/Closure_167 && grep -n ""FOR_"" src/com/google/javascript/jscomp/TypeCheck.java"
Closure_167,run_shell_command,1,"cd /Users/nashid/repos/qwen-cli-automation/workspace/Closure_167 && grep -n ""extends"" test/com/google/javascript/jscomp/CompilerTypeTestCase.java | head -5"
Closure_167,run_shell_command,1,"cd /Users/nashid/repos/qwen-cli-automation/workspace/Closure_167 && grep -n ""extends"" test/com/google/javascript/jscomp/TypeCheckTest.java | head -5"
Closure_167,run_shell_command,1,"cd /Users/nashid/repos/qwen-cli-automation/workspace/Closure_167 && grep -n ""void visit"" src/com/google/javascript/jscomp/TypeCheck.java"
Closure_167,run_shell_command,1,"cd /Users/nashid/repos/qwen-cli-automation/workspace/Closure_167 && grep -n -A 10 -B 2 ""testTypes"" test/com/google/javascript/jscomp/CompilerTestCase.java"
Closure_167,run_shell_command,1,"cd /Users/nashid/repos/qwen-cli-automation/workspace/Closure_167 && grep -n -A 20 ""testTypes.*String"" test/com/google/javascript/jscomp/CompilerTestCase.java"
Closure_167,run_shell_command,1,"cd /Users/nashid/repos/qwen-cli-automation/workspace/Closure_167 && grep -rn ""testTypes"" test/com/google/javascript/jscomp/CompilerTestCase.java | head -3"
Closure_167,run_shell_command,1,"cd /Users/nashid/repos/qwen-cli-automation/workspace/Closure_167 && grep -rn ""testTypes"" test/com/google/javascript/jscomp/TypeCheckTest.java | head -5"
Closure_167,run_shell_command,1,cd /Users/nashid/repos/qwen-cli-automation/workspace/Closure_167 && java -cp build/classes:build/test:lib/args4j.jar:lib/guava.jar:lib/json.jar:lib/jsr305.jar:lib/protobuf-java.jar:build/lib/rhino.jar:lib/ant.jar:lib/ant-launcher.jar:lib/caja-r4314.jar:lib/jarjar.jar:lib/junit.jar org.junit.runner.JUnitCore com.google.javascript.jscomp.TypeCheckTest
Closure_167,run_shell_command,1,"cd /Users/nashid/repos/qwen-cli-automation/workspace/Closure_167 && java -cp build/classes:build/test:lib/args4j.jar:lib/guava.jar:lib/json.jar:lib/jsr305.jar:lib/protobuf-java.jar:build/lib/rhino.jar:lib/ant.jar:lib/ant-launcher.jar:lib/caja-r4314.jar:lib/jarjar.jar:lib/junit.jar org.junit.runner.JUnitCore com.google.javascript.jscomp.TypeCheckTest | grep -A 20 ""testIssue783"""
Closure_167,run_shell_command,1,cd /Users/nashid/repos/qwen-cli-automation/workspace/Closure_167 && java -cp build/classes:build/test:lib/args4j.jar:lib/guava.jar:lib/json.jar:lib/jsr305.jar:lib/protobuf-java.jar:build/lib/rhino.jar:lib/ant.jar:lib/ant-launcher.jar:lib/caja-r4314.jar:lib/jarjar.jar:lib/junit.jar org.junit.runner.JUnitCore com.google.javascript.jscomp.TypeCheckTest::testIssue783
Closure_167,run_shell_command,2,defects4j compile
Closure_167,run_shell_command,1,defects4j compile && defects4j test
Closure_167,run_shell_command,1,defects4j compile && defects4j test -t com.google.javascript.jscomp.TypeCheckTest::testIssue783
Closure_167,run_shell_command,3,defects4j test
Closure_167,run_shell_command,3,defects4j test -t com.google.javascript.jscomp.TypeCheckTest::testIssue783
Closure_167,search_file_content,8,
Closure_167,todo_write,2,
Closure_167,write_file,1,
Closure_169,edit,6,
Closure_169,glob,4,
Closure_169,read_file,11,
Closure_169,run_shell_command,1,./run_bug_exposing_tests.sh
Closure_169,run_shell_command,1,./run_bug_exposing_tests.sh 2>&1 | tail -30
Closure_169,run_shell_command,3,defects4j compile
Closure_169,run_shell_command,1,defects4j compile && defects4j test
Closure_169,run_shell_command,1,defects4j compile && defects4j test -t com.google.javascript.rhino.jstype.RecordTypeTest::testSubtypeWithUnknowns2
Closure_169,run_shell_command,3,defects4j test
Closure_169,run_shell_command,1,defects4j test -t com.google.javascript.jscomp.TypeCheckTest::testIssue791
Closure_169,run_shell_command,3,defects4j test -t com.google.javascript.rhino.jstype.RecordTypeTest::testSubtypeWithUnknowns2
Closure_169,run_shell_command,1,"find . -name ""*.java"" -exec grep -l ""isSubtype.*unknown\|unknown.*isSubtype"" {} \;"
Closure_169,run_shell_command,1,"grep -n ""isSubtype"" src/com/google/javascript/rhino/jstype/FunctionType.java"
Closure_169,search_file_content,9,
Closure_171,edit,5,
Closure_171,read_file,13,
Closure_171,run_shell_command,1,./run_bug_exposing_tests.sh
Closure_171,run_shell_command,1,ant -f build.xml test
Closure_171,run_shell_command,1,ant -f build.xml test -Dtestcase=TypeCheckTest#testIssue1023
Closure_171,run_shell_command,3,defects4j compile
Closure_171,run_shell_command,2,defects4j test
Closure_171,run_shell_command,2,defects4j test -t com.google.javascript.jscomp.TypeCheckTest::testIssue1023
Closure_171,run_shell_command,1,defects4j test -t com.google.javascript.jscomp.TypeCheckTest::testIssue1023 -v
Closure_171,run_shell_command,1,defects4j test -t com.google.javascript.jscomp.TypeCheckTest::testIssue1023 2>&1 | tail -20
Closure_171,run_shell_command,1,"find . -name ""*TypeCheck*Test*"" -type f"
Closure_171,run_shell_command,1,"find . -name ""*TypedScopeCreator*Test*"" -type f"
Closure_171,run_shell_command,1,"grep -n ""testMethodBeforeFunction2\|testPropertiesOnInterface2"" /Users/nashid/repos/qwen-cli-automation/workspace/Closure_171/test/com/google/javascript/jscomp/TypedScopeCreatorTest.java"
Closure_171,run_shell_command,1,java -cp build/classes:lib/args4j.jar:lib/guava.jar:lib/json.jar:lib/jsr305.jar:lib/protobuf-java.jar:build/lib/rhino.jar:lib/ant.jar:lib/ant-launcher.jar:lib/caja-r4314.jar:lib/jarjar.jar:lib/junit.jar:build/test org.junit.runner.JUnitCore com.google.javascript.jscomp.TypeCheckTest::testIssue1023
Closure_171,search_file_content,4,
Closure_173,edit,7,
Closure_173,read_file,9,
Closure_173,run_shell_command,1,./run_bug_exposing_tests.sh
Closure_173,run_shell_command,6,defects4j compile
Closure_173,run_shell_command,4,defects4j test
Closure_173,run_shell_command,2,defects4j test -t com.google.javascript.jscomp.CodePrinterTest::testIssue1062
Closure_173,run_shell_command,2,git checkout -- src/com/google/javascript/jscomp/CodeGenerator.java
Closure_173,run_shell_command,1,git diff
Closure_173,run_shell_command,1,git diff src/com/google/javascript/jscomp/CodeGenerator.java
Closure_173,run_shell_command,1,git status
Closure_173,run_shell_command,1,java -cp /Users/nashid/repos/qwen-cli-automation/workspace/Closure_173/build/classes:/Users/nashid/repos/qwen-cli-automation/workspace/Closure_173/lib/args4j.jar:/Users/nashid/repos/qwen-cli-automation/workspace/Closure_173/lib/guava.jar:/Users/nashid/repos/qwen-cli-automation/workspace/Closure_173/lib/json.jar:/Users/nashid/repos/qwen-cli-automation/workspace/Closure_173/lib/jsr305.jar:/Users/nashid/repos/qwen-cli-automation/workspace/Closure_173/lib/protobuf-java.jar:/Users/nashid/repos/qwen-cli-automation/workspace/Closure_173/build/lib/rhino.jar:/Users/nashid/repos/qwen-cli-automation/workspace/Closure_173/lib/ant.jar:/Users/nashid/repos/qwen-cli-automation/workspace/Closure_173/lib/ant-launcher.jar:/Users/nashid/repos/qwen-cli-automation/workspace/Closure_173/lib/caja-r4314.jar:/Users/nashid/repos/qwen-cli-automation/workspace/Closure_173/lib/jarjar.jar:/Users/nashid/repos/qwen-cli-automation/workspace/Closure_173/lib/junit.jar:/Users/nashid/repos/qwen-cli-automation/workspace/Closure_173/build/test org.junit.runner.JUnitCore com.google.javascript.jscomp.CodePrinterTest::testIssue1062
Closure_173,run_shell_command,1,java -cp /Users/nashid/repos/qwen-cli-automation/workspace/Closure_173/build/classes:/Users/nashid/repos/qwen-cli-automation/workspace/Closure_173/lib/args4j.jar:/Users/nashid/repos/qwen-cli-automation/workspace/Closure_173/lib/guava.jar:/Users/nashid/repos/qwen-cli-automation/workspace/Closure_173/lib/json.jar:/Users/nashid/repos/qwen-cli-automation/workspace/Closure_173/lib/jsr305.jar:/Users/nashid/repos/qwen-cli-automation/workspace/Closure_173/lib/protobuf-java.jar:/Users/nashid/repos/qwen-cli-automation/workspace/Closure_173/build/lib/rhino.jar:/Users/nashid/repos/qwen-cli-automation/workspace/Closure_173/lib/ant.jar:/Users/nashid/repos/qwen-cli-automation/workspace/Closure_173/lib/ant-launcher.jar:/Users/nashid/repos/qwen-cli-automation/workspace/Closure_173/lib/caja-r4314.jar:/Users/nashid/repos/qwen-cli-automation/workspace/Closure_173/lib/jarjar.jar:/Users/nashid/repos/qwen-cli-automation/workspace/Closure_173/lib/junit.jar:/Users/nashid/repos/qwen-cli-automation/workspace/Closure_173/build/test org.junit.runner.JUnitCore com.google.javascript.jscomp.PeepholeSubstituteAlternateSyntaxTest::testAssocitivity
Closure_173,run_shell_command,1,javac -cp build/classes:lib/args4j.jar:lib/guava.jar:lib/json.jar:lib/jsr305.jar:lib/protobuf-java.jar:build/lib/rhino.jar:lib/ant.jar:lib/ant-launcher.jar:lib/caja-r4314.jar:lib/jarjar.jar:lib/junit.jar TestPrecedence.java && java -cp .:build/classes:lib/args4j.jar:lib/guava.jar:lib/json.jar:lib/jsr305.jar:lib/protobuf-java.jar:build/lib/rhino.jar:lib/ant.jar:lib/ant-launcher.jar:lib/caja-r4314.jar:lib/jarjar.jar:lib/junit.jar TestPrecedence
Closure_173,search_file_content,6,
Closure_173,write_file,1,
Closure_174,read_file,3,
Closure_174,run_shell_command,1,./run_all_tests_trace.sh
Closure_174,run_shell_command,1,./run_bug_exposing_tests.sh
Closure_174,run_shell_command,1,defects4j compile
Closure_174,run_shell_command,1,defects4j test -t com.google.javascript.jscomp.ScopedAliasesTest
Closure_174,run_shell_command,1,"find . -name ""*ScopedAliases*"" -type f"
Closure_174,search_file_content,2,
Closure_175,edit,9,
Closure_175,glob,3,
Closure_175,read_file,13,
Closure_175,run_shell_command,1,./run_bug_exposing_tests.sh
Closure_175,run_shell_command,4,cd /Users/nashid/repos/qwen-cli-automation/workspace/Closure_175 && defects4j compile
Closure_175,run_shell_command,1,"cd /Users/nashid/repos/qwen-cli-automation/workspace/Closure_175 && defects4j compile && echo ""Build successful"""
Closure_175,run_shell_command,2,cd /Users/nashid/repos/qwen-cli-automation/workspace/Closure_175 && defects4j test
Closure_175,run_shell_command,5,cd /Users/nashid/repos/qwen-cli-automation/workspace/Closure_175 && defects4j test -t com.google.javascript.jscomp.FunctionInjectorTest::testIssue1101a
Closure_175,run_shell_command,1,cd /Users/nashid/repos/qwen-cli-automation/workspace/Closure_175 && defects4j test -t com.google.javascript.jscomp.FunctionInjectorTest::testIssue1101a com.google.javascript.jscomp.FunctionInjectorTest::testIssue1101b
Closure_175,run_shell_command,4,cd /Users/nashid/repos/qwen-cli-automation/workspace/Closure_175 && defects4j test -t com.google.javascript.jscomp.FunctionInjectorTest::testIssue1101b
Closure_175,run_shell_command,1,cd /Users/nashid/repos/qwen-cli-automation/workspace/Closure_175 && git checkout HEAD -- src/com/google/javascript/jscomp/FunctionInjector.java
Closure_175,run_shell_command,4,cd /Users/nashid/repos/qwen-cli-automation/workspace/Closure_175 && java -cp build/classes:lib/args4j.jar:lib/guava.jar:lib/json.jar:lib/jsr305.jar:lib/protobuf-java.jar:build/lib/rhino.jar:lib/ant.jar:lib/ant-launcher.jar:lib/caja-r4314.jar:lib/jarjar.jar:lib/junit.jar:lib/mockito-core.jar:lib/objenesis.jar:build/test org.junit.runner.JUnitCore com.google.javascript.jscomp.FunctionInjectorTest
Closure_175,run_shell_command,1,cd /Users/nashid/repos/qwen-cli-automation/workspace/Closure_175 && java -cp build/classes:lib/args4j.jar:lib/guava.jar:lib/json.jar:lib/jsr305.jar:lib/protobuf-java.jar:build/lib/rhino.jar:lib/ant.jar:lib/ant-launcher.jar:lib/caja-r4314.jar:lib/jarjar.jar:lib/junit.jar:lib/mockito-core.jar:lib/objenesis.jar:build/test org.junit.runner.JUnitCore com.google.javascript.jscomp.FunctionInjectorTest::testIssue1101a
Closure_175,run_shell_command,1,cd /Users/nashid/repos/qwen-cli-automation/workspace/Closure_175 && java -cp build/classes:lib/args4j.jar:lib/guava.jar:lib/json.jar:lib/jsr305.jar:lib/protobuf-java.jar:build/lib/rhino.jar:lib/ant.jar:lib/ant-launcher.jar:lib/caja-r4314.jar:lib/jarjar.jar:lib/junit.jar:lib/mockito-core.jar:lib/objenesis.jar:build/test org.junit.runner.JUnitCore com.google.javascript.jscomp.InlineFunctionsTest
Closure_175,run_shell_command,1,defects4j test
Closure_175,run_shell_command,1,defects4j test -t com.google.javascript.jscomp.FunctionInjectorTest::testIssue1101a
Closure_175,run_shell_command,1,"find /Users/nashid/repos/qwen-cli-automation/workspace/Closure_175 -name ""*.java"" -exec grep -l ""ADVANCED_OPTIMIZATIONS\|ADVANCED"" {} \;"
Closure_175,run_shell_command,1,"grep -A5 -B5 ""FAILURES\|FAILURE"" bug_triggering_tests.20251029_194711.log"
Closure_175,run_shell_command,1,tail -20 bug_triggering_tests.20251029_194711.log
Closure_175,search_file_content,4,
Closure_175,todo_write,1,
Closure_176,edit,5,
Closure_176,exit_plan_mode,1,
Closure_176,read_file,7,
Closure_176,run_shell_command,2,./run_bug_exposing_tests.sh
Closure_176,run_shell_command,3,defects4j compile
Closure_176,run_shell_command,3,defects4j test
Closure_176,run_shell_command,3,defects4j test -t com.google.javascript.jscomp.TypeCheckTest::testIssue1056
Closure_176,run_shell_command,1,git log --oneline -10
Closure_176,run_shell_command,1,"git show 1e2c4090:src/com/google/javascript/jscomp/TypeInference.java | grep -A 50 ""void updateScopeForTypeChange"""
Closure_176,run_shell_command,1,"git show 1e2c4090:src/com/google/javascript/jscomp/TypeInference.java | sed -n '520,580p'"
Closure_176,run_shell_command,1,git show aeed47f4
Closure_176,run_shell_command,1,git status
Closure_176,search_file_content,2,
Closure_21,edit,7,
Closure_21,read_file,8,
Closure_21,run_shell_command,1,./run_all_tests_trace.sh
Closure_21,run_shell_command,2,./run_bug_exposing_tests.sh
Closure_21,run_shell_command,1,"cd /Users/nashid/repos/qwen-cli-automation/workspace/Closure_21 && find . -name ""*.java"" -exec grep -l ""mayHaveSideEffects"" {} \;"
Closure_21,run_shell_command,1,cd /Users/nashid/repos/qwen-cli-automation/workspace/Closure_21 && git restore src/com/google/javascript/jscomp/CheckSideEffects.java
Closure_21,run_shell_command,1,cd /Users/nashid/repos/qwen-cli-automation/workspace/Closure_21 && git status
Closure_21,run_shell_command,3,defects4j compile
Closure_21,run_shell_command,2,defects4j test
Closure_21,run_shell_command,3,defects4j test -t com.google.javascript.jscomp.CheckSideEffectsTest::testUselessCode
Closure_21,search_file_content,4,
Closure_21,todo_write,2,
Closure_24,read_file,3,
Closure_24,run_shell_command,1,./run_all_tests_trace.sh
Closure_24,run_shell_command,1,./run_bug_exposing_tests.sh
Closure_25,edit,11,
Closure_25,read_file,15,
Closure_25,run_shell_command,1,./run_bug_exposing_tests.sh
Closure_25,run_shell_command,6,defects4j compile
Closure_25,run_shell_command,5,defects4j test
Closure_25,run_shell_command,5,defects4j test -t com.google.javascript.jscomp.TypeInferenceTest::testBackwardsInferenceNew
Closure_25,search_file_content,14,
Closure_26,edit,2,
Closure_26,glob,2,
Closure_26,read_file,10,
Closure_26,run_shell_command,1,./run_all_tests_trace.sh
Closure_26,run_shell_command,1,./run_bug_exposing_tests.sh
Closure_26,run_shell_command,1,defects4j test
Closure_26,search_file_content,2,
Closure_27,read_file,3,
Closure_27,run_shell_command,1,./run_all_tests_trace.sh
Closure_27,run_shell_command,1,./run_bug_exposing_tests.sh
Closure_29,glob,3,
Closure_29,read_file,6,
Closure_29,run_shell_command,1,./run_all_tests_trace.sh
Closure_29,run_shell_command,1,./run_bug_exposing_tests.sh
Closure_29,run_shell_command,1,defects4j compile
Closure_29,run_shell_command,1,defects4j test
Closure_29,run_shell_command,1,defects4j test -t com.google.javascript.jscomp.InlineObjectLiteralsTest::testObject10
Closure_3,read_file,3,
Closure_3,run_shell_command,1,./run_all_tests_trace.sh
Closure_3,run_shell_command,1,./run_bug_exposing_tests.sh
Closure_3,run_shell_command,1,git status
Closure_30,read_file,3,
Closure_30,run_shell_command,1,./run_all_tests_trace.sh
Closure_30,run_shell_command,1,./run_bug_exposing_tests.sh
Closure_32,list_directory,2,
Closure_32,read_file,5,
Closure_32,run_shell_command,1,./run_all_tests_trace.sh
Closure_32,run_shell_command,1,./run_bug_exposing_tests.sh
Closure_32,run_shell_command,1,defects4j test
Closure_34,edit,9,
Closure_34,read_file,15,
Closure_34,run_shell_command,2,./run_bug_exposing_tests.sh
Closure_34,run_shell_command,1,./run_bug_exposing_tests.sh 2>&1 | tail -50
Closure_34,run_shell_command,1,"cd /Users/nashid/repos/qwen-cli-automation/workspace/Closure_34 && sed -i.bak '1220,1234s/    out\.append(""\\\\\\\\u"")\.append(HEX_CHARS\[(codePoint >>> 12) & 0xf\])\.append(HEX_CHARS\[(codePoint >>> 8) & 0xf\])\.append(HEX_CHARS\[(codePoint >>> 4) & 0xf\])\.append(HEX_CHARS\[codePoint & 0xf\]);\n  }\n}\n// Add the method here/    out.append(""\\\\\\\\u"")\.append(HEX_CHARS\[(codePoint >>> 12) & 0xf\])\.append(HEX_CHARS\[(codePoint >>> 8) & 0xf\])\.append(HEX_CHARS\[(codePoint >>> 4) & 0xf\])\.append(HEX_CHARS\[codePoint & 0xf\]);\n  }\n\n  /**\n   * Checks if a node is deeply nested to prevent stack overflow.\n   * Used to avoid infinite recursion when processing deeply nested\n   * binary operations like ADD(a, ADD(b, ADD(c, ...)))\n   */\n  private boolean isDeeplyNested(Node node, int maxDepth) {\n    if (node == null || maxDepth <= 0) {\n      return false;\n    }\n    \n    // Walk down the right side to see if we have a long chain of same operations\n    Node current = node;\n    int depth = 0;\n    while (current != null && current.getType() == node.getType() && depth < maxDepth) {\n      current = current.getLastChild();\n      depth++;\n    }\n    \n    return depth >= maxDepth;\n  }\n}\n// Add the method here/' src/com/google/javascript/jscomp/CodeGenerator.java"
Closure_34,run_shell_command,2,defects4j compile
Closure_34,run_shell_command,2,defects4j compile && defects4j test
Closure_34,run_shell_command,3,defects4j test
Closure_34,run_shell_command,3,defects4j test -t com.google.javascript.jscomp.CodePrinterTest::testManyAdds
Closure_34,run_shell_command,2,git checkout -- src/com/google/javascript/jscomp/CodeGenerator.java
Closure_34,run_shell_command,1,git diff
Closure_34,run_shell_command,1,git diff src/com/google/javascript/jscomp/CodeGenerator.java
Closure_34,run_shell_command,1,git status
Closure_34,search_file_content,2,
Closure_37,read_file,3,
Closure_37,run_shell_command,1,./run_all_tests_trace.sh
Closure_37,run_shell_command,1,./run_bug_exposing_tests.sh
Closure_39,read_file,4,
Closure_39,run_shell_command,1,./run_all_tests_trace.sh
Closure_39,run_shell_command,1,./run_bug_exposing_tests.sh
Closure_4,read_file,3,
Closure_4,run_shell_command,1,./run_all_tests_trace.sh
Closure_4,run_shell_command,1,./run_bug_exposing_tests.sh
Closure_4,search_file_content,1,
Closure_41,glob,6,
Closure_41,read_file,13,
Closure_41,run_shell_command,1,./run_bug_exposing_tests.sh
Closure_41,run_shell_command,2,cd /Users/nashid/repos/qwen-cli-automation/workspace/Closure_41 && defects4j compile
Closure_41,run_shell_command,2,cd /Users/nashid/repos/qwen-cli-automation/workspace/Closure_41 && defects4j test
Closure_41,run_shell_command,1,"cd /Users/nashid/repos/qwen-cli-automation/workspace/Closure_41 && find . -name ""*.java"" -exec grep -l ""override"" {} \; | head -5"
Closure_41,run_shell_command,2,cd /Users/nashid/repos/qwen-cli-automation/workspace/Closure_41 && patch -p1 < fix.patch
Closure_41,run_shell_command,1,defects4j compile
Closure_41,run_shell_command,1,defects4j test
Closure_41,run_shell_command,1,defects4j test -t com.google.javascript.jscomp.TypeCheckTest::testMethodInference6
Closure_41,run_shell_command,1,"grep -r ""ADVANCED"" /Users/nashid/repos/qwen-cli-automation/workspace/Closure_41/src/com/google/javascript/jscomp/ | head -10"
Closure_41,run_shell_command,1,"grep -r ""ADVANCED"" /Users/nashid/repos/qwen-cli-automation/workspace/Closure_41/src/com/google/javascript/jscomp/TypeCheck.java | head -5"
Closure_41,search_file_content,9,
Closure_41,write_file,3,
Closure_43,edit,3,
Closure_43,read_file,8,
Closure_43,run_shell_command,1,./run_all_tests_trace.sh
Closure_43,run_shell_command,1,./run_bug_exposing_tests.sh
Closure_43,run_shell_command,1,./run_bug_exposing_tests.sh | tail -20
Closure_43,run_shell_command,2,defects4j compile
Closure_43,run_shell_command,2,defects4j test
Closure_43,run_shell_command,3,defects4j test -t com.google.javascript.jscomp.TypeCheckTest::testLends10
Closure_43,run_shell_command,3,defects4j test -t com.google.javascript.jscomp.TypeCheckTest::testLends11
Closure_43,run_shell_command,1,defects4j test -t com.google.javascript.jscomp.TypeCheckTest::testLends11 2>&1 | head -20
Closure_43,run_shell_command,1,"grep -A 20 ""Running com.google.javascript.jscomp.TypeCheckTest"" all_tests_trace.20251021_095754.log"
Closure_43,run_shell_command,1,"grep -A 50 ""There were 2 failures:"" all_tests_trace.20251021_095754.log"
Closure_43,run_shell_command,1,"grep -n ""public void testLends2"" /Users/nashid/repos/qwen-cli-automation/workspace/Closure_43/test/com/google/javascript/jscomp/TypeCheckTest.java"
Closure_43,search_file_content,6,
Closure_45,edit,8,
Closure_45,glob,2,
Closure_45,read_file,9,
Closure_45,run_shell_command,1,./run_bug_exposing_tests.sh
Closure_45,run_shell_command,1,"./run_bug_exposing_tests.sh 2>&1 | grep -A 20 -B 5 ""testIssue618_1"""
Closure_45,run_shell_command,10,defects4j compile
Closure_45,run_shell_command,3,defects4j test
Closure_45,run_shell_command,6,defects4j test -t com.google.javascript.jscomp.RemoveUnusedVarsTest::testIssue618_1
Closure_45,run_shell_command,1,"find /Users/nashid/repos/qwen-cli-automation/workspace/Closure_45 -name ""*Assign*"" -type f"
Closure_45,run_shell_command,2,git checkout -- src/com/google/javascript/jscomp/RemoveUnusedVars.java
Closure_45,run_shell_command,1,git diff src/com/google/javascript/jscomp/RemoveUnusedVars.java
Closure_45,run_shell_command,1,git status
Closure_45,run_shell_command,1,"grep -A 10 -B 5 ""maybeCreateAssign"" /Users/nashid/repos/qwen-cli-automation/workspace/Closure_45/src/com/google/javascript/jscomp/RemoveUnusedVars.java"
Closure_45,run_shell_command,1,"grep -n ""assign\|Assign"" /Users/nashid/repos/qwen-cli-automation/workspace/Closure_45/src/com/google/javascript/jscomp/RemoveUnusedVars.java | head -20"
Closure_45,run_shell_command,1,"grep -n ""processAssign\|process.*Assign"" /Users/nashid/repos/qwen-cli-automation/workspace/Closure_45/src/com/google/javascript/jscomp/RemoveUnusedVars.java"
Closure_45,run_shell_command,1,"grep -n ""push"" /Users/nashid/repos/qwen-cli-automation/workspace/Closure_45/src/com/google/javascript/jscomp/RemoveUnusedVars.java"
Closure_45,run_shell_command,1,"grep -n -A 10 -B 10 ""Token.ASSIGN\|ASSIGN.*case"" /Users/nashid/repos/qwen-cli-automation/workspace/Closure_45/src/com/google/javascript/jscomp/RemoveUnusedVars.java"
Closure_45,run_shell_command,1,"grep -n -A 20 ""Assign maybeAssign = Assign.maybeCreateAssign"" /Users/nashid/repos/qwen-cli-automation/workspace/Closure_45/src/com/google/javascript/jscomp/RemoveUnusedVars.java"
Closure_45,run_shell_command,1,"grep -n -A 20 ""mayHaveSecondarySideEffects.*="" /Users/nashid/repos/qwen-cli-automation/workspace/Closure_45/src/com/google/javascript/jscomp/RemoveUnusedVars.java"
Closure_45,run_shell_command,1,"grep -n -A 30 ""class Assign"" /Users/nashid/repos/qwen-cli-automation/workspace/Closure_45/src/com/google/javascript/jscomp/RemoveUnusedVars.java"
Closure_45,run_shell_command,1,"grep -n -A 30 ""interpretAssigns"" /Users/nashid/repos/qwen-cli-automation/workspace/Closure_45/src/com/google/javascript/jscomp/RemoveUnusedVars.java"
Closure_45,run_shell_command,1,"grep -n -A 30 ""void remove()"" /Users/nashid/repos/qwen-cli-automation/workspace/Closure_45/src/com/google/javascript/jscomp/RemoveUnusedVars.java"
Closure_45,run_shell_command,1,"grep -n -A 50 ""private void interpretAssigns"" /Users/nashid/repos/qwen-cli-automation/workspace/Closure_45/src/com/google/javascript/jscomp/RemoveUnusedVars.java"
Closure_45,run_shell_command,1,"grep -n -A 50 ""static Assign maybeCreateAssign"" /Users/nashid/repos/qwen-cli-automation/workspace/Closure_45/src/com/google/javascript/jscomp/RemoveUnusedVars.java"
Closure_45,search_file_content,3,
Closure_45,write_file,1,
Closure_47,edit,1,
Closure_47,glob,5,
Closure_47,read_file,10,
Closure_47,run_shell_command,1,./run_all_tests_trace.sh
Closure_47,run_shell_command,1,./run_bug_exposing_tests.sh
Closure_47,search_file_content,2,
Closure_49,read_file,11,
Closure_49,run_shell_command,1,./run_all_tests_trace.sh
Closure_49,run_shell_command,1,./run_bug_exposing_tests.sh
Closure_49,run_shell_command,1,defects4j test
Closure_49,run_shell_command,1,defects4j test -t com.google.javascript.jscomp.InlineFunctionsTest::testShadowVariables16
Closure_49,run_shell_command,1,defects4j test -t com.google.javascript.jscomp.InlineFunctionsTest::testShadowVariables16 -v
Closure_49,search_file_content,3,
Closure_50,edit,11,
Closure_50,read_file,13,
Closure_50,run_shell_command,5,./run_bug_exposing_tests.sh
Closure_50,run_shell_command,6,defects4j compile
Closure_50,run_shell_command,6,defects4j test
Closure_50,run_shell_command,2,defects4j test -t com.google.javascript.jscomp.PeepholeReplaceKnownMethodsTest::testNoStringJoin
Closure_50,run_shell_command,2,defects4j test -t com.google.javascript.jscomp.PeepholeReplaceKnownMethodsTest::testStringJoinAdd
Closure_50,run_shell_command,3,git checkout HEAD -- src/com/google/javascript/jscomp/PeepholeReplaceKnownMethods.java
Closure_50,run_shell_command,1,git diff
Closure_50,search_file_content,2,
Closure_51,edit,3,
Closure_51,glob,3,
Closure_51,read_file,8,
Closure_51,run_shell_command,1,./run_bug_exposing_tests.sh
Closure_51,run_shell_command,3,defects4j test
Closure_51,run_shell_command,4,defects4j test -t com.google.javascript.jscomp.CodePrinterTest::testIssue582
Closure_51,run_shell_command,1,java -cp /Users/nashid/repos/qwen-cli-automation/workspace/Closure_51/build/classes:/Users/nashid/repos/qwen-cli-automation/workspace/Closure_51/lib/args4j.jar:/Users/nashid/repos/qwen-cli-automation/workspace/Closure_51/lib/guava.jar:/Users/nashid/repos/qwen-cli-automation/workspace/Closure_51/lib/json.jar:/Users/nashid/repos/qwen-cli-automation/workspace/Closure_51/lib/jsr305.jar:/Users/nashid/repos/qwen-cli-automation/workspace/Closure_51/lib/protobuf-java.jar:/Users/nashid/repos/qwen-cli-automation/workspace/Closure_51/build/lib/rhino.jar:/Users/nashid/repos/qwen-cli-automation/workspace/Closure_51/lib/ant.jar:/Users/nashid/repos/qwen-cli-automation/workspace/Closure_51/lib/ant-launcher.jar:/Users/nashid/repos/qwen-cli-automation/workspace/Closure_51/lib/caja-r4314.jar:/Users/nashid/repos/qwen-cli-automation/workspace/Closure_51/lib/jarjar.jar:/Users/nashid/repos/qwen-cli-automation/workspace/Closure_51/lib/junit.jar:/Users/nashid/repos/qwen-cli-automation/workspace/Closure_51/build/test org.junit.runner.JUnitCore com.google.javascript.jscomp.CodePrinterTest
Closure_51,run_shell_command,1,java -cp /Users/nashid/repos/qwen-cli-automation/workspace/Closure_51/build/classes:/Users/nashid/repos/qwen-cli-automation/workspace/Closure_51/lib/args4j.jar:/Users/nashid/repos/qwen-cli-automation/workspace/Closure_51/lib/guava.jar:/Users/nashid/repos/qwen-cli-automation/workspace/Closure_51/lib/json.jar:/Users/nashid/repos/qwen-cli-automation/workspace/Closure_51/lib/jsr305.jar:/Users/nashid/repos/qwen-cli-automation/workspace/Closure_51/lib/protobuf-java.jar:/Users/nashid/repos/qwen-cli-automation/workspace/Closure_51/build/lib/rhino.jar:/Users/nashid/repos/qwen-cli-automation/workspace/Closure_51/lib/ant.jar:/Users/nashid/repos/qwen-cli-automation/workspace/Closure_51/lib/ant-launcher.jar:/Users/nashid/repos/qwen-cli-automation/workspace/Closure_51/lib/caja-r4314.jar:/Users/nashid/repos/qwen-cli-automation/workspace/Closure_51/lib/jarjar.jar:/Users/nashid/repos/qwen-cli-automation/workspace/Closure_51/lib/junit.jar:/Users/nashid/repos/qwen-cli-automation/workspace/Closure_51/build/test org.junit.runner.JUnitCore com.google.javascript.jscomp.CodePrinterTest::testIssue582
Closure_51,search_file_content,1,
Closure_53,edit,2,
Closure_53,glob,1,
Closure_53,read_file,7,
Closure_53,run_shell_command,1,./run_bug_exposing_tests.sh
Closure_53,run_shell_command,1,defects4j compile
Closure_53,run_shell_command,2,defects4j test
Closure_53,run_shell_command,1,defects4j test -t com.google.javascript.jscomp.InlineObjectLiteralsTest::testBug545
Closure_53,run_shell_command,1,git diff
Closure_53,search_file_content,1,
Closure_54,edit,1,
Closure_54,exit_plan_mode,1,
Closure_54,glob,3,
Closure_54,read_file,10,
Closure_54,run_shell_command,1,./run_all_tests_trace.sh
Closure_54,run_shell_command,1,./run_bug_exposing_tests.sh
Closure_54,run_shell_command,1,cd /Users/nashid/repos/qwen-cli-automation/workspace/Closure_54 && defects4j test
Closure_54,run_shell_command,1,cd /Users/nashid/repos/qwen-cli-automation/workspace/Closure_54 && java -cp build/classes:lib/args4j.jar:lib/guava.jar:lib/json.jar:lib/jsr305.jar:lib/protobuf-java.jar:build/lib/rhino.jar:lib/ant.jar:lib/ant-launcher.jar:lib/caja-r4314.jar:lib/jarjar.jar:lib/junit.jar:build/test org.junit.runner.JUnitCore com.google.javascript.jscomp.TypeCheckTest
Closure_54,run_shell_command,1,cd /Users/nashid/repos/qwen-cli-automation/workspace/Closure_54 && java -cp build/classes:lib/args4j.jar:lib/guava.jar:lib/json.jar:lib/jsr305.jar:lib/protobuf-java.jar:build/lib/rhino.jar:lib/ant.jar:lib/ant-launcher.jar:lib/caja-r4314.jar:lib/jarjar.jar:lib/junit.jar:build/test org.junit.runner.JUnitCore com.google.javascript.jscomp.TypedScopeCreatorTest
Closure_54,run_shell_command,1,defects4j compile
Closure_54,run_shell_command,1,defects4j test -t com.google.javascript.jscomp.TypeCheckTest
Closure_54,run_shell_command,1,"grep -n ""FAIL\|ERROR\|Exception\|FAILURE"" /Users/nashid/repos/qwen-cli-automation/workspace/Closure_54/all_tests_trace.20251021_111111.log | head -20"
Closure_54,run_shell_command,1,tail -50 /Users/nashid/repos/qwen-cli-automation/workspace/Closure_54/all_tests_trace.20251021_111111.log
Closure_54,search_file_content,6,
Closure_54,todo_write,1,
Closure_6,edit,3,
Closure_6,glob,3,
Closure_6,read_file,10,
Closure_6,run_shell_command,1,./run_all_tests_trace.sh
Closure_6,run_shell_command,1,./run_bug_exposing_tests.sh
Closure_6,run_shell_command,3,defects4j compile
Closure_6,run_shell_command,3,defects4j test
Closure_6,run_shell_command,1,defects4j test -t com.google.javascript.jscomp.LooseTypeCheckTest::testTypeRedefinition
Closure_6,run_shell_command,1,defects4j test -t com.google.javascript.jscomp.TypeCheckTest::testIssue635b
Closure_6,run_shell_command,2,defects4j test -t com.google.javascript.jscomp.TypeCheckTest::testTypeRedefinition
Closure_6,run_shell_command,1,git checkout HEAD -- src/com/google/javascript/jscomp/TypeCheck.java
Closure_6,run_shell_command,1,tail -n 100 /Users/nashid/repos/qwen-cli-automation/workspace/Closure_6/all_tests_trace.20251021_080712.log
Closure_6,search_file_content,7,
Closure_60,edit,5,
Closure_60,glob,2,
Closure_60,list_directory,5,
Closure_60,read_file,20,
Closure_60,run_shell_command,1,./run_all_tests_trace.sh
Closure_60,run_shell_command,3,./run_bug_exposing_tests.sh
Closure_60,run_shell_command,3,defects4j compile
Closure_60,run_shell_command,3,defects4j test
Closure_60,search_file_content,7,
Closure_64,edit,6,
Closure_64,read_file,22,
Closure_64,run_shell_command,1,cd /Users/nashid/repos/qwen-cli-automation/workspace/Closure_4 && defects4j compile
Closure_64,run_shell_command,1,cd /Users/nashid/repos/qwen-cli-automation/workspace/Closure_64 && ./run_bug_exposing_tests.sh
Closure_64,run_shell_command,1,"cd /Users/nashid/repos/qwen-cli-automation/workspace/Closure_64 && awk 'NR==1467{print ""  /**""; print ""   * Generates JavaScript source code for an AST.""; print ""   */""; print ""  private String toSource(Node n, SourceMap sourceMap) {""; print ""    return toSource(n, sourceMap, options.getLanguageOut() == LanguageMode.ECMASCRIPT5_STRICT);""; print ""  }""; print """"; print ""  /**""; print ""   * Generates JavaScript source code for an AST.""; print ""   */""; print ""  private String toSource(Node n, SourceMap sourceMap, boolean tagAsStrict) {""; print ""    CodePrinter.Builder builder = new CodePrinter.Builder(n);""; print ""    builder.setPrettyPrint(options.prettyPrint);""; print ""    builder.setLineBreak(options.lineBreak);""; print ""    builder.setSourceMap(sourceMap);""; print ""    builder.setSourceMapDetailLevel(options.sourceMapDetailLevel);""; print ""    builder.setTagAsStrict(tagAsStrict);""; print ""    builder.setLineLengthThreshold(options.lineLengthThreshold);""; print """"; print ""    Charset charset = options.outputCharset != null ?""; print ""        Charset.forName(options.outputCharset) : null;""; print ""    builder.setOutputCharset(charset);""; print """"; print ""    return builder.build();""; print ""  }""; print """"; print ""  /**""; print ""   * Stores a buffer of text to which more can be appended.  This is just like a""; print ""   * StringBuilder except that we also track the number of lines.""; print ""   */""; print ""  public static class CodeBuilder {""; print ""    private final StringBuilder sb = new StringBuilder();""; print ""    private int lineCount = 0;""; print ""    private int colCount = 0;""; print """"; print ""    /** Removes all text, but leaves the line count unchanged. */""; print ""    void reset() {""; print ""      sb.setLength(0);""; print ""    }""; print """"} NR!=1467' src/com/google/javascript/jscomp/Compiler.java > temp && mv temp src/com/google/javascript/jscomp/Compiler.java"
Closure_64,run_shell_command,1,cd /Users/nashid/repos/qwen-cli-automation/workspace/Closure_64 && cp src/com/google/javascript/jscomp/Compiler.java src/com/google/javascript/jscomp/Compiler.java.bak
Closure_64,run_shell_command,2,cd /Users/nashid/repos/qwen-cli-automation/workspace/Closure_64 && cp src/com/google/javascript/jscomp/Compiler.java.bak src/com/google/javascript/jscomp/Compiler.java
Closure_64,run_shell_command,1,cd /Users/nashid/repos/qwen-cli-automation/workspace/Closure_64 && defects4j compile
Closure_64,run_shell_command,1,cd /Users/nashid/repos/qwen-cli-automation/workspace/Closure_64 && defects4j export -p tests.trigger
Closure_64,run_shell_command,1,cd /Users/nashid/repos/qwen-cli-automation/workspace/Closure_64 && defects4j test
Closure_64,run_shell_command,1,"cd /Users/nashid/repos/qwen-cli-automation/workspace/Closure_64 && grep -n ""builder.setTagAsStrict"" src/com/google/javascript/jscomp/Compiler.java"
Closure_64,run_shell_command,1,"cd /Users/nashid/repos/qwen-cli-automation/workspace/Closure_64 && grep -n ""private String toSource(Node n, SourceMap sourceMap)"" src/com/google/javascript/jscomp/Compiler.java"
Closure_64,run_shell_command,1,"cd /Users/nashid/repos/qwen-cli-automation/workspace/Closure_64 && grep -n ""public void toSource"" src/com/google/javascript/jscomp/Compiler.java"
Closure_64,run_shell_command,1,"cd /Users/nashid/repos/qwen-cli-automation/workspace/Closure_64 && grep -n ""toSource(cb, i, scriptNode)"" src/com/google/javascript/jscomp/Compiler.java"
Closure_64,run_shell_command,1,cd /Users/nashid/repos/qwen-cli-automation/workspace/Closure_64 && sed -i.bak 's/boolean tagAsStrict = options.getLanguageOut() == LanguageMode.ECMASCRIPT5_STRICT;/boolean tagAsStrict = options.getLanguageOut() == LanguageMode.ECMASCRIPT5_STRICT && inputSeqNum == 0;/' src/com/google/javascript/jscomp/Compiler.java
Closure_64,run_shell_command,1,"cd /Users/nashid/repos/qwen-cli-automation/workspace/Closure_64 && sed -i.bak 's/toSource(cb, i, scriptNode);/toSource(cb, i, scriptNode, i == 0 \&\& options.getLanguageOut() == LanguageMode.ECMASCRIPT5_STRICT);/' src/com/google/javascript/jscomp/Compiler.java"
Closure_64,run_shell_command,1,"cd /Users/nashid/repos/qwen-cli-automation/workspace/Closure_64 && sed -n '1465,1495p' src/com/google/javascript/jscomp/Compiler.java"
Closure_64,search_file_content,8,
Closure_64,write_file,1,
Closure_68,edit,2,
Closure_68,glob,2,
Closure_68,read_file,12,
Closure_68,run_shell_command,1,./run_all_tests_trace.sh
Closure_68,run_shell_command,1,./run_bug_exposing_tests.sh
Closure_68,run_shell_command,1,defects4j compile
Closure_68,run_shell_command,2,defects4j test
Closure_68,run_shell_command,2,defects4j test -t com.google.javascript.jscomp.parsing.JsDocInfoParserTest::testIssue477
Closure_68,search_file_content,6,
Closure_72,edit,3,
Closure_72,read_file,11,
Closure_72,run_shell_command,1,./run_bug_exposing_tests.sh
Closure_72,run_shell_command,2,cd /Users/nashid/repos/qwen-cli-automation/workspace/Closure_72 && defects4j compile
Closure_72,run_shell_command,1,cd /Users/nashid/repos/qwen-cli-automation/workspace/Closure_72 && defects4j test
Closure_72,run_shell_command,1,cd /Users/nashid/repos/qwen-cli-automation/workspace/Closure_72 && defects4j test -t com.google.javascript.jscomp.InlineFunctionsTest::testInlineFunctions31
Closure_72,run_shell_command,1,"cd /Users/nashid/repos/qwen-cli-automation/workspace/Closure_72 && grep -n ""makeLocalNamesUnique"" src/com/google/javascript/jscomp/FunctionToBlockMutator.java"
Closure_72,run_shell_command,1,"cd /Users/nashid/repos/qwen-cli-automation/workspace/Closure_72 && sed -n '1,140p' src/com/google/javascript/jscomp/FunctionToBlockMutator.java > temp_file_part1.java"
Closure_72,run_shell_command,1,defects4j test
Closure_72,run_shell_command,1,defects4j test -t com.google.javascript.jscomp.InlineFunctionsTest::testInlineFunctions31
Closure_72,search_file_content,3,
Closure_72,todo_write,2,
Closure_72,write_file,1,
Closure_74,edit,7,
Closure_74,glob,2,
Closure_74,read_file,4,
Closure_74,run_shell_command,1,./run_all_tests_trace.sh
Closure_74,run_shell_command,1,./run_bug_exposing_tests.sh
Closure_74,run_shell_command,6,defects4j compile
Closure_74,run_shell_command,6,defects4j test
Closure_74,run_shell_command,1,defects4j test -t com.google.javascript.jscomp.PeepholeFoldConstantsTest::testCommutativeOperators
Closure_74,run_shell_command,3,defects4j test -t com.google.javascript.jscomp.PeepholeFoldConstantsTest::testFoldComparison3
Closure_74,run_shell_command,1,defects4j test -t com.google.javascript.jscomp.PeepholeFoldConstantsTest::testFoldComparison3 -v
Closure_74,run_shell_command,1,defects4j test -t com.google.javascript.jscomp.PeepholeFoldConstantsTest::testInvertibleOperators
Closure_74,run_shell_command,1,defects4j test -v
Closure_74,run_shell_command,1,git checkout HEAD -- src/com/google/javascript/jscomp/PeepholeFoldConstants.java
Closure_74,search_file_content,1,
Closure_76,read_file,4,
Closure_76,run_shell_command,1,./run_all_tests_trace.sh
Closure_76,run_shell_command,1,./run_bug_exposing_tests.sh
Closure_79,glob,1,
Closure_79,read_file,6,
Closure_79,run_shell_command,1,./run_all_tests_trace.sh
Closure_79,run_shell_command,1,./run_bug_exposing_tests.sh
Closure_79,run_shell_command,1,cd /Users/nashid/repos/qwen-cli-automation/workspace/Closure_79 && java -cp build/classes:lib/args4j.jar:lib/guava.jar:lib/jsr305.jar:lib/libtrunk_rhino_parser_jarjared.jar:lib/protobuf-java.jar:lib/ant.jar:lib/ant-launcher.jar:lib/caja-r4314.jar:lib/json.jar:lib/junit.jar:build/test org.junit.runner.JUnitCore com.google.javascript.jscomp.VarCheckTest
Closure_79,run_shell_command,1,defects4j test
Closure_79,run_shell_command,1,defects4j test -t com.google.javascript.jscomp.VarCheckTest::testPropReferenceInExterns1
Closure_79,run_shell_command,1,"grep -A 5 -B 5 ""testIssue"" /Users/nashid/repos/qwen-cli-automation/workspace/Closure_79/test/com/google/javascript/jscomp/NormalizeTest.java"
Closure_79,run_shell_command,1,tail -n 50 all_tests_trace.20251029_135100.log
Closure_79,search_file_content,1,
Closure_80,read_file,4,
Closure_80,run_shell_command,1,./run_all_tests_trace.sh
Closure_80,run_shell_command,1,./run_bug_exposing_tests.sh
Closure_84,edit,3,
Closure_84,glob,1,
Closure_84,read_file,7,
Closure_84,run_shell_command,1,./run_all_tests_trace.sh
Closure_84,run_shell_command,1,./run_bug_exposing_tests.sh
Closure_84,run_shell_command,4,defects4j compile
Closure_84,run_shell_command,1,defects4j test
Closure_84,run_shell_command,1,defects4j test -t com.google.javascript.jscomp.parsing.IRFactoryTest::testAssignmentValidation
Closure_84,run_shell_command,1,defects4j test -t com.google.javascript.jscomp.parsing.ParserTest
Closure_84,search_file_content,4,
Closure_85,read_file,4,
Closure_85,run_shell_command,1,./run_all_tests_trace.sh
Closure_85,run_shell_command,1,./run_bug_exposing_tests.sh
Closure_89,edit,8,
Closure_89,glob,2,
Closure_89,read_file,14,
Closure_89,run_shell_command,1,cd /Users/nashid/repos/qwen-cli-automation/workspace/Closure_89 && ./run_bug_exposing_tests.sh
Closure_89,run_shell_command,3,cd /Users/nashid/repos/qwen-cli-automation/workspace/Closure_89 && defects4j compile
Closure_89,run_shell_command,5,cd /Users/nashid/repos/qwen-cli-automation/workspace/Closure_89 && defects4j test
Closure_89,run_shell_command,1,cd /Users/nashid/repos/qwen-cli-automation/workspace/Closure_89 && defects4j test -t CollapsePropertiesTest::testAliasCreatedForFunctionDepth1_1
Closure_89,run_shell_command,1,cd /Users/nashid/repos/qwen-cli-automation/workspace/Closure_89 && git status
Closure_89,run_shell_command,1,"cd /Users/nashid/repos/qwen-cli-automation/workspace/Closure_89 && grep -n ""updateSimpleDeclaration"" src/com/google/javascript/jscomp/CollapseProperties.java"
Closure_89,run_shell_command,1,cd /Users/nashid/repos/qwen-cli-automation/workspace/Closure_89 && java -cp build/classes:lib/ant-launcher.jar:lib/ant.jar:lib/args4j.jar:lib/guava.jar:lib/json.jar:lib/jsr305.jar:lib/junit.jar:lib/libtrunk_rhino_parser_jarjared.jar:lib/protobuf-java.jar:build/test org.junit.runner.JUnitCore com.google.javascript.jscomp.CollapsePropertiesTest::testAliasCreatedForFunctionDepth1_1
Closure_89,search_file_content,2,
Closure_9,edit,3,
Closure_9,glob,2,
Closure_9,read_file,8,
Closure_9,run_shell_command,1,./run_all_tests_trace.sh
Closure_9,run_shell_command,2,./run_bug_exposing_tests.sh
Closure_9,run_shell_command,1,"cd /Users/nashid/repos/qwen-cli-automation/workspace/Closure_9 && grep -n ""normalizeSourceName"" src/com/google/javascript/jscomp/ProcessCommonJSModules.java"
Closure_9,run_shell_command,2,cd /Users/nashid/repos/qwen-cli-automation/workspace/Closure_9 && java -cp build/classes:lib/args4j.jar:lib/guava.jar:lib/json.jar:lib/jsr305.jar:lib/protobuf-java.jar:build/lib/rhino.jar:lib/ant.jar:lib/ant-launcher.jar:lib/caja-r4314.jar:lib/jarjar.jar:lib/junit.jar:build/test org.junit.runner.JUnitCore com.google.javascript.jscomp.ProcessCommonJSModulesTest
Closure_9,run_shell_command,1,cd /Users/nashid/repos/qwen-cli-automation/workspace/Closure_9 && java -cp build/classes:lib/args4j.jar:lib/guava.jar:lib/json.jar:lib/jsr305.jar:lib/protobuf-java.jar:build/lib/rhino.jar:lib/ant.jar:lib/ant-launcher.jar:lib/caja-r4314.jar:lib/jarjar.jar:lib/junit.jar:build/test org.junit.runner.JUnitCore com.google.javascript.jscomp.ProcessCommonJSModulesTest::testGuessModuleName
Closure_9,run_shell_command,1,cd /Users/nashid/repos/qwen-cli-automation/workspace/Closure_9 && javac -cp build/classes:lib/args4j.jar:lib/guava.jar:lib/json.jar:lib/jsr305.jar:lib/protobuf-java.jar:build/lib/rhino.jar:lib/ant.jar:lib/ant-launcher.jar:lib/caja-r4314.jar:lib/jarjar.jar:lib/junit.jar:build/test src/com/google/javascript/jscomp/ProcessCommonJSModules.java -d build/classes
Closure_9,run_shell_command,3,defects4j compile
Closure_9,run_shell_command,3,defects4j test
Closure_9,run_shell_command,1,defects4j test -t com.google.javascript.jscomp.ProcessCommonJSModulesTest::testGuessModuleName
Closure_9,search_file_content,1,
Closure_90,edit,11,
Closure_90,read_file,12,
Closure_90,run_shell_command,3,./run_bug_exposing_tests.sh
Closure_90,run_shell_command,8,defects4j compile
Closure_90,run_shell_command,6,defects4j test
Closure_90,run_shell_command,1,defects4j test -t com.google.javascript.jscomp.TypeCheckTest::testBackwardsTypedefUse3
Closure_90,run_shell_command,3,defects4j test -t com.google.javascript.jscomp.TypeCheckTest::testBackwardsTypedefUse8
Closure_90,run_shell_command,1,defects4j test -t com.google.javascript.jscomp.TypeCheckTest::testBackwardsTypedefUse9
Closure_90,run_shell_command,1,git diff
Closure_90,run_shell_command,1,"grep -n ""import.*UnionType"" /Users/nashid/repos/qwen-cli-automation/workspace/Closure_90/src/com/google/javascript/jscomp/FunctionTypeBuilder.java"
Closure_90,run_shell_command,1,"grep -rn ""isUnionType\|union.*type\|UnionType"" /Users/nashid/repos/qwen-cli-automation/workspace/Closure_90/src/com/google/javascript/jscomp/ | head -10"
Closure_90,search_file_content,8,
Closure_90,write_file,1,
Closure_98,read_file,4,
Closure_98,run_shell_command,1,./run_all_tests_trace.sh
Closure_98,run_shell_command,1,./run_bug_exposing_tests.sh
Closure_98,run_shell_command,1,defects4j compile
Closure_99,read_file,4,
Closure_99,run_shell_command,1,./run_all_tests_trace.sh
Closure_99,run_shell_command,1,./run_bug_exposing_tests.sh
Codec_1,edit,3,
Codec_1,glob,2,
Codec_1,read_file,12,
Codec_1,run_shell_command,3,./run_bug_exposing_tests.sh
Codec_1,run_shell_command,2,defects4j compile
Codec_1,run_shell_command,3,defects4j test
Codec_1,run_shell_command,1,defects4j test -t org.apache.commons.codec.language.CaverphoneTest::testLocaleIndependence
Codec_1,run_shell_command,1,"defects4j test -t org.apache.commons.codec.language.CaverphoneTest::testLocaleIndependence,org.apache.commons.codec.language.DoubleMetaphoneTest::testLocaleIndependence,org.apache.commons.codec.language.MetaphoneTest::testLocaleIndependence,org.apache.commons.codec.language.RefinedSoundexTest::testLocaleIndependence,org.apache.commons.codec.language.SoundexTest::testLocaleIndependence"
Codec_1,run_shell_command,1,git diff
Codec_1,run_shell_command,1,"grep -r ""toLowerCase"" /Users/nashid/repos/qwen-cli-automation/workspace/Codec_1/src/java/"
Codec_1,run_shell_command,1,"grep -r ""toLowerCase()"" /Users/nashid/repos/qwen-cli-automation/workspace/Codec_1/src/java/"
Codec_1,run_shell_command,1,"grep -r ""toUpperCase"" /Users/nashid/repos/qwen-cli-automation/workspace/Codec_1/src/java/"
Codec_1,search_file_content,1,
Codec_11,edit,3,
Codec_11,glob,2,
Codec_11,read_file,6,
Codec_11,run_shell_command,1,./run_bug_exposing_tests.sh
Codec_11,run_shell_command,1,cd /Users/nashid/repos/qwen-cli-automation/workspace/Codec_11 && defects4j test 2>&1 | head -20
Codec_11,run_shell_command,1,"cd /Users/nashid/repos/qwen-cli-automation/workspace/Codec_11 && echo ""=== Running full tests ==="" && defects4j test 2>/dev/null | grep ""Failing tests"""
Codec_11,run_shell_command,1,cd /Users/nashid/repos/qwen-cli-automation/workspace/Codec_11 && git status
Codec_11,run_shell_command,1,"cd /Users/nashid/repos/qwen-cli-automation/workspace/Codec_11 && javac -cp ""target/classes:src/main/resources:target/tests:lib/junit/junit/4.12/junit-4.12.jar:lib/org/apache/commons/commons-lang3/3.8.1/commons-lang3-3.8.1.jar"" TestQuotedPrintable.java && java -cp "".:target/classes:src/main/resources:target/tests:lib/junit/junit/4.12/junit-4.12.jar:lib/org/apache/commons/commons-lang3/3.8.1/commons-lang3-3.8.1.jar"" TestQuotedPrintable"
Codec_11,run_shell_command,1,cd /Users/nashid/repos/qwen-cli-automation/workspace/Codec_11 && ls -la
Codec_11,run_shell_command,1,cd /Users/nashid/repos/qwen-cli-automation/workspace/Codec_11 && rm TestQuotedPrintable.class
Codec_11,run_shell_command,1,cd /Users/nashid/repos/qwen-cli-automation/workspace/Codec_11 && rm TestQuotedPrintable.java
Codec_11,run_shell_command,2,defects4j compile
Codec_11,run_shell_command,3,defects4j test
Codec_11,run_shell_command,1,defects4j test -t QuotedPrintableCodecTest::testSoftLineBreakDecode
Codec_11,run_shell_command,2,defects4j test -t QuotedPrintableCodecTest::testSoftLineBreakEncode
Codec_11,run_shell_command,2,"java -cp ""/Users/nashid/repos/qwen-cli-automation/workspace/Codec_11/target/classes:/Users/nashid/repos/qwen-cli-automation/workspace/Codec_11/src/main/resources:/Users/nashid/repos/qwen-cli-automation/workspace/Codec_11/target/tests:/Users/nashid/repos/defects4j/framework/projects/lib/junit-4.11.jar:/Users/nashid/repos/defects4j/framework/projects/Codec/lib/junit/junit/4.12/junit-4.12.jar:/Users/nashid/repos/defects4j/framework/projects/Codec/lib/org/apache/commons/commons-lang3/3.4/commons-lang3-3.4.jar:/Users/nashid/repos/defects4j/framework/projects/Codec/lib/org/apache/commons/commons-lang3/3.8.1/commons-lang3-3.8.1.jar:/Users/nashid/repos/defects4j/framework/projects/Codec/lib/org/hamcrest/hamcrest-core/1.3/hamcrest-core-1.3.jar"" org.junit.runner.JUnitCore org.apache.commons.codec.net.QuotedPrintableCodecTest"
Codec_11,search_file_content,1,
Codec_11,write_file,1,
Codec_12,edit,4,
Codec_12,read_file,13,
Codec_12,run_shell_command,1,./run_bug_exposing_tests.sh
Codec_12,run_shell_command,1,cd /Users/nashid/repos/qwen-cli-automation/workspace/Codec_12 && defects4j test
Codec_12,run_shell_command,1,cd /Users/nashid/repos/qwen-cli-automation/workspace/Codec_12 && git diff
Codec_12,run_shell_command,1,cd /Users/nashid/repos/qwen-cli-automation/workspace/Codec_12 && javac -cp target/classes TestSkipExample.java && java -cp target/classes:. TestSkipExample
Codec_12,run_shell_command,3,defects4j compile
Codec_12,run_shell_command,4,defects4j test
Codec_12,run_shell_command,1,defects4j test -t org.apache.commons.codec.binary.Base64InputStreamTest
Codec_12,run_shell_command,1,defects4j test -t org.apache.commons.codec.binary.Base64InputStreamTest::testSkipBig
Codec_12,run_shell_command,1,defects4j test -t org.apache.commons.codec.binary.Base64InputStreamTest::testSkipPastEnd
Codec_12,run_shell_command,1,defects4j test -t org.apache.commons.codec.binary.Base64InputStreamTest::testSkipToEnd
Codec_12,run_shell_command,1,"defects4j test -t org.apache.commons.codec.binary.Base64InputStreamTest::testSkipToEnd,org.apache.commons.codec.binary.Base64InputStreamTest::testSkipPastEnd,org.apache.commons.codec.binary.Base64InputStreamTest::testSkipBig,org.apache.commons.codec.binary.Base64InputStreamTest::testSkipWrongArgument,org.apache.commons.codec.binary.Base64InputStreamTest::testSkipNone"
Codec_12,run_shell_command,1,java -cp target/classes:target/tests:$(defects4j export -p cp.test) org.junit.runner.JUnitCore org.apache.commons.codec.binary.Base64InputStreamTest
Codec_12,search_file_content,6,
Codec_12,write_file,1,
Codec_13,edit,1,
Codec_13,glob,2,
Codec_13,read_file,4,
Codec_13,run_shell_command,1,cd /Users/nashid/repos/qwen-cli-automation/workspace/Codec_13 && ./run_bug_exposing_tests.sh
Codec_13,run_shell_command,1,cd /Users/nashid/repos/qwen-cli-automation/workspace/Codec_13 && defects4j compile
Codec_13,run_shell_command,2,cd /Users/nashid/repos/qwen-cli-automation/workspace/Codec_13 && defects4j test
Codec_13,run_shell_command,3,cd /Users/nashid/repos/qwen-cli-automation/workspace/Codec_13 && defects4j test -t DoubleMetaphoneTest::testCodec184
Codec_13,run_shell_command,1,cd /Users/nashid/repos/qwen-cli-automation/workspace/Codec_13 && defects4j test -t DoubleMetaphoneTest::testIsDoubleMetaphoneEqualBasic
Codec_13,run_shell_command,1,"cd /Users/nashid/repos/qwen-cli-automation/workspace/Codec_13 && java -cp target/classes:target/tests:$(find ~/.m2 -name ""*.jar"" | grep -E ""(junit|hamcrest)"" | head -5 | tr '\n' ':') org.junit.runner.JUnitCore org.apache.commons.codec.language.DoubleMetaphoneTest"
Codec_13,run_shell_command,3,cd /Users/nashid/repos/qwen-cli-automation/workspace/Codec_13 && javac -cp target/classes TestNPE.java && java -cp .:target/classes TestNPE
Codec_13,run_shell_command,1,cd /Users/nashid/repos/qwen-cli-automation/workspace/Codec_13 && rm TestNPE.java TestNPE.class
Codec_13,todo_write,1,
Codec_13,write_file,1,
Codec_14,edit,1,
Codec_14,glob,1,
Codec_14,list_directory,10,
Codec_14,read_file,10,
Codec_14,run_shell_command,1,cd /Users/nashid/repos/qwen-cli-automation/workspace/Codec_14 && ./run_all_tests_trace.sh
Codec_14,run_shell_command,1,cd /Users/nashid/repos/qwen-cli-automation/workspace/Codec_14 && ./run_bug_exposing_tests.sh
Codec_14,run_shell_command,1,cd /Users/nashid/repos/qwen-cli-automation/workspace/Codec_14 && defects4j compile
Codec_14,run_shell_command,1,cd /Users/nashid/repos/qwen-cli-automation/workspace/Codec_14 && defects4j compile && defects4j test
Codec_14,run_shell_command,1,"cd /Users/nashid/repos/qwen-cli-automation/workspace/Codec_14 && defects4j compile && java -cp ""target/classes:target/tests:$(defects4j export -p cp.test)"" org.junit.runner.JUnitCore org.apache.commons.codec.language.bm.PhoneticEngineRegressionTest"
Codec_14,run_shell_command,1,cd /Users/nashid/repos/qwen-cli-automation/workspace/Codec_14 && defects4j test
Codec_14,run_shell_command,2,cd /Users/nashid/repos/qwen-cli-automation/workspace/Codec_14 && defects4j test -t org.apache.commons.codec.language.bm.PhoneticEngineRegressionTest::testCompatibilityWithOriginalVersion
Codec_14,run_shell_command,1,"cd /Users/nashid/repos/qwen-cli-automation/workspace/Codec_14 && java -cp ""target/classes:target/tests:$(echo $CLASSPATH)"" org.junit.runner.JUnitCore org.apache.commons.codec.language.bm.PhoneticEngineRegressionTest"
Codec_14,run_shell_command,1,"cd /Users/nashid/repos/qwen-cli-automation/workspace/Codec_14 && javac -cp ""target/classes:src/main/resources:target/tests"" TestDebug.java && java -cp "".:target/classes:src/main/resources:target/tests"" TestDebug"
Codec_14,run_shell_command,1,"cd /Users/nashid/repos/qwen-cli-automation/workspace/Codec_14 && javac -cp ""target/classes:src/main/resources:target/tests"" TestDetailed.java && java -cp "".:target/classes:src/main/resources:target/tests"" TestDetailed"
Codec_14,run_shell_command,1,cd /Users/nashid/repos/qwen-cli-automation/workspace/Codec_14 && rm -f TestDebug.java TestDetailed.java
Codec_14,search_file_content,4,
Codec_14,todo_write,2,
Codec_14,write_file,2,
Codec_6,edit,6,
Codec_6,glob,3,
Codec_6,read_file,11,
Codec_6,run_shell_command,2,cd /Users/nashid/repos/qwen-cli-automation/workspace/Codec_6 && ./run_bug_exposing_tests.sh
Codec_6,run_shell_command,4,cd /Users/nashid/repos/qwen-cli-automation/workspace/Codec_6 && defects4j compile
Codec_6,run_shell_command,4,cd /Users/nashid/repos/qwen-cli-automation/workspace/Codec_6 && defects4j test
Codec_6,run_shell_command,5,cd /Users/nashid/repos/qwen-cli-automation/workspace/Codec_6 && defects4j test -t org.apache.commons.codec.binary.Base64InputStreamTest::testCodec101
Codec_6,run_shell_command,1,cd /Users/nashid/repos/qwen-cli-automation/workspace/Codec_6 && defects4j test -t org.apache.commons.codec.binary.Base64InputStreamTest::testCodec101 -v
Codec_6,run_shell_command,1,"cd /Users/nashid/repos/qwen-cli-automation/workspace/Codec_6 && defects4j test -t org.apache.commons.codec.binary.Base64InputStreamTest::testCodec101 2>&1 | grep -E ""(ERROR|FAIL|OK|AssertionFailed)"""
Codec_6,run_shell_command,1,cd /Users/nashid/repos/qwen-cli-automation/workspace/Codec_6 && git checkout HEAD -- src/java/org/apache/commons/codec/binary/Base64InputStream.java
Codec_6,run_shell_command,1,cd /Users/nashid/repos/qwen-cli-automation/workspace/Codec_6 && git diff
Codec_6,run_shell_command,1,cd /Users/nashid/repos/qwen-cli-automation/workspace/Codec_6 && git status
Codec_6,run_shell_command,1,"cd /Users/nashid/repos/qwen-cli-automation/workspace/Codec_6 && grep -A 50 ""public int read(byte b\[\], int offset, int len)"" src/java/org/apache/commons/codec/binary/Base64InputStream.java"
Codec_6,run_shell_command,1,cd /Users/nashid/repos/qwen-cli-automation/workspace/Codec_6 && patch -p0 < final_fix.patch
Codec_6,write_file,4,
Codec_8,edit,6,
Codec_8,glob,1,
Codec_8,read_file,19,
Codec_8,run_shell_command,1,cd /Users/nashid/repos/qwen-cli-automation/workspace/Codec_8 && ./run_bug_exposing_tests.sh
Codec_8,run_shell_command,1,cd /Users/nashid/repos/qwen-cli-automation/workspace/Codec_8 && cp src/java/org/apache/commons/codec/binary/Base64.java src/java/org/apache/commons/codec/binary/Base64.java.backup
Codec_8,run_shell_command,1,cd /Users/nashid/repos/qwen-cli-automation/workspace/Codec_8 && cp src/java/org/apache/commons/codec/binary/Base64.java src/java/org/apache/commons/codec/binary/Base64.java.fixed
Codec_8,run_shell_command,2,cd /Users/nashid/repos/qwen-cli-automation/workspace/Codec_8 && cp src/java/org/apache/commons/codec/binary/Base64.java.backup src/java/org/apache/commons/codec/binary/Base64.java
Codec_8,run_shell_command,1,cd /Users/nashid/repos/qwen-cli-automation/workspace/Codec_8 && defects4j compile
Codec_8,run_shell_command,1,cd /Users/nashid/repos/qwen-cli-automation/workspace/Codec_8 && defects4j compile && defects4j test
Codec_8,run_shell_command,2,cd /Users/nashid/repos/qwen-cli-automation/workspace/Codec_8 && defects4j compile && defects4j test -t Base64InputStreamTest::testCodec105
Codec_8,run_shell_command,3,cd /Users/nashid/repos/qwen-cli-automation/workspace/Codec_8 && defects4j test
Codec_8,run_shell_command,2,cd /Users/nashid/repos/qwen-cli-automation/workspace/Codec_8 && defects4j test -t Base64InputStreamTest::testCodec105
Codec_8,run_shell_command,1,cd /Users/nashid/repos/qwen-cli-automation/workspace/Codec_8 && git diff src/java/org/apache/commons/codec/binary/Base64.java
Codec_8,run_shell_command,1,cd /Users/nashid/repos/qwen-cli-automation/workspace/Codec_8 && patch -p0 < fix.patch
Codec_8,run_shell_command,1,cd /Users/nashid/repos/qwen-cli-automation/workspace/Codec_8 && sed -i.bak 's/if (buffer == null || buffer.length - pos < encodeSize)/if (buffer == null || buffer.length - pos < 4)/' src/java/org/apache/commons/codec/binary/Base64.java
Codec_8,search_file_content,5,
Codec_8,todo_write,1,
Codec_8,write_file,1,
Collections_25,edit,1,
Collections_25,read_file,8,
Collections_25,run_shell_command,1,cd /Users/nashid/repos/qwen-cli-automation/workspace/Collections_25 && ./run_bug_exposing_tests.sh
Collections_25,run_shell_command,1,cd /Users/nashid/repos/qwen-cli-automation/workspace/Collections_25 && defects4j compile
Collections_25,run_shell_command,2,cd /Users/nashid/repos/qwen-cli-automation/workspace/Collections_25 && defects4j test
Collections_25,run_shell_command,2,cd /Users/nashid/repos/qwen-cli-automation/workspace/Collections_25 && defects4j test -t org.apache.commons.collections4.IteratorUtilsTest::testCollatedIterator
Collections_25,run_shell_command,1,cd /Users/nashid/repos/qwen-cli-automation/workspace/Collections_25 && git diff src/main/java/org/apache/commons/collections4/iterators/CollatingIterator.java
Collections_25,run_shell_command,1,cd /Users/nashid/repos/qwen-cli-automation/workspace/Collections_25 && git status
Collections_25,search_file_content,2,
Collections_25,todo_write,1,
Compress_10,edit,3,
Compress_10,list_directory,10,
Compress_10,read_file,8,
Compress_10,run_shell_command,2,cd /Users/nashid/repos/qwen-cli-automation/workspace/Compress_10 && ./run_bug_exposing_tests.sh
Compress_10,run_shell_command,1,cd /Users/nashid/repos/qwen-cli-automation/workspace/Compress_10 && cp src/main/java/org/apache/commons/compress/archivers/zip/ZipFile.java src/main/java/org/apache/commons/compress/archivers/zip/ZipFile.java.backup
Compress_10,run_shell_command,1,cd /Users/nashid/repos/qwen-cli-automation/workspace/Compress_10 && cp src/main/java/org/apache/commons/compress/archivers/zip/ZipFile.java.backup src/main/java/org/apache/commons/compress/archivers/zip/ZipFile.java
Compress_10,run_shell_command,1,cd /Users/nashid/repos/qwen-cli-automation/workspace/Compress_10 && defects4j compile
Compress_10,run_shell_command,1,cd /Users/nashid/repos/qwen-cli-automation/workspace/Compress_10 && defects4j compile && defects4j test
Compress_10,run_shell_command,2,cd /Users/nashid/repos/qwen-cli-automation/workspace/Compress_10 && defects4j test
Compress_10,run_shell_command,1,cd /Users/nashid/repos/qwen-cli-automation/workspace/Compress_10 && defects4j test -t org.apache.commons.compress.archivers.zip.UTF8ZipFilesTest::testReadWinZipArchive
Compress_10,run_shell_command,1,cd /Users/nashid/repos/qwen-cli-automation/workspace/Compress_10 && defects4j test -t org.apache.commons.compress.archivers.zip.UTF8ZipFilesTest::testReadWinZipArchive 2>&1 | head -20
Compress_10,run_shell_command,1,"cd /Users/nashid/repos/qwen-cli-automation/workspace/Compress_10 && find . -name ""*utf8-winzip*"" -type f"
Compress_10,run_shell_command,1,"cd /Users/nashid/repos/qwen-cli-automation/workspace/Compress_10 && grep -n ""entriesWithoutUTF8Flag.containsKey"" src/main/java/org/apache/commons/compress/archivers/zip/ZipFile.java"
Compress_10,run_shell_command,1,"cd /Users/nashid/repos/qwen-cli-automation/workspace/Compress_10 && sed -i '' '/^}\\n$/i\    /**\n     * Walks through all recorded entries and adds the data available\n     * from the local file header.\n     *\n     * <p>Also records the offsets for the data to read from the\n     * entries.</p>\n     */\n    private void resolveLocalFileHeaderData(Map<ZipArchiveEntry, NameAndComment>\n                                            entriesWithoutUTF8Flag)\n        throws IOException {\n        // changing the name of a ZipArchiveEntry is going to change\n        // the hashcode - see COMPRESS-164\n        // Map needs to be reconstructed in order to keep central\n        // directory order\n        Map<ZipArchiveEntry, OffsetEntry> newEntries =\n            new LinkedHashMap<ZipArchiveEntry, OffsetEntry>(HASH_SIZE);\n        Map<String, ZipArchiveEntry> newNameMap =\n            new HashMap<String, ZipArchiveEntry>(HASH_SIZE);\n        for (ZipArchiveEntry ze : entries.keySet()) {\n            OffsetEntry offsetEntry = entries.get(ze);\n            long offset = offsetEntry.headerOffset;\n            archive.seek(offset + LFH_OFFSET_FOR_FILENAME_LENGTH);\n            byte[] b = new byte[SHORT];\n            archive.readFully(b);\n            int fileNameLen = ZipShort.getValue(b);\n            archive.readFully(b);\n            int extraFieldLen = ZipShort.getValue(b);\n            int lenToSkip = fileNameLen;\n            while (lenToSkip > 0) {\n                int skipped = archive.skipBytes(lenToSkip);\n                if (skipped <= 0) {\n                    throw new RuntimeException(\""failed to skip file name in\""\n                                               + \"" local file header\"");\n                }\n                lenToSkip -= skipped;\n            }\n            byte[] localExtraData = new byte[extraFieldLen];\n            archive.readFully(localExtraData);\n            ze.setExtra(localExtraData);\n            offsetEntry.dataOffset = offset + LFH_OFFSET_FOR_FILENAME_LENGTH\n                + SHORT + SHORT + fileNameLen + extraFieldLen;\n\n            if (entriesWithoutUTF8Flag.containsKey(ze)) {\n                String orig = ze.getName();\n                NameAndComment nc = entriesWithoutUTF8Flag.get(ze);\n                ZipUtil.setNameAndCommentFromExtraFields(ze, nc.name,\n                                                         nc.comment);\n                if (!orig.equals(ze.getName())) {\n                    newNameMap.remove(orig);\n                    newNameMap.put(ze.getName(), ze);\n                }\n            }\n            newEntries.put(ze, offsetEntry);\n        }\n        entries.clear();\n        entries.putAll(newEntries);\n        nameMap.clear();\n        nameMap.putAll(newNameMap);\n    }' src/main/java/org/apache/commons/compress/archivers/zip/ZipFile.java"
Compress_10,run_shell_command,1,"cd /Users/nashid/repos/qwen-cli-automation/workspace/Compress_10 && sed -i '' '/private void resolveLocalFileHeaderData/,/}/d' src/main/java/org/apache/commons/compress/archivers/zip/ZipFile.java"
Compress_10,run_shell_command,1,"cd /Users/nashid/repos/qwen-cli-automation/workspace/Compress_10 && sed -n '800,860p' src/main/java/org/apache/commons/compress/archivers/zip/ZipFile.java"
Compress_10,run_shell_command,1,"cd /Users/nashid/repos/qwen-cli-automation/workspace/Compress_10 && sed -n '801,857p' src/main/java/org/apache/commons/compress/archivers/zip/ZipFile.java"
Compress_10,run_shell_command,1,cd /Users/nashid/repos/qwen-cli-automation/workspace/Compress_10 && tail -20 src/main/java/org/apache/commons/compress/archivers/zip/ZipFile.java
Compress_10,search_file_content,4,
Compress_10,write_file,2,
Compress_11,edit,1,
Compress_11,read_file,8,
Compress_11,run_shell_command,1,cd /Users/nashid/repos/qwen-cli-automation/workspace/Compress_11 && ./run_all_tests_trace.sh
Compress_11,run_shell_command,1,cd /Users/nashid/repos/qwen-cli-automation/workspace/Compress_11 && ./run_bug_exposing_tests.sh
Compress_11,run_shell_command,2,cd /Users/nashid/repos/qwen-cli-automation/workspace/Compress_11 && defects4j compile
Compress_11,run_shell_command,2,cd /Users/nashid/repos/qwen-cli-automation/workspace/Compress_11 && defects4j test
Compress_11,run_shell_command,2,cd /Users/nashid/repos/qwen-cli-automation/workspace/Compress_11 && defects4j test -t org.apache.commons.compress.archivers.ArchiveStreamFactoryTest::shortTextFilesAreNoTARs
Compress_11,run_shell_command,1,cd /Users/nashid/repos/qwen-cli-automation/workspace/Compress_11 && defects4j test -t org.apache.commons.compress.archivers.TarTestCase
Compress_11,run_shell_command,1,cd /Users/nashid/repos/qwen-cli-automation/workspace/Compress_11 && defects4j test -t org.apache.commons.compress.archivers.tar.TarArchiveInputStreamTest
Compress_11,run_shell_command,1,cd /Users/nashid/repos/qwen-cli-automation/workspace/Compress_11 && defects4j test | tail -5
Compress_11,search_file_content,2,
Compress_2,edit,11,
Compress_2,list_directory,12,
Compress_2,read_file,8,
Compress_2,run_shell_command,1,./run_bug_exposing_tests.sh
Compress_2,run_shell_command,1,cd /Users/nashid/repos/qwen-cli-automation/workspace/Compress_2 && git diff HEAD
Compress_2,run_shell_command,1,cd /Users/nashid/repos/qwen-cli-automation/workspace/Compress_2 && git status
Compress_2,run_shell_command,3,defects4j compile
Compress_2,run_shell_command,5,defects4j test
Compress_2,run_shell_command,1,defects4j test -t org.apache.commons.compress.archivers.ArDebugTest::testArDeleteExact
Compress_2,run_shell_command,1,defects4j test -t org.apache.commons.compress.archivers.ArDebugTest::testArDeleteManual
Compress_2,run_shell_command,4,defects4j test -t org.apache.commons.compress.archivers.ArTestCase::testArDelete
Compress_2,run_shell_command,1,"defects4j test -t org.apache.commons.compress.archivers.ArTestCase::testArDelete && echo ""SUCCESS: The Ar archive deletion test is now working!"""
Compress_2,todo_write,1,
Compress_2,write_file,4,
Compress_20,edit,3,
Compress_20,glob,5,
Compress_20,read_file,13,
Compress_20,run_shell_command,1,./run_all_tests_trace.sh
Compress_20,run_shell_command,1,./run_bug_exposing_tests.sh
Compress_20,run_shell_command,1,cd /Users/nashid/repos/qwen-cli-automation/workspace/Compress_20 && mvn test -Dtest=CpioArchiveInputStreamTest#testCpioUnarchiveCreatedByRedlineRpm
Compress_20,run_shell_command,1,defects4j compile
Compress_20,run_shell_command,1,defects4j compile && defects4j test
Compress_20,run_shell_command,3,defects4j test
Compress_20,run_shell_command,3,defects4j test -t org.apache.commons.compress.archivers.cpio.CpioArchiveInputStreamTest::testCpioUnarchiveCreatedByRedlineRpm
Compress_20,run_shell_command,1,"echo ""Checking what the actual test does:"" && echo ""Running test in isolation..."" && defects4j test -t org.apache.commons.compress.archivers.cpio.CpioArchiveInputStreamTest::testCpioUnarchiveCreatedByRedlineRpm"
Compress_20,run_shell_command,1,git diff src/main/java/org/apache/commons/compress/archivers/cpio/CpioArchiveInputStream.java
Compress_20,run_shell_command,1,git status
Compress_20,run_shell_command,1,"grep -n -A 5 -B 5 ""CpioArchiveInputStreamTest"" /Users/nashid/repos/qwen-cli-automation/workspace/Compress_20/all_tests_trace.20251029_213021.log"
Compress_20,search_file_content,1,
Compress_22,edit,5,
Compress_22,read_file,4,
Compress_22,run_shell_command,1,./run_bug_exposing_tests.sh
Compress_22,run_shell_command,1,cd /Users/nashid/repos/qwen-cli-automation/workspace/Compress_22 && defects4j compile && defects4j test
Compress_22,run_shell_command,1,cd /Users/nashid/repos/qwen-cli-automation/workspace/Compress_22 && defects4j test -t org.apache.commons.compress.compressors.bzip2.PythonTruncatedBzip2Test::testPartialReadTruncatedData -v
Compress_22,run_shell_command,1,cd /Users/nashid/repos/qwen-cli-automation/workspace/Compress_22 && defects4j test -t org.apache.commons.compress.compressors.bzip2.PythonTruncatedBzip2Test::testPartialReadTruncatedData 2>&1 | head -20
Compress_22,run_shell_command,1,"cd /Users/nashid/repos/qwen-cli-automation/workspace/Compress_22 && java -cp target/classes:target/test-classes:$(find lib -name ""*.jar"" | grep -E ""(junit|hamcrest)"" | tr '\n' ':') org.junit.runner.JUnitCore org.apache.commons.compress.compressors.bzip2.PythonTruncatedBzip2Test"
Compress_22,run_shell_command,1,cd /Users/nashid/repos/qwen-cli-automation/workspace/Compress_22 && java -cp target/classes:target/test-classes:lib/junit/junit/4.11/junit-4.11.jar:lib/org/hamcrest/hamcrest-core/1.3/hamcrest-core-1.3.jar org.junit.runner.JUnitCore org.apache.commons.compress.compressors.bzip2.PythonTruncatedBzip2Test
Compress_22,run_shell_command,1,defects4j compile
Compress_22,run_shell_command,1,defects4j test
Compress_22,run_shell_command,1,defects4j test -t org.apache.commons.compress.compressors.bzip2.PythonTruncatedBzip2Test::testPartialReadTruncatedData
Compress_22,search_file_content,2,
Compress_22,todo_write,2,
Compress_22,write_file,1,
Compress_29,edit,6,
Compress_29,list_directory,9,
Compress_29,read_file,10,
Compress_29,run_shell_command,1,./run_bug_exposing_tests.sh
Compress_29,run_shell_command,1,"cd /Users/nashid/repos/qwen-cli-automation/workspace/Compress_29 && java -cp target/classes:target/test-classes:$(find . -name ""*.jar"" | head -5 | tr '\n' ':') org.junit.runner.JUnitCore org.apache.commons.compress.archivers.ArchiveStreamFactoryTest"
Compress_29,run_shell_command,1,cd /Users/nashid/repos/qwen-cli-automation/workspace/Compress_29 && ls -la target/
Compress_29,run_shell_command,1,"cd /Users/nashid/repos/qwen-cli-automation/workspace/Compress_29 && python -c ""
import subprocess
import sys

# Run the failing test and capture output
result = subprocess.run([sys.executable, '-m', 'unittest', 'org.apache.commons.compress.archivers.ArchiveStreamFactoryTest.testEncodingInputStream'], 
                        capture_output=True, text=True, cwd='.')
print('Return code:', result.returncode)
print('STDOUT:', result.stdout)
print('STDERR:', result.stderr)
"""
Compress_29,run_shell_command,1,cp /Users/nashid/repos/qwen-cli-automation/workspace/Compress_29/src/main/java/org/apache/commons/compress/archivers/ArchiveStreamFactory.java /Users/nashid/repos/qwen-cli-automation/workspace/Compress_29/src/main/java/org/apache/commons/compress/archivers/ArchiveStreamFactory.java.backup
Compress_29,run_shell_command,2,defects4j compile
Compress_29,run_shell_command,2,defects4j test
Compress_29,run_shell_command,2,defects4j test -t org.apache.commons.compress.archivers.ArchiveStreamFactoryTest::testEncodingInputStream
Compress_29,run_shell_command,1,defects4j test -v
Compress_29,run_shell_command,1,"grep -n ""JAR.equalsIgnoreCase"" /Users/nashid/repos/qwen-cli-automation/workspace/Compress_29/src/main/java/org/apache/commons/compress/archivers/ArchiveStreamFactory.java"
Compress_29,search_file_content,1,
Compress_29,todo_write,3,
Compress_29,write_file,1,
Compress_33,edit,3,
Compress_33,glob,1,
Compress_33,list_directory,1,
Compress_33,read_file,10,
Compress_33,run_shell_command,1,./run_all_tests_trace.sh
Compress_33,run_shell_command,1,./run_bug_exposing_tests.sh
Compress_33,run_shell_command,1,defects4j compile
Compress_33,run_shell_command,2,defects4j test
Compress_33,run_shell_command,2,defects4j test -t org.apache.commons.compress.compressors.DetectCompressorTestCase::testDetection
Compress_33,run_shell_command,1,file ./src/test/resources/bla.tar.deflatez
Compress_33,run_shell_command,1,"find . -name ""*deflatez*"" -o -name ""*bla.tar.deflatez*"""
Compress_33,run_shell_command,1,git diff
Compress_33,run_shell_command,1,"grep -A 20 ""DetectCompressorTestCase"" /Users/nashid/repos/qwen-cli-automation/workspace/Compress_33/all_tests_trace.20251029_214420.log"
Compress_33,run_shell_command,1,"grep -A 5 -B 5 ""matches("" /Users/nashid/repos/qwen-cli-automation/workspace/Compress_33/src/main/java/org/apache/commons/compress/compressors/bzip2/BZip2CompressorInputStream.java"
Compress_33,run_shell_command,1,"grep -n ""matches"" /Users/nashid/repos/qwen-cli-automation/workspace/Compress_33/src/main/java/org/apache/commons/compress/compressors/deflate/DeflateCompressorInputStream.java"
Compress_33,run_shell_command,1,"grep -n ""public static boolean matches"" /Users/nashid/repos/qwen-cli-automation/workspace/Compress_33/src/main/java/org/apache/commons/compress/compressors/bzip2/BZip2CompressorInputStream.java"
Compress_33,run_shell_command,1,"grep -n ""public static boolean matches"" /Users/nashid/repos/qwen-cli-automation/workspace/Compress_33/src/main/java/org/apache/commons/compress/compressors/gzip/GzipCompressorInputStream.java"
Compress_33,run_shell_command,1,"grep -r ""matches"" /Users/nashid/repos/qwen-cli-automation/workspace/Compress_33/src/main/java/org/apache/commons/compress/compressors/deflate/"
Compress_33,search_file_content,1,
Compress_34,edit,11,
Compress_34,read_file,6,
Compress_34,run_shell_command,1,./run_all_tests_trace.sh
Compress_34,run_shell_command,1,./run_bug_exposing_tests.sh
Compress_34,run_shell_command,2,defects4j compile
Compress_34,run_shell_command,3,defects4j compile && defects4j test
Compress_34,run_shell_command,3,defects4j test
Compress_34,run_shell_command,1,"defects4j test && echo ""SUCCESS: All tests pass"" || echo ""FAILURE: Tests did not pass"""
Compress_34,run_shell_command,1,defects4j test -t org.apache.commons.compress.archivers.zip.X7875_NewUnixTest
Compress_34,run_shell_command,3,defects4j test -t org.apache.commons.compress.archivers.zip.X7875_NewUnixTest::testParseReparse
Compress_34,run_shell_command,1,git diff src/main/java/org/apache/commons/compress/archivers/zip/X7875_NewUnix.java
Compress_34,run_shell_command,1,git status
Compress_34,run_shell_command,1,java -cp /Users/nashid/repos/defects4j/framework/projects/Compress/lib/junit/junit/4.12/junit-4.12.jar:/Users/nashid/repos/defects4j/framework/projects/Compress/lib/org/hamcrest/hamcrest-core/1.3/hamcrest-core-1.3.jar:/Users/nashid/repos/defects4j/framework/projects/Compress/lib/org/tukaani/xz/1.5/xz-1.5.jar:/Users/nashid/repos/qwen-cli-automation/workspace/Compress_34/target/classes:/Users/nashid/repos/qwen-cli-automation/workspace/Compress_34/target/test-classes org.junit.runner.JUnitCore org.apache.commons.compress.archivers.zip.X7875_NewUnixTest
Compress_34,run_shell_command,2,"javac -cp ""target/classes:target/test-classes:/Users/nashid/repos/defects4j/framework/projects/Compress/lib/*"" TestBugFix.java && java -cp "".:target/classes:target/test-classes:/Users/nashid/repos/defects4j/framework/projects/Compress/lib/*"" TestBugFix"
Compress_34,run_shell_command,3,"javac -cp ""target/classes:target/test-classes:/Users/nashid/repos/defects4j/framework/projects/Compress/lib/*"" TestFix.java && java -cp "".:target/classes:target/test-classes:/Users/nashid/repos/defects4j/framework/projects/Compress/lib/*"" TestFix"
Compress_34,run_shell_command,1,ls -la logs/
Compress_34,search_file_content,2,
Compress_34,todo_write,5,
Compress_34,write_file,3,
Compress_35,edit,2,
Compress_35,glob,1,
Compress_35,read_file,6,
Compress_35,run_shell_command,2,./run_bug_exposing_tests.sh
Compress_35,run_shell_command,1,cd /Users/nashid/repos/qwen-cli-automation/workspace/Compress_35 && ant test -Dtestcase=org.apache.commons.compress.DetectArchiverTestCase::testCOMPRESS335
Compress_35,run_shell_command,1,cd /Users/nashid/repos/qwen-cli-automation/workspace/Compress_35 && git diff
Compress_35,run_shell_command,1,"cd /Users/nashid/repos/qwen-cli-automation/workspace/Compress_35 && java -cp target/classes:target/test-classes org.junit.runner.JUnitCore org.apache.commons.compress.DetectArchiverTestCase::testCOMPRESS335 2>&1 | grep -A 10 -B 10 ""testCOMPRESS335"""
Compress_35,run_shell_command,1,"cd /Users/nashid/repos/qwen-cli-automation/workspace/Compress_35 && javac -cp ""target/classes:target/test-classes"" DebugChecksumTest.java && java -cp "".:target/classes:target/test-classes"" DebugChecksumTest"
Compress_35,run_shell_command,1,"cd /Users/nashid/repos/qwen-cli-automation/workspace/Compress_35 && javac -cp ""target/classes:target/test-classes"" DebugChecksumTest.java && java -cp ""target/classes:target/test-classes:."" DebugChecksumTest"
Compress_35,run_shell_command,2,defects4j compile
Compress_35,run_shell_command,3,defects4j test
Compress_35,run_shell_command,2,defects4j test -t org.apache.commons.compress.DetectArchiverTestCase::testCOMPRESS335
Compress_35,run_shell_command,1,"find . -name ""*Test*.java"" | xargs grep -l ""COMPRESS335\|checksum"""
Compress_35,run_shell_command,1,"find . -name ""COMPRESS-335.tar"" -type f"
Compress_35,run_shell_command,1,"find src -name ""*Test.java"" | head -10"
Compress_35,run_shell_command,1,"find src -type f -name ""*.java"" | head -20"
Compress_35,run_shell_command,1,"hexdump -C src/test/resources/COMPRESS-335.tar | grep -A 3 -B 3 ""30 30 31 36 30 35 35"""
Compress_35,run_shell_command,1,hexdump -C src/test/resources/COMPRESS-335.tar | head -15
Compress_35,run_shell_command,1,hexdump -C src/test/resources/COMPRESS-335.tar | head -20
Compress_35,run_shell_command,1,ls -la
Compress_35,run_shell_command,1,ls -la src/test/resources/ | grep -i compress
Compress_35,run_shell_command,1,rm /Users/nashid/repos/qwen-cli-automation/workspace/Compress_35/DebugChecksumTest.java
Compress_35,search_file_content,1,
Compress_35,todo_write,2,
Compress_35,write_file,1,
Compress_39,edit,1,
Compress_39,read_file,4,
Compress_39,run_shell_command,1,./run_all_tests_trace.sh
Compress_39,run_shell_command,1,./run_bug_exposing_tests.sh
Compress_39,run_shell_command,1,cd /Users/nashid/repos/qwen-cli-automation/workspace/Compress_39 && java -cp target/classes:target/test-classes org.junit.runner.JUnitCore org.apache.commons.compress.ArchiveUtilsTest
Compress_39,run_shell_command,2,cd /Users/nashid/repos/qwen-cli-automation/workspace/Compress_39 && javac -cp target/classes TestSanitize.java && java -cp target/classes:. TestSanitize
Compress_39,run_shell_command,1,cd /Users/nashid/repos/qwen-cli-automation/workspace/Compress_39 && rm TestSanitize.java TestSanitize.class
Compress_39,run_shell_command,1,defects4j compile
Compress_39,run_shell_command,2,defects4j test
Compress_39,run_shell_command,1,defects4j test -t org.apache.commons.compress.ArchiveUtilsTest::sanitizeShortensString
Compress_39,run_shell_command,1,git status
Compress_39,search_file_content,2,
Compress_39,write_file,2,
Compress_4,edit,15,
Compress_4,read_file,14,
Compress_4,run_shell_command,1,./run_all_tests_trace.sh
Compress_4,run_shell_command,1,./run_bug_exposing_tests.sh
Compress_4,run_shell_command,2,defects4j compile
Compress_4,run_shell_command,1,defects4j test
Compress_4,run_shell_command,1,defects4j test -t org.apache.commons.compress.archivers.jar.JarArchiveOutputStreamTest
Compress_4,run_shell_command,1,"find /Users/nashid/repos/qwen-cli-automation/workspace/Compress_4/src -name ""*.java"" -exec grep -l ""extends ArchiveOutputStream"" {} \;"
Compress_4,run_shell_command,1,"grep -n ""public void finish"" /Users/nashid/repos/qwen-cli-automation/workspace/Compress_4/src/main/java/org/apache/commons/compress/compressors/bzip2/BZip2CompressorOutputStream.java"
Compress_4,run_shell_command,1,"grep -n -A 20 ""public void finish"" /Users/nashid/repos/qwen-cli-automation/workspace/Compress_4/src/main/java/org/apache/commons/compress/compressors/bzip2/BZip2CompressorOutputStream.java"
Compress_4,search_file_content,7,
Compress_4,write_file,2,
Compress_40,edit,5,
Compress_40,read_file,9,
Compress_40,run_shell_command,2,cd /Users/nashid/repos/qwen-cli-automation/workspace/Compress_40 && ./run_bug_exposing_tests.sh
Compress_40,run_shell_command,2,cd /Users/nashid/repos/qwen-cli-automation/workspace/Compress_40 && defects4j compile
Compress_40,run_shell_command,3,cd /Users/nashid/repos/qwen-cli-automation/workspace/Compress_40 && defects4j test
Compress_40,run_shell_command,4,cd /Users/nashid/repos/qwen-cli-automation/workspace/Compress_40 && defects4j test -t BitInputStreamTest::littleEndianWithOverflow
Compress_40,run_shell_command,1,cd /Users/nashid/repos/qwen-cli-automation/workspace/Compress_40 && git checkout HEAD -- src/main/java/org/apache/commons/compress/utils/BitInputStream.java
Compress_40,run_shell_command,1,cd /Users/nashid/repos/qwen-cli-automation/workspace/Compress_40 && git diff
Compress_40,run_shell_command,1,cd /Users/nashid/repos/qwen-cli-automation/workspace/Compress_40 && git stash
Compress_40,run_shell_command,1,cd /Users/nashid/repos/qwen-cli-automation/workspace/Compress_40 && git stash pop
Compress_40,run_shell_command,1,cd /Users/nashid/repos/qwen-cli-automation/workspace/Compress_40 && git status
Compress_40,run_shell_command,1,cd /Users/nashid/repos/qwen-cli-automation/workspace/Compress_40 && javac TestOverflow.java && java TestOverflow
Compress_40,run_shell_command,1,cd /Users/nashid/repos/qwen-cli-automation/workspace/Compress_40 && javac debug_test.java && java debug_test
Compress_40,search_file_content,1,
Compress_40,write_file,2,
Compress_42,edit,1,
Compress_42,glob,3,
Compress_42,read_file,5,
Compress_42,run_shell_command,1,./run_all_tests_trace.sh
Compress_42,run_shell_command,1,./run_bug_exposing_tests.sh
Compress_42,run_shell_command,2,defects4j compile
Compress_42,run_shell_command,2,defects4j test
Compress_42,search_file_content,2,
Compress_43,edit,3,
Compress_43,glob,1,
Compress_43,read_file,7,
Compress_43,run_shell_command,1,./run_all_tests_trace.sh
Compress_43,run_shell_command,1,"./run_all_tests_trace.sh | grep -A 20 -B 5 ""doesntWriteDataDescriptorWhenAddingRawEntries"""
Compress_43,run_shell_command,1,./run_bug_exposing_tests.sh
Compress_43,run_shell_command,1,defects4j compile
Compress_43,run_shell_command,2,defects4j test
Compress_43,run_shell_command,2,defects4j test -t org.apache.commons.compress.archivers.zip.DataDescriptorTest::doesntWriteDataDescriptorWhenAddingRawEntries
Compress_43,run_shell_command,1,"grep -n ""usesDataDescriptor"" /Users/nashid/repos/qwen-cli-automation/workspace/Compress_43/src/main/java/org/apache/commons/compress/archivers/zip/ZipArchiveOutputStream.java"
Compress_43,search_file_content,3,
Compress_47,edit,5,
Compress_47,read_file,12,
Compress_47,run_shell_command,2,./run_bug_exposing_tests.sh
Compress_47,run_shell_command,5,defects4j compile
Compress_47,run_shell_command,4,defects4j test
Compress_47,run_shell_command,4,defects4j test -t org.apache.commons.compress.archivers.zip.ZipArchiveInputStreamTest::properlyMarksEntriesAsUnreadableIfUncompressedSizeIsUnknown
Compress_47,run_shell_command,1,"find . -name ""*test*"" -type f | head -10"
Compress_47,run_shell_command,2,"javac -cp ""target/classes:target/test-classes"" TestCanReadEntryData.java && java -cp "".:target/classes:target/test-classes"" TestCanReadEntryData"
Compress_47,run_shell_command,1,ls -la
Compress_47,run_shell_command,1,rm TestCanReadEntryData.java TestCanReadEntryData.class
Compress_47,search_file_content,6,
Compress_47,todo_write,1,
Compress_47,write_file,1,
Compress_6,edit,2,
Compress_6,glob,2,
Compress_6,read_file,5,
Compress_6,run_shell_command,1,./run_bug_exposing_tests.sh
Compress_6,run_shell_command,1,defects4j compile && defects4j test
Compress_6,run_shell_command,2,defects4j test
Compress_6,run_shell_command,1,"find /Users/nashid/.sdkman -name ""java*"" -type d | head -5"
Compress_6,todo_write,2,
Compress_9,edit,7,
Compress_9,list_directory,17,
Compress_9,read_file,10,
Compress_9,run_shell_command,2,cd /Users/nashid/repos/qwen-cli-automation/workspace/Compress_9 && ./run_bug_exposing_tests.sh
Compress_9,run_shell_command,1,cd /Users/nashid/repos/qwen-cli-automation/workspace/Compress_9 && cat bug_triggering_tests.20251029_211354.log
Compress_9,run_shell_command,1,cd /Users/nashid/repos/qwen-cli-automation/workspace/Compress_9 && cp src/main/java/org/apache/commons/compress/archivers/tar/TarArchiveOutputStream.java src/main/java/org/apache/commons/compress/archivers/tar/TarArchiveOutputStream.java.backup
Compress_9,run_shell_command,1,cd /Users/nashid/repos/qwen-cli-automation/workspace/Compress_9 && cp src/main/java/org/apache/commons/compress/archivers/tar/TarArchiveOutputStream.java.backup src/main/java/org/apache/commons/compress/archivers/tar/TarArchiveOutputStream.java
Compress_9,run_shell_command,4,cd /Users/nashid/repos/qwen-cli-automation/workspace/Compress_9 && defects4j compile
Compress_9,run_shell_command,2,cd /Users/nashid/repos/qwen-cli-automation/workspace/Compress_9 && defects4j test
Compress_9,run_shell_command,3,cd /Users/nashid/repos/qwen-cli-automation/workspace/Compress_9 && defects4j test -t org.apache.commons.compress.archivers.tar.TarArchiveOutputStreamTest::testCount
Compress_9,run_shell_command,1,"cd /Users/nashid/repos/qwen-cli-automation/workspace/Compress_9 && defects4j test 2>&1 | grep ""Failing tests"""
Compress_9,run_shell_command,1,cd /Users/nashid/repos/qwen-cli-automation/workspace/Compress_9 && defects4j test 2>&1 | head -20
Compress_9,run_shell_command,1,"cd /Users/nashid/repos/qwen-cli-automation/workspace/Compress_9 && javac -cp ""target/classes:target/test-classes"" SimpleTest.java && java -cp "".:target/classes:target/test-classes"" SimpleTest"
Compress_9,run_shell_command,1,"cd /Users/nashid/repos/qwen-cli-automation/workspace/Compress_9 && javac -cp ""target/classes:target/test-classes"" TestFix.java && java -cp "".:target/classes:target/test-classes"" TestFix"
Compress_9,run_shell_command,1,cd /Users/nashid/repos/qwen-cli-automation/workspace/Compress_9 && mv fix_tar_output_stream.java src/main/java/org/apache/commons/compress/archivers/tar/TarArchiveOutputStream.java
Compress_9,run_shell_command,1,"cd /Users/nashid/repos/qwen-cli-automation/workspace/Compress_9 && perl -pi -e 's/throw new IOException\\(""request to write \\'\\'' + numToWrite + \\'\\'' bytes exceeds size in header of \\'\\'' + currSize + \\'\\'' bytes for entry \\'\\'' + currName + \\'\\''\\n"");/throw new IOException\\(""request to write \\'\\'' + numToWrite + \\'\\'' bytes exceeds size in header of \\'\\'' + currSize + \\'\\'' bytes for entry \\'\\'' + currName + \\'\\''"");/' src/main/java/org/apache/commons/compress/archivers/tar/TarArchiveOutputStream.java"
Compress_9,run_shell_command,1,"cd /Users/nashid/repos/qwen-cli-automation/workspace/Compress_9 && sed -i.bak 's/throw new IOException(""request to write '\''"" + numToWrite + ""'\'' bytes exceeds size in header of '\''"" + currSize + ""'\'' bytes for entry '\''"" + currName + ""'\'""\n"");/throw new IOException(""request to write '\''"" + numToWrite + ""'\'' bytes exceeds size in header of '\''"" + currSize + ""'\'' bytes for entry '\''"" + currName + ""'\'"");/' src/main/java/org/apache/commons/compress/archivers/tar/TarArchiveOutputStream.java"
Compress_9,run_shell_command,1,"cd /Users/nashid/repos/qwen-cli-automation/workspace/Compress_9 && sed -n '280,320p' src/main/java/org/apache/commons/compress/archivers/tar/TarArchiveOutputStream.java"
Compress_9,run_shell_command,1,"cd /Users/nashid/repos/qwen-cli-automation/workspace/Compress_9 && sed -n '320,340p' src/main/java/org/apache/commons/compress/archivers/tar/TarArchiveOutputStream.java"
Compress_9,todo_write,1,
Compress_9,write_file,4,
Csv_13,edit,3,
Csv_13,glob,3,
Csv_13,read_file,10,
Csv_13,run_shell_command,1,./run_all_tests_trace.sh
Csv_13,run_shell_command,2,./run_bug_exposing_tests.sh
Csv_13,run_shell_command,1,defects4j compile
Csv_13,run_shell_command,2,defects4j test
Csv_13,run_shell_command,2,defects4j test -t org.apache.commons.csv.CSVPrinterTest::testMySqlNullOutput
Csv_13,run_shell_command,1,defects4j test -t org.apache.commons.csv.CSVPrinterTest::testMySqlNullStringDefault
Csv_13,run_shell_command,1,"grep -n ""private void printAndEscape"" /Users/nashid/repos/qwen-cli-automation/workspace/Csv_13/src/main/java/org/apache/commons/csv/CSVPrinter.java"
Csv_13,run_shell_command,1,"java -cp "".:target/classes:target/test-classes"" TestNullStringFix"
Csv_13,run_shell_command,1,"javac -cp ""target/classes:target/test-classes"" TestNullStringFix.java"
Csv_13,run_shell_command,1,rm TestNullStringFix.java TestNullStringFix.class
Csv_13,run_shell_command,1,"sed -n '153,180p' /Users/nashid/repos/qwen-cli-automation/workspace/Csv_13/src/main/java/org/apache/commons/csv/CSVPrinter.java"
Csv_13,run_shell_command,1,"sed -n '180,185p' /Users/nashid/repos/qwen-cli-automation/workspace/Csv_13/src/main/java/org/apache/commons/csv/CSVPrinter.java"
Csv_13,run_shell_command,1,"sed -n '185,187p' /Users/nashid/repos/qwen-cli-automation/workspace/Csv_13/src/main/java/org/apache/commons/csv/CSVPrinter.java"
Csv_13,search_file_content,1,
Csv_13,todo_write,1,
Csv_13,write_file,1,
Csv_16,edit,8,
Csv_16,glob,3,
Csv_16,read_file,8,
Csv_16,run_shell_command,1,./run_bug_exposing_tests.sh
Csv_16,run_shell_command,1,"cd /Users/nashid/repos/qwen-cli-automation/workspace/Csv_16 && java -cp ""target/classes:target/test-classes:lib/*"" org.junit.runner.JUnitCore org.apache.commons.csv.CSVParserTest"
Csv_16,run_shell_command,1,"cd /Users/nashid/repos/qwen-cli-automation/workspace/Csv_16 && java -cp target/classes:target/test-classes:$(find lib -name ""*.jar"" | tr '\n' ':') org.junit.runner.JUnitCore org.apache.commons.csv.CSVParserTest::testIteratorSequenceBreaking"
Csv_16,run_shell_command,1,"cd /Users/nashid/repos/qwen-cli-automation/workspace/Csv_16 && javac -cp ""target/classes:lib/*"" TestBugReproduction.java && java -cp "".:target/classes:lib/*"" TestBugReproduction"
Csv_16,run_shell_command,2,"cd /Users/nashid/repos/qwen-cli-automation/workspace/Csv_16 && javac -cp ""target/classes:target/test-classes:lib/*"" TestBugReproduction.java && java -cp "".:target/classes:target/test-classes:lib/*"" TestBugReproduction"
Csv_16,run_shell_command,1,cd /Users/nashid/repos/qwen-cli-automation/workspace/Csv_16 && javac -d target/classes src/main/java/org/apache/commons/csv/*.java
Csv_16,run_shell_command,1,cd /Users/nashid/repos/qwen-cli-automation/workspace/Csv_16 && mvn compile -q
Csv_16,run_shell_command,1,defects4j compile && defects4j test -t org.apache.commons.csv.CSVParserTest::testIteratorSequenceBreaking 2>&1
Csv_16,run_shell_command,1,defects4j test
Csv_16,run_shell_command,1,defects4j test -t org.apache.commons.csv.CSVParserTest::testIteratorSequenceBreaking
Csv_16,run_shell_command,1,"find . -name ""*Test*.java"" -type f"
Csv_16,todo_write,2,
Csv_16,write_file,1,
Csv_7,edit,4,
Csv_7,list_directory,13,
Csv_7,read_file,10,
Csv_7,run_shell_command,1,cd /Users/nashid/repos/qwen-cli-automation/workspace/Csv_7 && ./run_bug_exposing_tests.sh
Csv_7,run_shell_command,2,cd /Users/nashid/repos/qwen-cli-automation/workspace/Csv_7 && defects4j compile
Csv_7,run_shell_command,1,cd /Users/nashid/repos/qwen-cli-automation/workspace/Csv_7 && defects4j compile && defects4j test -t org.apache.commons.csv.DuplicateHeadersTest
Csv_7,run_shell_command,3,cd /Users/nashid/repos/qwen-cli-automation/workspace/Csv_7 && defects4j test
Csv_7,run_shell_command,2,cd /Users/nashid/repos/qwen-cli-automation/workspace/Csv_7 && defects4j test -t org.apache.commons.csv.CSVParserTest::testDuplicateHeaderEntries
Csv_7,run_shell_command,1,cd /Users/nashid/repos/qwen-cli-automation/workspace/Csv_7 && defects4j test -t org.apache.commons.csv.CSVParserTest::testDuplicateHeaderEntries 2>&1
Csv_7,run_shell_command,1,"cd /Users/nashid/repos/qwen-cli-automation/workspace/Csv_7 && grep -A 5 -B 5 ""testDuplicateHeaderEntries"" src/test/java/org/apache/commons/csv/CSVParserTest.java"
Csv_7,run_shell_command,1,"cd /Users/nashid/repos/qwen-cli-automation/workspace/Csv_7 && grep -n ""initializeHeader"" src/main/java/org/apache/commons/csv/CSVParser.java"
Csv_7,run_shell_command,1,cd /Users/nashid/repos/qwen-cli-automation/workspace/Csv_7 && java -cp target/classes:target/test-classes org.junit.runner.JUnitCore org.apache.commons.csv.CSVParserTest
Csv_7,search_file_content,1,
Csv_7,todo_write,1,
Csv_7,write_file,2,
Csv_8,edit,1,
Csv_8,glob,1,
Csv_8,read_file,5,
Csv_8,run_shell_command,1,./run_all_tests_trace.sh
Csv_8,run_shell_command,1,./run_bug_exposing_tests.sh
Csv_8,run_shell_command,1,defects4j compile
Csv_8,run_shell_command,1,defects4j test
Csv_8,run_shell_command,1,defects4j test -t CSVFormatTest::testDuplicateHeaderElements
Gson_1,edit,5,
Gson_1,glob,1,
Gson_1,read_file,12,
Gson_1,run_shell_command,1,./run_all_tests_trace.sh
Gson_1,run_shell_command,1,./run_bug_exposing_tests.sh
Gson_1,run_shell_command,1,cd /Users/nashid/repos/qwen-cli-automation/workspace/Gson_1 && ./run_all_tests_trace.sh
Gson_1,run_shell_command,2,cd /Users/nashid/repos/qwen-cli-automation/workspace/Gson_1 && defects4j compile
Gson_1,run_shell_command,1,cd /Users/nashid/repos/qwen-cli-automation/workspace/Gson_1 && defects4j test
Gson_1,run_shell_command,1,cd /Users/nashid/repos/qwen-cli-automation/workspace/Gson_1 && defects4j test -t TypeVariableTest
Gson_1,run_shell_command,2,cd /Users/nashid/repos/qwen-cli-automation/workspace/Gson_1 && defects4j test -t com.google.gson.functional.TypeVariableTest
Gson_1,run_shell_command,1,cd /Users/nashid/repos/qwen-cli-automation/workspace/Gson_1 && defects4j test 2>&1 | tail -10
Gson_1,run_shell_command,1,"cd /Users/nashid/repos/qwen-cli-automation/workspace/Gson_1 && grep -A20 ""Running com.google.gson.functional.TypeVariableTest"" all_tests_trace.20251029_225851.log"
Gson_1,search_file_content,1,
Gson_1,todo_write,1,
Gson_3,edit,3,
Gson_3,glob,5,
Gson_3,read_file,10,
Gson_3,run_shell_command,1,./run_all_tests_trace.sh
Gson_3,run_shell_command,2,./run_bug_exposing_tests.sh
Gson_3,run_shell_command,3,defects4j compile
Gson_3,run_shell_command,3,defects4j test
Gson_3,run_shell_command,1,defects4j test -t com.google.gson.functional.MapTest::testConcurrentNavigableMap
Gson_3,search_file_content,2,
Gson_3,write_file,1,
Gson_4,edit,9,
Gson_4,glob,4,
Gson_4,read_file,20,
Gson_4,run_shell_command,1,./run_all_tests_trace.sh
Gson_4,run_shell_command,1,./run_bug_exposing_tests.sh
Gson_4,run_shell_command,1,cd /Users/nashid/repos/qwen-cli-automation/workspace/Gson_4 && git checkout -- gson/src/main/java/com/google/gson/stream/JsonReader.java gson/src/main/java/com/google/gson/stream/JsonWriter.java
Gson_4,run_shell_command,1,cd /Users/nashid/repos/qwen-cli-automation/workspace/Gson_4 && patch -p0 < fix.patch
Gson_4,run_shell_command,3,defects4j compile
Gson_4,run_shell_command,5,defects4j test
Gson_4,run_shell_command,1,defects4j test -t com.google.gson.stream.JsonReaderTest::testTopLevelValueTypeWithSkipValue
Gson_4,run_shell_command,2,defects4j test -t com.google.gson.stream.JsonReaderTest::testTopLevelValueTypes
Gson_4,run_shell_command,1,"defects4j test -t com.google.gson.stream.JsonReaderTest::testTopLevelValueTypes && echo ""JsonReader::testTopLevelValueTypes: PASSED"" || echo ""JsonReader::testTopLevelValueTypes: FAILED"""
Gson_4,run_shell_command,1,defects4j test -t com.google.gson.stream.JsonWriterTest::testTopLevelValueTypes
Gson_4,run_shell_command,1,git checkout -- gson/src/main/java/com/google/gson/stream/JsonReader.java
Gson_4,run_shell_command,1,git checkout -- gson/src/main/java/com/google/gson/stream/JsonWriter.java
Gson_4,run_shell_command,1,"grep -A 30 -B 5 ""testTopLevelValueTypes"" /Users/nashid/repos/qwen-cli-automation/workspace/Gson_4/gson/src/test/java/com/google/gson/stream/JsonReaderTest.java"
Gson_4,run_shell_command,1,"grep -n ""checkLenient"" /Users/nashid/repos/qwen-cli-automation/workspace/Gson_4/gson/src/main/java/com/google/gson/stream/JsonReader.java | head -10"
Gson_4,run_shell_command,1,"grep -n 'case \""' /Users/nashid/repos/qwen-cli-automation/workspace/Gson_4/gson/src/main/java/com/google/gson/stream/JsonReader.java"
Gson_4,run_shell_command,1,"grep -n 'case \\\\\\\""' /Users/nashid/repos/qwen-cli-automation/workspace/Gson_4/gson/src/main/java/com/google/gson/stream/JsonReader.java"
Gson_4,run_shell_command,1,"sed -n '560,590p' /Users/nashid/repos/qwen-cli-automation/workspace/Gson_4/gson/src/main/java/com/google/gson/stream/JsonReader.java"
Gson_4,search_file_content,1,
Gson_4,todo_write,2,
Gson_4,write_file,2,
Gson_7,edit,2,
Gson_7,read_file,16,
Gson_7,run_shell_command,1,./run_bug_exposing_tests.sh
Gson_7,run_shell_command,1,cd gson && ant test
Gson_7,run_shell_command,1,cd gson && javac -cp target/classes:target/test-classes src/test/java/com/google/gson/functional/MapTest.java src/test/java/com/google/gson/stream/JsonReaderTest.java
Gson_7,run_shell_command,1,defects4j compile
Gson_7,run_shell_command,4,defects4j test
Gson_7,run_shell_command,1,defects4j test -t com.google.gson.functional.MapTest::testMapDeserializationWithUnquotedIntegerKeys
Gson_7,run_shell_command,2,defects4j test -t com.google.gson.functional.MapTest::testMapDeserializationWithUnquotedLongKeys
Gson_7,run_shell_command,1,"defects4j test -t com.google.gson.functional.MapTest::testMapDeserializationWithUnquotedLongKeys 2>&1 | grep -A 20 -B 5 ""ERROR\|FAILURE"""
Gson_7,run_shell_command,1,defects4j test -t com.google.gson.stream.JsonReaderTest::testPeekingUnquotedStringsPrefixedWithIntegers
Gson_7,search_file_content,9,
Gson_8,edit,10,
Gson_8,read_file,7,
Gson_8,run_shell_command,1,./run_all_tests_trace.sh
Gson_8,run_shell_command,1,./run_bug_exposing_tests.sh
Gson_8,run_shell_command,1,"cd /Users/nashid/repos/qwen-cli-automation/workspace/Gson_8 && ./run_all_tests_trace.sh 2>&1 | grep -A 20 -B 5 ""UnsafeAllocatorInstantiationTest"""
Gson_8,run_shell_command,4,cd /Users/nashid/repos/qwen-cli-automation/workspace/Gson_8 && defects4j compile
Gson_8,run_shell_command,4,cd /Users/nashid/repos/qwen-cli-automation/workspace/Gson_8 && defects4j test
Gson_8,run_shell_command,2,cd /Users/nashid/repos/qwen-cli-automation/workspace/Gson_8 && defects4j test -t com.google.gson.internal.UnsafeAllocatorInstantiationTest
Gson_8,run_shell_command,1,cd /Users/nashid/repos/qwen-cli-automation/workspace/Gson_8 && defects4j test -t com.google.gson.internal.UnsafeAllocatorInstantiationTest::testAbstractClassInstantiation
Gson_8,run_shell_command,2,cd /Users/nashid/repos/qwen-cli-automation/workspace/Gson_8 && defects4j test -t com.google.gson.internal.UnsafeAllocatorInstantiationTest::testInterfaceInstantiation
Gson_8,run_shell_command,1,cd /Users/nashid/repos/qwen-cli-automation/workspace/Gson_8 && defects4j test -t com.google.gson.internal.UnsafeAllocatorInstantiationTest::testInterfaceInstantiation -v 1
Gson_8,run_shell_command,1,cd /Users/nashid/repos/qwen-cli-automation/workspace/Gson_8 && git add gson/src/main/java/com/google/gson/internal/UnsafeAllocator.java
Gson_8,run_shell_command,2,cd /Users/nashid/repos/qwen-cli-automation/workspace/Gson_8 && git checkout gson/src/main/java/com/google/gson/internal/UnsafeAllocator.java
Gson_8,run_shell_command,1,"cd /Users/nashid/repos/qwen-cli-automation/workspace/Gson_8 && git commit -m ""Fix UnsafeAllocatorInstantiationTest failures by adding assertInstantiable method and proper exception wrapping"" -m ""This fix addresses the failing tests related to UnsafeAllocatorInstantiationTest by: 1) Adding assertInstantiable helper method to validate class instantiation capability, 2) Properly wrapping UnsupportedOperationException in InvocationTargetException in the fallback case to meet test expectations, and 3) Adding required import for InvocationTargetException."""
Gson_8,run_shell_command,1,cd /Users/nashid/repos/qwen-cli-automation/workspace/Gson_8 && git log --oneline -10
Gson_8,run_shell_command,1,cd /Users/nashid/repos/qwen-cli-automation/workspace/Gson_8 && git show 6d0d37dc:gson/src/main/java/com/google/gson/internal/UnsafeAllocator.java
Gson_8,run_shell_command,1,cd /Users/nashid/repos/qwen-cli-automation/workspace/Gson_8 && git show de7eea70:gson/src/main/java/com/google/gson/internal/UnsafeAllocator.java
Gson_8,run_shell_command,1,cd /Users/nashid/repos/qwen-cli-automation/workspace/Gson_8 && git status
Gson_8,run_shell_command,1,cd /Users/nashid/repos/qwen-cli-automation/workspace/Gson_8 && java -cp target/classes:target/test-classes:$(defects4j export -p cp.test) org.junit.runner.JUnitCore com.google.gson.internal.UnsafeAllocatorInstantiationTest
Gson_8,run_shell_command,1,cd /Users/nashid/repos/qwen-cli-automation/workspace/Gson_8 && java -cp target/classes:target/test-classes:$(echo $(defects4j export -p cp.test) | sed 's/:/ /g') org.junit.runner.JUnitCore com.google.gson.internal.UnsafeAllocatorInstantiationTest
Gson_8,run_shell_command,1,"cd /Users/nashid/repos/qwen-cli-automation/workspace/Gson_8 && javac -cp ""target/classes:target/test-classes:$(defects4j export -p cp.test)"" QuickTest.java && java -cp "".:target/classes:target/test-classes:$(defects4j export -p cp.test)"" QuickTest"
Gson_8,run_shell_command,1,cd /Users/nashid/repos/qwen-cli-automation/workspace/Gson_8 && javac TestException.java && java TestException
Gson_8,run_shell_command,1,cd /Users/nashid/repos/qwen-cli-automation/workspace/Gson_8 && ls -la target/classes
Gson_8,run_shell_command,1,cd /Users/nashid/repos/qwen-cli-automation/workspace/Gson_8 && rm TestException.java TestException.class
Gson_8,run_shell_command,1,defects4j test
Gson_8,search_file_content,4,
Gson_8,todo_write,3,
Gson_8,write_file,2,
Gson_9,edit,6,
Gson_9,exit_plan_mode,1,
Gson_9,glob,1,
Gson_9,read_file,14,
Gson_9,run_shell_command,2,./run_bug_exposing_tests.sh
Gson_9,run_shell_command,1,cd .. && git status
Gson_9,run_shell_command,1,cd Gson_9 && git status
Gson_9,run_shell_command,1,cd gson && mvn test
Gson_9,run_shell_command,1,cd gson && mvn test -Dtest=JsonWriterTest
Gson_9,run_shell_command,1,cd gson && mvn test -Dtest=JsonWriterTest#testBoxedBooleans
Gson_9,run_shell_command,2,defects4j compile
Gson_9,run_shell_command,4,defects4j test
Gson_9,run_shell_command,2,defects4j test -t com.google.gson.stream.JsonWriterTest::testBoxedBooleans
Gson_9,run_shell_command,1,git status
Gson_9,run_shell_command,1,"grep -n ""public JsonWriter value(Boolean value)"" /Users/nashid/repos/qwen-cli-automation/workspace/Gson_9/gson/src/main/java/com/google/gson/stream/JsonWriter.java"
Gson_9,run_shell_command,1,"grep -n ""public JsonWriter value(boolean value)"" /Users/nashid/repos/qwen-cli-automation/workspace/Gson_9/gson/src/main/java/com/google/gson/stream/JsonWriter.java"
Gson_9,run_shell_command,1,"grep -n ""public JsonWriter value(double value)"" /Users/nashid/repos/qwen-cli-automation/workspace/Gson_9/gson/src/main/java/com/google/gson/stream/JsonWriter.java"
Gson_9,run_shell_command,1,"javac -cp ""gson/target/classes:gson/target/test-classes"" TestBoxedBoolean.java && java -cp "".:gson/target/classes:gson/target/test-classes"" TestBoxedBoolean"
Gson_9,run_shell_command,1,mvn clean compile -q
Gson_9,run_shell_command,1,pwd && ls -la
Gson_9,search_file_content,2,
Gson_9,write_file,3,
JacksonCore_1,edit,2,
JacksonCore_1,glob,4,
JacksonCore_1,list_directory,4,
JacksonCore_1,read_file,8,
JacksonCore_1,run_shell_command,1,./run_bug_exposing_tests.sh
JacksonCore_1,run_shell_command,1,"awk '/protected void convertNumberToBigDecimal\(\)/,/^    }/ {print NR "": "" $0}' /Users/nashid/repos/qwen-cli-automation/workspace/JacksonCore_1/src/main/java/com/fasterxml/jackson/core/base/ParserBase.java | head -20"
JacksonCore_1,run_shell_command,2,"cd /Users/nashid/repos/qwen-cli-automation/workspace/JacksonCore_1 && \
awk 'NR==958 {print ""            // Special handling for NaN and Infinity values to avoid NPE""; print ""            String text = getText();""; print ""            if (\""NaN\"".equals(text) || \""Infinity\"".equals(text) || \""-Infinity\"".equals(text)) {""; print ""                // These cannot be converted to BigDecimal, throw NumberFormatException""; print ""                throw new NumberFormatException(\""Can not represent \"" + text + \"" as BigDecimal\"");""; print ""            }""; print ""            _numberBigDecimal = NumberInput.parseBigDecimal(getText());""} NR!=958 {print}' src/main/java/com/fasterxml/jackson/core/base/ParserBase.java > temp_parser_base.java && mv temp_parser_base.java src/main/java/com/fasterxml/jackson/core/base/ParserBase.java"
JacksonCore_1,run_shell_command,2,"cd /Users/nashid/repos/qwen-cli-automation/workspace/JacksonCore_1 && \
cp src/main/java/com/fasterxml/jackson/core/base/ParserBase.java.backup src/main/java/com/fasterxml/jackson/core/base/ParserBase.java"
JacksonCore_1,run_shell_command,1,"cd /Users/nashid/repos/qwen-cli-automation/workspace/JacksonCore_1 && \
cp src/main/java/com/fasterxml/jackson/core/base/ParserBase.java.backup src/main/java/com/fasterxml/jackson/core/base/ParserBase.java && \
echo ""            _numberBigDecimal = NumberInput.parseBigDecimal(getText());"" > temp_line.txt && \
sed -n '1,957p' src/main/java/com/fasterxml/jackson/core/base/ParserBase.java > temp_before.txt && \
sed -n '959,$p' src/main/java/com/fasterxml/jackson/core/base/ParserBase.java > temp_after.txt && \
cat temp_before.txt temp_line.txt temp_after.txt > src/main/java/com/fasterxml/jackson/core/base/ParserBase.java"
JacksonCore_1,run_shell_command,1,"cd /Users/nashid/repos/qwen-cli-automation/workspace/JacksonCore_1 && \
cp src/main/java/com/fasterxml/jackson/core/base/ParserBase.java.tmp src/main/java/com/fasterxml/jackson/core/base/ParserBase.java"
JacksonCore_1,run_shell_command,1,"cd /Users/nashid/repos/qwen-cli-automation/workspace/JacksonCore_1 && \
echo ""958a\\
            // Special handling for NaN and Infinity values to avoid NPE\\
            String text = getText();\\
            if (\""NaN\"".equals(text) || \""Infinity\"".equals(text) || \""-Infinity\"".equals(text)) {\\
                // These cannot be converted to BigDecimal, throw NumberFormatException\\
                throw new NumberFormatException(\""Can not represent \"" + text + \"" as BigDecimal\"");\\
            }"" | ed -s src/main/java/com/fasterxml/jackson/core/base/ParserBase.java"
JacksonCore_1,run_shell_command,1,"cd /Users/nashid/repos/qwen-cli-automation/workspace/JacksonCore_1 && \
grep -n ""NumberInput.parseBigDecimal"" src/main/java/com/fasterxml/jackson/core/base/ParserBase.java"
JacksonCore_1,run_shell_command,1,"cd /Users/nashid/repos/qwen-cli-automation/workspace/JacksonCore_1 && \
head -958 src/main/java/com/fasterxml/jackson/core/base/ParserBase.java | tail -1"
JacksonCore_1,run_shell_command,1,"cd /Users/nashid/repos/qwen-cli-automation/workspace/JacksonCore_1 && \
perl -i -0777 -pe 's/(_numberBigDecimal = NumberInput\.parseBigDecimal\(getText\(\)\);)/$1\n            \/\/ Special handling for NaN and Infinity values to avoid NPE\n            String text = getText();\n            if (""NaN"".equals(text) || ""Infinity"".equals(text) || ""-Infinity"".equals(text)) {\n                \/\/ These cannot be converted to BigDecimal, throw NumberFormatException\n                throw new NumberFormatException(""Can not represent "" . text . "" as BigDecimal"");\n            }/g' src/main/java/com/fasterxml/jackson/core/base/ParserBase.java"
JacksonCore_1,run_shell_command,1,"cd /Users/nashid/repos/qwen-cli-automation/workspace/JacksonCore_1 && \
perl -i -0777 -pe 's/(convertNumberToBigDecimal\(\)[^}]*){\s*\n\s*if \(\(_numTypesValid & NR_DOUBLE\) != 0\) \{\s*\n\s*\/\* Let\'s actually parse from String representation,\s*\n\s*\/\* to avoid rounding errors that non-decimal floating operations\s*\n\s*\* would incur\s*\n\s*\*\/\s*\n\s*_numberBigDecimal = NumberInput\.parseBigDecimal\(getText\(\)\);\s*\n\s*}/$1){\n        if ((_numTypesValid & NR_DOUBLE) != 0) {\n            /* Let\'s actually parse from String representation,\n             * to avoid rounding errors that non-decimal floating operations\n             * would incur\n             */\n            // Special handling for NaN and Infinity values to avoid NPE\n            String text = getText();\n            if (""NaN"".equals(text) || ""Infinity"".equals(text) || ""-Infinity"".equals(text)) {\n                // These cannot be converted to BigDecimal, throw NumberFormatException\n                throw new NumberFormatException(""Can not represent "" + text + "" as BigDecimal"");\n            }\n            _numberBigDecimal = NumberInput.parseBigDecimal(getText());\n        }/' src/main/java/com/fasterxml/jackson/core/base/ParserBase.java"
JacksonCore_1,run_shell_command,1,"cd /Users/nashid/repos/qwen-cli-automation/workspace/JacksonCore_1 && \
sed -i.bak ""958s/_numberBigDecimal = NumberInput\.parseBigDecimal(getText());/_numberBigDecimal = NumberInput.parseBigDecimal(getText());\n            // Special handling for NaN and Infinity values to avoid NPE\n            String text = getText();\n            if (\""NaN\"".equals(text) || \""Infinity\"".equals(text) || \""-Infinity\"".equals(text)) {\n                // These cannot be converted to BigDecimal, throw NumberFormatException\n                throw new NumberFormatException(\""Can not represent \"" + text + \"" as BigDecimal\"");\n            }/"" src/main/java/com/fasterxml/jackson/core/base/ParserBase.java"
JacksonCore_1,run_shell_command,1,"cd /Users/nashid/repos/qwen-cli-automation/workspace/JacksonCore_1 && \
sed -i.bak ""958s|_numberBigDecimal = NumberInput\.parseBigDecimal(getText());|_numberBigDecimal = NumberInput.parseBigDecimal(getText());\n            // Special handling for NaN and Infinity values to avoid NPE\n            String text = getText();\n            if (\""NaN\"".equals(text) || \""Infinity\"".equals(text) || \""-Infinity\"".equals(text)) {\n                // These cannot be converted to BigDecimal, throw NumberFormatException\n                throw new NumberFormatException(\""Can not represent \"" + text + \"" as BigDecimal\"");\n            }|"" src/main/java/com/fasterxml/jackson/core/base/ParserBase.java"
JacksonCore_1,run_shell_command,1,"cd /Users/nashid/repos/qwen-cli-automation/workspace/JacksonCore_1 && \
sed -i.bak '958s/_numberBigDecimal = NumberInput.parseBigDecimal(getText());/_numberBigDecimal = NumberInput.parseBigDecimal(getText());\n            // Special handling for NaN and Infinity values to avoid NPE\n            String text = getText();\n            if (""NaN"".equals(text) || ""Infinity"".equals(text) || ""-Infinity"".equals(text)) {\n                // These cannot be converted to BigDecimal, throw NumberFormatException\n                throw new NumberFormatException(""Can not represent "" + text + "" as BigDecimal"");\n            }/' src/main/java/com/fasterxml/jackson/core/base/ParserBase.java"
JacksonCore_1,run_shell_command,1,"cd /Users/nashid/repos/qwen-cli-automation/workspace/JacksonCore_1 && \
sed -i.bak '958s/_numberBigDecimal = NumberInput\.parseBigDecimal(getText());/_numberBigDecimal = NumberInput.parseBigDecimal(getText());\n            // Special handling for NaN and Infinity values to avoid NPE\n            String text = getText();\n            if (""NaN"".equals(text) || ""Infinity"".equals(text) || ""-Infinity"".equals(text)) {\n                // These cannot be converted to BigDecimal, throw NumberFormatException\n                throw new NumberFormatException(""Can not represent "" + text + "" as BigDecimal"");\n            }/' src/main/java/com/fasterxml/jackson/core/base/ParserBase.java"
JacksonCore_1,run_shell_command,1,"cd /Users/nashid/repos/qwen-cli-automation/workspace/JacksonCore_1 && \
sed -i.bak '958s|_numberBigDecimal = NumberInput\.parseBigDecimal(getText());|_numberBigDecimal = NumberInput.parseBigDecimal(getText());\n            // Special handling for NaN and Infinity values to avoid NPE\n            String text = getText();\n            if (""NaN"".equals(text) || ""Infinity"".equals(text) || ""-Infinity"".equals(text)) {\n                // These cannot be converted to BigDecimal, throw NumberFormatException\n                throw new NumberFormatException(""Can not represent "" + text + "" as BigDecimal"");\n            }|' src/main/java/com/fasterxml/jackson/core/base/ParserBase.java"
JacksonCore_1,run_shell_command,1,"cd /Users/nashid/repos/qwen-cli-automation/workspace/JacksonCore_1 && \
sed -i.bak '963s/\""Can not represent \"" \. text \. \"" as BigDecimal\""/\""Can not represent \"" + text + \"" as BigDecimal\""/' src/main/java/com/fasterxml/jackson/core/base/ParserBase.java"
JacksonCore_1,run_shell_command,2,"cd /Users/nashid/repos/qwen-cli-automation/workspace/JacksonCore_1 && \
sed -n '955,965p' src/main/java/com/fasterxml/jackson/core/base/ParserBase.java"
JacksonCore_1,run_shell_command,1,"cd /Users/nashid/repos/qwen-cli-automation/workspace/JacksonCore_1 && \
sed -n '960,970p' src/main/java/com/fasterxml/jackson/core/base/ParserBase.java"
JacksonCore_1,run_shell_command,1,cd /Users/nashid/repos/qwen-cli-automation/workspace/JacksonCore_1 && defects4j compile
JacksonCore_1,run_shell_command,1,cd /Users/nashid/repos/qwen-cli-automation/workspace/JacksonCore_1 && defects4j test
JacksonCore_1,run_shell_command,4,cd /Users/nashid/repos/qwen-cli-automation/workspace/JacksonCore_1 && defects4j test -t com.fasterxml.jackson.core.json.TestParserNonStandard::testAllowNaN
JacksonCore_1,run_shell_command,1,"cd /Users/nashid/repos/qwen-cli-automation/workspace/JacksonCore_1 &&\
cp src/main/java/com/fasterxml/jackson/core/base/ParserBase.java src/main/java/com/fasterxml/jackson/core/base/ParserBase.java.tmp"
JacksonCore_1,run_shell_command,1,cp /Users/nashid/repos/qwen-cli-automation/workspace/JacksonCore_1/src/main/java/com/fasterxml/jackson/core/base/ParserBase.java /Users/nashid/repos/qwen-cli-automation/workspace/JacksonCore_1/src/main/java/com/fasterxml/jackson/core/base/ParserBase.java.backup
JacksonCore_1,run_shell_command,1,cp /Users/nashid/repos/qwen-cli-automation/workspace/JacksonCore_1/src/main/java/com/fasterxml/jackson/core/base/ParserBase.java.backup /Users/nashid/repos/qwen-cli-automation/workspace/JacksonCore_1/src/main/java/com/fasterxml/jackson/core/base/ParserBase.java
JacksonCore_1,run_shell_command,1,defects4j compile
JacksonCore_1,run_shell_command,1,defects4j test
JacksonCore_1,run_shell_command,1,defects4j test -t com.fasterxml.jackson.core.json.TestParserNonStandard::testAllowNaN
JacksonCore_1,run_shell_command,1,"sed -n '944,965p' /Users/nashid/repos/qwen-cli-automation/workspace/JacksonCore_1/src/main/java/com/fasterxml/jackson/core/base/ParserBase.java"
JacksonCore_1,search_file_content,2,
JacksonCore_1,write_file,2,
JacksonCore_10,edit,4,
JacksonCore_10,list_directory,13,
JacksonCore_10,read_file,11,
JacksonCore_10,run_shell_command,1,./run_all_tests_trace.sh
JacksonCore_10,run_shell_command,1,cd /Users/nashid/repos/qwen-cli-automation/workspace/JacksonCore_10 && git diff
JacksonCore_10,run_shell_command,1,"cd /Users/nashid/repos/qwen-cli-automation/workspace/JacksonCore_10 && grep -n ""_spilloverEnd.*hashArea.length"" src/main/java/com/fasterxml/jackson/core/sym/ByteQuadsCanonicalizer.java"
JacksonCore_10,run_shell_command,1,chmod +x ./run_bug_exposing_tests.sh && ./run_bug_exposing_tests.sh
JacksonCore_10,run_shell_command,2,defects4j compile
JacksonCore_10,run_shell_command,3,defects4j test
JacksonCore_10,run_shell_command,2,defects4j test -t com.fasterxml.jackson.core.sym.TestByteBasedSymbols::testIssue207
JacksonCore_10,run_shell_command,1,defects4j test -t com.fasterxml.jackson.core.sym.TestSymbolTables::testCollisionsWithBytesNew187b
JacksonCore_10,run_shell_command,1,"find . -name ""*test*"" -type f -name ""*.java"" | grep -E ""(ByteQuads|Symbol)"" | head -5"
JacksonCore_10,run_shell_command,1,"javac -cp ""target/classes:target/test-classes:$(find . -name ""*.jar"" | head -10 | tr '\n' ':')"" TestReproduceIssue.java"
JacksonCore_10,run_shell_command,1,ls -la
JacksonCore_10,search_file_content,5,
JacksonCore_10,write_file,2,
JacksonCore_12,edit,2,
JacksonCore_12,read_file,10,
JacksonCore_12,run_shell_command,1,./run_bug_exposing_tests.sh
JacksonCore_12,run_shell_command,2,defects4j compile
JacksonCore_12,run_shell_command,2,defects4j test
JacksonCore_12,run_shell_command,1,defects4j test -t com.fasterxml.jackson.core.json.LocationInObjectTest::testOffsetWithObjectFieldsUsingReader
JacksonCore_12,run_shell_command,1,git status
JacksonCore_12,run_shell_command,1,"java -cp "".:target/classes:target/test-classes"" TestFix"
JacksonCore_12,run_shell_command,1,"javac -cp ""target/classes:target/test-classes"" TestFix.java"
JacksonCore_12,run_shell_command,1,"javac -cp ""target/classes:target/test-classes"" TestTokenLocationAfterFieldName.java && java -cp "".:target/classes:target/test-classes"" TestTokenLocationAfterFieldName"
JacksonCore_12,search_file_content,10,
JacksonCore_12,todo_write,1,
JacksonCore_12,write_file,2,
JacksonCore_16,edit,7,
JacksonCore_16,glob,1,
JacksonCore_16,read_file,10,
JacksonCore_16,run_shell_command,1,./run_bug_exposing_tests.sh
JacksonCore_16,run_shell_command,2,cd /Users/nashid/repos/qwen-cli-automation/workspace/JacksonCore_16 && ./run_bug_exposing_tests.sh
JacksonCore_16,run_shell_command,2,cd /Users/nashid/repos/qwen-cli-automation/workspace/JacksonCore_16 && defects4j compile
JacksonCore_16,run_shell_command,3,cd /Users/nashid/repos/qwen-cli-automation/workspace/JacksonCore_16 && defects4j test
JacksonCore_16,run_shell_command,1,cd /Users/nashid/repos/qwen-cli-automation/workspace/JacksonCore_16 && defects4j test -t com.fasterxml.jackson.core.json.ParserSequenceTest::testInitialized
JacksonCore_16,run_shell_command,1,cd /Users/nashid/repos/qwen-cli-automation/workspace/JacksonCore_16 && java -cp target/classes:target/test-classes:$(defects4j export -p cp.test) org.junit.runner.JUnitCore com.fasterxml.jackson.core.json.ParserSequenceTest
JacksonCore_16,run_shell_command,1,defects4j test
JacksonCore_16,run_shell_command,1,defects4j test -t com.fasterxml.jackson.core.json.ParserSequenceTest::testInitialized
JacksonCore_16,search_file_content,2,
JacksonCore_16,todo_write,4,
JacksonCore_16,web_fetch,1,What is the specific bug in JsonParserSequence where it skips tokens when switching parsers? How is it typically fixed in the Jackson project?
JacksonCore_17,edit,2,
JacksonCore_17,list_directory,13,
JacksonCore_17,read_file,7,
JacksonCore_17,run_shell_command,2,cd /Users/nashid/repos/qwen-cli-automation/workspace/JacksonCore_17 && ./run_bug_exposing_tests.sh
JacksonCore_17,run_shell_command,2,cd /Users/nashid/repos/qwen-cli-automation/workspace/JacksonCore_17 && defects4j compile
JacksonCore_17,run_shell_command,2,cd /Users/nashid/repos/qwen-cli-automation/workspace/JacksonCore_17 && defects4j test
JacksonCore_17,run_shell_command,1,cd /Users/nashid/repos/qwen-cli-automation/workspace/JacksonCore_17 && defects4j test -t com.fasterxml.jackson.core.json.RawValueWithSurrogatesTest
JacksonCore_17,run_shell_command,1,cd /Users/nashid/repos/qwen-cli-automation/workspace/JacksonCore_17 && git diff src/main/java/com/fasterxml/jackson/core/json/UTF8JsonGenerator.java
JacksonCore_17,run_shell_command,1,cd /Users/nashid/repos/qwen-cli-automation/workspace/JacksonCore_17 && git status
JacksonCore_17,run_shell_command,1,"cd /Users/nashid/repos/qwen-cli-automation/workspace/JacksonCore_17 && java -cp target/classes:target/test-classes:$(find ~/.m2/repository -name ""*.jar"" | grep -E ""(junit|hamcrest)"" | head -2 | tr '\n' ':') org.junit.runner.JUnitCore com.fasterxml.jackson.core.json.RawValueWithSurrogatesTest"
JacksonCore_17,run_shell_command,1,cd /Users/nashid/repos/qwen-cli-automation/workspace/JacksonCore_17 && wc -l src/test/java/com/fasterxml/jackson/core/json/RawValueWithSurrogatesTest.java
JacksonCore_17,search_file_content,8,
JacksonCore_17,todo_write,1,
JacksonCore_18,edit,3,
JacksonCore_18,list_directory,10,
JacksonCore_18,read_file,9,
JacksonCore_18,run_shell_command,2,cd /Users/nashid/repos/qwen-cli-automation/workspace/JacksonCore_18 && ./run_bug_exposing_tests.sh
JacksonCore_18,run_shell_command,3,cd /Users/nashid/repos/qwen-cli-automation/workspace/JacksonCore_18 && defects4j compile
JacksonCore_18,run_shell_command,2,cd /Users/nashid/repos/qwen-cli-automation/workspace/JacksonCore_18 && defects4j test
JacksonCore_18,run_shell_command,1,cd /Users/nashid/repos/qwen-cli-automation/workspace/JacksonCore_18 && defects4j test -t com.fasterxml.jackson.core.json.TestJsonGeneratorFeatures
JacksonCore_18,run_shell_command,1,cd /Users/nashid/repos/qwen-cli-automation/workspace/JacksonCore_18 && defects4j test -t com.fasterxml.jackson.core.json.TestJsonGeneratorFeatures::testBigDecimalAsPlain
JacksonCore_18,run_shell_command,1,cd /Users/nashid/repos/qwen-cli-automation/workspace/JacksonCore_18 && defects4j test -t com.fasterxml.jackson.core.json.TestJsonGeneratorFeatures::testBigDecimalAsPlainString
JacksonCore_18,run_shell_command,1,cd /Users/nashid/repos/qwen-cli-automation/workspace/JacksonCore_18 && defects4j test -t com.fasterxml.jackson.core.json.TestJsonGeneratorFeatures::testConfigDefaults
JacksonCore_18,run_shell_command,3,cd /Users/nashid/repos/qwen-cli-automation/workspace/JacksonCore_18 && defects4j test -t com.fasterxml.jackson.core.json.TestJsonGeneratorFeatures::testTooBigBigDecimal
JacksonCore_18,run_shell_command,1,cd /Users/nashid/repos/qwen-cli-automation/workspace/JacksonCore_18 && defects4j test -t com.fasterxml.jackson.core.json.TestJsonGeneratorFeatures::testTooBigBigDecimal 2>&1 | head -20
JacksonCore_18,run_shell_command,1,"cd /Users/nashid/repos/qwen-cli-automation/workspace/JacksonCore_18 && grep -r ""illegal scale"" src/main/"
JacksonCore_18,run_shell_command,3,"cd /Users/nashid/repos/qwen-cli-automation/workspace/JacksonCore_18 && java -cp "".:target/classes:target/test-classes"" TestOOMIssue"
JacksonCore_18,run_shell_command,1,"cd /Users/nashid/repos/qwen-cli-automation/workspace/JacksonCore_18 && javac -cp ""target/classes:target/test-classes"" TestOOMIssue.java && java -cp "".:target/classes:target/test-classes"" TestOOMIssue"
JacksonCore_18,run_shell_command,1,cd /Users/nashid/repos/qwen-cli-automation/workspace/JacksonCore_18 && javac DebugScale.java && java DebugScale
JacksonCore_18,run_shell_command,1,cd /Users/nashid/repos/qwen-cli-automation/workspace/JacksonCore_18 && javac TestComprehensive.java && java TestComprehensive
JacksonCore_18,run_shell_command,1,cd /Users/nashid/repos/qwen-cli-automation/workspace/JacksonCore_18 && rm -f TestOOMIssue.java TestOOMIssue.class DebugScale.java DebugScale.class TestComprehensive.java TestComprehensive.class
JacksonCore_18,search_file_content,4,
JacksonCore_18,todo_write,4,
JacksonCore_18,write_file,3,
JacksonCore_19,edit,12,
JacksonCore_19,glob,3,
JacksonCore_19,read_file,10,
JacksonCore_19,run_shell_command,1,./run_bug_exposing_tests.sh
JacksonCore_19,run_shell_command,1,"cd /Users/nashid/repos/qwen-cli-automation/workspace/JacksonCore_19 && grep -n ""finishCurrentSegment"" src/main/java/com/fasterxml/jackson/core/json/UTF8StreamJsonParser.java"
JacksonCore_19,run_shell_command,1,"cd /Users/nashid/repos/qwen-cli-automation/workspace/JacksonCore_19 && java -cp ""target/classes:target/test-classes:/Users/nashid/repos/defects4j/framework/projects/JacksonCore/lib/junit/junit/4.12/junit-4.12.jar:/Users/nashid/repos/defects4j/framework/projects/JacksonCore/lib/org/hamcrest/hamcrest-core/1.3/hamcrest-core-1.3.jar"" org.junit.runner.JUnitCore com.fasterxml.jackson.core.json.TestNumericValues"
JacksonCore_19,run_shell_command,3,"cd /Users/nashid/repos/qwen-cli-automation/workspace/JacksonCore_19 && javac -cp ""target/classes:/Users/nashid/repos/defects4j/framework/projects/JacksonCore/lib/junit/junit/4.12/junit-4.12.jar:/Users/nashid/repos/defects4j/framework/projects/JacksonCore/lib/org/hamcrest/hamcrest-core/1.3/hamcrest-core-1.3.jar"" test_fix.java && java -cp "".:target/classes:/Users/nashid/repos/defects4j/framework/projects/JacksonCore/lib/junit/junit/4.12/junit-4.12.jar:/Users/nashid/repos/defects4j/framework/projects/JacksonCore/lib/org/hamcrest/hamcrest-core/1.3/hamcrest-core-1.3.jar"" test_fix"
JacksonCore_19,run_shell_command,3,defects4j compile
JacksonCore_19,run_shell_command,1,"defects4j compile && cd /Users/nashid/repos/qwen-cli-automation/workspace/JacksonCore_19 && javac -cp ""target/classes:/Users/nashid/repos/defects4j/framework/projects/JacksonCore/lib/junit/junit/4.12/junit-4.12.jar:/Users/nashid/repos/defects4j/framework/projects/JacksonCore/lib/org/hamcrest/hamcrest-core/1.3/hamcrest-core-1.3.jar"" test_fix.java && java -cp "".:target/classes:/Users/nashid/repos/defects4j/framework/projects/JacksonCore/lib/junit/junit/4.12/junit-4.12.jar:/Users/nashid/repos/defects4j/framework/projects/JacksonCore/lib/org/hamcrest/hamcrest-core/1.3/hamcrest-core-1.3.jar"" test_fix"
JacksonCore_19,run_shell_command,1,defects4j compile && defects4j test
JacksonCore_19,run_shell_command,1,defects4j compile && defects4j test -t com.fasterxml.jackson.core.json.TestNumericValues::testLongerFloatingPoint
JacksonCore_19,run_shell_command,1,defects4j test
JacksonCore_19,run_shell_command,4,defects4j test -t com.fasterxml.jackson.core.json.TestNumericValues::testLongerFloatingPoint
JacksonCore_19,run_shell_command,1,"java -cp ""/Users/nashid/repos/defects4j/framework/projects/JacksonCore/lib/junit/junit/4.12/junit-4.12.jar:/Users/nashid/repos/defects4j/framework/projects/JacksonCore/lib/org/hamcrest/hamcrest-core/1.3/hamcrest-core-1.3.jar:/Users/nashid/repos/qwen-cli-automation/workspace/JacksonCore_19/target/classes:/Users/nashid/repos/qwen-cli-automation/workspace/JacksonCore_19/target/test-classes:/Users/nashid/repos/defects4j/framework/projects/lib/junit-4.11.jar:/Users/nashid/repos/defects4j/framework/projects/JacksonCore/lib/junit/junit/4.11/junit-4.11.jar:/Users/nashid/repos/defects4j/framework/projects/JacksonCore/lib/junit/junit/4.8.2/junit-4.8.2.jar"" org.junit.runner.JUnitCore com.fasterxml.jackson.core.json.TestNumericValues"
JacksonCore_19,run_shell_command,1,"sed -n '1410,1425p' /Users/nashid/repos/qwen-cli-automation/workspace/JacksonCore_19/src/main/java/com/fasterxml/jackson/core/json/ReaderBasedJsonParser.java"
JacksonCore_19,run_shell_command,1,"sed -n '1415,1425p' /Users/nashid/repos/qwen-cli-automation/workspace/JacksonCore_19/src/main/java/com/fasterxml/jackson/core/json/ReaderBasedJsonParser.java"
JacksonCore_19,run_shell_command,2,"sed -n '1540,1550p' /Users/nashid/repos/qwen-cli-automation/workspace/JacksonCore_19/src/main/java/com/fasterxml/jackson/core/json/UTF8StreamJsonParser.java"
JacksonCore_19,search_file_content,1,
JacksonCore_19,write_file,2,
JacksonCore_2,edit,7,
JacksonCore_2,glob,2,
JacksonCore_2,read_file,15,
JacksonCore_2,run_shell_command,1,./run_all_tests_trace.sh
JacksonCore_2,run_shell_command,1,"./run_all_tests_trace.sh 2>&1 | grep -A 20 ""TestParserErrorHandling"""
JacksonCore_2,run_shell_command,2,./run_bug_exposing_tests.sh
JacksonCore_2,run_shell_command,1,"cd /Users/nashid/repos/qwen-cli-automation/workspace/JacksonCore_2 && javac -cp "".:target/classes:lib/*"" DebugParsing.java && java -cp "".:target/classes:lib/*"" DebugParsing"
JacksonCore_2,run_shell_command,1,"cd /Users/nashid/repos/qwen-cli-automation/workspace/JacksonCore_2 && javac -cp "".:target/classes:lib/*"" TestNumberParsing.java && java -cp "".:target/classes:lib/*"" TestNumberParsing"
JacksonCore_2,run_shell_command,1,chmod +x debug.sh && ./debug.sh
JacksonCore_2,run_shell_command,4,defects4j compile
JacksonCore_2,run_shell_command,4,defects4j test
JacksonCore_2,run_shell_command,2,defects4j test -t com.fasterxml.jackson.core.json.TestParserErrorHandling::testMangledNumbersBytes
JacksonCore_2,run_shell_command,1,defects4j test -t com.fasterxml.jackson.core.json.TestParserErrorHandling::testMangledNumbersBytes -v
JacksonCore_2,run_shell_command,2,defects4j test -t com.fasterxml.jackson.core.json.TestParserErrorHandling::testMangledNumbersChars
JacksonCore_2,run_shell_command,1,"echo ""=== Running the specific test that was failing ==="" && defects4j test -t com.fasterxml.jackson.core.json.TestParserErrorHandling::testMangledNumbersBytes && echo ""=== Running all tests ==="" && defects4j test"
JacksonCore_2,run_shell_command,1,git diff src/main/java/com/fasterxml/jackson/core/json/ReaderBasedJsonParser.java
JacksonCore_2,run_shell_command,1,git diff src/main/java/com/fasterxml/jackson/core/json/UTF8StreamJsonParser.java
JacksonCore_2,run_shell_command,1,git status
JacksonCore_2,run_shell_command,1,"grep -A 20 ""TestParserErrorHandling"" /Users/nashid/repos/qwen-cli-automation/workspace/JacksonCore_2/all_tests_trace.20251029_235332.log"
JacksonCore_2,search_file_content,7,
JacksonCore_2,todo_write,1,
JacksonCore_2,write_file,3,
JacksonCore_21,edit,2,
JacksonCore_21,list_directory,16,
JacksonCore_21,read_file,6,
JacksonCore_21,run_shell_command,1,cd /Users/nashid/repos/qwen-cli-automation/workspace/JacksonCore_21 && ./run_all_tests_trace.sh
JacksonCore_21,run_shell_command,2,cd /Users/nashid/repos/qwen-cli-automation/workspace/JacksonCore_21 && ./run_bug_exposing_tests.sh
JacksonCore_21,run_shell_command,2,cd /Users/nashid/repos/qwen-cli-automation/workspace/JacksonCore_21 && defects4j compile
JacksonCore_21,run_shell_command,3,cd /Users/nashid/repos/qwen-cli-automation/workspace/JacksonCore_21 && defects4j test
JacksonCore_21,run_shell_command,1,cd /Users/nashid/repos/qwen-cli-automation/workspace/JacksonCore_21 && defects4j test -t com.fasterxml.jackson.core.filter.TokenVerifyingParserFiltering330Test::testTokensSingleMatchWithPath
JacksonCore_21,run_shell_command,1,cd /Users/nashid/repos/qwen-cli-automation/workspace/JacksonCore_21 && git status
JacksonCore_21,search_file_content,2,
JacksonCore_22,edit,8,
JacksonCore_22,glob,4,
JacksonCore_22,read_file,9,
JacksonCore_22,run_shell_command,1,./run_bug_exposing_tests.sh
JacksonCore_22,run_shell_command,1,./run_bug_exposing_tests.sh 2>&1 | tail -20
JacksonCore_22,run_shell_command,1,cd /Users/nashid/repos/qwen-cli-automation/workspace/JacksonCore_22 && git diff src/main/java/com/fasterxml/jackson/core/filter/FilteringParserDelegate.java
JacksonCore_22,run_shell_command,1,cd /Users/nashid/repos/qwen-cli-automation/workspace/JacksonCore_22 && git status
JacksonCore_22,run_shell_command,1,cd /Users/nashid/repos/qwen-cli-automation/workspace/JacksonCore_22 && java -cp target/classes:target/test-classes:$(defects4j export -p cp.test) org.junit.runner.JUnitCore com.fasterxml.jackson.core.filter.BasicParserFilteringTest::testNotAllowMultipleMatchesWithoutPath2
JacksonCore_22,run_shell_command,2,defects4j compile
JacksonCore_22,run_shell_command,1,defects4j compile && defects4j test
JacksonCore_22,run_shell_command,4,defects4j test
JacksonCore_22,run_shell_command,1,defects4j test -t com.fasterxml.jackson.core.filter.BasicParserFilteringTest::testIndexMatchWithPath1
JacksonCore_22,run_shell_command,1,defects4j test -t com.fasterxml.jackson.core.filter.BasicParserFilteringTest::testNotAllowMultipleMatchesWithoutPath2
JacksonCore_22,run_shell_command,1,"grep -A 15 -B 5 ""testNotAllowMultipleMatchesWithoutPath2"" /Users/nashid/repos/qwen-cli-automation/workspace/JacksonCore_22/src/test/java/com/fasterxml/jackson/core/filter/BasicParserFilteringTest.java"
JacksonCore_22,run_shell_command,1,"grep -n -A 10 -B 5 ""scalar value"" /Users/nashid/repos/qwen-cli-automation/workspace/JacksonCore_22/src/main/java/com/fasterxml/jackson/core/filter/FilteringParserDelegate.java"
JacksonCore_22,run_shell_command,1,"grep -n -A 5 -B 5 ""_allowMultipleMatches"" /Users/nashid/repos/qwen-cli-automation/workspace/JacksonCore_22/src/main/java/com/fasterxml/jackson/core/filter/FilteringParserDelegate.java"
JacksonCore_22,search_file_content,1,
JacksonCore_22,task,1,
JacksonCore_24,edit,2,
JacksonCore_24,list_directory,8,
JacksonCore_24,read_file,11,
JacksonCore_24,run_shell_command,1,./run_bug_exposing_tests.sh
JacksonCore_24,run_shell_command,1,cd /Users/nashid/repos/qwen-cli-automation/workspace/JacksonCore_24 && defects4j test
JacksonCore_24,run_shell_command,1,cd /Users/nashid/repos/qwen-cli-automation/workspace/JacksonCore_24 && git diff
JacksonCore_24,run_shell_command,1,cd /Users/nashid/repos/qwen-cli-automation/workspace/JacksonCore_24 && java -cp $(defects4j export -p cp.test) org.junit.runner.JUnitCore com.fasterxml.jackson.core.read.NumberOverflowTest
JacksonCore_24,run_shell_command,1,cd /Users/nashid/repos/qwen-cli-automation/workspace/JacksonCore_24 && mvn test
JacksonCore_24,run_shell_command,2,defects4j compile
JacksonCore_24,run_shell_command,2,defects4j test
JacksonCore_24,run_shell_command,2,defects4j test -t com.fasterxml.jackson.core.read.NumberOverflowTest::testMaliciousLongOverflow
JacksonCore_24,search_file_content,2,
JacksonCore_9,edit,1,
JacksonCore_9,glob,1,
JacksonCore_9,read_file,5,
JacksonCore_9,run_shell_command,1,./run_bug_exposing_tests.sh
JacksonCore_9,run_shell_command,1,defects4j compile
JacksonCore_9,run_shell_command,2,defects4j test
JacksonCore_9,run_shell_command,1,defects4j test -t com.fasterxml.jackson.core.json.TestJsonParser::testGetValueAsTextBytes
JacksonCore_9,run_shell_command,1,defects4j test -t com.fasterxml.jackson.core.json.TestJsonParser::testGetValueAsTextChars
JacksonCore_9,search_file_content,1,
JacksonDatabind_10,edit,10,
JacksonDatabind_10,glob,3,
JacksonDatabind_10,read_file,21,
JacksonDatabind_10,run_shell_command,1,cd /Users/nashid/repos/qwen-cli-automation/workspace/JacksonDatabind/10 && git restore src/main/java/com/fasterxml/jackson/databind/ser/BeanSerializerFactory.java
JacksonDatabind_10,run_shell_command,2,cd /Users/nashid/repos/qwen-cli-automation/workspace/JacksonDatabind_10 && ./run_bug_exposing_tests.sh
JacksonDatabind_10,run_shell_command,4,cd /Users/nashid/repos/qwen-cli-automation/workspace/JacksonDatabind_10 && defects4j compile
JacksonDatabind_10,run_shell_command,2,cd /Users/nashid/repos/qwen-cli-automation/workspace/JacksonDatabind_10 && defects4j test
JacksonDatabind_10,run_shell_command,2,cd /Users/nashid/repos/qwen-cli-automation/workspace/JacksonDatabind_10 && defects4j test -t com.fasterxml.jackson.databind.ser.TestAnyGetter::testIssue705
JacksonDatabind_10,run_shell_command,2,cd /Users/nashid/repos/qwen-cli-automation/workspace/JacksonDatabind_10 && git checkout -- src/main/java/com/fasterxml/jackson/databind/ser/BeanSerializerFactory.java
JacksonDatabind_10,run_shell_command,1,cd /Users/nashid/repos/qwen-cli-automation/workspace/JacksonDatabind_10 && git restore src/main/java/com/fasterxml/jackson/databind/ser/BeanSerializerFactory.java
JacksonDatabind_10,run_shell_command,1,cd /Users/nashid/repos/qwen-cli-automation/workspace/JacksonDatabind_10 && git status
JacksonDatabind_10,run_shell_command,1,"cd /Users/nashid/repos/qwen-cli-automation/workspace/JacksonDatabind_10 && grep -r ""import.*JsonGenerator"" src/main/java/com/fasterxml/jackson/databind/ser/BeanSerializerFactory.java"
JacksonDatabind_10,search_file_content,7,
JacksonDatabind_103,edit,13,
JacksonDatabind_103,read_file,21,
JacksonDatabind_103,run_shell_command,2,./run_bug_exposing_tests.sh
JacksonDatabind_103,run_shell_command,1,cd /Users/nashid/repos/qwen-cli-automation/workspace/JacksonDatabind_103 && ./apply_fix.sh
JacksonDatabind_103,run_shell_command,1,cd /Users/nashid/repos/qwen-cli-automation/workspace/JacksonDatabind_103 && cp src/main/java/com/fasterxml/jackson/databind/util/ClassUtil.java src/main/java/com/fasterxml/jackson/databind/util/ClassUtil.java.backup
JacksonDatabind_103,run_shell_command,4,cd /Users/nashid/repos/qwen-cli-automation/workspace/JacksonDatabind_103 && defects4j compile
JacksonDatabind_103,run_shell_command,1,cd /Users/nashid/repos/qwen-cli-automation/workspace/JacksonDatabind_103 && defects4j test
JacksonDatabind_103,run_shell_command,1,cd /Users/nashid/repos/qwen-cli-automation/workspace/JacksonDatabind_103 && defects4j test -t com.fasterxml.jackson.databind.exc.BasicExceptionTest::testLocationAddition
JacksonDatabind_103,run_shell_command,1,cd /Users/nashid/repos/qwen-cli-automation/workspace/JacksonDatabind_103 && defects4j test -t com.fasterxml.jackson.databind.exc.BasicExceptionTest::testLocationAddition 2>&1
JacksonDatabind_103,run_shell_command,1,cd /Users/nashid/repos/qwen-cli-automation/workspace/JacksonDatabind_103 && defects4j test -t com.fasterxml.jackson.databind.exc.BasicExceptionTest::testLocationAddition 2>&1 | head -20
JacksonDatabind_103,run_shell_command,1,"cd /Users/nashid/repos/qwen-cli-automation/workspace/JacksonDatabind_103 && echo -e ""\n    /**\n     * Helper method that returns {@link Throwable#getMessage()} for all other exceptions\n     * except for {@link JsonProcessingException}, for which {@code getOriginalMessage()} is\n     * returned instead.\n     * Method is used to avoid accidentally including trailing location information twice\n     * in message when wrapping exceptions.\n     *\n     * @since 2.9.7\n     */\n    public static String exceptionMessage(Throwable t) {\n        if (t instanceof JsonProcessingException) {\n            return ((JsonProcessingException) t).getOriginalMessage();\n        }\n        return t.getMessage();\n    }"" >> src/main/java/com/fasterxml/jackson/databind/util/ClassUtil.java"
JacksonDatabind_103,run_shell_command,2,cd /Users/nashid/repos/qwen-cli-automation/workspace/JacksonDatabind_103 && git checkout .
JacksonDatabind_103,run_shell_command,2,cd /Users/nashid/repos/qwen-cli-automation/workspace/JacksonDatabind_103 && git checkout src/main/java/com/fasterxml/jackson/databind/util/ClassUtil.java
JacksonDatabind_103,run_shell_command,1,cd /Users/nashid/repos/qwen-cli-automation/workspace/JacksonDatabind_103 && git diff HEAD
JacksonDatabind_103,run_shell_command,1,cd /Users/nashid/repos/qwen-cli-automation/workspace/JacksonDatabind_103 && git diff src/main/java/com/fasterxml/jackson/databind/JsonMappingException.java
JacksonDatabind_103,run_shell_command,1,cd /Users/nashid/repos/qwen-cli-automation/workspace/JacksonDatabind_103 && git log --oneline -n 20
JacksonDatabind_103,run_shell_command,1,cd /Users/nashid/repos/qwen-cli-automation/workspace/JacksonDatabind_103 && git show f6cf18175
JacksonDatabind_103,run_shell_command,2,cd /Users/nashid/repos/qwen-cli-automation/workspace/JacksonDatabind_103 && git status
JacksonDatabind_103,run_shell_command,1,"cd /Users/nashid/repos/qwen-cli-automation/workspace/JacksonDatabind_103 && grep -A 10 -B 5 ""exceptionMessage"" src/main/java/com/fasterxml/jackson/databind/util/ClassUtil.java"
JacksonDatabind_103,run_shell_command,1,"cd /Users/nashid/repos/qwen-cli-automation/workspace/JacksonDatabind_103 && grep -n ""ClassUtil.exceptionMessage"" src/main/java/com/fasterxml/jackson/databind/JsonMappingException.java"
JacksonDatabind_103,run_shell_command,1,"cd /Users/nashid/repos/qwen-cli-automation/workspace/JacksonDatabind_103 && grep -n ""String msg = src.getMessage()"" src/main/java/com/fasterxml/jackson/databind/JsonMappingException.java"
JacksonDatabind_103,run_shell_command,1,"cd /Users/nashid/repos/qwen-cli-automation/workspace/JacksonDatabind_103 && grep -n ""exceptionMessage"" src/main/java/com/fasterxml/jackson/databind/util/ClassUtil.java"
JacksonDatabind_103,run_shell_command,1,"cd /Users/nashid/repos/qwen-cli-automation/workspace/JacksonDatabind_103 && javac -cp ""src/main/java:target/classes"" src/main/java/com/fasterxml/jackson/databind/util/ClassUtil.java"
JacksonDatabind_103,run_shell_command,1,"cd /Users/nashid/repos/qwen-cli-automation/workspace/JacksonDatabind_103 && sed -i.bak ""381s/src.getMessage()/ClassUtil.exceptionMessage(src)/"" src/main/java/com/fasterxml/jackson/databind/JsonMappingException.java"
JacksonDatabind_103,run_shell_command,1,"cd /Users/nashid/repos/qwen-cli-automation/workspace/JacksonDatabind_103 && sed -i.bak 's/public static String backticked(String text) {/public static String backticked(String text) {\n        if (text == null) {\n            return ""[null]"";\n        }\n        return new StringBuilder(text.length()+2).append(\'`\').append(text).append(\'`\').toString();\n    }\n\n    /**\n     * Helper method that returns {@link Throwable#getMessage()} for all other exceptions\n     * except for {@link JsonProcessingException}, for which {@code getOriginalMessage()} is\n     * returned instead.\n     * Method is used to avoid accidentally including trailing location information twice\n     * in message when wrapping exceptions.\n     *\n     * @since 2.9.7\n     */\n    public static String exceptionMessage(Throwable t) {\n        if (t instanceof JsonProcessingException) {\n            return ((JsonProcessingException) t).getOriginalMessage();\n        }\n        return t.getMessage();\n    }\n\n    /*\n    /**********************************************************\n    /* Primitive type support\n    /**********************************************************\n     */\n    \n    /**/' src/main/java/com/fasterxml/jackson/databind/util/ClassUtil.java"
JacksonDatabind_103,run_shell_command,1,cd /Users/nashid/repos/qwen-cli-automation/workspace/JacksonDatabind_103 && tail -10 src/main/java/com/fasterxml/jackson/databind/util/ClassUtil.java
JacksonDatabind_103,run_shell_command,1,cd /Users/nashid/repos/qwen-cli-automation/workspace/JacksonDatabind_103 && tail -20 src/main/java/com/fasterxml/jackson/databind/util/ClassUtil.java
JacksonDatabind_103,run_shell_command,1,chmod +x /Users/nashid/repos/qwen-cli-automation/workspace/JacksonDatabind_103/apply_fix.sh
JacksonDatabind_103,run_shell_command,1,defects4j test
JacksonDatabind_103,run_shell_command,1,defects4j test -t com.fasterxml.jackson.databind.exc.BasicExceptionTest::testLocationAddition
JacksonDatabind_103,search_file_content,10,
JacksonDatabind_103,todo_write,3,
JacksonDatabind_103,write_file,4,
JacksonDatabind_104,edit,2,
JacksonDatabind_104,glob,1,
JacksonDatabind_104,read_file,4,
JacksonDatabind_104,run_shell_command,1,cd /Users/nashid/repos/qwen-cli-automation/workspace/JacksonDatabind_104 && ./run_bug_exposing_tests.sh
JacksonDatabind_104,run_shell_command,1,cd /Users/nashid/repos/qwen-cli-automation/workspace/JacksonDatabind_104 && defects4j compile
JacksonDatabind_104,run_shell_command,2,cd /Users/nashid/repos/qwen-cli-automation/workspace/JacksonDatabind_104 && defects4j test
JacksonDatabind_104,run_shell_command,2,cd /Users/nashid/repos/qwen-cli-automation/workspace/JacksonDatabind_104 && defects4j test -t com.fasterxml.jackson.databind.ser.jdk.DateSerializationTest::testDateISO8601_10k
JacksonDatabind_104,run_shell_command,1,cd /Users/nashid/repos/qwen-cli-automation/workspace/JacksonDatabind_104 && defects4j test -t com.fasterxml.jackson.databind.ser.jdk.DateSerializationTest::testDateISO8601_BCE
JacksonDatabind_104,run_shell_command,1,cd /Users/nashid/repos/qwen-cli-automation/workspace/JacksonDatabind_104 && defects4j test -t com.fasterxml.jackson.databind.ser.jdk.TestDateSerialization::testDatePaddingWithLargeYears
JacksonDatabind_104,run_shell_command,1,"cd /Users/nashid/repos/qwen-cli-automation/workspace/JacksonDatabind_104 && javac -cp ""target/classes:target/test-classes:$(defects4j export -p cp.test)"" TestStdDateFormat.java && java -cp "".:target/classes:target/test-classes:$(defects4j export -p cp.test)"" TestStdDateFormat"
JacksonDatabind_104,run_shell_command,1,cd /Users/nashid/repos/qwen-cli-automation/workspace/JacksonDatabind_104 && ls target/classes/com/fasterxml/jackson/databind/util/StdDateFormat.class
JacksonDatabind_104,todo_write,2,
JacksonDatabind_104,write_file,2,
JacksonDatabind_105,edit,6,
JacksonDatabind_105,glob,6,
JacksonDatabind_105,list_directory,1,
JacksonDatabind_105,read_file,18,
JacksonDatabind_105,run_shell_command,2,cd /Users/nashid/repos/qwen-cli-automation/workspace/JacksonDatabind_105 && ./run_bug_exposing_tests.sh
JacksonDatabind_105,run_shell_command,1,cd /Users/nashid/repos/qwen-cli-automation/workspace/JacksonDatabind_105 && defects4j compile
JacksonDatabind_105,run_shell_command,4,cd /Users/nashid/repos/qwen-cli-automation/workspace/JacksonDatabind_105 && defects4j test
JacksonDatabind_105,run_shell_command,3,cd /Users/nashid/repos/qwen-cli-automation/workspace/JacksonDatabind_105 && defects4j test -t com.fasterxml.jackson.databind.deser.jdk.JDKScalarsTest::testVoidDeser
JacksonDatabind_105,run_shell_command,1,"cd /Users/nashid/repos/qwen-cli-automation/workspace/JacksonDatabind_105 && find . -name ""*.java"" -exec grep -l ""Void"" {} \;"
JacksonDatabind_105,run_shell_command,1,"cd /Users/nashid/repos/qwen-cli-automation/workspace/JacksonDatabind_105 && find src/main -name ""*.java"" -exec grep -l ""ValueInstantiator"" {} \; | head -5"
JacksonDatabind_105,run_shell_command,1,"cd /Users/nashid/repos/qwen-cli-automation/workspace/JacksonDatabind_105 && find src/main -name ""*.java"" -exec grep -l ""Void"" {} \; | xargs grep -l ""Deserializ"""
JacksonDatabind_105,run_shell_command,2,cd /Users/nashid/repos/qwen-cli-automation/workspace/JacksonDatabind_105 && git checkout HEAD -- src/main/java/com/fasterxml/jackson/databind/deser/BasicDeserializerFactory.java
JacksonDatabind_105,run_shell_command,1,cd /Users/nashid/repos/qwen-cli-automation/workspace/JacksonDatabind_105 && git checkout HEAD -- src/test/java/com/fasterxml/jackson/databind/deser/jdk/JDKScalarsTest.java
JacksonDatabind_105,run_shell_command,1,"cd /Users/nashid/repos/qwen-cli-automation/workspace/JacksonDatabind_105 && grep -A 10 -B 10 ""Void"" src/main/java/com/fasterxml/jackson/databind/util/ClassUtil.java"
JacksonDatabind_105,run_shell_command,1,"cd /Users/nashid/repos/qwen-cli-automation/workspace/JacksonDatabind_105 && grep -n ""_constructDefaultValueInstantiator"" src/main/java/com/fasterxml/jackson/databind/deser/BasicDeserializerFactory.java"
JacksonDatabind_105,run_shell_command,1,"cd /Users/nashid/repos/qwen-cli-automation/workspace/JacksonDatabind_105 && grep -n ""createInstance\|Void"" src/main/java/com/fasterxml/jackson/databind/util/ClassUtil.java"
JacksonDatabind_105,run_shell_command,1,"cd /Users/nashid/repos/qwen-cli-automation/workspace/JacksonDatabind_105 && grep -r ""NullValueInstantiator"" src/main/java/ --include=""*.java"" | head -5"
JacksonDatabind_105,run_shell_command,1,"cd /Users/nashid/repos/qwen-cli-automation/workspace/JacksonDatabind_105 && grep -r ""Void"" src/main/java/com/fasterxml/jackson/databind/deser/ --include=""*.java"" | head -20"
JacksonDatabind_105,run_shell_command,1,"cd /Users/nashid/repos/qwen-cli-automation/workspace/JacksonDatabind_105 && grep -r ""createInstance.*Void\|Void.*createInstance\|ClassUtil.*createInstance"" src/main/java/ --include=""*.java"""
JacksonDatabind_105,run_shell_command,1,cd /Users/nashid/repos/qwen-cli-automation/workspace/JacksonDatabind_105 && java -cp $(defects4j export -p cp.test) org.junit.runner.JUnitCore com.fasterxml.jackson.databind.deser.jdk.JDKScalarsTest::testVoidDeser
JacksonDatabind_105,run_shell_command,1,"cd /Users/nashid/repos/qwen-cli-automation/workspace/JacksonDatabind_105 && sed -i.bak '313,320s/^/        // Special handling for Void class to avoid any issues with reflection\n        if (beanDesc.getBeanClass() == Void.class) {\n            // Return a dummy instantiator that prevents any instantiation attempts\n            // This avoids potential reflective access issues with Void constructor in newer JDKs\n            return new ValueInstantiator() {\n                @Override\n                public boolean canCreateUsingDefault() { return false; }\n                @Override\n                public boolean canCreateFromString() { return false; }\n                @Override\n                public boolean canCreateFromInt() { return false; }\n                @Override\n                public boolean canCreateFromLong() { return false; }\n                @Override\n                public boolean canCreateFromDouble() { return false; }\n                @Override\n                public boolean canCreateFromBoolean() { return false; }\n                @Override\n                public boolean canCreateFromObject() { return false; }\n                @Override\n                public boolean canCreateUsingDelegate() { return false; }\n                @Override\n                public boolean canCreateUsingFactoryMethod() { return false; }\n                @Override\n                public String getValueTypeDesc() { return ""Void""; }\n                @Override\n                public Object createUsingDefault(DeserializationContext ctxt) throws IOException {\n                    // Void cannot be instantiated, so throw an appropriate exception\n                    throw new JsonMappingException(ctxt.getParser(), ""Cannot create instance of Void"");\n                }\n                @Override\n                public Object createFromString(DeserializationContext ctxt, String value) throws IOException {\n                    throw new JsonMappingException(ctxt.getParser(), ""Cannot create instance of Void"");\n                }\n                @Override\n                public Object createFromInt(DeserializationContext ctxt, int value) throws IOException {\n                    throw new JsonMappingException(ctxt.getParser(), ""Cannot create instance of Void"");\n                }\n                @Override\n                public Object createFromLong(DeserializationContext ctxt, long value) throws IOException {\n                    throw new JsonMappingException(ctxt.getParser(), ""Cannot create instance of Void"");\n                }\n                @Override\n                public Object createFromDouble(DeserializationContext ctxt, double value) throws IOException {\n                    throw new JsonMappingException(ctxt.getParser(), ""Cannot create instance of Void"");\n                }\n                @Override\n                public Object createFromBoolean(DeserializationContext ctxt, boolean value) throws IOException {\n                    throw new JsonMappingException(ctxt.getParser(), ""Cannot create instance of Void"");\n                }\n                @Override\n                public Object createFromObject(DeserializationContext ctxt, Object value) throws IOException {\n                    throw new JsonMappingException(ctxt.getParser(), ""Cannot create instance of Void"");\n                }\n                @Override\n                public Object createUsingDelegate(DeserializationContext ctxt, Object delegate) throws IOException {\n                    throw new JsonMappingException(ctxt.getParser(), ""Cannot create instance of Void"");\n                }\n                @Override\n                public Object createUsingFactoryMethod(DeserializationContext ctxt, Object[] args) throws IOException {\n                    throw new JsonMappingException(ctxt.getParser(), ""Cannot create instance of Void"");\n                }\n            };\n        }\n\n/' src/main/java/com/fasterxml/jackson/databind/deser/BasicDeserializerFactory.java"
JacksonDatabind_105,run_shell_command,1,cd /Users/nashid/repos/qwen-cli-automation/workspace/JacksonDatabind_105 && wc -l src/main/java/com/fasterxml/jackson/databind/deser/BasicDeserializerFactory.java
JacksonDatabind_105,search_file_content,7,
JacksonDatabind_105,todo_write,2,
JacksonDatabind_108,read_file,1,
JacksonDatabind_108,run_shell_command,1,./run_all_tests_trace.sh
JacksonDatabind_108,run_shell_command,1,./run_bug_exposing_tests.sh
JacksonDatabind_109,read_file,5,
JacksonDatabind_109,run_shell_command,1,./run_all_tests_trace.sh
JacksonDatabind_109,run_shell_command,1,./run_bug_exposing_tests.sh
JacksonDatabind_109,run_shell_command,1,defects4j compile
JacksonDatabind_109,run_shell_command,1,defects4j test
JacksonDatabind_109,run_shell_command,1,defects4j test -t com.fasterxml.jackson.databind.ser.jdk.BigDecimalPlain2230Test::testBigIntegerAsPlainTest
JacksonDatabind_109,search_file_content,1,
JacksonDatabind_110,edit,5,
JacksonDatabind_110,glob,1,
JacksonDatabind_110,read_file,6,
JacksonDatabind_110,run_shell_command,1,cd /Users/nashid/repos/qwen-cli-automation/workspace/JacksonDatabind_110 && ./run_all_tests_trace.sh
JacksonDatabind_110,run_shell_command,2,cd /Users/nashid/repos/qwen-cli-automation/workspace/JacksonDatabind_110 && ./run_bug_exposing_tests.sh
JacksonDatabind_110,run_shell_command,1,cd /Users/nashid/repos/qwen-cli-automation/workspace/JacksonDatabind_110 && defects4j compile
JacksonDatabind_110,run_shell_command,1,cd /Users/nashid/repos/qwen-cli-automation/workspace/JacksonDatabind_110 && defects4j test
JacksonDatabind_110,run_shell_command,1,cd /Users/nashid/repos/qwen-cli-automation/workspace/JacksonDatabind_110 && defects4j test -t UtilCollectionsTypesTest::testUnmodifiableListFromLinkedList
JacksonDatabind_110,run_shell_command,2,cd /Users/nashid/repos/qwen-cli-automation/workspace/JacksonDatabind_110 && defects4j test -t UtilCollectionsTypesTest::testUnmodifiableNonRandomAccessList
JacksonDatabind_110,search_file_content,3,
JacksonDatabind_110,todo_write,2,
JacksonDatabind_111,edit,6,
JacksonDatabind_111,read_file,8,
JacksonDatabind_111,run_shell_command,2,cd /Users/nashid/repos/qwen-cli-automation/workspace/JacksonDatabind_111 && ./run_bug_exposing_tests.sh
JacksonDatabind_111,run_shell_command,5,cd /Users/nashid/repos/qwen-cli-automation/workspace/JacksonDatabind_111 && defects4j compile
JacksonDatabind_111,run_shell_command,1,cd /Users/nashid/repos/qwen-cli-automation/workspace/JacksonDatabind_111 && defects4j test
JacksonDatabind_111,run_shell_command,6,cd /Users/nashid/repos/qwen-cli-automation/workspace/JacksonDatabind_111 && defects4j test -t JDKAtomicTypesDeserTest::testNullWithinNested
JacksonDatabind_111,run_shell_command,1,cd /Users/nashid/repos/qwen-cli-automation/workspace/JacksonDatabind_111 && defects4j test -t JDKAtomicTypesDeserTest::testNullWithinNested -v
JacksonDatabind_111,run_shell_command,1,cd /Users/nashid/repos/qwen-cli-automation/workspace/JacksonDatabind_111 && defects4j test 2>&1 | head -20
JacksonDatabind_111,run_shell_command,1,"cd /Users/nashid/repos/qwen-cli-automation/workspace/JacksonDatabind_111 && git add . && git commit -m ""Fix null deserialization for nested AtomicReference types

When deserializing null for nested AtomicReference types like AtomicReference<AtomicReference<Integer>>,
the deserializer was not preserving the correct generic type information, leading to creation of
AtomicReference<AtomicReference<>> instead of AtomicReference<AtomicReference<Integer>> with null.

The fix modifies AtomicReferenceDeserializer.getNullValue() to explicitly pass null to the constructor,
ensuring proper type preservation during null deserialization."""
JacksonDatabind_111,run_shell_command,1,cd /Users/nashid/repos/qwen-cli-automation/workspace/JacksonDatabind_111 && git checkout HEAD -- src/main/java/com/fasterxml/jackson/databind/deser/std/AtomicReferenceDeserializer.java
JacksonDatabind_111,run_shell_command,1,cd /Users/nashid/repos/qwen-cli-automation/workspace/JacksonDatabind_111 && git diff
JacksonDatabind_111,run_shell_command,1,cd /Users/nashid/repos/qwen-cli-automation/workspace/JacksonDatabind_111 && git show HEAD:src/main/java/com/fasterxml/jackson/databind/deser/std/AtomicReferenceDeserializer.java
JacksonDatabind_111,run_shell_command,1,cd /Users/nashid/repos/qwen-cli-automation/workspace/JacksonDatabind_111 && git status
JacksonDatabind_111,run_shell_command,1,"cd /Users/nashid/repos/qwen-cli-automation/workspace/JacksonDatabind_111 && javac -cp ""target/classes:target/test-classes:$(find /Users/nashid/repos/defects4j/framework/projects -name ""*.jar"" | grep -E ""(jackson|junit)"" | tr '\n' ':')"" TestDebug.java && java -cp "".:target/classes:target/test-classes:$(find /Users/nashid/repos/defects4j/framework/projects -name ""*.jar"" | grep -E ""(jackson|junit)"" | tr '\n' ':')"" TestDebug"
JacksonDatabind_111,search_file_content,1,
JacksonDatabind_111,todo_write,3,
JacksonDatabind_111,write_file,1,
JacksonDatabind_13,edit,1,
JacksonDatabind_13,glob,3,
JacksonDatabind_13,read_file,4,
JacksonDatabind_13,run_shell_command,1,cd /Users/nashid/repos/qwen-cli-automation/workspace/JacksonDatabind_13 && ./run_bug_exposing_tests.sh
JacksonDatabind_13,run_shell_command,1,cd /Users/nashid/repos/qwen-cli-automation/workspace/JacksonDatabind_13 && defects4j compile
JacksonDatabind_13,run_shell_command,2,cd /Users/nashid/repos/qwen-cli-automation/workspace/JacksonDatabind_13 && defects4j test
JacksonDatabind_13,run_shell_command,2,cd /Users/nashid/repos/qwen-cli-automation/workspace/JacksonDatabind_13 && defects4j test -t com.fasterxml.jackson.databind.struct.TestObjectIdDeserialization::testNullObjectId
JacksonDatabind_13,run_shell_command,1,"cd /Users/nashid/repos/qwen-cli-automation/workspace/JacksonDatabind_13 && find . -name ""*.java"" -exec grep -l ""IdKey"" {} \;"
JacksonDatabind_13,run_shell_command,1,"cd /Users/nashid/repos/qwen-cli-automation/workspace/JacksonDatabind_13 && find . -name ""*.java"" -exec grep -l ""ObjectIdGenerator"" {} \; | head -10"
JacksonDatabind_13,run_shell_command,1,"cd /Users/nashid/repos/qwen-cli-automation/workspace/JacksonDatabind_13 && find . -name ""*.java"" -exec grep -l ""class IdKey"" {} \;"
JacksonDatabind_13,run_shell_command,1,"cd /Users/nashid/repos/qwen-cli-automation/workspace/JacksonDatabind_13 && find . -name ""*.java"" -exec grep -l ""public static class IdKey"" {} \;"
JacksonDatabind_13,run_shell_command,1,"cd /Users/nashid/repos/qwen-cli-automation/workspace/JacksonDatabind_13 && find . -name ""*ObjectIdGenerator*"" -type f"
JacksonDatabind_13,run_shell_command,1,"cd /Users/nashid/repos/qwen-cli-automation/workspace/JacksonDatabind_13 && find . -name ""ObjectIdGenerator.java"" -o -name ""*ObjectIdGenerator*"""
JacksonDatabind_13,run_shell_command,1,"cd /Users/nashid/repos/qwen-cli-automation/workspace/JacksonDatabind_13 && grep -rn ""new ObjectIdGenerator.IdKey"" src/"
JacksonDatabind_13,search_file_content,3,
JacksonDatabind_13,todo_write,1,
JacksonDatabind_13,write_file,1,
JacksonDatabind_14,edit,4,
JacksonDatabind_14,read_file,3,
JacksonDatabind_14,run_shell_command,2,cd /Users/nashid/repos/qwen-cli-automation/workspace/JacksonDatabind_14 && ./run_bug_exposing_tests.sh
JacksonDatabind_14,run_shell_command,1,cd /Users/nashid/repos/qwen-cli-automation/workspace/JacksonDatabind_14 && ant compile-tests
JacksonDatabind_14,run_shell_command,4,cd /Users/nashid/repos/qwen-cli-automation/workspace/JacksonDatabind_14 && defects4j compile
JacksonDatabind_14,run_shell_command,2,cd /Users/nashid/repos/qwen-cli-automation/workspace/JacksonDatabind_14 && defects4j test
JacksonDatabind_14,run_shell_command,5,cd /Users/nashid/repos/qwen-cli-automation/workspace/JacksonDatabind_14 && defects4j test -t TestUpdateValue::testIssue744
JacksonDatabind_14,run_shell_command,1,cd /Users/nashid/repos/qwen-cli-automation/workspace/JacksonDatabind_14 && defects4j test -t TestUpdateValue::testIssue744 -v
JacksonDatabind_14,run_shell_command,1,"cd /Users/nashid/repos/qwen-cli-automation/workspace/JacksonDatabind_14 && ls -la | grep -E ""(build|compile)"""
JacksonDatabind_14,run_shell_command,1,cd /Users/nashid/repos/qwen-cli-automation/workspace/JacksonDatabind_14 && mvn test -Dtest=TestUpdateValue#testIssue744
JacksonDatabind_14,search_file_content,1,
JacksonDatabind_14,todo_write,2,
JacksonDatabind_15,edit,2,
JacksonDatabind_15,glob,2,
JacksonDatabind_15,read_file,6,
JacksonDatabind_15,run_shell_command,1,./run_bug_exposing_tests.sh
JacksonDatabind_15,run_shell_command,2,defects4j compile
JacksonDatabind_15,run_shell_command,2,defects4j test
JacksonDatabind_15,run_shell_command,1,defects4j test -t com.fasterxml.jackson.databind.convert.TestConvertingSerializer::testIssue731
JacksonDatabind_15,run_shell_command,1,git diff
JacksonDatabind_15,search_file_content,1,
JacksonDatabind_18,edit,9,
JacksonDatabind_18,list_directory,8,
JacksonDatabind_18,read_file,12,
JacksonDatabind_18,run_shell_command,1,cd /Users/nashid/repos/qwen-cli-automation/workspace/JacksonDatabind_18 && ./run_bug_exposing_tests.sh
JacksonDatabind_18,run_shell_command,3,cd /Users/nashid/repos/qwen-cli-automation/workspace/JacksonDatabind_18 && defects4j compile
JacksonDatabind_18,run_shell_command,3,cd /Users/nashid/repos/qwen-cli-automation/workspace/JacksonDatabind_18 && defects4j test
JacksonDatabind_18,run_shell_command,1,cd /Users/nashid/repos/qwen-cli-automation/workspace/JacksonDatabind_18 && defects4j test -t com.fasterxml.jackson.databind.seq.ReadRecoveryTest::testSimpleRootRecovery
JacksonDatabind_18,run_shell_command,1,cd /Users/nashid/repos/qwen-cli-automation/workspace/JacksonDatabind_18 && defects4j test -t com.fasterxml.jackson.databind.seq.ReadRecoveryTest::testSimpleRootRecovery -v
JacksonDatabind_18,run_shell_command,2,cd /Users/nashid/repos/qwen-cli-automation/workspace/JacksonDatabind_18 && git checkout src/main/java/com/fasterxml/jackson/databind/MappingIterator.java
JacksonDatabind_18,run_shell_command,1,cd /Users/nashid/repos/qwen-cli-automation/workspace/JacksonDatabind_18 && git diff
JacksonDatabind_18,run_shell_command,1,cd /Users/nashid/repos/qwen-cli-automation/workspace/JacksonDatabind_18 && tail -20 src/main/java/com/fasterxml/jackson/databind/MappingIterator.java
JacksonDatabind_18,search_file_content,2,
JacksonDatabind_20,edit,2,
JacksonDatabind_20,read_file,13,
JacksonDatabind_20,run_shell_command,1,./run_bug_exposing_tests.sh
JacksonDatabind_20,run_shell_command,1,defects4j compile
JacksonDatabind_20,run_shell_command,2,defects4j test
JacksonDatabind_20,run_shell_command,1,defects4j test -t com.fasterxml.jackson.databind.introspect.TestNamingStrategyStd::testNamingWithObjectNode
JacksonDatabind_20,search_file_content,9,
JacksonDatabind_21,edit,5,
JacksonDatabind_21,glob,1,
JacksonDatabind_21,read_file,16,
JacksonDatabind_21,run_shell_command,1,cd /Users/nashid/repos/qwen-cli-automation/workspace/JacksonDatabind_21 && ./run_bug_exposing_tests.sh
JacksonDatabind_21,run_shell_command,1,"cd /Users/nashid/repos/qwen-cli-automation/workspace/JacksonDatabind_21 && awk '/public String findEnumValue/,/return value\.name\(\);/' src/main/java/com/fasterxml/jackson/databind/introspect/JacksonAnnotationIntrospector.java | head -20"
JacksonDatabind_21,run_shell_command,1,cd /Users/nashid/repos/qwen-cli-automation/workspace/JacksonDatabind_21 && cp JacksonAnnotationIntrospector.java.patch src/main/java/com/fasterxml/jackson/databind/introspect/JacksonAnnotationIntrospector.java
JacksonDatabind_21,run_shell_command,6,cd /Users/nashid/repos/qwen-cli-automation/workspace/JacksonDatabind_21 && defects4j compile
JacksonDatabind_21,run_shell_command,2,cd /Users/nashid/repos/qwen-cli-automation/workspace/JacksonDatabind_21 && defects4j test
JacksonDatabind_21,run_shell_command,2,cd /Users/nashid/repos/qwen-cli-automation/workspace/JacksonDatabind_21 && defects4j test -t com.fasterxml.jackson.databind.deser.TestEnumDeserialization::testEnumWithJsonPropertyRename
JacksonDatabind_21,run_shell_command,1,cd /Users/nashid/repos/qwen-cli-automation/workspace/JacksonDatabind_21 && defects4j test -t com.fasterxml.jackson.databind.deser.TestEnumJsonPropertyFix::testEnumJsonPropertyRename
JacksonDatabind_21,run_shell_command,1,"cd /Users/nashid/repos/qwen-cli-automation/workspace/JacksonDatabind_21 && find . -name ""*.java"" -exec grep -l ""findEnumValue"" {} \;"
JacksonDatabind_21,run_shell_command,1,cd /Users/nashid/repos/qwen-cli-automation/workspace/JacksonDatabind_21 && git checkout src/main/java/com/fasterxml/jackson/databind/introspect/JacksonAnnotationIntrospector.java
JacksonDatabind_21,run_shell_command,1,"cd /Users/nashid/repos/qwen-cli-automation/workspace/JacksonDatabind_21 && grep -n ""@Override"" src/main/java/com/fasterxml/jackson/databind/introspect/JacksonAnnotationIntrospector.java | tail -10"
JacksonDatabind_21,run_shell_command,1,"cd /Users/nashid/repos/qwen-cli-automation/workspace/JacksonDatabind_21 && grep -n ""findEnumValue"" src/main/java/com/fasterxml/jackson/databind/introspect/JacksonAnnotationIntrospector.java"
JacksonDatabind_21,run_shell_command,1,"cd /Users/nashid/repos/qwen-cli-automation/workspace/JacksonDatabind_21 && grep -n ""public String findEnumValue"" src/main/java/com/fasterxml/jackson/databind/AnnotationIntrospector.java"
JacksonDatabind_21,run_shell_command,1,cd /Users/nashid/repos/qwen-cli-automation/workspace/JacksonDatabind_21 && rm src/main/java/com/fasterxml/jackson/databind/introspect/JacksonAnnotationIntrospector.java
JacksonDatabind_21,run_shell_command,1,"cd /Users/nashid/repos/qwen-cli-automation/workspace/JacksonDatabind_21 && sed -n '800,900p' src/main/java/com/fasterxml/jackson/databind/introspect/JacksonAnnotationIntrospector.java"
JacksonDatabind_21,search_file_content,7,
JacksonDatabind_21,todo_write,1,
JacksonDatabind_21,write_file,2,
JacksonDatabind_23,read_file,3,
JacksonDatabind_23,run_shell_command,1,cd /Users/nashid/repos/qwen-cli-automation/workspace/JacksonDatabind_23 && ./run_all_tests_trace.sh
JacksonDatabind_23,run_shell_command,1,cd /Users/nashid/repos/qwen-cli-automation/workspace/JacksonDatabind_23 && ./run_bug_exposing_tests.sh
JacksonDatabind_23,run_shell_command,1,cd /Users/nashid/repos/qwen-cli-automation/workspace/JacksonDatabind_23 && defects4j test
JacksonDatabind_23,search_file_content,1,
JacksonDatabind_25,edit,14,
JacksonDatabind_25,read_file,24,
JacksonDatabind_25,run_shell_command,2,cd /Users/nashid/repos/qwen-cli-automation/workspace/JacksonDatabind_25 && ./run_bug_exposing_tests.sh
JacksonDatabind_25,run_shell_command,6,cd /Users/nashid/repos/qwen-cli-automation/workspace/JacksonDatabind_25 && defects4j compile
JacksonDatabind_25,run_shell_command,1,cd /Users/nashid/repos/qwen-cli-automation/workspace/JacksonDatabind_25 && defects4j export -p cp.test
JacksonDatabind_25,run_shell_command,5,cd /Users/nashid/repos/qwen-cli-automation/workspace/JacksonDatabind_25 && defects4j test
JacksonDatabind_25,run_shell_command,3,cd /Users/nashid/repos/qwen-cli-automation/workspace/JacksonDatabind_25 && defects4j test -t com.fasterxml.jackson.databind.deser.TestArrayDeserialization::testByteArrayTypeOverride890
JacksonDatabind_25,run_shell_command,1,cd /Users/nashid/repos/qwen-cli-automation/workspace/JacksonDatabind_25 && defects4j test -t com.fasterxml.jackson.databind.deser.TestArrayDeserialization::testDirectByteArrayDeserialization
JacksonDatabind_25,run_shell_command,1,cd /Users/nashid/repos/qwen-cli-automation/workspace/JacksonDatabind_25 && git restore .
JacksonDatabind_25,run_shell_command,1,cd /Users/nashid/repos/qwen-cli-automation/workspace/JacksonDatabind_25 && git status
JacksonDatabind_25,run_shell_command,1,"cd /Users/nashid/repos/qwen-cli-automation/workspace/JacksonDatabind_25 && grep -n ""createBeanDeserializer"" src/main/java/com/fasterxml/jackson/databind/deser/BeanDeserializerFactory.java"
JacksonDatabind_25,run_shell_command,1,"cd /Users/nashid/repos/qwen-cli-automation/workspace/JacksonDatabind_25 && grep -n ""findStdDeserializer\|findDefaultDeserializer"" src/main/java/com/fasterxml/jackson/databind/deser/BasicDeserializerFactory.java"
JacksonDatabind_25,run_shell_command,1,"cd /Users/nashid/repos/qwen-cli-automation/workspace/JacksonDatabind_25 && grep -n ""isConcrete"" src/main/java/com/fasterxml/jackson/databind/util/ClassUtil.java"
JacksonDatabind_25,run_shell_command,1,"cd /Users/nashid/repos/qwen-cli-automation/workspace/JacksonDatabind_25 && java -cp ""$(defects4j export -p cp.test)"" org.junit.runner.JUnitCore com.fasterxml.jackson.databind.deser.TestArrayDeserialization::testByteArrayTypeOverride890"
JacksonDatabind_25,run_shell_command,1,"cd /Users/nashid/repos/qwen-cli-automation/workspace/JacksonDatabind_25 && java -cp ""/Users/nashid/repos/defects4j/framework/projects/JacksonDatabind/lib/com/fasterxml/jackson/core/jackson-annotations/2.6.0/jackson-annotations-2.6.0.jar:/Users/nashid/repos/defects4j/framework/projects/JacksonDatabind/lib/com/fasterxml/jackson/core/jackson-core/2.6.0/jackson-core-2.6.0.jar:/Users/nashid/repos/defects4j/framework/projects/JacksonDatabind/lib/org/powermock/powermock-module-junit4/1.6.2/powermock-module-junit4-1.6.2.jar:/Users/nashid/repos/defects4j/framework/projects/JacksonDatabind/lib/org/powermock/powermock-module-junit4-common/1.6.2/powermock-module-junit4-common-1.6.2.jar:/Users/nashid/repos/defects4j/framework/projects/JacksonDatabind/lib/org/powermock/powermock-core/1.6.2/powermock-core-1.6.2.jar:/Users/nashid/repos/defects4j/framework/projects/JacksonDatabind/lib/org/javassist/javassist/3.19.0-GA/javassist-3.19.0-GA.jar:/Users/nashid/repos/defects4j/framework/projects/JacksonDatabind/lib/org/powermock/powermock-reflect/1.6.2/powermock-reflect-1.6.2.jar:/Users/nashid/repos/defects4j/framework/projects/JacksonDatabind/lib/org/objenesis/objenesis/2.1/objenesis-2.1.jar:/Users/nashid/repos/defects4j/framework/projects/JacksonDatabind/lib/org/powermock/powermock-api-mockito/1.6.2/powermock-api-mockito-1.6.2.jar:/Users/nashid/repos/defects4j/framework/projects/JacksonDatabind/lib/org/mockito/mockito-all/1.10.19/mockito-all-1.10.19.jar:/Users/nashid/repos/defects4j/framework/projects/JacksonDatabind/lib/org/powermock/powermock-api-support/1.6.2/powermock-api-support-1.6.2.jar:/Users/nashid/repos/defects4j/framework/projects/JacksonDatabind/lib/javax/measure/jsr-275/0.9.2/jsr-275-0.9.2.jar:/Users/nashid/repos/defects4j/framework/projects/JacksonDatabind/lib/junit/junit/4.11/junit-4.11.jar:/Users/nashid/repos/defects4j/framework/projects/JacksonDatabind/lib/org/hamcrest/hamcrest-core/1.3/hamcrest-core-1.3.jar:/Users/nashid/repos/qwen-cli-automation/workspace/JacksonDatabind_25/target/classes:/Users/nashid/repos/qwen-cli-automation/workspace/JacksonDatabind_25/target/test-classes:/Users/nashid/repos/defects4j/framework/projects/lib/junit-4.11.jar:/Users/nashid/repos/defects4j/framework/projects/JacksonDatabind/lib/antlr/antlr/2.7.7/antlr-2.7.7.jar:/Users/nashid/repos/defects4j/framework/projects/JacksonDatabind/lib/asm/asm-analysis/3.2/asm-analysis-3.2.jar:/Users/nashid/repos/defects4j/framework/projects/JacksonDatabind/lib/asm/asm-commons/3.2/asm-commons-3.2.jar:/Users/nashid/repos/defects4j/framework/projects/JacksonDatabind/lib/asm/asm-tree/3.2/asm-tree-3.2.jar:/Users/nashid/repos/defects4j/framework/projects/JacksonDatabind/lib/asm/asm-util/3.2/asm-util-3.2.jar:/Users/nashid/repos/defects4j/framework/projects/JacksonDatabind/lib/asm/asm/3.3.1/asm-3.3.1.jar:/Users/nashid/repos/defects4j/framework/projects/JacksonDatabind/lib/cglib/cglib/2.2.2/cglib-2.2.2.jar:/Users/nashid/repos/defects4j/framework/projects/JacksonDatabind/lib/cglib/cglib/3.1/cglib-3.1.jar:/Users/nashid/repos/defects4j/framework/projects/JacksonDatabind/lib/com/fasterxml/jackson/core/jackson-annotations/2.10.0-SNAPSHOT/jackson-annotations-2.10.0-20190519.085045-3.jar:/Users/nashid/repos/defects4j/framework/projects/JacksonDatabind/lib/com/fasterxml/jackson/core/jackson-annotations/2.2.0/jackson-annotations-2.2.0.jar:/Users/nashid/repos/defects4j/framework/projects/JacksonDatabind/lib/com/fasterxml/jackson/core/jackson-annotations/2.2.1/jackson-annotations-2.2.1.jar:/Users/nashid/repos/defects4j/framework/projects/JacksonDatabind/lib/com/fasterxml/jackson/core/jackson-annotations/2.3.0/jackson-annotations-2.3.0.jar:/Users/nashid/repos/defects4j/framework/projects/JacksonDatabind/lib/com/fasterxml/jackson/core/jackson-annotations/2.4.0-rc3/jackson-annotations-2.4.0-rc3.jar:/Users/nashid/repos/defects4j/framework/projects/JacksonDatabind/lib/com/fasterxml/jackson/core/jackson-annotations/2.4.0/jackson-annotations-2.4.0.jar:/Users/nashid/repos/defects4j/framework/projects/JacksonDatabind/lib/com/fasterxml/jackson/core/jackson-annotations/2.5.0/jackson-annotations-2.5.0.jar:/Users/nashid/repos/defects4j/framework/projects/JacksonDatabind/lib/com/fasterxml/jackson/core/jackson-annotations/2.6.0-rc1/jackson-annotations-2.6.0-rc1.jar:/Users/nashid/repos/defects4j/framework/projects/JacksonDatabind/lib/com/fasterxml/jackson/core/jackson-annotations/2.6.0-rc2/jackson-annotations-2.6.0-rc2.jar:/Users/nashid/repos/defects4j/framework/projects/JacksonDatabind/lib/com/fasterxml/jackson/core/jackson-annotations/2.6.0-rc3/jackson-annotations-2.6.0-rc3.jar:/Users/nashid/repos/defects4j/framework/projects/JacksonDatabind/lib/com/fasterxml/jackson/core/jackson-annotations/2.7.0-rc2/jackson-annotations-2.7.0-rc2.jar:/Users/nashid/repos/defects4j/framework/projects/JacksonDatabind/lib/com/fasterxml/jackson/core/jackson-annotations/2.7.0/jackson-annotations-2.7.0.jar:/Users/nashid/repos/defects4j/framework/projects/JacksonDatabind/lib/com/fasterxml/jackson/core/jackson-annotations/2.8.0.rc1/jackson-annotations-2.8.0.rc1.jar:/Users/nashid/repos/defects4j/framework/projects/JacksonDatabind/lib/com/fasterxml/jackson/core/jackson-annotations/2.8.0/jackson-annotations-2.8.0.jar:/Users/nashid/repos/defects4j/framework/projects/JacksonDatabind/lib/com/fasterxml/jackson/core/jackson-annotations/2.9.0.pr3/jackson-annotations-2.9.0.pr3.jar:/Users/nashid/repos/defects4j/framework/projects/JacksonDatabind/lib/com/fasterxml/jackson/core/jackson-annotations/2.9.0/jackson-annotations-2.9.0.jar:/Users/nashid/repos/defects4j/framework/projects/JacksonDatabind/lib/com/fasterxml/jackson/core/jackson-annotations/3.0-SNAPSHOT/jackson-annotations-3.0-20190323.173155-41.jar:/Users/nashid/repos/defects4j/framework/projects/JacksonDatabind/lib/com/fasterxml/jackson/core/jackson-annotations/3.0-SNAPSHOT/jackson-annotations-3.0-20190519.085339-43.jar:/Users/nashid/repos/defects4j/framework/projects/JacksonDatabind/lib/com/fasterxml/jackson/core/jackson-core/2.10.0-SNAPSHOT/jackson-core-2.10.0-20190518.180547-60.jar:/Users/nashid/repos/defects4j/framework/projects/JacksonDatabind/lib/com/fasterxml/jackson/core/jackson-core/2.2.0/jackson-core-2.2.0.jar:/Users/nashid/repos/defects4j/framework/projects/JacksonDatabind/lib/com/fasterxml/jackson/core/jackson-core/2.2.1/jackson-core-2.2.1.jar:/Users/nashid/repos/defects4j/framework/projects/JacksonDatabind/lib/com/fasterxml/jackson/core/jackson-core/2.3.0/jackson-core-2.3.0.jar:/Users/nashid/repos/defects4j/framework/projects/JacksonDatabind/lib/com/fasterxml/jackson/core/jackson-core/2.4.0-rc3/jackson-core-2.4.0-rc3.jar:/Users/nashid/repos/defects4j/framework/projects/JacksonDatabind/lib/com/fasterxml/jackson/core/jackson-core/2.4.0/jackson-core-2.4.0.jar:/Users/nashid/repos/defects4j/framework/projects/JacksonDatabind/lib/com/fasterxml/jackson/core/jackson-core/2.4.1.1/jackson-core-2.4.1.1.jar:/Users/nashid/repos/defects4j/framework/projects/JacksonDatabind/lib/com/fasterxml/jackson/core/jackson-core/2.4.2/jackson-core-2.4.2.jar:/Users/nashid/repos/defects4j/framework/projects/JacksonDatabind/lib/com/fasterxml/jackson/core/jackson-core/2.4.3/jackson-core-2.4.3.jar:/Users/nashid/repos/defects4j/framework/projects/JacksonDatabind/lib/com/fasterxml/jackson/core/jackson-core/2.4.5/jackson-core-2.4.5.jar:/Users/nashid/repos/defects4j/framework/projects/JacksonDatabind/lib/com/fasterxml/jackson/core/jackson-core/2.4.6/jackson-core-2.4.6.jar:/Users/nashid/repos/defects4j/framework/projects/JacksonDatabind/lib/com/fasterxml/jackson/core/jackson-core/2.5.0/jackson-core-2.5.0.jar:/Users/nashid/repos/defects4j/framework/projects/JacksonDatabind/lib/com/fasterxml/jackson/core/jackson-core/2.5.1/jackson-core-2.5.1.jar:/Users/nashid/repos/defects4j/framework/projects/JacksonDatabind/lib/com/fasterxml/jackson/core/jackson-core/2.5.3/jackson-core-2.5.3.jar:/Users/nashid/repos/defects4j/framework/projects/JacksonDatabind/lib/com/fasterxml/jackson/core/jackson-core/2.5.4/jackson-core-2.5.4.jar:/Users/nashid/repos/defects4j/framework/projects/JacksonDatabind/lib/com/fasterxml/jackson/core/jackson-core/2.5.5/jackson-core-2.5.5.jar:/Users/nashid/repos/defects4j/framework/projects/JacksonDatabind/lib/com/fasterxml/jackson/core/jackson-core/2.6.0-rc1/jackson-core-2.6.0-rc1.jar:/Users/nashid/repos/defects4j/framework/projects/JacksonDatabind/lib/com/fasterxml/jackson/core/jackson-core/2.6.0-rc2/jackson-core-2.6.0-rc2.jar:/Users/nashid/repos/defects4j/framework/projects/JacksonDatabind/lib/com/fasterxml/jackson/core/jackson-core/2.6.0-rc3/jackson-core-2.6.0-rc3.jar:/Users/nashid/repos/defects4j/framework/projects/JacksonDatabind/lib/com/fasterxml/jackson/core/jackson-core/2.6.1/jackson-core-2.6.1.jar:/Users/nashid/repos/defects4j/framework/projects/JacksonDatabind/lib/com/fasterxml/jackson/core/jackson-core/2.6.2/jackson-core-2.6.2.jar:/Users/nashid/repos/defects4j/framework/projects/JacksonDatabind/lib/com/fasterxml/jackson/core/jackson-core/2.6.3/jackson-core-2.6.3.jar:/Users/nashid/repos/defects4j/framework/projects/JacksonDatabind/lib/com/fasterxml/jackson/core/jackson-core/2.6.4/jackson-core-2.6.4.jar:/Users/nashid/repos/defects4j/framework/projects/JacksonDatabind/lib/com/fasterxml/jackson/core/jackson-core/2.6.5/jackson-core-2.6.5.jar:/Users/nashid/repos/defects4j/framework/projects/JacksonDatabind/lib/com/fasterxml/jackson/core/jackson-core/2.6.6/jackson-core-2.6.6.jar:/Users/nashid/repos/defects4j/framework/projects/JacksonDatabind/lib/com/fasterxml/jackson/core/jackson-core/2.6.7/jackson-core-2.6.7.jar:/Users/nashid/repos/defects4j/framework/projects/JacksonDatabind/lib/com/fasterxml/jackson/core/jackson-core/2.7.0-rc2/jackson-core-2.7.0-rc2.jar:/Users/nashid/repos/defects4j/framework/projects/JacksonDatabind/lib/com/fasterxml/jackson/core/jackson-core/2.7.0/jackson-core-2.7.0.jar:/Users/nashid/repos/defects4j/framework/projects/JacksonDatabind/lib/com/fasterxml/jackson/core/jackson-core/2.7.1/jackson-core-2.7.1.jar:/Users/nashid/repos/defects4j/framework/projects/JacksonDatabind/lib/com/fasterxml/jackson/core/jackson-core/2.7.2/jackson-core-2.7.2.jar:/Users/nashid/repos/defects4j/framework/projects/JacksonDatabind/lib/com/fasterxml/jackson/core/jackson-core/2.7.4/jackson-core-2.7.4.jar:/Users/nashid/repos/defects4j/framework/projects/JacksonDatabind/lib/com/fasterxml/jackson/core/jackson-core/2.7.5/jackson-core-2.7.5.jar:/Users/nashid/repos/defects4j/framework/projects/JacksonDatabind/lib/com/fasterxml/jackson/core/jackson-core/2.7.6/jackson-core-2.7.6.jar:/Users/nashid/repos/defects4j/framework/projects/JacksonDatabind/lib/com/fasterxml/jackson/core/jackson-core/2.7.7/jackson-core-2.7.7.jar:/Users/nashid/repos/defects4j/framework/projects/JacksonDatabind/lib/com/fasterxml/jackson/core/jackson-core/2.7.8/jackson-core-2.7.8.jar:/Users/nashid/repos/defects4j/framework/projects/JacksonDatabind/lib/com/fasterxml/jackson/core/jackson-core/2.7.9/jackson-core-2.7.9.jar:/Users/nashid/repos/defects4j/framework/projects/JacksonDatabind/lib/com/fasterxml/jackson/core/jackson-core/2.8.0.rc1/jackson-core-2.8.0.rc1.jar:/Users/nashid/repos/defects4j/framework/projects/JacksonDatabind/lib/com/fasterxml/jackson/core/jackson-core/2.8.0.rc2/jackson-core-2.8.0.rc2.jar:/Users/nashid/repos/defects4j/framework/projects/JacksonDatabind/lib/com/fasterxml/jackson/core/jackson-core/2.8.0/jackson-core-2.8.0.jar:/Users/nashid/repos/defects4j/framework/projects/JacksonDatabind/lib/com/fasterxml/jackson/core/jackson-core/2.8.10/jackson-core-2.8.10.jar:/Users/nashid/repos/defects4j/framework/projects/JacksonDatabind/lib/com/fasterxml/jackson/core/jackson-core/2.8.3/jackson-core-2.8.3.jar:/Users/nashid/repos/defects4j/framework/projects/JacksonDatabind/lib/com/fasterxml/jackson/core/jackson-core/2.8.4/jackson-core-2.8.4.jar:/Users/nashid/repos/defects4j/framework/projects/JacksonDatabind/lib/com/fasterxml/jackson/core/jackson-core/2.8.5/jackson-core-2.8.5.jar:/Users/nashid/repos/defects4j/framework/projects/JacksonDatabind/lib/com/fasterxml/jackson/core/jackson-core/2.8.6/jackson-core-2.8.6.jar:/Users/nashid/repos/defects4j/framework/projects/JacksonDatabind/lib/com/fasterxml/jackson/core/jackson-core/2.8.7/jackson-core-2.8.7.jar:/Users/nashid/repos/defects4j/framework/projects/JacksonDatabind/lib/com/fasterxml/jackson/core/jackson-core/2.8.8-SNAPSHOT/jackson-core-2.8.8-20170301.000803-1.jar:/Users/nashid/repos/defects4j/framework/projects/JacksonDatabind/lib/com/fasterxml/jackson/core/jackson-core/2.8.8/jackson-core-2.8.8.jar:/Users/nashid/repos/defects4j/framework/projects/JacksonDatabind/lib/com/fasterxml/jackson/core/jackson-core/2.8.9/jackson-core-2.8.9.jar:/Users/nashid/repos/defects4j/framework/projects/JacksonDatabind/lib/com/fasterxml/jackson/core/jackson-core/2.9.0.pr3/jackson-core-2.9.0.pr3.jar:/Users/nashid/repos/defects4j/framework/projects/JacksonDatabind/lib/com/fasterxml/jackson/core/jackson-core/2.9.6/jackson-core-2.9.6.jar:/Users/nashid/repos/defects4j/framework/projects/JacksonDatabind/lib/com/fasterxml/jackson/core/jackson-core/2.9.7/jackson-core-2.9.7.jar:/Users/nashid/repos/defects4j/framework/projects/JacksonDatabind/lib/com/fasterxml/jackson/core/jackson-core/2.9.8/jackson-core-2.9.8.jar:/Users/nashid/repos/defects4j/framework/projects/JacksonDatabind/lib/com/fasterxml/jackson/core/jackson-core/2.9.9/jackson-core-2.9.9.jar:/Users/nashid/repos/defects4j/framework/projects/JacksonDatabind/lib/com/fasterxml/jackson/core/jackson-core/3.0.0-SNAPSHOT/jackson-core-3.0.0-20190516.032312-448.jar:/Users/nashid/repos/defects4j/framework/projects/JacksonDatabind/lib/com/google/guava/guava/18.0/guava-18.0.jar:/Users/nashid/repos/defects4j/framework/projects/JacksonDatabind/lib/com/google/jimfs/jimfs/1.1/jimfs-1.1.jar:/Users/nashid/repos/defects4j/framework/projects/JacksonDatabind/lib/javax/measure/jsr-275/0.9.1/jsr-275-0.9.1.jar:/Users/nashid/repos/defects4j/framework/projects/JacksonDatabind/lib/junit/junit/4.10/junit-4.10.jar:/Users/nashid/repos/defects4j/framework/projects/JacksonDatabind/lib/junit/junit/4.12/junit-4.12.jar:/Users/nashid/repos/defects4j/framework/projects/JacksonDatabind/lib/junit/junit/4.8.2/junit-4.8.2.jar:/Users/nashid/repos/defects4j/framework/projects/JacksonDatabind/lib/net/bytebuddy/byte-buddy-agent/1.7.5/byte-buddy-agent-1.7.5.jar:/Users/nashid/repos/defects4j/framework/projects/JacksonDatabind/lib/net/bytebuddy/byte-buddy-agent/1.9.3/byte-buddy-agent-1.9.3.jar:/Users/nashid/repos/defects4j/framework/projects/JacksonDatabind/lib/net/bytebuddy/byte-buddy/1.7.5/byte-buddy-1.7.5.jar:/Users/nashid/repos/defects4j/framework/projects/JacksonDatabind/lib/net/bytebuddy/byte-buddy/1.9.3/byte-buddy-1.9.3.jar:/Users/nashid/repos/defects4j/framework/projects/JacksonDatabind/lib/org/assertj/assertj-core/3.8.0/assertj-core-3.8.0.jar:/Users/nashid/repos/defects4j/framework/projects/JacksonDatabind/lib/org/assertj/assertj-core/3.9.1/assertj-core-3.9.1.jar:/Users/nashid/repos/defects4j/framework/projects/JacksonDatabind/lib/org/codehaus/groovy/groovy/1.7.9/groovy-1.7.9.jar:/Users/nashid/repos/defects4j/framework/projects/JacksonDatabind/lib/org/codehaus/groovy/groovy/2.4.0/groovy-2.4.0.jar:/Users/nashid/repos/defects4j/framework/projects/JacksonDatabind/lib/org/hamcrest/hamcrest-core/1.1/hamcrest-core-1.1.jar:/Users/nashid/repos/defects4j/framework/projects/JacksonDatabind/lib/org/hibernate/hibernate-cglib-repack/2.1_3/hibernate-cglib-repack-2.1_3.jar:/Users/nashid/repos/defects4j/framework/projects/JacksonDatabind/lib/org/javassist/javassist/3.20.0-GA/javassist-3.20.0-GA.jar:/Users/nashid/repos/defects4j/framework/projects/JacksonDatabind/lib/org/javassist/javassist/3.21.0-GA/javassist-3.21.0-GA.jar:/Users/nashid/repos/defects4j/framework/projects/JacksonDatabind/lib/org/javassist/javassist/3.22.0-CR2/javassist-3.22.0-CR2.jar:/Users/nashid/repos/defects4j/framework/projects/JacksonDatabind/lib/org/javassist/javassist/3.24.0-GA/javassist-3.24.0-GA.jar:/Users/nashid/repos/defects4j/framework/projects/JacksonDatabind/lib/org/mockito/mockito-core/1.10.19/mockito-core-1.10.19.jar:/Users/nashid/repos/defects4j/framework/projects/JacksonDatabind/lib/org/mockito/mockito-core/2.10.0/mockito-core-2.10.0.jar:/Users/nashid/repos/defects4j/framework/projects/JacksonDatabind/lib/org/mockito/mockito-core/2.23.0/mockito-core-2.23.0.jar:/Users/nashid/repos/defects4j/framework/projects/JacksonDatabind/lib/org/objenesis/objenesis/2.6/objenesis-2.6.jar:/Users/nashid/repos/defects4j/framework/projects/JacksonDatabind/lib/org/objenesis/objenesis/3.0.1/objenesis-3.0.1.jar:/Users/nashid/repos/defects4j/framework/projects/JacksonDatabind/lib/org/ow2/asm/asm/4.2/asm-4.2.jar:/Users/nashid/repos/defects4j/framework/projects/JacksonDatabind/lib/org/powermock/powermock-api-mockito-common/1.6.5/powermock-api-mockito-common-1.6.5.jar:/Users/nashid/repos/defects4j/framework/projects/JacksonDatabind/lib/org/powermock/powermock-api-mockito-common/1.7.3/powermock-api-mockito-common-1.7.3.jar:/Users/nashid/repos/defects4j/framework/projects/JacksonDatabind/lib/org/powermock/powermock-api-mockito-common/1.7.4/powermock-api-mockito-common-1.7.4.jar:/Users/nashid/repos/defects4j/framework/projects/JacksonDatabind/lib/org/powermock/powermock-api-mockito/1.6.3/powermock-api-mockito-1.6.3.jar:/Users/nashid/repos/defects4j/framework/projects/JacksonDatabind/lib/org/powermock/powermock-api-mockito/1.6.5/powermock-api-mockito-1.6.5.jar:/Users/nashid/repos/defects4j/framework/projects/JacksonDatabind/lib/org/powermock/powermock-api-mockito/1.7.3/powermock-api-mockito-1.7.3.jar:/Users/nashid/repos/defects4j/framework/projects/JacksonDatabind/lib/org/powermock/powermock-api-mockito/1.7.4/powermock-api-mockito-1.7.4.jar:/Users/nashid/repos/defects4j/framework/projects/JacksonDatabind/lib/org/powermock/powermock-api-mockito2/2.0.0-beta.5/powermock-api-mockito2-2.0.0-beta.5.jar:/Users/nashid/repos/defects4j/framework/projects/JacksonDatabind/lib/org/powermock/powermock-api-mockito2/2.0.0/powermock-api-mockito2-2.0.0.jar:/Users/nashid/repos/defects4j/framework/projects/JacksonDatabind/lib/org/powermock/powermock-api-support/1.6.3/powermock-api-support-1.6.3.jar:/Users/nashid/repos/defects4j/framework/projects/JacksonDatabind/lib/org/powermock/powermock-api-support/1.6.5/powermock-api-support-1.6.5.jar:/Users/nashid/repos/defects4j/framework/projects/JacksonDatabind/lib/org/powermock/powermock-api-support/1.7.3/powermock-api-support-1.7.3.jar:/Users/nashid/repos/defects4j/framework/projects/JacksonDatabind/lib/org/powermock/powermock-api-support/1.7.4/powermock-api-support-1.7.4.jar:/Users/nashid/repos/defects4j/framework/projects/JacksonDatabind/lib/org/powermock/powermock-api-support/2.0.0-beta.5/powermock-api-support-2.0.0-beta.5.jar:/Users/nashid/repos/defects4j/framework/projects/JacksonDatabind/lib/org/powermock/powermock-api-support/2.0.0/powermock-api-support-2.0.0.jar:/Users/nashid/repos/defects4j/framework/projects/JacksonDatabind/lib/org/powermock/powermock-core/1.6.3/powermock-core-1.6.3.jar:/Users/nashid/repos/defects4j/framework/projects/JacksonDatabind/lib/org/powermock/powermock-core/1.6.5/powermock-core-1.6.5.jar:/Users/nashid/repos/defects4j/framework/projects/JacksonDatabind/lib/org/powermock/powermock-core/1.7.3/powermock-core-1.7.3.jar:/Users/nashid/repos/defects4j/framework/projects/JacksonDatabind/lib/org/powermock/powermock-core/1.7.4/powermock-core-1.7.4.jar:/Users/nashid/repos/defects4j/framework/projects/JacksonDatabind/lib/org/powermock/powermock-core/2.0.0-beta.5/powermock-core-2.0.0-beta.5.jar:/Users/nashid/repos/defects4j/framework/projects/JacksonDatabind/lib/org/powermock/powermock-core/2.0.0/powermock-core-2.0.0.jar:/Users/nashid/repos/defects4j/framework/projects/JacksonDatabind/lib/org/powermock/powermock-module-junit4-common/1.6.3/powermock-module-junit4-common-1.6.3.jar:/Users/nashid/repos/defects4j/framework/projects/JacksonDatabind/lib/org/powermock/powermock-module-junit4-common/1.6.5/powermock-module-junit4-common-1.6.5.jar:/Users/nashid/repos/defects4j/framework/projects/JacksonDatabind/lib/org/powermock/powermock-module-junit4-common/1.7.3/powermock-module-junit4-common-1.7.3.jar:/Users/nashid/repos/defects4j/framework/projects/JacksonDatabind/lib/org/powermock/powermock-module-junit4-common/1.7.4/powermock-module-junit4-common-1.7.4.jar:/Users/nashid/repos/defects4j/framework/projects/JacksonDatabind/lib/org/powermock/powermock-module-junit4-common/2.0.0-beta.5/powermock-module-junit4-common-2.0.0-beta.5.jar:/Users/nashid/repos/defects4j/framework/projects/JacksonDatabind/lib/org/powermock/powermock-module-junit4-common/2.0.0/powermock-module-junit4-common-2.0.0.jar:/Users/nashid/repos/defects4j/framework/projects/JacksonDatabind/lib/org/powermock/powermock-module-junit4/1.6.3/powermock-module-junit4-1.6.3.jar:/Users/nashid/repos/defects4j/framework/projects/JacksonDatabind/lib/org/powermock/powermock-module-junit4/1.6.5/powermock-module-junit4-1.6.5.jar:/Users/nashid/repos/defects4j/framework/projects/JacksonDatabind/lib/org/powermock/powermock-module-junit4/1.7.3/powermock-module-junit4-1.7.3.jar:/Users/nashid/repos/defects4j/framework/projects/JacksonDatabind/lib/org/powermock/powermock-module-junit4/1.7.4/powermock-module-junit4-1.7.4.jar:/Users/nashid/repos/defects4j/framework/projects/JacksonDatabind/lib/org/powermock/powermock-module-junit4/2.0.0-beta.5/powermock-module-junit4-2.0.0-beta.5.jar:/Users/nashid/repos/defects4j/framework/projects/JacksonDatabind/lib/org/powermock/powermock-module-junit4/2.0.0/powermock-module-junit4-2.0.0.jar:/Users/nashid/repos/defects4j/framework/projects/JacksonDatabind/lib/org/powermock/powermock-reflect/1.6.3/powermock-reflect-1.6.3.jar:/Users/nashid/repos/defects4j/framework/projects/JacksonDatabind/lib/org/powermock/powermock-reflect/1.6.5/powermock-reflect-1.6.5.jar:/Users/nashid/repos/defects4j/framework/projects/JacksonDatabind/lib/org/powermock/powermock-reflect/1.7.3/powermock-reflect-1.7.3.jar:/Users/nashid/repos/defects4j/framework/projects/JacksonDatabind/lib/org/powermock/powermock-reflect/1.7.4/powermock-reflect-1.7.4.jar:/Users/nashid/repos/defects4j/framework/projects/JacksonDatabind/lib/org/powermock/powermock-reflect/2.0.0-beta.5/powermock-reflect-2.0.0-beta.5.jar:/Users/nashid/repos/defects4j/framework/projects/JacksonDatabind/lib/org/powermock/powermock-reflect/2.0.0/powermock-reflect-2.0.0.jar:/Users/nashid/repos/qwen-cli-automation/workspace/JacksonDatabind_25/target/classes:/Users/nashid/repos/qwen-cli-automation/workspace/JacksonDatabind_25/target/test-classes:junit:junit:4.11:jar:/Users/nashid/repos/defects4j/framework/projects/JacksonDatabind/lib/org/hamcrest/hamcrest-core/1.3/hamcrest-core-1.3.jar"" org.junit.runner.JUnitCore com.fasterxml.jackson.databind.deser.TestArrayDeserialization"
JacksonDatabind_25,run_shell_command,4,"cd /Users/nashid/repos/qwen-cli-automation/workspace/JacksonDatabind_25 && java -cp ""/Users/nashid/repos/defects4j/framework/projects/JacksonDatabind/lib/com/fasterxml/jackson/core/jackson-annotations/2.6.0/jackson-annotations-2.6.0.jar:/Users/nashid/repos/defects4j/framework/projects/JacksonDatabind/lib/com/fasterxml/jackson/core/jackson-core/2.6.0/jackson-core-2.6.0.jar:/Users/nashid/repos/qwen-cli-automation/workspace/JacksonDatabind_25/target/classes:.:junit:junit:4.11:jar:/Users/nashid/repos/defects4j/framework/projects/JacksonDatabind/lib/org/hamcrest/hamcrest-core/1.3/hamcrest-core-1.3.jar"" TestByteArrayDeserialization"
JacksonDatabind_25,run_shell_command,1,"cd /Users/nashid/repos/qwen-cli-automation/workspace/JacksonDatabind_25 && java -cp ""/Users/nashid/repos/defects4j/framework/projects/JacksonDatabind/lib/com/fasterxml/jackson/core/jackson-annotations/2.6.0/jackson-annotations-2.6.0.jar:/Users/nashid/repos/defects4j/framework/projects/JacksonDatabind/lib/com/fasterxml/jackson/core/jackson-core/2.6.0/jackson-core-2.6.0.jar:/Users/nashid/repos/qwen-cli-automation/workspace/JacksonDatabind_25/target/classes:.:junit:junit:4.11:jar:/Users/nashid/repos/defects4j/framework/projects/JacksonDatabind/lib/org/hamcrest/hamcrest-core/1.3/hamcrest-core-1.3.jar"" TestFinal"
JacksonDatabind_25,run_shell_command,1,"cd /Users/nashid/repos/qwen-cli-automation/workspace/JacksonDatabind_25 && javac -cp ""/Users/nashid/repos/defects4j/framework/projects/JacksonDatabind/lib/com/fasterxml/jackson/core/jackson-annotations/2.6.0/jackson-annotations-2.6.0.jar:/Users/nashid/repos/defects4j/framework/projects/JacksonDatabind/lib/com/fasterxml/jackson/core/jackson-core/2.6.0/jackson-core-2.6.0.jar:/Users/nashid/repos/qwen-cli-automation/workspace/JacksonDatabind_25/target/classes:.:junit:junit:4.11:jar:/Users/nashid/repos/defects4j/framework/projects/JacksonDatabind/lib/org/hamcrest/hamcrest-core/1.3/hamcrest-core-1.3.jar"" TestFinal.java"
JacksonDatabind_25,run_shell_command,1,"cd /Users/nashid/repos/qwen-cli-automation/workspace/JacksonDatabind_25 && javac -cp ""/Users/nashid/repos/defects4j/framework/projects/JacksonDatabind/lib/com/fasterxml/jackson/core/jackson-annotations/2.6.0/jackson-annotations-2.6.0.jar:/Users/nashid/repos/defects4j/framework/projects/JacksonDatabind/lib/com/fasterxml/jackson/core/jackson-core/2.6.0/jackson-core-2.6.0.jar:/Users/nashid/repos/qwen-cli-automation/workspace/JacksonDatabind_25/target/classes:/Users/nashid/repos/defects4j/framework/projects/lib/junit-4.11.jar:/Users/nashid/repos/defects4j/framework/projects/JacksonDatabind/lib/org/hamcrest/hamcrest-core/1.3/hamcrest-core-1.3.jar"" TestByteArrayDeserialization.java"
JacksonDatabind_25,run_shell_command,1,cd /Users/nashid/repos/qwen-cli-automation/workspace/JacksonDatabind_25 && ls -la target/classes/com/fasterxml/jackson/databind/deser/BeanDeserializerFactory.class
JacksonDatabind_25,run_shell_command,1,"find /Users/nashid/repos/qwen-cli-automation/workspace/JacksonDatabind_25 -name ""ClassUtil.java"" -type f"
JacksonDatabind_25,search_file_content,6,
JacksonDatabind_25,write_file,2,
JacksonDatabind_29,edit,10,
JacksonDatabind_29,read_file,15,
JacksonDatabind_29,run_shell_command,4,./run_bug_exposing_tests.sh
JacksonDatabind_29,run_shell_command,1,"cd /Users/nashid/repos/qwen-cli-automation/workspace/JacksonDatabind_29 && javac -cp ""target/classes:target/test-classes:$(defects4j export -p cp.test | tr ':' ':')"" TestNullExternalType.java"
JacksonDatabind_29,run_shell_command,1,"cd /Users/nashid/repos/qwen-cli-automation/workspace/JacksonDatabind_29 && javac -cp ""target/classes:target/test-classes:$(defects4j export -p cp.test)"" TestNullExternalType.java"
JacksonDatabind_29,run_shell_command,3,defects4j compile
JacksonDatabind_29,run_shell_command,3,defects4j compile && defects4j test -t com.fasterxml.jackson.databind.jsontype.TestExternalId::testExternalTypeIdWithNull
JacksonDatabind_29,run_shell_command,3,defects4j test
JacksonDatabind_29,run_shell_command,3,defects4j test -t com.fasterxml.jackson.databind.jsontype.TestExternalId::testExternalTypeIdWithNull
JacksonDatabind_29,run_shell_command,2,defects4j test -t com.fasterxml.jackson.databind.jsontype.TestExternalId::testExternalTypeIdWithNullSimple
JacksonDatabind_29,run_shell_command,1,git restore src/main/java/com/fasterxml/jackson/databind/deser/impl/ExternalTypeHandler.java
JacksonDatabind_29,run_shell_command,1,git rm TestNullExternalType.java
JacksonDatabind_29,run_shell_command,1,git status
JacksonDatabind_29,run_shell_command,1,ls -la
JacksonDatabind_29,run_shell_command,1,rm TestNullExternalType.java
JacksonDatabind_29,search_file_content,4,
JacksonDatabind_29,todo_write,3,
JacksonDatabind_29,write_file,1,
JacksonDatabind_3,edit,1,
JacksonDatabind_3,read_file,4,
JacksonDatabind_3,run_shell_command,2,cd /Users/nashid/repos/qwen-cli-automation/workspace/JacksonDatabind_3 && ./run_bug_exposing_tests.sh
JacksonDatabind_3,run_shell_command,2,cd /Users/nashid/repos/qwen-cli-automation/workspace/JacksonDatabind_3 && defects4j compile
JacksonDatabind_3,run_shell_command,3,cd /Users/nashid/repos/qwen-cli-automation/workspace/JacksonDatabind_3 && defects4j test
JacksonDatabind_3,run_shell_command,2,cd /Users/nashid/repos/qwen-cli-automation/workspace/JacksonDatabind_3 && defects4j test -t com.fasterxml.jackson.databind.deser.TestArrayDeserialization
JacksonDatabind_3,run_shell_command,2,cd /Users/nashid/repos/qwen-cli-automation/workspace/JacksonDatabind_3 && defects4j test -t com.fasterxml.jackson.databind.deser.TestArrayDeserialization::testStringArray
JacksonDatabind_3,search_file_content,2,
JacksonDatabind_30,edit,10,
JacksonDatabind_30,glob,7,
JacksonDatabind_30,list_directory,1,
JacksonDatabind_30,read_file,22,
JacksonDatabind_30,run_shell_command,1,cd /Users/nashid/repos/qwen-cli-automation/workspace/JacksonDatabind_30 && ./run_bug_exposing_tests.sh
JacksonDatabind_30,run_shell_command,3,cd /Users/nashid/repos/qwen-cli-automation/workspace/JacksonDatabind_30 && defects4j compile
JacksonDatabind_30,run_shell_command,1,cd /Users/nashid/repos/qwen-cli-automation/workspace/JacksonDatabind_30 && defects4j test
JacksonDatabind_30,run_shell_command,4,cd /Users/nashid/repos/qwen-cli-automation/workspace/JacksonDatabind_30 && defects4j test -t com.fasterxml.jackson.databind.jsontype.DebugBigDecimalTest::testDebug
JacksonDatabind_30,run_shell_command,3,cd /Users/nashid/repos/qwen-cli-automation/workspace/JacksonDatabind_30 && defects4j test -t com.fasterxml.jackson.databind.jsontype.TestExternalId::testBigDecimal965
JacksonDatabind_30,run_shell_command,1,cd /Users/nashid/repos/qwen-cli-automation/workspace/JacksonDatabind_30 && defects4j test -t com.fasterxml.jackson.databind.jsontype.TestExternalId::testBigDecimal965 2>&1 | head -20
JacksonDatabind_30,run_shell_command,1,"cd /Users/nashid/repos/qwen-cli-automation/workspace/JacksonDatabind_30 && defects4j test 2>&1 | grep -A5 -B5 ""FAIL\|ERROR"""
JacksonDatabind_30,run_shell_command,1,"cd /Users/nashid/repos/qwen-cli-automation/workspace/JacksonDatabind_30 && find . -name ""*.jar"" | head -5"
JacksonDatabind_30,run_shell_command,1,"cd /Users/nashid/repos/qwen-cli-automation/workspace/JacksonDatabind_30 && javac -cp ""target/classes:target/test-classes:$(defects4j export -p cp.test)"" debug_test.java && java -cp "".:$(defects4j export -p cp.test)"" debug_test"
JacksonDatabind_30,run_shell_command,1,"cd /Users/nashid/repos/qwen-cli-automation/workspace/JacksonDatabind_30 && javac -cp ""target/classes:target/test-classes:$(echo $(defects4j export -p cp.test) | tr ' ' ':')"" debug_test.java"
JacksonDatabind_30,run_shell_command,1,cd /Users/nashid/repos/qwen-cli-automation/workspace/JacksonDatabind_30 && ls -la target/
JacksonDatabind_30,run_shell_command,1,cd /Users/nashid/repos/qwen-cli-automation/workspace/JacksonDatabind_30 && rm -f src/test/java/com/fasterxml/jackson/databind/jsontype/DebugBigDecimalTest.java
JacksonDatabind_30,search_file_content,9,
JacksonDatabind_30,task,1,
JacksonDatabind_30,todo_write,3,
JacksonDatabind_30,write_file,3,
JacksonDatabind_31,read_file,4,
JacksonDatabind_31,run_shell_command,1,./run_all_tests_trace.sh
JacksonDatabind_31,run_shell_command,1,./run_bug_exposing_tests.sh
JacksonDatabind_31,run_shell_command,1,defects4j test
JacksonDatabind_31,run_shell_command,1,defects4j test -t com.fasterxml.jackson.databind.util.TestTokenBuffer::testOutputContext
JacksonDatabind_31,run_shell_command,1,"find . -name ""*Test*.java"" | head -20"
JacksonDatabind_32,read_file,4,
JacksonDatabind_32,run_shell_command,1,./run_all_tests_trace.sh
JacksonDatabind_32,run_shell_command,1,./run_bug_exposing_tests.sh
JacksonDatabind_32,run_shell_command,1,defects4j test
JacksonDatabind_32,run_shell_command,1,defects4j test -t com.fasterxml.jackson.databind.deser.TestUntypedDeserialization::testNestedUntyped989
JacksonDatabind_32,run_shell_command,1,"find . -name ""*Test*.java"" | grep -i untyped"
JacksonDatabind_36,edit,4,
JacksonDatabind_36,read_file,4,
JacksonDatabind_36,run_shell_command,1,./run_bug_exposing_tests.sh
JacksonDatabind_36,run_shell_command,1,ant clean && ant compile && defects4j test -t com.fasterxml.jackson.databind.TestStdDateFormat::testLenient
JacksonDatabind_36,run_shell_command,1,ant compile
JacksonDatabind_36,run_shell_command,1,"cd src/main/java/com/fasterxml/jackson/databind/util && javac -cp ""../../../../target/classes:../../../lib/*"" StdDateFormat.java"
JacksonDatabind_36,run_shell_command,2,defects4j compile
JacksonDatabind_36,run_shell_command,1,defects4j compile && defects4j test
JacksonDatabind_36,run_shell_command,1,defects4j compile && defects4j test -t com.fasterxml.jackson.databind.TestStdDateFormat::testLenient
JacksonDatabind_36,run_shell_command,2,defects4j test
JacksonDatabind_36,run_shell_command,1,defects4j test -t com.fasterxml.jackson.databind.TestStdDateFormat::testLenient
JacksonDatabind_36,run_shell_command,1,mvn compile -q
JacksonDatabind_36,search_file_content,2,
JacksonDatabind_36,write_file,1,
JacksonDatabind_38,edit,7,
JacksonDatabind_38,read_file,17,
JacksonDatabind_38,run_shell_command,3,cd /Users/nashid/repos/qwen-cli-automation/workspace/JacksonDatabind_38 && ./run_bug_exposing_tests.sh
JacksonDatabind_38,run_shell_command,4,cd /Users/nashid/repos/qwen-cli-automation/workspace/JacksonDatabind_38 && defects4j compile
JacksonDatabind_38,run_shell_command,1,cd /Users/nashid/repos/qwen-cli-automation/workspace/JacksonDatabind_38 && defects4j compile && defects4j test
JacksonDatabind_38,run_shell_command,5,cd /Users/nashid/repos/qwen-cli-automation/workspace/JacksonDatabind_38 && defects4j test
JacksonDatabind_38,run_shell_command,2,cd /Users/nashid/repos/qwen-cli-automation/workspace/JacksonDatabind_38 && git checkout HEAD -- src/main/java/com/fasterxml/jackson/databind/type/SimpleType.java
JacksonDatabind_38,run_shell_command,1,cd /Users/nashid/repos/qwen-cli-automation/workspace/JacksonDatabind_38 && git diff
JacksonDatabind_38,run_shell_command,1,"cd /Users/nashid/repos/qwen-cli-automation/workspace/JacksonDatabind_38 && grep -A 20 ""public static SimpleType construct(Class<?> cls)"" src/main/java/com/fasterxml/jackson/databind/type/SimpleType.java"
JacksonDatabind_38,run_shell_command,1,"cd /Users/nashid/repos/qwen-cli-automation/workspace/JacksonDatabind_38 && grep -n ""_bogusSuperClass"" src/main/java/com/fasterxml/jackson/databind/type/TypeBase.java"
JacksonDatabind_38,run_shell_command,1,"cd /Users/nashid/repos/qwen-cli-automation/workspace/JacksonDatabind_38 && grep -n ""public static SimpleType construct"" src/main/java/com/fasterxml/jackson/databind/type/SimpleType.java"
JacksonDatabind_38,run_shell_command,1,"cd /Users/nashid/repos/qwen-cli-automation/workspace/JacksonDatabind_38 && grep -n -A 5 ""return new SimpleType"" src/main/java/com/fasterxml/jackson/databind/type/SimpleType.java"
JacksonDatabind_38,run_shell_command,1,cd /Users/nashid/repos/qwen-cli-automation/workspace/JacksonDatabind_38 && patch -p1 < SimpleType_fix.patch
JacksonDatabind_38,run_shell_command,1,"cd /Users/nashid/repos/qwen-cli-automation/workspace/JacksonDatabind_38 && sed -i.bak 's/_bogusSuperClass(cls), null, null, null, false;/_bogusSuperClass(cls) == null && !cls.isInterface() && !cls.isPrimitive() ? TypeFactory.defaultInstance().constructType(Object.class) : _bogusSuperClass(cls), null, null, null, false;/g' src/main/java/com/fasterxml/jackson/databind/type/SimpleType.java"
JacksonDatabind_38,run_shell_command,1,cd /Users/nashid/repos/qwen-cli-automation/workspace/JacksonDatabind_38 && sed -i.bak 's/_bogusSuperClass(cls)/_bogusSuperClass(cls) == null ? TypeFactory.defaultInstance().constructType(Object.class) : _bogusSuperClass(cls)/g' src/main/java/com/fasterxml/jackson/databind/type/SimpleType.java
JacksonDatabind_38,run_shell_command,1,"cd /Users/nashid/repos/qwen-cli-automation/workspace/JacksonDatabind_38 && sed -n '101,120p' src/main/java/com/fasterxml/jackson/databind/type/SimpleType.java | cat -A"
JacksonDatabind_38,run_shell_command,1,"cd /Users/nashid/repos/qwen-cli-automation/workspace/JacksonDatabind_38 && sed -n '255,263p' src/main/java/com/fasterxml/jackson/databind/type/TypeBase.java"
JacksonDatabind_38,run_shell_command,1,"cd /Users/nashid/repos/qwen-cli-automation/workspace/JacksonDatabind_38 && sed -n '95,120p' src/main/java/com/fasterxml/jackson/databind/type/SimpleType.java"
JacksonDatabind_38,search_file_content,2,
JacksonDatabind_38,write_file,1,
JacksonDatabind_4,edit,5,
JacksonDatabind_4,glob,1,
JacksonDatabind_4,read_file,9,
JacksonDatabind_4,run_shell_command,2,./run_bug_exposing_tests.sh
JacksonDatabind_4,run_shell_command,1,"cd /Users/nashid/repos/qwen-cli-automation/workspace/JacksonDatabind_4 && java -cp ""target/classes:target/test-classes:$(find . -name ""*.jar"" | head -20 | tr '\n' ':')"" org.junit.runner.JUnitCore com.fasterxml.jackson.databind.deser.TestCollectionDeserialization"
JacksonDatabind_4,run_shell_command,1,"cd /Users/nashid/repos/qwen-cli-automation/workspace/JacksonDatabind_4 && javac -cp ""target/classes:$(defects4j export -p cp.test)"" TestIndexFix.java && java -cp "".:target/classes:$(defects4j export -p cp.test)"" TestIndexFix"
JacksonDatabind_4,run_shell_command,1,"cd /Users/nashid/repos/qwen-cli-automation/workspace/JacksonDatabind_4 && javac -cp ""target/classes:target/test-classes"" TestIndexFix.java"
JacksonDatabind_4,run_shell_command,1,"cd /Users/nashid/repos/qwen-cli-automation/workspace/JacksonDatabind_4 && javac -cp \""target/classes:target/test-classes:$(defects4j export -p cp.test)\"" debug_test.java"
JacksonDatabind_4,run_shell_command,1,defects4j compile
JacksonDatabind_4,run_shell_command,1,defects4j compile && defects4j test -t com.fasterxml.jackson.databind.deser.TestCollectionDeserialization::testArrayIndexForExceptions
JacksonDatabind_4,run_shell_command,3,defects4j test
JacksonDatabind_4,run_shell_command,2,defects4j test -t com.fasterxml.jackson.databind.deser.TestCollectionDeserialization::testArrayIndexForExceptions
JacksonDatabind_4,run_shell_command,1,"echo ""Running specific failing test with verbose output:"" && defects4j test -t com.fasterxml.jackson.databind.deser.TestCollectionDeserialization::testArrayIndexForExceptions 2>&1 | grep -A5 -B5 ""FAIL\|Error\|Exception"""
JacksonDatabind_4,run_shell_command,1,git status
JacksonDatabind_4,run_shell_command,1,"javac -cp ""target/classes:target/test-classes:$(defects4j export -p cp.test)"" debug_test.java"
JacksonDatabind_4,run_shell_command,1,"ls -la target/classes/com/fasterxml/jackson/databind/deser/std/ | grep -E ""(Collection|String)"""
JacksonDatabind_4,search_file_content,3,
JacksonDatabind_4,write_file,3,
JacksonDatabind_41,edit,3,
JacksonDatabind_41,glob,2,
JacksonDatabind_41,read_file,12,
JacksonDatabind_41,run_shell_command,2,./run_bug_exposing_tests.sh
JacksonDatabind_41,run_shell_command,1,cd /Users/nashid/repos/qwen-cli-automation/workspace/JacksonDatabind_41 && ./run_bug_exposing_tests.sh
JacksonDatabind_41,run_shell_command,1,cd /Users/nashid/repos/qwen-cli-automation/workspace/JacksonDatabind_41 && ant test -Dtest.class=com.fasterxml.jackson.databind.interop.DeprecatedTypeHandling1102Test
JacksonDatabind_41,run_shell_command,1,cd /Users/nashid/repos/qwen-cli-automation/workspace/JacksonDatabind_41 && cp src/main/java/com/fasterxml/jackson/databind/type/TypeFactory.java src/main/java/com/fasterxml/jackson/databind/type/TypeFactory.java.backup
JacksonDatabind_41,run_shell_command,1,cd /Users/nashid/repos/qwen-cli-automation/workspace/JacksonDatabind_41 && defects4j compile
JacksonDatabind_41,run_shell_command,1,cd /Users/nashid/repos/qwen-cli-automation/workspace/JacksonDatabind_41 && defects4j test
JacksonDatabind_41,run_shell_command,1,cd /Users/nashid/repos/qwen-cli-automation/workspace/JacksonDatabind_41 && git checkout -- src/main/java/com/fasterxml/jackson/databind/type/TypeFactory.java
JacksonDatabind_41,run_shell_command,1,cd /Users/nashid/repos/qwen-cli-automation/workspace/JacksonDatabind_41 && git diff HEAD
JacksonDatabind_41,run_shell_command,1,cd /Users/nashid/repos/qwen-cli-automation/workspace/JacksonDatabind_41 && git diff HEAD~1 src/main/java/com/fasterxml/jackson/databind/type/TypeFactory.java
JacksonDatabind_41,run_shell_command,1,cd /Users/nashid/repos/qwen-cli-automation/workspace/JacksonDatabind_41 && git status
JacksonDatabind_41,run_shell_command,1,"cd /Users/nashid/repos/qwen-cli-automation/workspace/JacksonDatabind_41 && grep -A 10 -B 5 ""testDeprecatedTypeResolution"" src/test/java/com/fasterxml/jackson/databind/interop/DeprecatedTypeHandling1102Test.java"
JacksonDatabind_41,run_shell_command,1,"cd /Users/nashid/repos/qwen-cli-automation/workspace/JacksonDatabind_41 && grep -n ""public JavaType constructType(Type type, Class<?> contextClass)"" src/main/java/com/fasterxml/jackson/databind/type/TypeFactory.java"
JacksonDatabind_41,run_shell_command,1,"cd /Users/nashid/repos/qwen-cli-automation/workspace/JacksonDatabind_41 && grep -n ""public JavaType constructType(Type type, JavaType contextType)"" src/main/java/com/fasterxml/jackson/databind/type/TypeFactory.java"
JacksonDatabind_41,run_shell_command,1,cd /Users/nashid/repos/qwen-cli-automation/workspace/JacksonDatabind_41 && head -n 605 src/main/java/com/fasterxml/jackson/databind/type/TypeFactory.java | tail -n 10
JacksonDatabind_41,run_shell_command,1,cd /Users/nashid/repos/qwen-cli-automation/workspace/JacksonDatabind_41 && head -n 610 src/main/java/com/fasterxml/jackson/databind/type/TypeFactory.java | tail -n 15
JacksonDatabind_41,run_shell_command,1,cd /Users/nashid/repos/qwen-cli-automation/workspace/JacksonDatabind_41 && head -n 615 src/main/java/com/fasterxml/jackson/databind/type/TypeFactory.java | tail -n 10
JacksonDatabind_41,run_shell_command,1,"cd /Users/nashid/repos/qwen-cli-automation/workspace/JacksonDatabind_41 && java -cp ""target/classes:target/test-classes:$(defects4j export -p cp.test)"" org.junit.runner.JUnitCore com.fasterxml.jackson.databind.interop.DeprecatedTypeHandling1102Test"
JacksonDatabind_41,run_shell_command,1,cd /Users/nashid/repos/qwen-cli-automation/workspace/JacksonDatabind_41 && java -cp target/classes:target/test-classes:`defects4j export -p cp.test` org.junit.runner.JUnitCore com.fasterxml.jackson.databind.interop.DeprecatedTypeHandling1102Test
JacksonDatabind_41,run_shell_command,1,"cd /Users/nashid/repos/qwen-cli-automation/workspace/JacksonDatabind_41 && sed -i '' '/@Deprecated/,/constructType(Type type, Class\\<\\?\\> contextClass)/s/return constructType(type, constructType(contextClass));/if (contextClass == null) {\\n            return _fromAny(null, type, EMPTY_BINDINGS);\\n        }\\n        return constructType(type, constructType(contextClass));/' src/main/java/com/fasterxml/jackson/databind/type/TypeFactory.java"
JacksonDatabind_41,run_shell_command,1,"cd /Users/nashid/repos/qwen-cli-automation/workspace/JacksonDatabind_41 && sed -i '' '/@Deprecated/,/constructType(Type type, JavaType contextType)/s/return _fromAny(null, type, contextType.getBindings());/if (contextType == null) {\\\\n            return _fromAny(null, type, EMPTY_BINDINGS);\\\\n        }\\\\n        return _fromAny(null, type, contextType.getBindings());/' src/main/java/com/fasterxml/jackson/databind/type/TypeFactory.java"
JacksonDatabind_41,run_shell_command,1,"cd /Users/nashid/repos/qwen-cli-automation/workspace/JacksonDatabind_41 && sed -i '' '601s/return constructType(type, constructType(contextClass));/if (contextClass == null) {\n            return _fromAny(null, type, EMPTY_BINDINGS);\n        }\n        return constructType(type, constructType(contextClass));/' src/main/java/com/fasterxml/jackson/databind/type/TypeFactory.java"
JacksonDatabind_41,run_shell_command,1,"cd /Users/nashid/repos/qwen-cli-automation/workspace/JacksonDatabind_41 && sed -i '' '609s/return _fromAny(null, type, contextType.getBindings());/if (contextType == null) {\\n            return _fromAny(null, type, EMPTY_BINDINGS);\\n        }\\n        return _fromAny(null, type, contextType.getBindings());/' src/main/java/com/fasterxml/jackson/databind/type/TypeFactory.java"
JacksonDatabind_41,run_shell_command,1,"cd /Users/nashid/repos/qwen-cli-automation/workspace/JacksonDatabind_41 && sed -i.bak '601s/return constructType(type, constructType(contextClass));/if (contextClass == null) {\\n            return _fromAny(null, type, EMPTY_BINDINGS);\\n        }\\n        return constructType(type, constructType(contextClass));/' src/main/java/com/fasterxml/jackson/databind/type/TypeFactory.java"
JacksonDatabind_41,run_shell_command,1,"cd /Users/nashid/repos/qwen-cli-automation/workspace/JacksonDatabind_41 && sed -i.bak '609s/return _fromAny(null, type, contextType.getBindings());/if (contextType == null) {\\\\n            return _fromAny(null, type, EMPTY_BINDINGS);\\\\n        }\\\\n        return _fromAny(null, type, contextType.getBindings());/' src/main/java/com/fasterxml/jackson/databind/type/TypeFactory.java"
JacksonDatabind_41,run_shell_command,1,defects4j compile
JacksonDatabind_41,run_shell_command,3,defects4j test
JacksonDatabind_41,write_file,1,
JacksonDatabind_43,read_file,2,
JacksonDatabind_43,run_shell_command,1,./run_all_tests_trace.sh
JacksonDatabind_43,run_shell_command,1,./run_bug_exposing_tests.sh
JacksonDatabind_43,run_shell_command,1,pwd && ls -la
JacksonDatabind_48,edit,5,
JacksonDatabind_48,list_directory,3,
JacksonDatabind_48,read_file,9,
JacksonDatabind_48,run_shell_command,1,cd /Users/nashid/repos/qwen-cli-automation/workspace/JacksonDatabind_48 && ./run_bug_exposing_tests.sh
JacksonDatabind_48,run_shell_command,1,cd /Users/nashid/repos/qwen-cli-automation/workspace/JacksonDatabind_48 && cp src/main/java/com/fasterxml/jackson/databind/introspect/POJOPropertiesCollector.java src/main/java/com/fasterxml/jackson/databind/introspect/POJOPropertiesCollector.java.bak
JacksonDatabind_48,run_shell_command,1,cd /Users/nashid/repos/qwen-cli-automation/workspace/JacksonDatabind_48 && defects4j compile
JacksonDatabind_48,run_shell_command,1,cd /Users/nashid/repos/qwen-cli-automation/workspace/JacksonDatabind_48 && defects4j compile && defects4j test
JacksonDatabind_48,run_shell_command,1,cd /Users/nashid/repos/qwen-cli-automation/workspace/JacksonDatabind_48 && defects4j test
JacksonDatabind_48,run_shell_command,2,cd /Users/nashid/repos/qwen-cli-automation/workspace/JacksonDatabind_48 && defects4j test -t com.fasterxml.jackson.databind.ser.TestFeatures::testVisibilityFeatures
JacksonDatabind_48,run_shell_command,1,"cd /Users/nashid/repos/qwen-cli-automation/workspace/JacksonDatabind_48 && defects4j test -t com.fasterxml.jackson.databind.ser.TestFeatures::testVisibilityFeatures && echo ""SUCCESS: testVisibilityFeatures passed"""
JacksonDatabind_48,run_shell_command,1,cd /Users/nashid/repos/qwen-cli-automation/workspace/JacksonDatabind_48 && defects4j test -t com.fasterxml.jackson.databind.ser.TestFeatures::testVisibilityFeatures -v
JacksonDatabind_48,run_shell_command,1,"cd /Users/nashid/repos/qwen-cli-automation/workspace/JacksonDatabind_48 && defects4j test 2>&1 | grep -E ""(Failing tests|SUCCESS|PASS|passed)"""
JacksonDatabind_48,run_shell_command,1,"cd /Users/nashid/repos/qwen-cli-automation/workspace/JacksonDatabind_48 && find src -name ""*.java"" | head -20"
JacksonDatabind_48,run_shell_command,1,"cd /Users/nashid/repos/qwen-cli-automation/workspace/JacksonDatabind_48 && find src -name ""*VisibilityChecker*"" -type f"
JacksonDatabind_48,run_shell_command,1,"cd /Users/nashid/repos/qwen-cli-automation/workspace/JacksonDatabind_48 && grep -n ""_addSetterMethod"" src/main/java/com/fasterxml/jackson/databind/introspect/POJOPropertiesCollector.java"
JacksonDatabind_48,run_shell_command,1,"cd /Users/nashid/repos/qwen-cli-automation/workspace/JacksonDatabind_48 && grep -n ""findProperties"" src/main/java/com/fasterxml/jackson/databind/introspect/BasicClassIntrospector.java"
JacksonDatabind_48,run_shell_command,1,"cd /Users/nashid/repos/qwen-cli-automation/workspace/JacksonDatabind_48 && java -cp ""target/classes:target/test-classes:$(defects4j export -p cp.test)"" org.junit.runner.JUnitCore com.fasterxml.jackson.databind.ser.TestFeatures"
JacksonDatabind_48,run_shell_command,1,cd /Users/nashid/repos/qwen-cli-automation/workspace/JacksonDatabind_48 && ls -la
JacksonDatabind_48,run_shell_command,1,"cd /Users/nashid/repos/qwen-cli-automation/workspace/JacksonDatabind_48 && sed -n '574,620p' src/main/java/com/fasterxml/jackson/databind/introspect/POJOPropertiesCollector.java"
JacksonDatabind_48,run_shell_command,1,cd /Users/nashid/repos/qwen-cli-automation/workspace/JacksonDatabind_48 && tail -n 20 src/main/java/com/fasterxml/jackson/databind/introspect/POJOPropertiesCollector.java
JacksonDatabind_48,search_file_content,1,
JacksonDatabind_48,todo_write,1,
JacksonDatabind_50,read_file,3,
JacksonDatabind_50,run_shell_command,1,./run_all_tests_trace.sh
JacksonDatabind_50,run_shell_command,1,./run_bug_exposing_tests.sh
JacksonDatabind_50,run_shell_command,1,defects4j test
JacksonDatabind_50,run_shell_command,1,defects4j test -t com.fasterxml.jackson.databind.objectid.ObjectWithCreator1261Test::testObjectIds1261
JacksonDatabind_50,search_file_content,1,
JacksonDatabind_52,edit,10,
JacksonDatabind_52,glob,2,
JacksonDatabind_52,read_file,14,
JacksonDatabind_52,run_shell_command,1,./run_bug_exposing_tests.sh
JacksonDatabind_52,run_shell_command,1,cd /Users/nashid/repos/qwen-cli-automation/workspace/JacksonDatabind_52 && git apply fix.patch
JacksonDatabind_52,run_shell_command,1,cd /Users/nashid/repos/qwen-cli-automation/workspace/JacksonDatabind_52 && git checkout -- src/main/java/com/fasterxml/jackson/databind/deser/impl/ExternalTypeHandler.java
JacksonDatabind_52,run_shell_command,1,cd /Users/nashid/repos/qwen-cli-automation/workspace/JacksonDatabind_52 && git checkout src/main/java/com/fasterxml/jackson/databind/deser/impl/ExternalTypeHandler.java
JacksonDatabind_52,run_shell_command,1,cd /Users/nashid/repos/qwen-cli-automation/workspace/JacksonDatabind_52 && git diff
JacksonDatabind_52,run_shell_command,1,"cd /Users/nashid/repos/qwen-cli-automation/workspace/JacksonDatabind_52 && javac -cp ""target/classes:target/test-classes:$(find /Users/nashid/repos/defects4j/framework/projects/JacksonDatabind/lib -name '*.jar' | tr '\n' ':')"" reproduce_issue.java"
JacksonDatabind_52,run_shell_command,5,defects4j compile
JacksonDatabind_52,run_shell_command,3,defects4j test
JacksonDatabind_52,run_shell_command,4,defects4j test -t com.fasterxml.jackson.databind.jsontype.ext.ExternalTypeId999Test::testExternalTypeId
JacksonDatabind_52,run_shell_command,1,defects4j test -t com.fasterxml.jackson.databind.jsontype.ext.ExternalTypeId999Test::testExternalTypeId 2>&1 | head -20
JacksonDatabind_52,search_file_content,4,
JacksonDatabind_52,write_file,4,
JacksonDatabind_53,edit,5,
JacksonDatabind_53,exit_plan_mode,1,
JacksonDatabind_53,list_directory,3,
JacksonDatabind_53,read_file,11,
JacksonDatabind_53,run_shell_command,1,cd /Users/nashid/repos/qwen-cli-automation/workspace/JacksonDatabind_53 && ./run_bug_exposing_tests.sh
JacksonDatabind_53,run_shell_command,1,"cd /Users/nashid/repos/qwen-cli-automation/workspace/JacksonDatabind_53 && ./run_bug_exposing_tests.sh 2>&1 | grep -A 20 ""testMapRefinement"""
JacksonDatabind_53,run_shell_command,1,cd /Users/nashid/repos/qwen-cli-automation/workspace/JacksonDatabind_53 && ./run_bug_exposing_tests.sh 2>&1 | tail -20
JacksonDatabind_53,run_shell_command,1,cd /Users/nashid/repos/qwen-cli-automation/workspace/JacksonDatabind_53 && chmod +x debug_test.sh && ./debug_test.sh
JacksonDatabind_53,run_shell_command,4,cd /Users/nashid/repos/qwen-cli-automation/workspace/JacksonDatabind_53 && defects4j compile
JacksonDatabind_53,run_shell_command,4,cd /Users/nashid/repos/qwen-cli-automation/workspace/JacksonDatabind_53 && defects4j test
JacksonDatabind_53,run_shell_command,1,cd /Users/nashid/repos/qwen-cli-automation/workspace/JacksonDatabind_53 && defects4j test 2>&1 | tail -20
JacksonDatabind_53,run_shell_command,1,"cd /Users/nashid/repos/qwen-cli-automation/workspace/JacksonDatabind_53 && find . -name ""*1215*"" -type f"
JacksonDatabind_53,run_shell_command,2,cd /Users/nashid/repos/qwen-cli-automation/workspace/JacksonDatabind_53 && git checkout -- src/main/java/com/fasterxml/jackson/databind/deser/std/MapDeserializer.java
JacksonDatabind_53,run_shell_command,2,cd /Users/nashid/repos/qwen-cli-automation/workspace/JacksonDatabind_53 && git diff
JacksonDatabind_53,run_shell_command,1,cd /Users/nashid/repos/qwen-cli-automation/workspace/JacksonDatabind_53 && git diff --stat
JacksonDatabind_53,run_shell_command,1,"cd /Users/nashid/repos/qwen-cli-automation/workspace/JacksonDatabind_53 && git log --oneline --grep=""1215"" -n 10"
JacksonDatabind_53,run_shell_command,1,"cd /Users/nashid/repos/qwen-cli-automation/workspace/JacksonDatabind_53 && git log --oneline --grep=""deserializ"" --grep=""type"" --grep=""map"" -i | head -20"
JacksonDatabind_53,run_shell_command,1,"cd /Users/nashid/repos/qwen-cli-automation/workspace/JacksonDatabind_53 && git log --oneline --since=""2015-01-01"" --until=""2016-12-31"" | grep -i -E ""(type|deserialize|map|polymorph)"" | head -10"
JacksonDatabind_53,run_shell_command,1,cd /Users/nashid/repos/qwen-cli-automation/workspace/JacksonDatabind_53 && git log --oneline | head -5
JacksonDatabind_53,run_shell_command,1,cd /Users/nashid/repos/qwen-cli-automation/workspace/JacksonDatabind_53 && git show 75a0953bc
JacksonDatabind_53,run_shell_command,1,"cd /Users/nashid/repos/qwen-cli-automation/workspace/JacksonDatabind_53 && grep -rn ""findContextualValueDeserializer"" src/main/java/com/fasterxml/jackson/databind/ --include=""*.java"" | head -10"
JacksonDatabind_53,run_shell_command,1,"cd /Users/nashid/repos/qwen-cli-automation/workspace/JacksonDatabind_53 && grep -rn ""findDeserializationType"" src/main/java/com/fasterxml/jackson/databind/deser/ --include=""*.java"" | head -5"
JacksonDatabind_53,search_file_content,5,
JacksonDatabind_53,write_file,2,
JacksonDatabind_54,edit,8,
JacksonDatabind_54,list_directory,1,
JacksonDatabind_54,read_file,9,
JacksonDatabind_54,run_shell_command,1,./run_bug_exposing_tests.sh
JacksonDatabind_54,run_shell_command,1,cd /Users/nashid/repos/qwen-cli-automation/workspace/JacksonDatabind_54 && ./run_all_tests_trace.sh
JacksonDatabind_54,run_shell_command,1,cd /Users/nashid/repos/qwen-cli-automation/workspace/JacksonDatabind_54 && ./run_bug_exposing_tests.sh
JacksonDatabind_54,run_shell_command,3,cd /Users/nashid/repos/qwen-cli-automation/workspace/JacksonDatabind_54 && defects4j compile
JacksonDatabind_54,run_shell_command,2,cd /Users/nashid/repos/qwen-cli-automation/workspace/JacksonDatabind_54 && defects4j test
JacksonDatabind_54,run_shell_command,3,cd /Users/nashid/repos/qwen-cli-automation/workspace/JacksonDatabind_54 && defects4j test -t com.fasterxml.jackson.databind.deser.TestJDKAtomicTypes::testEmpty1256
JacksonDatabind_54,run_shell_command,1,"cd /Users/nashid/repos/qwen-cli-automation/workspace/JacksonDatabind_54 && javac -cp ""target/classes:target/lib/*"" TestOptionalBug.java"
JacksonDatabind_54,run_shell_command,1,"cd /Users/nashid/repos/qwen-cli-automation/workspace/JacksonDatabind_54 && mvn compile exec:java -Dexec.mainClass=""TestOptionalBug"""
JacksonDatabind_54,run_shell_command,1,defects4j compile
JacksonDatabind_54,run_shell_command,1,defects4j test
JacksonDatabind_54,run_shell_command,1,defects4j test -t com.fasterxml.jackson.databind.deser.TestJDKAtomicTypes::testEmpty1256
JacksonDatabind_54,run_shell_command,1,"find /Users/nashid/repos/qwen-cli-automation/workspace/JacksonDatabind_54 -name ""*.java"" -exec grep -l ""Issue1256Bean\|Optional.*empty"" {} \;"
JacksonDatabind_54,run_shell_command,1,"find /Users/nashid/repos/qwen-cli-automation/workspace/JacksonDatabind_54 -name ""*jdk8*"" -o -name ""*Jdk8*"""
JacksonDatabind_54,run_shell_command,1,ls -la /Users/nashid/repos/qwen-cli-automation/workspace/JacksonDatabind_54/target/classes/com/fasterxml/jackson/module/
JacksonDatabind_54,search_file_content,2,
JacksonDatabind_54,todo_write,3,
JacksonDatabind_54,write_file,4,
JacksonDatabind_55,read_file,3,
JacksonDatabind_55,run_shell_command,1,./run_all_tests_trace.sh
JacksonDatabind_55,run_shell_command,1,./run_bug_exposing_tests.sh
JacksonDatabind_59,edit,7,
JacksonDatabind_59,list_directory,4,
JacksonDatabind_59,read_file,10,
JacksonDatabind_59,run_shell_command,3,cd /Users/nashid/repos/qwen-cli-automation/workspace/JacksonDatabind_59 && ./run_bug_exposing_tests.sh
JacksonDatabind_59,run_shell_command,5,cd /Users/nashid/repos/qwen-cli-automation/workspace/JacksonDatabind_59 && defects4j compile
JacksonDatabind_59,run_shell_command,3,cd /Users/nashid/repos/qwen-cli-automation/workspace/JacksonDatabind_59 && defects4j test
JacksonDatabind_59,run_shell_command,4,cd /Users/nashid/repos/qwen-cli-automation/workspace/JacksonDatabind_59 && defects4j test -t TypeRefinementForMapTest::testMapKeyRefinement1384
JacksonDatabind_59,search_file_content,9,
JacksonDatabind_59,todo_write,1,
JacksonDatabind_6,edit,6,
JacksonDatabind_6,glob,3,
JacksonDatabind_6,read_file,8,
JacksonDatabind_6,run_shell_command,2,./run_bug_exposing_tests.sh
JacksonDatabind_6,run_shell_command,5,defects4j compile
JacksonDatabind_6,run_shell_command,5,defects4j test
JacksonDatabind_6,run_shell_command,5,defects4j test -t com.fasterxml.jackson.databind.deser.TestDateDeserialization::testISO8601MissingSeconds
JacksonDatabind_6,run_shell_command,1,"defects4j test -t com.fasterxml.jackson.databind.deser.TestDateDeserialization::testISO8601MissingSeconds,com.fasterxml.jackson.databind.deser.TestDateDeserialization::testISO8601PartialMilliseconds"
JacksonDatabind_6,run_shell_command,2,defects4j test -t com.fasterxml.jackson.databind.deser.TestDateDeserialization::testISO8601PartialMilliseconds
JacksonDatabind_6,run_shell_command,1,mvn test -Dtest=com.fasterxml.jackson.databind.deser.TestDateDeserialization::testISO8601MissingSeconds
JacksonDatabind_6,search_file_content,1,
JacksonDatabind_6,todo_write,4,
JacksonDatabind_60,read_file,5,
JacksonDatabind_60,run_shell_command,1,./run_all_tests_trace.sh
JacksonDatabind_60,run_shell_command,1,./run_bug_exposing_tests.sh
JacksonDatabind_60,run_shell_command,1,defects4j compile
JacksonDatabind_60,run_shell_command,1,defects4j test
JacksonDatabind_60,run_shell_command,1,defects4j test -t com.fasterxml.jackson.databind.jsontype.TestDefaultWithCreators::testWithCreatorAndJsonValue
JacksonDatabind_60,search_file_content,2,
JacksonDatabind_61,edit,4,
JacksonDatabind_61,list_directory,1,
JacksonDatabind_61,read_file,11,
JacksonDatabind_61,run_shell_command,1,./run_bug_exposing_tests.sh
JacksonDatabind_61,run_shell_command,1,cd /Users/nashid/repos/qwen-cli-automation/workspace/JacksonDatabind_61 && defects4j compile
JacksonDatabind_61,run_shell_command,1,cd /Users/nashid/repos/qwen-cli-automation/workspace/JacksonDatabind_61 && defects4j test
JacksonDatabind_61,run_shell_command,1,cd /Users/nashid/repos/qwen-cli-automation/workspace/JacksonDatabind_61 && defects4j test -t com.fasterxml.jackson.databind.jsontype.DefaultTypingWithPrimitivesTest::testDefaultTypingWithLong
JacksonDatabind_61,run_shell_command,1,"cd /Users/nashid/repos/qwen-cli-automation/workspace/JacksonDatabind_61 && grep -n ""constructSpecializedType"" src/main/java/com/fasterxml/jackson/databind/type/TypeFactory.java"
JacksonDatabind_61,run_shell_command,1,"cd /Users/nashid/repos/qwen-cli-automation/workspace/JacksonDatabind_61 && javac -cp ""target/classes:target/test-classes:$(defects4j export -p cp.test)"" TestExample.java && java -cp "".:target/classes:target/test-classes:$(defects4j export -p cp.test)"" TestExample"
JacksonDatabind_61,run_shell_command,2,"cd /Users/nashid/repos/qwen-cli-automation/workspace/JacksonDatabind_61 && javac -cp ""target/classes:target/test-classes:/Users/nashid/repos/defects4j/framework/projects/JacksonDatabind/lib/com/fasterxml/jackson/core/jackson-core/2.8.3/jackson-core-2.8.3.jar:/Users/nashid/repos/defects4j/framework/projects/JacksonDatabind/lib/com/fasterxml/jackson/core/jackson-annotations/2.8.0/jackson-annotations-2.8.0.jar:/Users/nashid/repos/defects4j/framework/projects/JacksonDatabind/lib/junit/junit/4.12/junit-4.12.jar"" TestExample.java && java -cp "".:target/classes:target/test-classes:/Users/nashid/repos/defects4j/framework/projects/JacksonDatabind/lib/com/fasterxml/jackson/core/jackson-core/2.8.3/jackson-core-2.8.3.jar:/Users/nashid/repos/defects4j/framework/projects/JacksonDatabind/lib/com/fasterxml/jackson/core/jackson-annotations/2.8.0/jackson-annotations-2.8.0.jar:/Users/nashid/repos/defects4j/framework/projects/JacksonDatabind/lib/junit/junit/4.12/junit-4.12.jar"" TestExample"
JacksonDatabind_61,run_shell_command,1,cd /Users/nashid/repos/qwen-cli-automation/workspace/JacksonDatabind_61 && rm -f TestExample.java TestExample.class
JacksonDatabind_61,run_shell_command,1,defects4j compile
JacksonDatabind_61,run_shell_command,1,"find /Users/nashid/repos/qwen-cli-automation/workspace/JacksonDatabind_61 -name ""*.java"" | grep -i test | head -10"
JacksonDatabind_61,search_file_content,3,
JacksonDatabind_61,todo_write,2,
JacksonDatabind_61,write_file,1,
JacksonDatabind_65,read_file,3,
JacksonDatabind_65,run_shell_command,1,./run_all_tests_trace.sh
JacksonDatabind_65,run_shell_command,1,./run_bug_exposing_tests.sh
JacksonDatabind_65,run_shell_command,1,defects4j compile
JacksonDatabind_65,run_shell_command,1,defects4j test -t KeyDeser1429Test::testDeserializeKeyViaFactory
JacksonDatabind_65,run_shell_command,1,"find . -name ""*KeyDeser*"" -type f"
JacksonDatabind_66,edit,6,
JacksonDatabind_66,glob,1,
JacksonDatabind_66,read_file,12,
JacksonDatabind_66,run_shell_command,1,./run_bug_exposing_tests.sh
JacksonDatabind_66,run_shell_command,1,cd /Users/nashid/repos/qwen-cli-automation/workspace/JacksonDatabind_66 && ./run.sh com.fasterxml.jackson.databind.module.TestCustomEnumKeyDeserializer::testCustomEnumKeySerializerWithPolymorphic
JacksonDatabind_66,run_shell_command,1,cd /Users/nashid/repos/qwen-cli-automation/workspace/JacksonDatabind_66 && ant -Dtest.name=TestCustomEnumKeyDeserializer::testCustomEnumKeySerializerWithPolymorphic test
JacksonDatabind_66,run_shell_command,2,cd /Users/nashid/repos/qwen-cli-automation/workspace/JacksonDatabind_66 && defects4j compile
JacksonDatabind_66,run_shell_command,1,cd /Users/nashid/repos/qwen-cli-automation/workspace/JacksonDatabind_66 && defects4j compile && defects4j test
JacksonDatabind_66,run_shell_command,2,cd /Users/nashid/repos/qwen-cli-automation/workspace/JacksonDatabind_66 && defects4j test
JacksonDatabind_66,run_shell_command,2,cd /Users/nashid/repos/qwen-cli-automation/workspace/JacksonDatabind_66 && defects4j test -t TestBugReproduction::testBugReproduction
JacksonDatabind_66,run_shell_command,2,cd /Users/nashid/repos/qwen-cli-automation/workspace/JacksonDatabind_66 && defects4j test -t TestCustomEnumKeyDeserializer::testCustomEnumKeySerializerWithPolymorphic
JacksonDatabind_66,run_shell_command,1,cd /Users/nashid/repos/qwen-cli-automation/workspace/JacksonDatabind_66 && git diff
JacksonDatabind_66,run_shell_command,1,cd /Users/nashid/repos/qwen-cli-automation/workspace/JacksonDatabind_66 && rm src/test/java/com/fasterxml/jackson/databind/module/TestBugReproduction.java
JacksonDatabind_66,run_shell_command,1,defects4j test -t TestCustomEnumKeyDeserializer::testCustomEnumKeySerializerWithPolymorphic
JacksonDatabind_66,run_shell_command,1,defects4j test -t TestCustomEnumKeyDeserializer::testCustomEnumKeySerializerWithPolymorphic -v
JacksonDatabind_66,search_file_content,5,
JacksonDatabind_66,write_file,2,
JacksonDatabind_68,edit,4,
JacksonDatabind_68,read_file,13,
JacksonDatabind_68,run_shell_command,1,cd /Users/nashid/repos/qwen-cli-automation/workspace/JacksonDatabind_68 && ./run_bug_exposing_tests.sh
JacksonDatabind_68,run_shell_command,2,cd /Users/nashid/repos/qwen-cli-automation/workspace/JacksonDatabind_68 && defects4j compile
JacksonDatabind_68,run_shell_command,1,cd /Users/nashid/repos/qwen-cli-automation/workspace/JacksonDatabind_68 && defects4j export -p tests.all
JacksonDatabind_68,run_shell_command,1,cd /Users/nashid/repos/qwen-cli-automation/workspace/JacksonDatabind_68 && defects4j export -p tests.trigger
JacksonDatabind_68,run_shell_command,1,cd /Users/nashid/repos/qwen-cli-automation/workspace/JacksonDatabind_68 && defects4j info
JacksonDatabind_68,run_shell_command,1,cd /Users/nashid/repos/qwen-cli-automation/workspace/JacksonDatabind_68 && defects4j test
JacksonDatabind_68,run_shell_command,1,cd /Users/nashid/repos/qwen-cli-automation/workspace/JacksonDatabind_68 && defects4j test -t com.fasterxml.jackson.databind.struct.SingleValueAsArrayTest
JacksonDatabind_68,run_shell_command,1,cd /Users/nashid/repos/qwen-cli-automation/workspace/JacksonDatabind_68 && defects4j test 2>&1 | head -20
JacksonDatabind_68,run_shell_command,1,"cd /Users/nashid/repos/qwen-cli-automation/workspace/JacksonDatabind_68 && grep -n ""handleNonArray"" src/main/java/com/fasterxml/jackson/databind/deser/std/CollectionDeserializer.java"
JacksonDatabind_68,run_shell_command,1,"cd /Users/nashid/repos/qwen-cli-automation/workspace/JacksonDatabind_68 && java -cp ""$(defects4j export -p cp.test)"" org.junit.runner.JUnitCore com.fasterxml.jackson.databind.struct.SingleValueAsArrayTest::testSuccessfulDeserializationOfObjectWithChainedArrayCreators"
JacksonDatabind_68,run_shell_command,1,cd /Users/nashid/repos/qwen-cli-automation/workspace/JacksonDatabind_68 && mkdir -p temp_tests && cp -r src/test/java/com/fasterxml/jackson/databind/struct/* temp_tests/
JacksonDatabind_68,search_file_content,7,
JacksonDatabind_68,todo_write,3,
JacksonDatabind_68,write_file,2,
JacksonDatabind_69,edit,3,
JacksonDatabind_69,read_file,7,
JacksonDatabind_69,run_shell_command,1,cd /Users/nashid/repos/qwen-cli-automation/workspace/JacksonDatabind_69 && ./run_bug_exposing_tests.sh
JacksonDatabind_69,run_shell_command,1,cd /Users/nashid/repos/qwen-cli-automation/workspace/JacksonDatabind_69 && cat bug_triggering_tests.20251030_050600.log
JacksonDatabind_69,run_shell_command,1,cd /Users/nashid/repos/qwen-cli-automation/workspace/JacksonDatabind_69 && defects4j
JacksonDatabind_69,run_shell_command,1,cd /Users/nashid/repos/qwen-cli-automation/workspace/JacksonDatabind_69 && defects4j info
JacksonDatabind_69,run_shell_command,1,"cd /Users/nashid/repos/qwen-cli-automation/workspace/JacksonDatabind_69 && echo ""Let me create a patch file to document the fix"""
JacksonDatabind_69,run_shell_command,1,"cd /Users/nashid/repos/qwen-cli-automation/workspace/JacksonDatabind_69 && find . -name ""*.java"" -path ""*/test/*"" | head -20"
JacksonDatabind_69,run_shell_command,1,"cd /Users/nashid/repos/qwen-cli-automation/workspace/JacksonDatabind_69 && find ./src -name ""*.java"" | grep -E ""(Test|test)"" | head -10"
JacksonDatabind_69,run_shell_command,1,"cd /Users/nashid/repos/qwen-cli-automation/workspace/JacksonDatabind_69 && grep -n ""protected void _addDeserializerConstructors"" src/main/java/com/fasterxml/jackson/databind/deser/BasicDeserializerFactory.java"
JacksonDatabind_69,run_shell_command,1,"cd /Users/nashid/repos/qwen-cli-automation/workspace/JacksonDatabind_69 && javac -cp ""$(defects4j export -p cp.test)"" TestJackson.java"
JacksonDatabind_69,run_shell_command,1,cd /Users/nashid/repos/qwen-cli-automation/workspace/JacksonDatabind_69 && ls -la
JacksonDatabind_69,run_shell_command,1,cd /Users/nashid/repos/qwen-cli-automation/workspace/JacksonDatabind_69 && ls -la /Users/nashid/repos/defects4j/framework/
JacksonDatabind_69,run_shell_command,1,cd /Users/nashid/repos/qwen-cli-automation/workspace/JacksonDatabind_69 && mvn compile -q
JacksonDatabind_69,run_shell_command,1,cd /Users/nashid/repos/qwen-cli-automation/workspace/JacksonDatabind_69 && pwd && ls -la
JacksonDatabind_69,run_shell_command,1,"cd /Users/nashid/repos/qwen-cli-automation/workspace/JacksonDatabind_69 && sed -n '393,600p' src/main/java/com/fasterxml/jackson/databind/deser/BasicDeserializerFactory.java | head -200"
JacksonDatabind_69,search_file_content,2,
JacksonDatabind_69,write_file,3,
JacksonDatabind_72,edit,2,
JacksonDatabind_72,read_file,11,
JacksonDatabind_72,run_shell_command,1,cd /Users/nashid/repos/qwen-cli-automation/workspace/JacksonDatabind_72 && ./run_bug_exposing_tests.sh
JacksonDatabind_72,run_shell_command,2,cd /Users/nashid/repos/qwen-cli-automation/workspace/JacksonDatabind_72 && defects4j compile
JacksonDatabind_72,run_shell_command,2,cd /Users/nashid/repos/qwen-cli-automation/workspace/JacksonDatabind_72 && defects4j test
JacksonDatabind_72,run_shell_command,1,cd /Users/nashid/repos/qwen-cli-automation/workspace/JacksonDatabind_72 && defects4j test -t com.fasterxml.jackson.databind.creators.InnerClassCreatorTest::testIssue1501
JacksonDatabind_72,run_shell_command,1,"cd /Users/nashid/repos/qwen-cli-automation/workspace/JacksonDatabind_72 && echo 'import com.fasterxml.jackson.annotation.JsonCreator; import com.fasterxml.jackson.annotation.JsonProperty; import com.fasterxml.jackson.databind.ObjectMapper; public class TestReproduction { static class Something { public InnerSomething a; @JsonCreator public Something(@JsonProperty(""a"") InnerSomething a) { this.a = a; } public Something() { a = new InnerSomething(); } class InnerSomething { @JsonCreator public InnerSomething() { } } } public static void main(String[] args) throws Exception { ObjectMapper mapper = new ObjectMapper(); mapper.disable(com.fasterxml.jackson.databind.SerializationFeature.FAIL_ON_EMPTY_BEANS); String ser = mapper.writeValueAsString(new Something()); System.out.println(""Serialized: "" + ser); Something deserialized = mapper.readValue(ser, Something.class); System.out.println(""Deserialized successfully""); } }' > TestReproduction.java"
JacksonDatabind_72,run_shell_command,1,cd /Users/nashid/repos/qwen-cli-automation/workspace/JacksonDatabind_72 && git diff
JacksonDatabind_72,run_shell_command,1,cd /Users/nashid/repos/qwen-cli-automation/workspace/JacksonDatabind_72 && git log --oneline -10
JacksonDatabind_72,run_shell_command,1,cd /Users/nashid/repos/qwen-cli-automation/workspace/JacksonDatabind_72 && git show 63afa5297
JacksonDatabind_72,run_shell_command,1,"cd /Users/nashid/repos/qwen-cli-automation/workspace/JacksonDatabind_72 && java -cp ""$(defects4j export -p cp.test)"" com.fasterxml.jackson.databind.creators.InnerClassCreatorTest"
JacksonDatabind_72,run_shell_command,1,"cd /Users/nashid/repos/qwen-cli-automation/workspace/JacksonDatabind_72 && javac -cp ""$(defects4j export -p cp.test)"" TestReproduction.java && java -cp "".:$(defects4j export -p cp.test)"" TestReproduction"
JacksonDatabind_72,run_shell_command,1,"find /Users/nashid/repos/qwen-cli-automation/workspace/JacksonDatabind_72 -name ""*.java"" | grep -E ""(Test|test)"" | head -20"
JacksonDatabind_72,search_file_content,7,
JacksonDatabind_72,todo_write,1,
JacksonDatabind_72,write_file,1,
JacksonDatabind_73,edit,14,
JacksonDatabind_73,glob,1,
JacksonDatabind_73,read_file,24,
JacksonDatabind_73,run_shell_command,2,cd /Users/nashid/repos/qwen-cli-automation/workspace/JacksonDatabind_73 && ./run_bug_exposing_tests.sh
JacksonDatabind_73,run_shell_command,6,cd /Users/nashid/repos/qwen-cli-automation/workspace/JacksonDatabind_73 && defects4j compile
JacksonDatabind_73,run_shell_command,3,cd /Users/nashid/repos/qwen-cli-automation/workspace/JacksonDatabind_73 && defects4j test
JacksonDatabind_73,run_shell_command,5,cd /Users/nashid/repos/qwen-cli-automation/workspace/JacksonDatabind_73 && defects4j test -t ReadOrWriteOnlyTest::testReadOnly935
JacksonDatabind_73,run_shell_command,2,cd /Users/nashid/repos/qwen-cli-automation/workspace/JacksonDatabind_73 && defects4j test -t ReadOrWriteOnlyTest::testReadOnlyAndWriteOnly
JacksonDatabind_73,run_shell_command,2,cd /Users/nashid/repos/qwen-cli-automation/workspace/JacksonDatabind_73 && git checkout -- src/main/java/com/fasterxml/jackson/databind/deser/BeanDeserializer.java
JacksonDatabind_73,run_shell_command,3,cd /Users/nashid/repos/qwen-cli-automation/workspace/JacksonDatabind_73 && git checkout -- src/main/java/com/fasterxml/jackson/databind/deser/BeanDeserializerFactory.java
JacksonDatabind_73,run_shell_command,2,cd /Users/nashid/repos/qwen-cli-automation/workspace/JacksonDatabind_73 && git status
JacksonDatabind_73,run_shell_command,1,"cd /Users/nashid/repos/qwen-cli-automation/workspace/JacksonDatabind_73 && grep -A 10 -B 10 ""READ_ONLY"" src/main/java/com/fasterxml/jackson/databind/introspect/POJOPropertyBuilder.java"
JacksonDatabind_73,run_shell_command,1,"cd /Users/nashid/repos/qwen-cli-automation/workspace/JacksonDatabind_73 && grep -n ""JsonProperty"" src/main/java/com/fasterxml/jackson/databind/deser/BeanDeserializer.java"
JacksonDatabind_73,run_shell_command,1,"cd /Users/nashid/repos/qwen-cli-automation/workspace/JacksonDatabind_73 && grep -n ""findPropertyAccess"" src/main/java/com/fasterxml/jackson/databind/introspect/POJOPropertyBuilder.java"
JacksonDatabind_73,search_file_content,10,
JacksonDatabind_73,todo_write,1,
JacksonDatabind_75,read_file,3,
JacksonDatabind_75,run_shell_command,1,./run_all_tests_trace.sh
JacksonDatabind_75,run_shell_command,1,./run_bug_exposing_tests.sh
JacksonDatabind_75,run_shell_command,1,cd /Users/nashid/repos/qwen-cli-automation/workspace/JacksonDatabind_75 && javac -cp 'target/classes:target/test-classes:lib/com/fasterxml/jackson/core/jackson-annotations/2.8.0/jackson-annotations-2.8.0.jar:lib/com/fasterxml/jackson/core/jackson-core/2.8.8-SNAPSHOT/jackson-core-2.8.8-20170301.000803-1.jar:lib/junit/junit/4.12/junit-4.12.jar:lib/org/hamcrest/hamcrest-core/1.3/hamcrest-core-1.3.jar' TestBug.java && java -cp '.:lib/com/fasterxml/jackson/core/jackson-annotations/2.8.0/jackson-annotations-2.8.0.jar:lib/com/fasterxml/jackson/core/jackson-core/2.8.8-SNAPSHOT/jackson-core-2.8.8-20170301.000803-1.jar:lib/junit/junit/4.12/junit-4.12.jar:lib/org/hamcrest/hamcrest-core/1.3/hamcrest-core-1.3.jar' TestBug
JacksonDatabind_75,run_shell_command,1,defects4j test
JacksonDatabind_75,run_shell_command,1,defects4j test -t com.fasterxml.jackson.databind.struct.EnumFormatShapeTest::testEnumPropertyAsNumber
JacksonDatabind_75,run_shell_command,1,"javac -cp ""target/classes:target/test-classes:$(defects4j export -p cp.test)"" TestBug.java && java -cp "".:$(defects4j export -p cp.test)"" TestBug"
JacksonDatabind_75,search_file_content,1,
JacksonDatabind_75,write_file,1,
JacksonDatabind_77,edit,3,
JacksonDatabind_77,list_directory,4,
JacksonDatabind_77,read_file,12,
JacksonDatabind_77,run_shell_command,2,cd /Users/nashid/repos/qwen-cli-automation/workspace/JacksonDatabind_77 && ./run_bug_exposing_tests.sh
JacksonDatabind_77,run_shell_command,3,cd /Users/nashid/repos/qwen-cli-automation/workspace/JacksonDatabind_77 && defects4j compile
JacksonDatabind_77,run_shell_command,3,cd /Users/nashid/repos/qwen-cli-automation/workspace/JacksonDatabind_77 && defects4j test
JacksonDatabind_77,run_shell_command,1,cd /Users/nashid/repos/qwen-cli-automation/workspace/JacksonDatabind_77 && defects4j test -t com.fasterxml.jackson.databind.interop.IllegalTypesCheckTest::testIssue1599
JacksonDatabind_77,run_shell_command,1,cd /Users/nashid/repos/qwen-cli-automation/workspace/JacksonDatabind_77 && git checkout HEAD -- src/main/java/com/fasterxml/jackson/databind/jsontype/impl/ClassNameIdResolver.java
JacksonDatabind_77,search_file_content,9,
JacksonDatabind_78,edit,4,
JacksonDatabind_78,glob,6,
JacksonDatabind_78,read_file,17,
JacksonDatabind_78,run_shell_command,2,./run_bug_exposing_tests.sh
JacksonDatabind_78,run_shell_command,3,defects4j compile
JacksonDatabind_78,run_shell_command,2,defects4j test
JacksonDatabind_78,run_shell_command,3,defects4j test -t com.fasterxml.jackson.databind.interop.IllegalTypesCheckTest::testIssue1599
JacksonDatabind_78,search_file_content,15,
JacksonDatabind_78,todo_write,3,
JacksonDatabind_78,write_file,1,
JacksonDatabind_79,edit,4,
JacksonDatabind_79,glob,1,
JacksonDatabind_79,read_file,16,
JacksonDatabind_79,run_shell_command,2,cd /Users/nashid/repos/qwen-cli-automation/workspace/JacksonDatabind_79 && ./run_bug_exposing_tests.sh
JacksonDatabind_79,run_shell_command,2,cd /Users/nashid/repos/qwen-cli-automation/workspace/JacksonDatabind_79 && defects4j compile
JacksonDatabind_79,run_shell_command,2,cd /Users/nashid/repos/qwen-cli-automation/workspace/JacksonDatabind_79 && defects4j test
JacksonDatabind_79,run_shell_command,2,cd /Users/nashid/repos/qwen-cli-automation/workspace/JacksonDatabind_79 && defects4j test -t AlwaysAsReferenceFirstTest::testIssue1607
JacksonDatabind_79,run_shell_command,1,cd /Users/nashid/repos/qwen-cli-automation/workspace/JacksonDatabind_79 && defects4j test -t TestObjectIdSerialization
JacksonDatabind_79,run_shell_command,2,cd /Users/nashid/repos/qwen-cli-automation/workspace/JacksonDatabind_79 && defects4j test -t TestObjectIdSerialization::testAlwaysAsId
JacksonDatabind_79,run_shell_command,1,cd /Users/nashid/repos/qwen-cli-automation/workspace/JacksonDatabind_79 && git diff
JacksonDatabind_79,run_shell_command,1,cd /Users/nashid/repos/qwen-cli-automation/workspace/JacksonDatabind_79 && git status
JacksonDatabind_79,run_shell_command,1,"cd /Users/nashid/repos/qwen-cli-automation/workspace/JacksonDatabind_79 && grep -n ""_beanDescription\|getBeanDescription\|findObjectIdInfo.*class"" src/main/java/com/fasterxml/jackson/databind/ser/std/BeanSerializerBase.java"
JacksonDatabind_79,run_shell_command,1,"cd /Users/nashid/repos/qwen-cli-automation/workspace/JacksonDatabind_79 && grep -n ""builder.getBeanDescription\|BeanDescription"" src/main/java/com/fasterxml/jackson/databind/ser/std/BeanSerializerBase.java"
JacksonDatabind_79,run_shell_command,1,cd /Users/nashid/repos/qwen-cli-automation/workspace/JacksonDatabind_79 && java -cp target/classes:target/test-classes:/Users/nashid/repos/defects4j/framework/projects/JacksonDatabind/lib/com/fasterxml/jackson/core/jackson-annotations/2.7.0/jackson-annotations-2.7.0.jar:/Users/nashid/repos/defects4j/framework/projects/JacksonDatabind/lib/com/fasterxml/jackson/core/jackson-core/2.7.9/jackson-core-2.7.9.jar:/Users/nashid/repos/defects4j/framework/projects/JacksonDatabind/lib/junit/junit/4.12/junit-4.12.jar:/Users/nashid/repos/defects4j/framework/projects/lib/junit-4.11.jar:/Users/nashid/repos/defects4j/framework/projects/JacksonDatabind/lib/org/hamcrest/hamcrest-core/1.3/hamcrest-core-1.3.jar org.junit.runner.JUnitCore com.fasterxml.jackson.databind.objectid.AlwaysAsReferenceFirstTest
JacksonDatabind_79,search_file_content,8,
JacksonDatabind_8,read_file,2,
JacksonDatabind_8,run_shell_command,1,./run_all_tests_trace.sh
JacksonDatabind_8,run_shell_command,1,./run_bug_exposing_tests.sh
JacksonDatabind_8,run_shell_command,1,defects4j test
JacksonDatabind_80,read_file,2,
JacksonDatabind_80,run_shell_command,1,cd /Users/nashid/repos/qwen-cli-automation/workspace/JacksonDatabind_80 && ./run_all_tests_trace.sh
JacksonDatabind_80,run_shell_command,1,cd /Users/nashid/repos/qwen-cli-automation/workspace/JacksonDatabind_80 && ./run_bug_exposing_tests.sh
JacksonDatabind_80,run_shell_command,1,cd /Users/nashid/repos/qwen-cli-automation/workspace/JacksonDatabind_80 && defects4j test
JacksonDatabind_80,run_shell_command,1,cd /Users/nashid/repos/qwen-cli-automation/workspace/JacksonDatabind_80 && defects4j test -t com.fasterxml.jackson.databind.ObjectWriterTest::testViewSettings
JacksonDatabind_81,list_directory,1,
JacksonDatabind_81,read_file,4,
JacksonDatabind_81,run_shell_command,1,./run_all_tests_trace.sh
JacksonDatabind_81,run_shell_command,1,./run_bug_exposing_tests.sh
JacksonDatabind_81,run_shell_command,1,defects4j test
JacksonDatabind_81,run_shell_command,1,defects4j test -t com.fasterxml.jackson.databind.introspect.TypeCoercion1592Test::testTypeCoercion1592
JacksonDatabind_87,edit,1,
JacksonDatabind_87,read_file,10,
JacksonDatabind_87,run_shell_command,1,cd /Users/nashid/repos/qwen-cli-automation/workspace/JacksonDatabind_87 && ./run_bug_exposing_tests.sh
JacksonDatabind_87,run_shell_command,2,cd /Users/nashid/repos/qwen-cli-automation/workspace/JacksonDatabind_87 && defects4j compile
JacksonDatabind_87,run_shell_command,1,cd /Users/nashid/repos/qwen-cli-automation/workspace/JacksonDatabind_87 && defects4j test
JacksonDatabind_87,run_shell_command,2,cd /Users/nashid/repos/qwen-cli-automation/workspace/JacksonDatabind_87 && defects4j test -t com.fasterxml.jackson.databind.deser.TestDateDeserialization::testDateUtilISO8601NoTimezoneNonDefault
JacksonDatabind_87,search_file_content,1,
JacksonDatabind_90,edit,1,
JacksonDatabind_90,glob,2,
JacksonDatabind_90,read_file,6,
JacksonDatabind_90,run_shell_command,1,cd /Users/nashid/repos/qwen-cli-automation/workspace/JacksonDatabind_90 && defects4j compile
JacksonDatabind_90,run_shell_command,2,cd /Users/nashid/repos/qwen-cli-automation/workspace/JacksonDatabind_90 && defects4j test
JacksonDatabind_90,run_shell_command,1,cd /Users/nashid/repos/qwen-cli-automation/workspace/JacksonDatabind_90 && defects4j test -t com.fasterxml.jackson.databind.creators.DelegatingArrayCreator1804Test::testDelegatingArray1804
JacksonDatabind_90,search_file_content,1,
JacksonDatabind_90,todo_write,1,
JacksonDatabind_94,edit,5,
JacksonDatabind_94,read_file,11,
JacksonDatabind_94,run_shell_command,2,cd /Users/nashid/repos/qwen-cli-automation/workspace/JacksonDatabind_94 && ./run_bug_exposing_tests.sh
JacksonDatabind_94,run_shell_command,1,cd /Users/nashid/repos/qwen-cli-automation/workspace/JacksonDatabind_94 && defects4j compile
JacksonDatabind_94,run_shell_command,2,cd /Users/nashid/repos/qwen-cli-automation/workspace/JacksonDatabind_94 && defects4j compile && defects4j test -t com.fasterxml.jackson.databind.interop.IllegalTypesCheckTest::testC3P0Types
JacksonDatabind_94,run_shell_command,3,cd /Users/nashid/repos/qwen-cli-automation/workspace/JacksonDatabind_94 && defects4j test
JacksonDatabind_94,run_shell_command,1,cd /Users/nashid/repos/qwen-cli-automation/workspace/JacksonDatabind_94 && defects4j test -t com.fasterxml.jackson.databind.interop.IllegalTypesCheckTest::testC3P0Types
JacksonDatabind_94,run_shell_command,1,"cd /Users/nashid/repos/qwen-cli-automation/workspace/JacksonDatabind_94 && sed -n '42,55p' src/main/java/com/fasterxml/jackson/databind/jsontype/impl/SubTypeValidator.java"
JacksonDatabind_94,search_file_content,2,
JacksonDatabind_94,write_file,1,
JacksonDatabind_95,edit,4,
JacksonDatabind_95,read_file,12,
JacksonDatabind_95,run_shell_command,2,./run_bug_exposing_tests.sh
JacksonDatabind_95,run_shell_command,1,cd /Users/nashid/repos/qwen-cli-automation/workspace/JacksonDatabind_95 && git checkout HEAD -- src/main/java/com/fasterxml/jackson/databind/type/TypeFactory.java
JacksonDatabind_95,run_shell_command,1,cd /Users/nashid/repos/qwen-cli-automation/workspace/JacksonDatabind_95 && git diff
JacksonDatabind_95,run_shell_command,1,cd /Users/nashid/repos/qwen-cli-automation/workspace/JacksonDatabind_95 && git log --oneline -10
JacksonDatabind_95,run_shell_command,1,cd /Users/nashid/repos/qwen-cli-automation/workspace/JacksonDatabind_95 && java -cp target/classes:target/test-classes:$(defects4j export -p cp.test) org.junit.runner.JUnitCore com.fasterxml.jackson.databind.type.TestTypeFactory
JacksonDatabind_95,run_shell_command,4,defects4j compile
JacksonDatabind_95,run_shell_command,5,defects4j test
JacksonDatabind_95,run_shell_command,5,defects4j test -t com.fasterxml.jackson.databind.type.TestTypeFactory::testCanonicalNames
JacksonDatabind_95,run_shell_command,1,"grep -n ""_fromVariable"" /Users/nashid/repos/qwen-cli-automation/workspace/JacksonDatabind_95/src/main/java/com/fasterxml/jackson/databind/type/TypeFactory.java"
JacksonDatabind_95,search_file_content,2,
JacksonDatabind_95,write_file,1,
JacksonXml_1,edit,4,
JacksonXml_1,glob,1,
JacksonXml_1,read_file,16,
JacksonXml_1,run_shell_command,1,./run_all_tests_trace.sh
JacksonXml_1,run_shell_command,2,./run_bug_exposing_tests.sh
JacksonXml_1,run_shell_command,1,"cd /Users/nashid/repos/qwen-cli-automation/workspace/JacksonXml_1 && grep -n ""case XmlTokenStream\.XML_END_ELEMENT:"" src/main/java/com/fasterxml/jackson/dataformat/xml/deser/FromXmlParser.java"
JacksonXml_1,run_shell_command,1,"cd /Users/nashid/repos/qwen-cli-automation/workspace/JacksonXml_1 && grep -n -A 20 -B 5 ""testNestedWithEmpty"" src/test/java/com/fasterxml/jackson/dataformat/xml/lists/NestedUnwrappedListsTest.java"
JacksonXml_1,run_shell_command,1,cd /Users/nashid/repos/qwen-cli-automation/workspace/JacksonXml_1 && patch -p1 < patch.diff
JacksonXml_1,run_shell_command,1,cd /Users/nashid/repos/qwen-cli-automation/workspace/JacksonXml_1 && patch -p1 < patch_v2.diff
JacksonXml_1,run_shell_command,1,defects4j compile
JacksonXml_1,run_shell_command,4,defects4j test
JacksonXml_1,run_shell_command,1,defects4j test -t com.fasterxml.jackson.dataformat.xml.lists.UnwrappedListsTest::testDefaultWrappingWithEmptyLists
JacksonXml_1,search_file_content,1,
JacksonXml_1,write_file,2,
JacksonXml_2,edit,6,
JacksonXml_2,glob,1,
JacksonXml_2,read_file,14,
JacksonXml_2,run_shell_command,1,cd /Users/nashid/repos/qwen-cli-automation/workspace/JacksonXml_2 && ./run_bug_exposing_tests.sh
JacksonXml_2,run_shell_command,3,cd /Users/nashid/repos/qwen-cli-automation/workspace/JacksonXml_2 && defects4j compile
JacksonXml_2,run_shell_command,1,cd /Users/nashid/repos/qwen-cli-automation/workspace/JacksonXml_2 && defects4j test
JacksonXml_2,run_shell_command,3,cd /Users/nashid/repos/qwen-cli-automation/workspace/JacksonXml_2 && defects4j test -t com.fasterxml.jackson.dataformat.xml.misc.XmlTextTest::testMixedContent
JacksonXml_2,run_shell_command,3,cd /Users/nashid/repos/qwen-cli-automation/workspace/JacksonXml_2 && git checkout HEAD -- src/main/java/com/fasterxml/jackson/dataformat/xml/deser/FromXmlParser.java
JacksonXml_2,run_shell_command,1,"cd /Users/nashid/repos/qwen-cli-automation/workspace/JacksonXml_2 && grep -A 10 -B 10 ""_handleEndElement"" src/main/java/com/fasterxml/jackson/dataformat/xml/deser/FromXmlParser.java"
JacksonXml_2,run_shell_command,1,"cd /Users/nashid/repos/qwen-cli-automation/workspace/JacksonXml_2 && grep -A 10 -B 5 ""_mayBeLeaf"" src/main/java/com/fasterxml/jackson/dataformat/xml/deser/FromXmlParser.java"
JacksonXml_2,run_shell_command,1,"cd /Users/nashid/repos/qwen-cli-automation/workspace/JacksonXml_2 && grep -A 5 -B 5 ""public JsonToken nextToken"" src/main/java/com/fasterxml/jackson/dataformat/xml/deser/FromXmlParser.java"
JacksonXml_2,run_shell_command,1,"cd /Users/nashid/repos/qwen-cli-automation/workspace/JacksonXml_2 && grep -n ""case XmlTokenStream.XML_TEXT:"" src/main/java/com/fasterxml/jackson/dataformat/xml/deser/FromXmlParser.java"
JacksonXml_2,run_shell_command,1,"cd /Users/nashid/repos/qwen-cli-automation/workspace/JacksonXml_2 && sed -n '680,695p' src/main/java/com/fasterxml/jackson/dataformat/xml/deser/FromXmlParser.java"
JacksonXml_2,search_file_content,3,
JacksonXml_2,write_file,2,
Jsoup_11,edit,6,
Jsoup_11,list_directory,11,
Jsoup_11,read_file,12,
Jsoup_11,run_shell_command,1,./run_all_tests_trace.sh
Jsoup_11,run_shell_command,1,./run_bug_exposing_tests.sh
Jsoup_11,run_shell_command,2,cd /Users/nashid/repos/qwen-cli-automation/workspace/Jsoup_11 && defects4j compile
Jsoup_11,run_shell_command,2,cd /Users/nashid/repos/qwen-cli-automation/workspace/Jsoup_11 && defects4j test
Jsoup_11,run_shell_command,1,cd /Users/nashid/repos/qwen-cli-automation/workspace/Jsoup_11 && defects4j test -t org.jsoup.select.SelectorTest::notAll
Jsoup_11,run_shell_command,1,cd /Users/nashid/repos/qwen-cli-automation/workspace/Jsoup_11 && defects4j test -t org.jsoup.select.SelectorTest::notClass
Jsoup_11,run_shell_command,2,cd /Users/nashid/repos/qwen-cli-automation/workspace/Jsoup_11 && defects4j test -t org.jsoup.select.SelectorTest::notParas
Jsoup_11,run_shell_command,1,"cd /Users/nashid/repos/qwen-cli-automation/workspace/Jsoup_11 && grep -n -A 5 -B 5 "":matchesOwn"" src/main/java/org/jsoup/select/Selector.java"
Jsoup_11,search_file_content,1,
Jsoup_11,todo_write,1,
Jsoup_12,edit,13,
Jsoup_12,list_directory,2,
Jsoup_12,read_file,14,
Jsoup_12,run_shell_command,1,./run_bug_exposing_tests.sh
Jsoup_12,run_shell_command,3,cd /Users/nashid/repos/qwen-cli-automation/workspace/Jsoup_12 && git checkout HEAD -- src/main/java/org/jsoup/select/Selector.java
Jsoup_12,run_shell_command,1,cd /Users/nashid/repos/qwen-cli-automation/workspace/Jsoup_12 && java -cp target/classes:target/test-classes org.junit.runner.JUnitCore org.jsoup.select.SelectorTest::testByAttributeRegexCombined
Jsoup_12,run_shell_command,1,cd /Users/nashid/repos/qwen-cli-automation/workspace/Jsoup_12 && javac -cp target/classes TestFix.java && java -cp .:target/classes TestFix
Jsoup_12,run_shell_command,7,defects4j compile
Jsoup_12,run_shell_command,2,defects4j test
Jsoup_12,run_shell_command,1,defects4j test -t org.jsoup.select.SelectorTest::multiChildDescent
Jsoup_12,run_shell_command,3,defects4j test -t org.jsoup.select.SelectorTest::testByAttributeRegexCombined
Jsoup_12,search_file_content,4,
Jsoup_12,write_file,1,
Jsoup_14,edit,12,
Jsoup_14,list_directory,10,
Jsoup_14,read_file,18,
Jsoup_14,run_shell_command,1,./run_all_tests_trace.sh
Jsoup_14,run_shell_command,1,./run_bug_exposing_tests.sh
Jsoup_14,run_shell_command,5,cd /Users/nashid/repos/qwen-cli-automation/workspace/Jsoup_14 && defects4j compile
Jsoup_14,run_shell_command,3,cd /Users/nashid/repos/qwen-cli-automation/workspace/Jsoup_14 && defects4j test
Jsoup_14,run_shell_command,3,cd /Users/nashid/repos/qwen-cli-automation/workspace/Jsoup_14 && defects4j test -t org.jsoup.parser.ParserTest::handlesUnclosedTitle
Jsoup_14,run_shell_command,1,cd /Users/nashid/repos/qwen-cli-automation/workspace/Jsoup_14 && defects4j test -t org.jsoup.parser.ParserTest::parsesUnterminatedTextarea
Jsoup_14,run_shell_command,2,cd /Users/nashid/repos/qwen-cli-automation/workspace/Jsoup_14 && git checkout .
Jsoup_14,run_shell_command,1,"cd /Users/nashid/repos/qwen-cli-automation/workspace/Jsoup_14 && grep -n \""RcdataLessthanSign\"" src/main/java/org/jsoup/parser/TokeniserState.java"
Jsoup_14,run_shell_command,1,"cd /Users/nashid/repos/qwen-cli-automation/workspace/Jsoup_14 && java -cp "".:target/classes:target/test-classes"" TestTextareaParser"
Jsoup_14,run_shell_command,4,"cd /Users/nashid/repos/qwen-cli-automation/workspace/Jsoup_14 && java -cp "".:target/classes:target/test-classes"" TestTitleParser"
Jsoup_14,run_shell_command,1,"cd /Users/nashid/repos/qwen-cli-automation/workspace/Jsoup_14 && javac -cp ""target/classes:target/test-classes"" TestTextareaParser.java"
Jsoup_14,run_shell_command,1,"cd /Users/nashid/repos/qwen-cli-automation/workspace/Jsoup_14 && javac -cp ""target/classes:target/test-classes"" TestTextareaParser.java && java -cp "".:target/classes:target/test-classes"" TestTextareaParser"
Jsoup_14,run_shell_command,1,"cd /Users/nashid/repos/qwen-cli-automation/workspace/Jsoup_14 && javac -cp ""target/classes:target/test-classes"" TestTitleParser.java"
Jsoup_14,search_file_content,3,
Jsoup_14,write_file,2,
Jsoup_16,edit,8,
Jsoup_16,read_file,9,
Jsoup_16,run_shell_command,1,./run_all_tests_trace.sh
Jsoup_16,run_shell_command,3,./run_bug_exposing_tests.sh
Jsoup_16,run_shell_command,1,defects4j compile
Jsoup_16,run_shell_command,7,defects4j test
Jsoup_16,run_shell_command,1,defects4j test -t org.jsoup.nodes.DocumentTypeTest
Jsoup_16,run_shell_command,1,git diff
Jsoup_16,run_shell_command,1,git show HEAD:src/main/java/org/jsoup/nodes/DocumentType.java
Jsoup_16,run_shell_command,1,git stash
Jsoup_16,run_shell_command,1,git stash pop
Jsoup_16,run_shell_command,1,git status
Jsoup_16,run_shell_command,2,"javac -cp ""target/classes:target/test-classes"" DebugDocumentType.java && java -cp "".:target/classes:target/test-classes"" DebugDocumentType"
Jsoup_16,run_shell_command,1,"javac -cp ""target/classes:target/test-classes"" FinalVerification.java && java -cp "".:target/classes:target/test-classes"" FinalVerification"
Jsoup_16,run_shell_command,3,"javac -cp ""target/classes:target/test-classes"" TestDocumentType.java && java -cp "".:target/classes:target/test-classes"" TestDocumentType"
Jsoup_16,run_shell_command,1,rm -f DebugDocumentType.java DebugDocumentType.class TestDocumentType.java TestDocumentType.class
Jsoup_16,run_shell_command,1,rm FinalVerification.java FinalVerification.class
Jsoup_16,search_file_content,1,
Jsoup_16,write_file,3,
Jsoup_18,edit,8,
Jsoup_18,glob,1,
Jsoup_18,list_directory,9,
Jsoup_18,read_file,11,
Jsoup_18,run_shell_command,1,./run_bug_exposing_tests.sh
Jsoup_18,run_shell_command,1,cd /Users/nashid/repos/qwen-cli-automation/workspace/Jsoup_18 && ./run_bug_exposing_tests.sh
Jsoup_18,run_shell_command,1,cd /Users/nashid/repos/qwen-cli-automation/workspace/Jsoup_18 && ant compile
Jsoup_18,run_shell_command,6,cd /Users/nashid/repos/qwen-cli-automation/workspace/Jsoup_18 && defects4j compile
Jsoup_18,run_shell_command,2,cd /Users/nashid/repos/qwen-cli-automation/workspace/Jsoup_18 && defects4j test
Jsoup_18,run_shell_command,3,cd /Users/nashid/repos/qwen-cli-automation/workspace/Jsoup_18 && defects4j test -t org.jsoup.parser.ParserTest::handlesNewlinesAndWhitespaceInTag
Jsoup_18,run_shell_command,1,cd /Users/nashid/repos/qwen-cli-automation/workspace/Jsoup_18 && git checkout HEAD -- src/main/java/org/jsoup/parser/TokeniserState.java
Jsoup_18,run_shell_command,3,"cd /Users/nashid/repos/qwen-cli-automation/workspace/Jsoup_18 && java -cp "".:target/classes:target/test-classes"" DebugTest"
Jsoup_18,run_shell_command,5,"cd /Users/nashid/repos/qwen-cli-automation/workspace/Jsoup_18 && java -cp "".:target/classes:target/test-classes"" TestNewlines"
Jsoup_18,run_shell_command,1,"cd /Users/nashid/repos/qwen-cli-automation/workspace/Jsoup_18 && javac -cp ""target/classes:target/test-classes"" DebugTest.java"
Jsoup_18,run_shell_command,3,"cd /Users/nashid/repos/qwen-cli-automation/workspace/Jsoup_18 && javac -cp ""target/classes:target/test-classes"" TestNewlines.java"
Jsoup_18,run_shell_command,1,defects4j test
Jsoup_18,write_file,2,
Jsoup_21,edit,4,
Jsoup_21,glob,2,
Jsoup_21,read_file,10,
Jsoup_21,run_shell_command,2,./run_bug_exposing_tests.sh
Jsoup_21,run_shell_command,2,defects4j compile
Jsoup_21,run_shell_command,4,defects4j test
Jsoup_21,run_shell_command,2,defects4j test -t org.jsoup.select.SelectorTest::handlesCommasInSelector
Jsoup_21,run_shell_command,2,defects4j test -t org.jsoup.select.SelectorTest::handlesCommasInSelector org.jsoup.select.SelectorTest::mixCombinatorGroup
Jsoup_21,run_shell_command,2,defects4j test -t org.jsoup.select.SelectorTest::mixCombinatorGroup
Jsoup_21,run_shell_command,1,"grep -n ""testGroupOr"" /Users/nashid/repos/qwen-cli-automation/workspace/Jsoup_21/src/test/java/org/jsoup/select/SelectorTest.java"
Jsoup_21,run_shell_command,1,"javac -cp ""target/classes:target/test-classes:/Users/nashid/repos/defects4j/framework/projects/Jsoup/lib/*"" FinalValidationTest.java && java -cp "".:target/classes:target/test-classes:/Users/nashid/repos/defects4j/framework/projects/Jsoup/lib/*"" FinalValidationTest"
Jsoup_21,run_shell_command,1,"javac -cp ""target/classes:target/test-classes:/Users/nashid/repos/defects4j/framework/projects/Jsoup/lib/*"" TestFixExample.java && java -cp "".:target/classes:target/test-classes:/Users/nashid/repos/defects4j/framework/projects/Jsoup/lib/*"" TestFixExample"
Jsoup_21,run_shell_command,1,rm TestFixExample.java TestFixExample.class FinalValidationTest.java FinalValidationTest.class
Jsoup_21,search_file_content,5,
Jsoup_21,write_file,2,
Jsoup_22,edit,5,
Jsoup_22,glob,1,
Jsoup_22,list_directory,6,
Jsoup_22,read_file,21,
Jsoup_22,run_shell_command,1,# Add the null check for siblingNodes method\nsed -i '' '443s/return parent().childNodes();/        if (parentNode == null) return Collections.emptyList();\\n        return parent().childNodes();/' src/main/java/org/jsoup/nodes/Node.java
Jsoup_22,run_shell_command,1,# Apply fix to siblingNodes method\nsed -i '' '443s/parent().childNodes()/parentNode == null ? Collections.emptyList() : parent().childNodes()/' src/main/java/org/jsoup/nodes/Node.java
Jsoup_22,run_shell_command,1,"# First test our fix with a direct approach to verify it works
echo ""Testing fix with original approach..."""
Jsoup_22,run_shell_command,1,# Simple fix: just add the null check on the return line\nsed -i '' '445s/return parent().childNodes();/if (parentNode == null) return Collections.emptyList(); return parent().childNodes();/' src/main/java/org/jsoup/nodes/Node.java
Jsoup_22,run_shell_command,2,./run_bug_exposing_tests.sh
Jsoup_22,run_shell_command,1,"awk '
NR == 443 {
    print ""        if (parentNode == null) return Collections.emptyList();""
    print ""        return parent().childNodes();""
    next
}
NR >= 469 && NR <= 476 {
    if (NR == 469) {
        print ""    public Node previousSibling() {""
        print ""        if (parentNode == null)""
        print ""            return null;""
        print """"
        print ""        List<Node> siblings = parentNode.childNodes;""
        print ""        Integer index = siblingIndex();""
        print ""        Validate.notNull(index);""
        print ""        if (index > 0)""
        print ""            return siblings.get(index-1);""
        print ""        else""
        print ""            return null;""
        next
    }
    next
}
{
    print
}' src/main/java/org/jsoup/nodes/Node.java > src/main/java/org/jsoup/nodes/Node.java.new"
Jsoup_22,run_shell_command,1,cp src/main/java/org/jsoup/nodes/Element.java.backup src/main/java/org/jsoup/nodes/Element.java
Jsoup_22,run_shell_command,1,cp src/main/java/org/jsoup/nodes/Node.java src/main/java/org/jsoup/nodes/Node.java.backup
Jsoup_22,run_shell_command,1,cp src/main/java/org/jsoup/nodes/Node.java src/main/java/org/jsoup/nodes/Node.java.fixed
Jsoup_22,run_shell_command,1,cp src/main/java/org/jsoup/nodes/Node.java.backup src/main/java/org/jsoup/nodes/Node.java
Jsoup_22,run_shell_command,5,defects4j compile
Jsoup_22,run_shell_command,4,defects4j test
Jsoup_22,run_shell_command,1,defects4j test -t org.jsoup.nodes.NodeTest::orphanNodeReturnsNullForSiblingElements
Jsoup_22,run_shell_command,1,"echo ""Final solution approach documented. The key fixes needed are:\n1. Add null check in siblingNodes() method in Node.java\n2. Add null check in previousSibling() method in Node.java\n3. Ensure siblingElements() in Element.java properly handles null parent\n\nThese changes prevent NullPointerException when calling sibling methods on orphaned nodes."""
Jsoup_22,run_shell_command,3,git checkout -- src/main/java/org/jsoup/nodes/Node.java
Jsoup_22,run_shell_command,1,git checkout -- src/main/java/org/jsoup/nodes/Node.java src/main/java/org/jsoup/nodes/Element.java
Jsoup_22,run_shell_command,1,git status
Jsoup_22,run_shell_command,1,"grep -A2 -B2 ""parentNode == null"" src/main/java/org/jsoup/nodes/Node.java"
Jsoup_22,run_shell_command,1,"grep -A5 -B5 ""siblingNodes"" src/main/java/org/jsoup/nodes/Node.java"
Jsoup_22,run_shell_command,1,"grep -n ""public Node previousSibling"" /Users/nashid/repos/qwen-cli-automation/workspace/Jsoup_22/src/main/java/org/jsoup/nodes/Node.java"
Jsoup_22,run_shell_command,1,"grep -n ""return parent().childNodes()"" src/main/java/org/jsoup/nodes/Node.java"
Jsoup_22,run_shell_command,1,"grep -n ""siblingElements"" /Users/nashid/repos/qwen-cli-automation/workspace/Jsoup_22/src/main/java/org/jsoup/nodes/Element.java"
Jsoup_22,run_shell_command,1,"grep -n ""siblingElements"" src/main/java/org/jsoup/nodes/Element.java"
Jsoup_22,run_shell_command,1,"grep -n ""siblingNodes"" /Users/nashid/repos/qwen-cli-automation/workspace/Jsoup_22/src/main/java/org/jsoup/nodes/Node.java"
Jsoup_22,run_shell_command,1,"grep -n -A5 -B5 ""parent().children()"" src/main/java/org/jsoup/nodes/Element.java"
Jsoup_22,run_shell_command,1,"grep -n -A5 -B5 ""parentNode.childNodes"" src/main/java/org/jsoup/nodes/Node.java"
Jsoup_22,run_shell_command,1,"javac -cp ""src/main/java:target/classes:src/test/java:target/test-classes"" TestFix.java && java -cp "".:src/main/java:target/classes:src/test/java:target/test-classes"" TestFix"
Jsoup_22,run_shell_command,1,mv src/main/java/org/jsoup/nodes/Node.java.new src/main/java/org/jsoup/nodes/Node.java
Jsoup_22,run_shell_command,1,pwd && ls -la
Jsoup_22,run_shell_command,1,sed -i '' '435s/parent().children()/parentNode == null ? new Elements() : parent().children()/' src/main/java/org/jsoup/nodes/Element.java
Jsoup_22,run_shell_command,1,sed -i '' '443s/parent().childNodes()/parentNode == null ? Collections.emptyList() : parent().childNodes()/' src/main/java/org/jsoup/nodes/Node.java
Jsoup_22,run_shell_command,2,sed -i '' '443s/return parent().childNodes();/if (parentNode == null) return Collections.emptyList();\\n        return parent().childNodes();/' src/main/java/org/jsoup/nodes/Node.java
Jsoup_22,run_shell_command,1,sed -i '' '474s/List<Node> siblings = parentNode.childNodes;/if (parentNode == null) return null;\\n        List<Node> siblings = parentNode.childNodes;/' src/main/java/org/jsoup/nodes/Node.java
Jsoup_22,run_shell_command,1,sed -i '' '485s/List<Node> siblings = parentNode.childNodes;/if (parentNode == null) return null;\\n        List<Node> siblings = parentNode.childNodes;/' src/main/java/org/jsoup/nodes/Node.java
Jsoup_22,run_shell_command,1,sed -i.bak '433s/parent().children()/parentNode == null ? new Elements() : parent().children()/' /Users/nashid/repos/qwen-cli-automation/workspace/Jsoup_22/src/main/java/org/jsoup/nodes/Element.java
Jsoup_22,run_shell_command,1,sed -i.bak '443s/parent().childNodes()/parentNode == null ? Collections.emptyList() : parent().childNodes()/' /Users/nashid/repos/qwen-cli-automation/workspace/Jsoup_22/src/main/java/org/jsoup/nodes/Node.java
Jsoup_22,run_shell_command,1,sed -i.bak '469s/List<Node> siblings = parentNode.childNodes;/if (parentNode == null) return null;\\n        List<Node> siblings = parentNode.childNodes;/' /Users/nashid/repos/qwen-cli-automation/workspace/Jsoup_22/src/main/java/org/jsoup/nodes/Node.java
Jsoup_22,run_shell_command,1,sed -i.bak '470s/List<Node> siblings = parentNode.childNodes;/if (parentNode == null) return null;\\n        List<Node> siblings = parentNode.childNodes;/' /Users/nashid/repos/qwen-cli-automation/workspace/Jsoup_22/src/main/java/org/jsoup/nodes/Node.java
Jsoup_22,run_shell_command,1,sed -i.bak2 '445s/return parent().childNodes();/return parentNode == null ? Collections.emptyList() : parent().childNodes();/' src/main/java/org/jsoup/nodes/Node.java
Jsoup_22,run_shell_command,1,sed -i.bak2 '471s/List<Node> siblings = parentNode.childNodes;/if (parentNode == null) return null;\\n        List<Node> siblings = parentNode.childNodes;/' src/main/java/org/jsoup/nodes/Node.java
Jsoup_22,run_shell_command,1,"sed -n '433,436p' src/main/java/org/jsoup/nodes/Element.java"
Jsoup_22,run_shell_command,1,"sed -n '433,437p' /Users/nashid/repos/qwen-cli-automation/workspace/Jsoup_22/src/main/java/org/jsoup/nodes/Element.java"
Jsoup_22,run_shell_command,1,"sed -n '441,445p' /Users/nashid/repos/qwen-cli-automation/workspace/Jsoup_22/src/main/java/org/jsoup/nodes/Node.java"
Jsoup_22,run_shell_command,1,"sed -n '469,475p' /Users/nashid/repos/qwen-cli-automation/workspace/Jsoup_22/src/main/java/org/jsoup/nodes/Node.java"
Jsoup_22,run_shell_command,1,"sed -n '470,475p' /Users/nashid/repos/qwen-cli-automation/workspace/Jsoup_22/src/main/java/org/jsoup/nodes/Node.java"
Jsoup_22,run_shell_command,1,"sed -n '482,487p' /Users/nashid/repos/qwen-cli-automation/workspace/Jsoup_22/src/main/java/org/jsoup/nodes/Node.java"
Jsoup_22,search_file_content,2,
Jsoup_22,write_file,1,
Jsoup_23,edit,3,
Jsoup_23,glob,2,
Jsoup_23,list_directory,6,
Jsoup_23,read_file,6,
Jsoup_23,run_shell_command,1,cd /Users/nashid/repos/qwen-cli-automation/workspace/Jsoup_23 && ./run_all_tests_trace.sh
Jsoup_23,run_shell_command,1,cd /Users/nashid/repos/qwen-cli-automation/workspace/Jsoup_23 && defects4j compile
Jsoup_23,run_shell_command,2,cd /Users/nashid/repos/qwen-cli-automation/workspace/Jsoup_23 && defects4j test
Jsoup_23,run_shell_command,2,cd /Users/nashid/repos/qwen-cli-automation/workspace/Jsoup_23 && defects4j test -t org.jsoup.nodes.EntitiesTest::letterDigitEntities
Jsoup_23,run_shell_command,1,cd /Users/nashid/repos/qwen-cli-automation/workspace/Jsoup_23 && git diff
Jsoup_23,run_shell_command,1,"cd /Users/nashid/repos/qwen-cli-automation/workspace/Jsoup_23 && javac -cp ""target/classes:target/test-classes"" TestFix.java && java -cp "".:target/classes:target/test-classes"" TestFix"
Jsoup_23,run_shell_command,1,cd /Users/nashid/repos/qwen-cli-automation/workspace/Jsoup_23 && rm TestFix.java TestFix.class
Jsoup_23,search_file_content,2,
Jsoup_23,write_file,1,
Jsoup_28,edit,4,
Jsoup_28,glob,3,
Jsoup_28,list_directory,7,
Jsoup_28,read_file,13,
Jsoup_28,run_shell_command,1,cd /Users/nashid/repos/qwen-cli-automation/workspace/Jsoup_28 && ./run_bug_exposing_tests.sh
Jsoup_28,run_shell_command,1,cd /Users/nashid/repos/qwen-cli-automation/workspace/Jsoup_28 && defects4j compile
Jsoup_28,run_shell_command,3,cd /Users/nashid/repos/qwen-cli-automation/workspace/Jsoup_28 && defects4j test
Jsoup_28,run_shell_command,4,cd /Users/nashid/repos/qwen-cli-automation/workspace/Jsoup_28 && defects4j test -t org.jsoup.nodes.EntitiesTest::noSpuriousDecodes
Jsoup_28,run_shell_command,1,cd /Users/nashid/repos/qwen-cli-automation/workspace/Jsoup_28 && defects4j test -t org.jsoup.nodes.EntitiesTest::noSpuriousDecodes 2>&1 | tail -20
Jsoup_28,run_shell_command,1,cd /Users/nashid/repos/qwen-cli-automation/workspace/Jsoup_28 && defects4j test -t org.jsoup.parser.AttributeParseTest::strictAttributeUnescapes
Jsoup_28,run_shell_command,1,"cd /Users/nashid/repos/qwen-cli-automation/workspace/Jsoup_28 && defects4j test 2>&1 | grep -E ""(Failing tests|OK|ERROR|FAIL)"""
Jsoup_28,run_shell_command,1,"cd /Users/nashid/repos/qwen-cli-automation/workspace/Jsoup_28 && find . -name ""*.properties"" -exec grep -l ""num_rooms"" {} \;"
Jsoup_28,run_shell_command,1,"cd /Users/nashid/repos/qwen-cli-automation/workspace/Jsoup_28 && grep -r ""num_rooms"" ."
Jsoup_28,run_shell_command,1,"cd /Users/nashid/repos/qwen-cli-automation/workspace/Jsoup_28 && java -cp ""target/classes:target/test-classes:$(defects4j export -p cp.test)"" org.junit.runner.JUnitCore org.jsoup.nodes.EntitiesTest"
Jsoup_28,run_shell_command,1,"cd /Users/nashid/repos/qwen-cli-automation/workspace/Jsoup_28 && javac -cp ""target/classes:$(defects4j export -p cp.test)"" TestEntities.java && java -cp "".:target/classes:$(defects4j export -p cp.test)"" TestEntities"
Jsoup_28,run_shell_command,1,cd /Users/nashid/repos/qwen-cli-automation/workspace/Jsoup_28 && javac src/main/java/org/jsoup/nodes/Entities.java src/test/java/org/jsoup/nodes/EntitiesTest.java && java -cp .:src/main/java:src/test/java org.jsoup.nodes.EntitiesTest
Jsoup_28,search_file_content,6,
Jsoup_28,task,1,
Jsoup_28,todo_write,2,
Jsoup_28,web_fetch,1,"Based on the code and tests, what are the key issues with the &num_rooms entity handling in JSoup's Entities.java? Specifically, analyze the regex pattern and the list of valid entities to identify why &num_rooms is incorrectly being parsed as a named character reference, and what the fix might be."
Jsoup_28,write_file,3,
Jsoup_29,edit,3,
Jsoup_29,glob,5,
Jsoup_29,read_file,13,
Jsoup_29,run_shell_command,1,./run_all_tests_trace.sh
Jsoup_29,run_shell_command,1,./run_bug_exposing_tests.sh
Jsoup_29,run_shell_command,1,ant compile
Jsoup_29,run_shell_command,3,defects4j compile
Jsoup_29,run_shell_command,2,defects4j test
Jsoup_29,run_shell_command,3,defects4j test -t org.jsoup.nodes.DocumentTest::testTitles
Jsoup_29,run_shell_command,1,git status
Jsoup_29,run_shell_command,2,"javac -cp ""target/classes:target/test-classes:lib/*"" DebugTitle.java && java -cp "".:target/classes:target/test-classes:lib/*"" DebugTitle"
Jsoup_29,run_shell_command,1,"javac -cp ""target/classes:target/test-classes:lib/*"" TestTitle.java && java -cp "".:target/classes:target/test-classes:lib/*"" TestTitle"
Jsoup_29,run_shell_command,1,patch -p1 < fix.patch
Jsoup_29,run_shell_command,1,rm TestTitle.java DebugTitle.java fix.patch
Jsoup_29,search_file_content,3,
Jsoup_29,todo_write,1,
Jsoup_29,write_file,4,
Jsoup_3,list_directory,1,
Jsoup_31,glob,5,
Jsoup_31,list_directory,6,
Jsoup_31,read_file,12,
Jsoup_31,run_shell_command,1,./run_bug_exposing_tests.sh
Jsoup_31,run_shell_command,1,defects4j compile
Jsoup_31,run_shell_command,1,defects4j test
Jsoup_31,search_file_content,1,
Jsoup_36,edit,6,
Jsoup_36,read_file,16,
Jsoup_36,run_shell_command,1,./run_all_tests_trace.sh
Jsoup_36,run_shell_command,1,./run_bug_exposing_tests.sh
Jsoup_36,run_shell_command,3,cd /Users/nashid/repos/qwen-cli-automation/workspace/Jsoup_36 && defects4j compile
Jsoup_36,run_shell_command,2,cd /Users/nashid/repos/qwen-cli-automation/workspace/Jsoup_36 && defects4j test
Jsoup_36,run_shell_command,1,cd /Users/nashid/repos/qwen-cli-automation/workspace/Jsoup_36 && defects4j test -t org.jsoup.helper.DataUtilTest
Jsoup_36,run_shell_command,1,cd /Users/nashid/repos/qwen-cli-automation/workspace/Jsoup_36 && defects4j test -t org.jsoup.helper.DataUtilTest::testQuotedCharset
Jsoup_36,run_shell_command,3,cd /Users/nashid/repos/qwen-cli-automation/workspace/Jsoup_36 && defects4j test -t org.jsoup.integration.ParseTest::testBrokenHtml5CharsetWithASingleDoubleQuote
Jsoup_36,run_shell_command,1,cd /Users/nashid/repos/qwen-cli-automation/workspace/Jsoup_36 && git diff src/main/java/org/jsoup/helper/DataUtil.java
Jsoup_36,run_shell_command,1,cd /Users/nashid/repos/qwen-cli-automation/workspace/Jsoup_36 && git status
Jsoup_36,run_shell_command,1,cd /Users/nashid/repos/qwen-cli-automation/workspace/Jsoup_36 && java -cp .:target/classes:target/test-classes TestActualScenario
Jsoup_36,run_shell_command,1,cd /Users/nashid/repos/qwen-cli-automation/workspace/Jsoup_36 && java -cp target/classes:target/test-classes:/Users/nashid/repos/defects4j/framework/projects/Jsoup/lib/junit/junit/4.5/junit-4.5.jar:/Users/nashid/repos/defects4j/framework/projects/Jsoup/lib/com/google/code/gson/gson/2.7/gson-2.7.jar:/Users/nashid/repos/defects4j/framework/projects/Jsoup/lib/commons-lang/commons-lang/2.4/commons-lang-2.4.jar:/Users/nashid/repos/defects4j/framework/projects/Jsoup/lib/javax/servlet/javax.servlet-api/3.1.0/javax.servlet-api-3.1.0.jar:/Users/nashid/repos/defects4j/framework/projects/Jsoup/lib/junit/junit/4.12/junit-4.12.jar:/Users/nashid/repos/defects4j/framework/projects/Jsoup/lib/org/eclipse/jetty/jetty-http/9.2.22.v20170606/jetty-http-9.2.22.v20170606.jar:/Users/nashid/repos/defects4j/framework/projects/Jsoup/lib/org/eclipse/jetty/jetty-http/9.2.26.v20180806/jetty-http-9.2.26.v20180806.jar:/Users/nashid/repos/defects4j/framework/projects/Jsoup/lib/org/eclipse/jetty/jetty-http/9.2.28.v20190418/jetty-http-9.2.28.v20190418.jar:/Users/nashid/repos/defects4j/framework/projects/Jsoup/lib/org/eclipse/jetty/jetty-io/9.2.22.v20170606/jetty-io-9.2.22.v20170606.jar:/Users/nashid/repos/defects4j/framework/projects/Jsoup/lib/org/eclipse/jetty/jetty-io/9.2.26.v20180806/jetty-io-9.2.26.v20180806.jar:/Users/nashid/repos/defects4j/framework/projects/Jsoup/lib/org/eclipse/jetty/jetty-io/9.2.28.v20190418/jetty-io-9.2.28.v20190418.jar:/Users/nashid/repos/defects4j/framework/projects/Jsoup/lib/org/eclipse/jetty/jetty-security/9.2.22.v20170606/jetty-security-9.2.22.v20170606.jar:/Users/nashid/repos/defects4j/framework/projects/Jsoup/lib/org/eclipse/jetty/jetty-security/9.2.26.v20180806/jetty-security-9.2.26.v20180806.jar:/Users/nashid/repos/defects4j/framework/projects/Jsoup/lib/org/eclipse/jetty/jetty-security/9.2.28.v20190418/jetty-security-9.2.28.v20190418.jar:/Users/nashid/repos/defects4j/framework/projects/Jsoup/lib/org/eclipse/jetty/jetty-server/9.2.22.v20170606/jetty-server-9.2.22.v20170606.jar:/Users/nashid/repos/defects4j/framework/projects/Jsoup/lib/org/eclipse/jetty/jetty-server/9.2.26.v20180806/jetty-server-9.2.26.v20180806.jar:/Users/nashid/repos/defects4j/framework/projects/Jsoup/lib/org/eclipse/jetty/jetty-server/9.2.28.v20190418/jetty-server-9.2.28.v20190418.jar:/Users/nashid/repos/defects4j/framework/projects/Jsoup/lib/org/eclipse/jetty/jetty-servlet/9.2.22.v20170606/jetty-servlet-9.2.22.v20170606.jar:/Users/nashid/repos/defects4j/framework/projects/Jsoup/lib/org/eclipse/jetty/jetty-servlet/9.2.26.v20180806/jetty-servlet-9.2.26.v20180806.jar:/Users/nashid/repos/defects4j/framework/projects/Jsoup/lib/org/eclipse/jetty/jetty-servlet/9.2.28.v20190418/jetty-servlet-9.2.28.v20190418.jar:/Users/nashid/repos/defects4j/framework/projects/Jsoup/lib/org/eclipse/jetty/jetty-util/9.2.22.v20170606/jetty-util-9.2.22.v20170606.jar:/Users/nashid/repos/defects4j/framework/projects/Jsoup/lib/org/eclipse/jetty/jetty-util/9.2.26.v20180806/jetty-util-9.2.26.v20180806.jar:/Users/nashid/repos/defects4j/framework/projects/Jsoup/lib/org/eclipse/jetty/jetty-util/9.2.28.v20190418/jetty-util-9.2.28.v20190418.jar:/Users/nashid/repos/defects4j/framework/projects/Jsoup/lib/org/hamcrest/hamcrest-core/1.3/hamcrest-core-1.3.jar org.junit.runner.JUnitCore org.jsoup.integration.ParseTest
Jsoup_36,run_shell_command,2,cd /Users/nashid/repos/qwen-cli-automation/workspace/Jsoup_36 && java -cp target/classes:target/test-classes:/Users/nashid/repos/defects4j/framework/projects/Jsoup/lib/junit/junit/4.5/junit-4.5.jar:/Users/nashid/repos/defects4j/framework/projects/Jsoup/lib/com/google/code/gson/gson/2.7/gson-2.7.jar:/Users/nashid/repos/defects4j/framework/projects/Jsoup/lib/commons-lang/commons-lang/2.4/commons-lang-2.4.jar:/Users/nashid/repos/defects4j/framework/projects/Jsoup/lib/javax/servlet/javax.servlet-api/3.1.0/javax.servlet-api-3.1.0.jar:/Users/nashid/repos/defects4j/framework/projects/Jsoup/lib/junit/junit/4.12/junit-4.12.jar:/Users/nashid/repos/defects4j/framework/projects/Jsoup/lib/org/eclipse/jetty/jetty-http/9.2.22.v20170606/jetty-http-9.2.22.v20170606.jar:/Users/nashid/repos/defects4j/framework/projects/Jsoup/lib/org/eclipse/jetty/jetty-http/9.2.26.v20180806/jetty-http-9.2.26.v20180806.jar:/Users/nashid/repos/defects4j/framework/projects/Jsoup/lib/org/eclipse/jetty/jetty-http/9.2.28.v20190418/jetty-http-9.2.28.v20190418.jar:/Users/nashid/repos/defects4j/framework/projects/Jsoup/lib/org/eclipse/jetty/jetty-io/9.2.22.v20170606/jetty-io-9.2.22.v20170606.jar:/Users/nashid/repos/defects4j/framework/projects/Jsoup/lib/org/eclipse/jetty/jetty-io/9.2.26.v20180806/jetty-io-9.2.26.v20180806.jar:/Users/nashid/repos/defects4j/framework/projects/Jsoup/lib/org/eclipse/jetty/jetty-io/9.2.28.v20190418/jetty-io-9.2.28.v20190418.jar:/Users/nashid/repos/defects4j/framework/projects/Jsoup/lib/org/eclipse/jetty/jetty-security/9.2.22.v20170606/jetty-security-9.2.22.v20170606.jar:/Users/nashid/repos/defects4j/framework/projects/Jsoup/lib/org/eclipse/jetty/jetty-security/9.2.26.v20180806/jetty-security-9.2.26.v20180806.jar:/Users/nashid/repos/defects4j/framework/projects/Jsoup/lib/org/eclipse/jetty/jetty-security/9.2.28.v20190418/jetty-security-9.2.28.v20190418.jar:/Users/nashid/repos/defects4j/framework/projects/Jsoup/lib/org/eclipse/jetty/jetty-server/9.2.22.v20170606/jetty-server-9.2.22.v20170606.jar:/Users/nashid/repos/defects4j/framework/projects/Jsoup/lib/org/eclipse/jetty/jetty-server/9.2.26.v20180806/jetty-server-9.2.26.v20180806.jar:/Users/nashid/repos/defects4j/framework/projects/Jsoup/lib/org/eclipse/jetty/jetty-server/9.2.28.v20190418/jetty-server-9.2.28.v20190418.jar:/Users/nashid/repos/defects4j/framework/projects/Jsoup/lib/org/eclipse/jetty/jetty-servlet/9.2.22.v20170606/jetty-servlet-9.2.22.v20170606.jar:/Users/nashid/repos/defects4j/framework/projects/Jsoup/lib/org/eclipse/jetty/jetty-servlet/9.2.26.v20180806/jetty-servlet-9.2.26.v20180806.jar:/Users/nashid/repos/defects4j/framework/projects/Jsoup/lib/org/eclipse/jetty/jetty-servlet/9.2.28.v20190418/jetty-servlet-9.2.28.v20190418.jar:/Users/nashid/repos/defects4j/framework/projects/Jsoup/lib/org/eclipse/jetty/jetty-util/9.2.22.v20170606/jetty-util-9.2.22.v20170606.jar:/Users/nashid/repos/defects4j/framework/projects/Jsoup/lib/org/eclipse/jetty/jetty-util/9.2.26.v20180806/jetty-util-9.2.26.v20180806.jar:/Users/nashid/repos/defects4j/framework/projects/Jsoup/lib/org/eclipse/jetty/jetty-util/9.2.28.v20190418/jetty-util-9.2.28.v20190418.jar:/Users/nashid/repos/defects4j/framework/projects/Jsoup/lib/org/hamcrest/hamcrest-core/1.3/hamcrest-core-1.3.jar org.junit.runner.JUnitCore org.jsoup.integration.ParseTest::testBrokenHtml5CharsetWithASingleDoubleQuote
Jsoup_36,run_shell_command,1,cd /Users/nashid/repos/qwen-cli-automation/workspace/Jsoup_36 && javac -cp target/classes:target/test-classes TestActualScenario.java && java -cp .:target/classes:target/test-classes TestActualScenario
Jsoup_36,run_shell_command,1,cd /Users/nashid/repos/qwen-cli-automation/workspace/Jsoup_36 && javac TestCharsetRegex.java && java TestCharsetRegex
Jsoup_36,run_shell_command,1,cd /Users/nashid/repos/qwen-cli-automation/workspace/Jsoup_36 && rm -f TestActualScenario.java TestActualScenario.class TestCharsetRegex.java TestCharsetRegex.class
Jsoup_36,run_shell_command,1,defects4j test
Jsoup_36,run_shell_command,1,defects4j test -t org.jsoup.integration.ParseTest::testBrokenHtml5CharsetWithASingleDoubleQuote
Jsoup_36,run_shell_command,1,"find . -name ""*Test*.java"" -type f | head -20"
Jsoup_36,search_file_content,2,
Jsoup_36,write_file,2,
Jsoup_4,edit,1,
Jsoup_4,glob,1,
Jsoup_4,read_file,5,
Jsoup_4,run_shell_command,1,./run_bug_exposing_tests.sh
Jsoup_4,run_shell_command,1,cd /Users/nashid/repos/qwen-cli-automation/workspace/Jsoup_4 && ant run.dev.tests
Jsoup_4,run_shell_command,1,cd /Users/nashid/repos/qwen-cli-automation/workspace/Jsoup_4 && defects4j export -p cp.test
Jsoup_4,run_shell_command,1,"cd /Users/nashid/repos/qwen-cli-automation/workspace/Jsoup_4 && find . -name ""*.jar"" | head -10"
Jsoup_4,run_shell_command,1,"cd /Users/nashid/repos/qwen-cli-automation/workspace/Jsoup_4 && java -cp target/classes:target/test-classes:$(find ~/.m2/repository -name ""*.jar"" | grep -E ""(junit|hamcrest)"" | head -2 | tr '\n' ':') org.junit.runner.JUnitCore org.jsoup.nodes.EntitiesTest"
Jsoup_4,run_shell_command,1,"cd /Users/nashid/repos/qwen-cli-automation/workspace/Jsoup_4 && javac -cp ""target/classes:$(defects4j export -p cp.test)"" TestEntities.java && java -cp "".:target/classes:$(defects4j export -p cp.test)"" TestEntities"
Jsoup_4,run_shell_command,1,"cd /Users/nashid/repos/qwen-cli-automation/workspace/Jsoup_4 && javac -cp ""target/classes:/Users/nashid/repos/defects4j/framework/projects/Jsoup/lib/junit/junit/4.5/junit-4.5.jar:/Users/nashid/repos/defects4j/framework/projects/lib/junit-4.11.jar:/Users/nashid/repos/defects4j/framework/projects/Jsoup/lib/com/google/code/gson/gson/2.7/gson-2.7.jar:/Users/nashid/repos/defects4j/framework/projects/Jsoup/lib/commons-lang/commons-lang/2.4/commons-lang-2.4.jar:/Users/nashid/repos/defects4j/framework/projects/Jsoup/lib/javax/servlet/javax.servlet-api/3.1.0/javax.servlet-api-3.1.0.jar:/Users/nashid/repos/defects4j/framework/projects/Jsoup/lib/junit/junit/4.12/junit-4.12.jar:/Users/nashid/repos/defects4j/framework/projects/Jsoup/lib/org/eclipse/jetty/jetty-http/9.2.22.v20170606/jetty-http-9.2.22.v20170606.jar:/Users/nashid/repos/defects4j/framework/projects/Jsoup/lib/org/eclipse/jetty/jetty-http/9.2.26.v20180806/jetty-http-9.2.26.v20180806.jar:/Users/nashid/repos/defects4j/framework/projects/Jsoup/lib/org/eclipse/jetty/jetty-http/9.2.28.v20190418/jetty-http-9.2.28.v20190418.jar:/Users/nashid/repos/defects4j/framework/projects/Jsoup/lib/org/eclipse/jetty/jetty-io/9.2.22.v20170606/jetty-io-9.2.22.v20170606.jar:/Users/nashid/repos/defects4j/framework/projects/Jsoup/lib/org/eclipse/jetty/jetty-io/9.2.26.v20180806/jetty-io-9.2.26.v20180806.jar:/Users/nashid/repos/defects4j/framework/projects/Jsoup/lib/org/eclipse/jetty/jetty-io/9.2.28.v20190418/jetty-io-9.2.28.v20190418.jar:/Users/nashid/repos/defects4j/framework/projects/Jsoup/lib/org/eclipse/jetty/jetty-security/9.2.22.v20170606/jetty-security-9.2.22.v20170606.jar:/Users/nashid/repos/defects4j/framework/projects/Jsoup/lib/org/eclipse/jetty/jetty-security/9.2.26.v20180806/jetty-security-9.2.26.v20180806.jar:/Users/nashid/repos/defects4j/framework/projects/Jsoup/lib/org/eclipse/jetty/jetty-security/9.2.28.v20190418/jetty-security-9.2.28.v20190418.jar:/Users/nashid/repos/defects4j/framework/projects/Jsoup/lib/org/eclipse/jetty/jetty-server/9.2.22.v20170606/jetty-server-9.2.22.v20170606.jar:/Users/nashid/repos/defects4j/framework/projects/Jsoup/lib/org/eclipse/jetty/jetty-server/9.2.26.v20180806/jetty-server-9.2.26.v20180806.jar:/Users/nashid/repos/defects4j/framework/projects/Jsoup/lib/org/eclipse/jetty/jetty-server/9.2.28.v20190418/jetty-server-9.2.28.v20190418.jar:/Users/nashid/repos/defects4j/framework/projects/Jsoup/lib/org/eclipse/jetty/jetty-servlet/9.2.22.v20170606/jetty-servlet-9.2.22.v20170606.jar:/Users/nashid/repos/defects4j/framework/projects/Jsoup/lib/org/eclipse/jetty/jetty-servlet/9.2.26.v20180806/jetty-servlet-9.2.26.v20180806.jar:/Users/nashid/repos/defects4j/framework/projects/Jsoup/lib/org/eclipse/jetty/jetty-servlet/9.2.28.v20190418/jetty-servlet-9.2.28.v20190418.jar:/Users/nashid/repos/defects4j/framework/projects/Jsoup/lib/org/eclipse/jetty/jetty-util/9.2.22.v20170606/jetty-util-9.2.22.v20170606.jar:/Users/nashid/repos/defects4j/framework/projects/Jsoup/lib/org/eclipse/jetty/jetty-util/9.2.26.v20180806/jetty-util-9.2.26.v20180806.jar:/Users/nashid/repos/defects4j/framework/projects/Jsoup/lib/org/eclipse/jetty/jetty-util/9.2.28.v20190418/jetty-util-9.2.28.v20190418.jar:/Users/nashid/repos/defects4j/framework/projects/Jsoup/lib/org/hamcrest/hamcrest-core/1.3/hamcrest-core-1.3.jar"" TestEntities.java"
Jsoup_4,run_shell_command,1,cd /Users/nashid/repos/qwen-cli-automation/workspace/Jsoup_4 && ls -la target/
Jsoup_4,run_shell_command,1,cd /Users/nashid/repos/qwen-cli-automation/workspace/Jsoup_4 && mvn test -Dtest=EntitiesTest -q
Jsoup_4,run_shell_command,1,defects4j compile
Jsoup_4,run_shell_command,1,defects4j compile && defects4j test -v
Jsoup_4,run_shell_command,2,defects4j test
Jsoup_4,run_shell_command,1,defects4j test -t org.jsoup.nodes.EntitiesTest::caseSensitive
Jsoup_4,run_shell_command,1,defects4j test -t org.jsoup.nodes.EntitiesTest::escape
Jsoup_4,write_file,1,
Jsoup_50,edit,7,
Jsoup_50,glob,1,
Jsoup_50,read_file,9,
Jsoup_50,run_shell_command,1,./run_all_tests_trace.sh
Jsoup_50,run_shell_command,1,./run_bug_exposing_tests.sh
Jsoup_50,run_shell_command,1,"cd /Users/nashid/repos/qwen-cli-automation/workspace/Jsoup_50 && find . -name ""*bom*"" -type f"
Jsoup_50,run_shell_command,1,cd /Users/nashid/repos/qwen-cli-automation/workspace/Jsoup_50 && git diff
Jsoup_50,run_shell_command,1,cd /Users/nashid/repos/qwen-cli-automation/workspace/Jsoup_50 && java -cp target/classes:target/test-classes org.jsoup.helper.DataUtilTest
Jsoup_50,run_shell_command,6,defects4j compile
Jsoup_50,run_shell_command,6,defects4j test
Jsoup_50,run_shell_command,3,defects4j test -t org.jsoup.helper.DataUtilTest::supportsBOMinFiles
Jsoup_50,run_shell_command,2,git checkout HEAD -- /Users/nashid/repos/qwen-cli-automation/workspace/Jsoup_50/src/main/java/org/jsoup/helper/DataUtil.java
Jsoup_50,search_file_content,1,
Jsoup_52,edit,13,
Jsoup_52,exit_plan_mode,1,
Jsoup_52,glob,4,
Jsoup_52,read_file,26,
Jsoup_52,run_shell_command,1,./run_bug_exposing_tests.sh
Jsoup_52,run_shell_command,4,cd /Users/nashid/repos/qwen-cli-automation/workspace/Jsoup_52 && defects4j compile
Jsoup_52,run_shell_command,2,cd /Users/nashid/repos/qwen-cli-automation/workspace/Jsoup_52 && defects4j test
Jsoup_52,run_shell_command,1,cd /Users/nashid/repos/qwen-cli-automation/workspace/Jsoup_52 && defects4j test -t org.jsoup.parser.XmlTreeBuilderTest::handlesXmlDeclarationAsDeclaration
Jsoup_52,run_shell_command,2,cd /Users/nashid/repos/qwen-cli-automation/workspace/Jsoup_52 && defects4j test -t org.jsoup.parser.XmlTreeBuilderTest::testDetectCharsetEncodingDeclaration
Jsoup_52,run_shell_command,1,cd /Users/nashid/repos/qwen-cli-automation/workspace/Jsoup_52 && defects4j test -t org.jsoup.parser.XmlTreeBuilderTest::testParseDeclarationAttributes
Jsoup_52,run_shell_command,2,"cd /Users/nashid/repos/qwen-cli-automation/workspace/Jsoup_52 && java -cp "".:target/classes:src/main/java:src/test/java"" TestCharsetDetection"
Jsoup_52,run_shell_command,1,cd /Users/nashid/repos/qwen-cli-automation/workspace/Jsoup_52 && java -cp target/classes:target/test-classes org.junit.runner.JUnitCore org.jsoup.parser.XmlTreeBuilderTest
Jsoup_52,run_shell_command,1,"cd /Users/nashid/repos/qwen-cli-automation/workspace/Jsoup_52 && javac -cp ""src/main/java:src/test/java"" TestXmlDeclaration.java && java -cp "".:src/main/java:src/test/java"" TestXmlDeclaration"
Jsoup_52,run_shell_command,4,"cd /Users/nashid/repos/qwen-cli-automation/workspace/Jsoup_52 && javac -cp ""src/main/java:src/test/java"" src/main/java/org/jsoup/nodes/XmlDeclaration.java && javac -cp ""target/classes:src/main/java:src/test/java"" TestCharsetDetection.java && java -cp "".:target/classes:src/main/java:src/test/java"" TestCharsetDetection"
Jsoup_52,run_shell_command,3,"cd /Users/nashid/repos/qwen-cli-automation/workspace/Jsoup_52 && javac -cp ""src/main/java:src/test/java"" src/main/java/org/jsoup/parser/XmlTreeBuilder.java"
Jsoup_52,run_shell_command,2,"cd /Users/nashid/repos/qwen-cli-automation/workspace/Jsoup_52 && javac -cp ""target/classes:src/main/java:src/test/java"" TestCharsetDetection.java"
Jsoup_52,run_shell_command,2,"cd /Users/nashid/repos/qwen-cli-automation/workspace/Jsoup_52 && javac -cp ""target/classes:src/main/java:src/test/java"" TestCharsetDetection.java && java -cp "".:target/classes:src/main/java:src/test/java"" TestCharsetDetection"
Jsoup_52,run_shell_command,1,cd /Users/nashid/repos/qwen-cli-automation/workspace/Jsoup_52 && mvn compile -q
Jsoup_52,run_shell_command,1,cd /Users/nashid/repos/qwen-cli-automation/workspace/Jsoup_52 && mvn test -Dtest=org.jsoup.parser.XmlTreeBuilderTest::testDetectCharsetEncodingDeclaration
Jsoup_52,run_shell_command,1,defects4j test
Jsoup_52,run_shell_command,1,defects4j test -t org.jsoup.parser.XmlTreeBuilderTest::testDetectCharsetEncodingDeclaration
Jsoup_52,search_file_content,3,
Jsoup_52,task,1,
Jsoup_52,todo_write,1,
Jsoup_52,write_file,6,
Jsoup_59,edit,2,
Jsoup_59,glob,2,
Jsoup_59,read_file,11,
Jsoup_59,run_shell_command,1,./run_bug_exposing_tests.sh
Jsoup_59,run_shell_command,1,cd /Users/nashid/repos/qwen-cli-automation/workspace/Jsoup_59 && defects4j test
Jsoup_59,run_shell_command,1,cd /Users/nashid/repos/qwen-cli-automation/workspace/Jsoup_59 && defects4j test -t org.jsoup.parser.HtmlParserTest::handlesControlCodeInAttributeName
Jsoup_59,run_shell_command,1,cd /Users/nashid/repos/qwen-cli-automation/workspace/Jsoup_59 && defects4j test -t org.jsoup.safety.CleanerTest::handlesControlCharactersAfterTagName
Jsoup_59,run_shell_command,1,cd /Users/nashid/repos/qwen-cli-automation/workspace/Jsoup_59 && defects4j test -t org.jsoup.safety.CleanerTest::handlesControlCharactersAfterTagName -v
Jsoup_59,run_shell_command,1,"cd /Users/nashid/repos/qwen-cli-automation/workspace/Jsoup_59 && defects4j test -t org.jsoup.safety.CleanerTest::handlesControlCharactersAfterTagName 2>&1 | grep -A 20 -B 5 ""IllegalArgumentException\|String must not be empty"""
Jsoup_59,run_shell_command,1,"cd /Users/nashid/repos/qwen-cli-automation/workspace/Jsoup_59 && find . -name ""*.jar"" | head -10"
Jsoup_59,run_shell_command,1,"cd /Users/nashid/repos/qwen-cli-automation/workspace/Jsoup_59 && java -cp ""target/classes:target/test-classes:$(find . -name ""*.jar"" | head -10 | tr '\n' ':')"" org.junit.runner.JUnitCore org.jsoup.parser.HtmlParserTest org.jsoup.safety.CleanerTest"
Jsoup_59,run_shell_command,1,"cd /Users/nashid/repos/qwen-cli-automation/workspace/Jsoup_59 && javac -cp ""target/classes:target/test-classes:$(find . -name ""*.jar"" | head -10 | tr '\n' ':')"" TestReproduction.java && java -cp "".:target/classes:target/test-classes:$(find . -name ""*.jar"" | head -10 | tr '\n' ':')"" TestReproduction"
Jsoup_59,run_shell_command,2,cd /Users/nashid/repos/qwen-cli-automation/workspace/Jsoup_59 && mvn compile -q
Jsoup_59,run_shell_command,1,defects4j test
Jsoup_59,run_shell_command,1,defects4j test -t org.jsoup.parser.HtmlParserTest::handlesControlCodeInAttributeName
Jsoup_59,run_shell_command,1,defects4j test -t org.jsoup.safety.CleanerTest::handlesControlCharactersAfterTagName
Jsoup_59,run_shell_command,1,java -version
Jsoup_59,search_file_content,6,
Jsoup_59,todo_write,1,
Jsoup_59,write_file,2,
Jsoup_60,edit,6,
Jsoup_60,glob,3,
Jsoup_60,read_file,12,
Jsoup_60,run_shell_command,2,cd /Users/nashid/repos/qwen-cli-automation/workspace/Jsoup_60 && ./run_all_tests_trace.sh
Jsoup_60,run_shell_command,1,cd /Users/nashid/repos/qwen-cli-automation/workspace/Jsoup_60 && ./run_bug_exposing_tests.sh
Jsoup_60,run_shell_command,2,cd /Users/nashid/repos/qwen-cli-automation/workspace/Jsoup_60 && defects4j compile
Jsoup_60,run_shell_command,4,cd /Users/nashid/repos/qwen-cli-automation/workspace/Jsoup_60 && defects4j test
Jsoup_60,run_shell_command,2,cd /Users/nashid/repos/qwen-cli-automation/workspace/Jsoup_60 && defects4j test -t org.jsoup.select.QueryParserTest::exceptionOnUncloseAttribute
Jsoup_60,run_shell_command,2,cd /Users/nashid/repos/qwen-cli-automation/workspace/Jsoup_60 && defects4j test -t org.jsoup.select.QueryParserTest::testParsesSingleQuoteInContains
Jsoup_60,run_shell_command,1,cd /Users/nashid/repos/qwen-cli-automation/workspace/Jsoup_60 && git diff src/test/java/org/jsoup/select/QueryParserTest.java
Jsoup_60,run_shell_command,1,cd /Users/nashid/repos/qwen-cli-automation/workspace/Jsoup_60 && git status
Jsoup_60,run_shell_command,1,"cd /Users/nashid/repos/qwen-cli-automation/workspace/Jsoup_60 && grep -n ""exceptionOnUncloseAttribute"" src/test/java/org/jsoup/select/QueryParserTest.java"
Jsoup_60,run_shell_command,1,"cd /Users/nashid/repos/qwen-cli-automation/workspace/Jsoup_60 && grep -n ""testParsesSingleQuoteInContains"" src/test/java/org/jsoup/select/QueryParserTest.java"
Jsoup_60,run_shell_command,3,cd /Users/nashid/repos/qwen-cli-automation/workspace/Jsoup_60 && java -cp target/classes:target/test-classes:/Users/nashid/repos/defects4j/framework/projects/Jsoup/lib/junit/junit/4.12/junit-4.12.jar:/Users/nashid/repos/defects4j/framework/projects/Jsoup/lib/org/hamcrest/hamcrest-core/1.3/hamcrest-core-1.3.jar org.junit.runner.JUnitCore org.jsoup.select.QueryParserTest
Jsoup_60,run_shell_command,1,cd /Users/nashid/repos/qwen-cli-automation/workspace/Jsoup_60 && java -cp target/classes:target/test-classes:/Users/nashid/repos/defects4j/framework/projects/Jsoup/lib/junit/junit/4.12/junit-4.12.jar:/Users/nashid/repos/defects4j/framework/projects/Jsoup/lib/org/hamcrest/hamcrest-core/1.3/hamcrest-core-1.3.jar org.junit.runner.JUnitCore org.jsoup.select.QueryParserTest::testParsesSingleQuoteInContains
Jsoup_60,run_shell_command,1,"cd /Users/nashid/repos/qwen-cli-automation/workspace/Jsoup_60 && sed -n '40,50p' src/test/java/org/jsoup/select/QueryParserTest.java"
Jsoup_60,search_file_content,1,
Jsoup_60,write_file,1,
Jsoup_63,edit,6,
Jsoup_63,glob,6,
Jsoup_63,list_directory,2,
Jsoup_63,read_file,15,
Jsoup_63,run_shell_command,2,./run_bug_exposing_tests.sh
Jsoup_63,run_shell_command,2,cd /Users/nashid/repos/qwen-cli-automation/workspace/Jsoup_63 && defects4j compile
Jsoup_63,run_shell_command,1,cd /Users/nashid/repos/qwen-cli-automation/workspace/Jsoup_63 && defects4j compile && defects4j test
Jsoup_63,run_shell_command,3,cd /Users/nashid/repos/qwen-cli-automation/workspace/Jsoup_63 && defects4j test
Jsoup_63,run_shell_command,2,cd /Users/nashid/repos/qwen-cli-automation/workspace/Jsoup_63 && defects4j test -t org.jsoup.parser.HtmlParserTest::selfClosingOnNonvoidIsError
Jsoup_63,run_shell_command,2,cd /Users/nashid/repos/qwen-cli-automation/workspace/Jsoup_63 && defects4j test -t org.jsoup.parser.HtmlParserTest::selfClosingVoidIsNotAnError
Jsoup_63,run_shell_command,1,"cd /Users/nashid/repos/qwen-cli-automation/workspace/Jsoup_63 && java -cp target/classes:target/test-classes:$(find lib -name ""*.jar"" | tr '\n' ':') org.junit.runner.JUnitCore org.jsoup.parser.HtmlParserTest::selfClosingOnNonvoidIsError"
Jsoup_63,run_shell_command,1,"cd /Users/nashid/repos/qwen-cli-automation/workspace/Jsoup_63 && javac -cp target/classes:$(find lib -name ""*.jar"" | tr '\n' ':') TestSelfClosing.java && java -cp .:target/classes:$(find lib -name ""*.jar"" | tr '\n' ':') DebugSelfClosing"
Jsoup_63,run_shell_command,1,cd /Users/nashid/repos/qwen-cli-automation/workspace/Jsoup_63 && ls lib/
Jsoup_63,run_shell_command,1,defects4j compile && defects4j test -t org.jsoup.parser.HtmlParserTest::selfClosingOnNonvoidIsError
Jsoup_63,run_shell_command,1,defects4j test
Jsoup_63,run_shell_command,1,"find /Users/nashid/repos/qwen-cli-automation/workspace/Jsoup_63 -name ""*.jar"" | head -10"
Jsoup_63,run_shell_command,1,"grep -n ""InBody"" /Users/nashid/repos/qwen-cli-automation/workspace/Jsoup_63/src/main/java/org/jsoup/parser/HtmlTreeBuilderState.java"
Jsoup_63,search_file_content,2,
Jsoup_63,write_file,2,
Jsoup_65,edit,2,
Jsoup_65,glob,3,
Jsoup_65,read_file,13,
Jsoup_65,run_shell_command,2,./run_bug_exposing_tests.sh
Jsoup_65,run_shell_command,1,"cd .. && ./run_bug_exposing_tests.sh 2>&1 | grep -A 20 ""testTemplateInsideTable"""
Jsoup_65,run_shell_command,1,"cd target/classes && java -cp ""../target/test-classes:."" org.junit.runner.JUnitCore org.jsoup.parser.HtmlParserTest::testTemplateInsideTable"
Jsoup_65,run_shell_command,1,defects4j compile
Jsoup_65,run_shell_command,1,defects4j compile && defects4j test -t org.jsoup.parser.HtmlParserTest::testTemplateInsideTable
Jsoup_65,run_shell_command,3,defects4j test
Jsoup_65,run_shell_command,1,defects4j test -t org.jsoup.parser.HtmlParserTest::testTable
Jsoup_65,run_shell_command,1,defects4j test -t org.jsoup.parser.HtmlParserTest::testTableWithScript
Jsoup_65,run_shell_command,1,defects4j test -t org.jsoup.parser.HtmlParserTest::testTemplateInsideTable
Jsoup_65,run_shell_command,1,git diff
Jsoup_65,run_shell_command,1,"grep -r ""script.*support"" src/main/java/ --include=""*.java"""
Jsoup_65,run_shell_command,1,"javac -cp ""target/classes:target/test-classes"" MinimalTest.java && java -cp "".:target/classes:target/test-classes"" MinimalTest"
Jsoup_65,run_shell_command,1,"javac -cp ""target/classes:target/test-classes"" SimpleTest.java && java -cp "".:target/classes:target/test-classes"" SimpleTest"
Jsoup_65,run_shell_command,1,"javac -cp ""target/classes:target/test-classes"" TestTemplateParsing.java && java -cp "".:target/classes:target/test-classes"" TestTemplateParsing"
Jsoup_65,run_shell_command,1,ls -la src/test/resources/htmltests/
Jsoup_65,run_shell_command,1,rm -f *.java
Jsoup_65,search_file_content,6,
Jsoup_65,write_file,3,
Jsoup_66,edit,7,
Jsoup_66,glob,1,
Jsoup_66,read_file,17,
Jsoup_66,run_shell_command,1,./run_bug_exposing_tests.sh
Jsoup_66,run_shell_command,5,cd /Users/nashid/repos/qwen-cli-automation/workspace/Jsoup_66 && defects4j compile
Jsoup_66,run_shell_command,1,cd /Users/nashid/repos/qwen-cli-automation/workspace/Jsoup_66 && defects4j compile && defects4j test
Jsoup_66,run_shell_command,1,cd /Users/nashid/repos/qwen-cli-automation/workspace/Jsoup_66 && defects4j test
Jsoup_66,run_shell_command,5,cd /Users/nashid/repos/qwen-cli-automation/workspace/Jsoup_66 && defects4j test -t org.jsoup.nodes.ElementTest::testNextElementSiblingAfterClone
Jsoup_66,run_shell_command,1,cd /Users/nashid/repos/qwen-cli-automation/workspace/Jsoup_66 && defects4j test -t org.jsoup.nodes.ElementTest::testNextElementSiblingAfterClone -v
Jsoup_66,run_shell_command,1,cd /Users/nashid/repos/qwen-cli-automation/workspace/Jsoup_66 && git checkout -- src/main/java/org/jsoup/nodes/Element.java
Jsoup_66,run_shell_command,1,cd /Users/nashid/repos/qwen-cli-automation/workspace/Jsoup_66 && git diff src/main/java/org/jsoup/nodes/Element.java
Jsoup_66,run_shell_command,1,cd /Users/nashid/repos/qwen-cli-automation/workspace/Jsoup_66 && git status
Jsoup_66,run_shell_command,1,"cd /Users/nashid/repos/qwen-cli-automation/workspace/Jsoup_66 && grep -n ""after"" src/main/java/org/jsoup/nodes/Element.java"
Jsoup_66,run_shell_command,1,"cd /Users/nashid/repos/qwen-cli-automation/workspace/Jsoup_66 && grep -n ""public void after"" src/main/java/org/jsoup/nodes/Element.java"
Jsoup_66,run_shell_command,1,"cd /Users/nashid/repos/qwen-cli-automation/workspace/Jsoup_66 && grep -n -A 10 ""indexInList"" src/main/java/org/jsoup/nodes/Element.java"
Jsoup_66,run_shell_command,1,"cd /Users/nashid/repos/qwen-cli-automation/workspace/Jsoup_66 && grep -n -A 10 ""private static.*indexInList"" src/main/java/org/jsoup/nodes/Element.java"
Jsoup_66,run_shell_command,1,"cd /Users/nashid/repos/qwen-cli-automation/workspace/Jsoup_66 && grep -n -A 10 ""public Node after"" src/main/java/org/jsoup/nodes/Node.java"
Jsoup_66,run_shell_command,1,"cd /Users/nashid/repos/qwen-cli-automation/workspace/Jsoup_66 && grep -n -A 20 ""addChildren"" src/main/java/org/jsoup/nodes/Node.java"
Jsoup_66,run_shell_command,1,"cd /Users/nashid/repos/qwen-cli-automation/workspace/Jsoup_66 && grep -n -A 20 ""doClone"" src/main/java/org/jsoup/nodes/Node.java"
Jsoup_66,run_shell_command,1,"cd /Users/nashid/repos/qwen-cli-automation/workspace/Jsoup_66 && grep -n -A 20 ""public Node clone"" src/main/java/org/jsoup/nodes/Node.java"
Jsoup_66,run_shell_command,1,"cd /Users/nashid/repos/qwen-cli-automation/workspace/Jsoup_66 && javac -cp ""target/classes:target/test-classes"" DebugChildVsChildren.java && java -cp "".:target/classes:target/test-classes"" DebugChildVsChildren"
Jsoup_66,run_shell_command,2,"cd /Users/nashid/repos/qwen-cli-automation/workspace/Jsoup_66 && javac -cp ""target/classes:target/test-classes"" DebugTest.java && java -cp "".:target/classes:target/test-classes"" DebugTest"
Jsoup_66,run_shell_command,1,"cd /Users/nashid/repos/qwen-cli-automation/workspace/Jsoup_66 && javac -cp ""target/classes:target/test-classes"" DetailedTest.java && java -cp "".:target/classes:target/test-classes"" DetailedTest"
Jsoup_66,run_shell_command,2,"cd /Users/nashid/repos/qwen-cli-automation/workspace/Jsoup_66 && javac -cp ""target/classes:target/test-classes"" FinalCheck.java && java -cp "".:target/classes:target/test-classes"" FinalCheck"
Jsoup_66,run_shell_command,2,"cd /Users/nashid/repos/qwen-cli-automation/workspace/Jsoup_66 && javac -cp ""target/classes:target/test-classes"" SimpleDebugTest.java && java -cp "".:target/classes:target/test-classes"" SimpleDebugTest"
Jsoup_66,run_shell_command,1,"cd /Users/nashid/repos/qwen-cli-automation/workspace/Jsoup_66 && javac -cp ""target/classes:target/test-classes"" SimpleDetailedTest.java && java -cp "".:target/classes:target/test-classes"" SimpleDetailedTest"
Jsoup_66,run_shell_command,2,"cd /Users/nashid/repos/qwen-cli-automation/workspace/Jsoup_66 && javac -cp ""target/classes:target/test-classes"" TestReproduction.java && java -cp "".:target/classes:target/test-classes"" TestReproduction"
Jsoup_66,run_shell_command,3,"cd /Users/nashid/repos/qwen-cli-automation/workspace/Jsoup_66 && javac -cp ""target/classes:target/test-classes"" TestSpecificFix.java && java -cp "".:target/classes:target/test-classes"" TestSpecificFix"
Jsoup_66,run_shell_command,1,"cd /Users/nashid/repos/qwen-cli-automation/workspace/Jsoup_66 && sed -n '682,690p' src/main/java/org/jsoup/nodes/Element.java"
Jsoup_66,run_shell_command,1,"cd /Users/nashid/repos/qwen-cli-automation/workspace/Jsoup_66 && sed -n '682,700p' src/main/java/org/jsoup/nodes/Element.java"
Jsoup_66,run_shell_command,1,"cd /Users/nashid/repos/qwen-cli-automation/workspace/Jsoup_automation/workspace/Jsoup_66 && grep -n -A 20 ""doClone"" src/main/java/org/jsoup/nodes/Node.java"
Jsoup_66,run_shell_command,1,defects4j test
Jsoup_66,search_file_content,12,
Jsoup_66,todo_write,1,
Jsoup_66,write_file,12,
Jsoup_67,edit,19,
Jsoup_67,exit_plan_mode,1,
Jsoup_67,read_file,20,
Jsoup_67,run_shell_command,2,cd /Users/nashid/repos/qwen-cli-automation/workspace/Jsoup_67 && ./run_bug_exposing_tests.sh
Jsoup_67,run_shell_command,2,cd /Users/nashid/repos/qwen-cli-automation/workspace/Jsoup_67 && defects4j compile
Jsoup_67,run_shell_command,3,cd /Users/nashid/repos/qwen-cli-automation/workspace/Jsoup_67 && defects4j test
Jsoup_67,run_shell_command,2,cd /Users/nashid/repos/qwen-cli-automation/workspace/Jsoup_67 && defects4j test -t org.jsoup.parser.HtmlParserTest::handlesDeepStack
Jsoup_67,run_shell_command,1,cd /Users/nashid/repos/qwen-cli-automation/workspace/Jsoup_67 && git stash
Jsoup_67,run_shell_command,1,cd /Users/nashid/repos/qwen-cli-automation/workspace/Jsoup_67 && git status
Jsoup_67,run_shell_command,1,"cd /Users/nashid/repos/qwen-cli-automation/workspace/Jsoup_67 && grep -n ""inSelectScope"" src/main/java/org/jsoup/parser/HtmlTreeBuilder.java"
Jsoup_67,run_shell_command,1,"cd /Users/nashid/repos/qwen-cli-automation/workspace/Jsoup_67 && grep -n ""inSpecificScope"" src/main/java/org/jsoup/parser/HtmlTreeBuilder.java"
Jsoup_67,run_shell_command,1,cd /Users/nashid/repos/qwen-cli-automation/workspace/Jsoup_67 && timeout 30s ./run_bug_exposing_tests.sh
Jsoup_67,run_shell_command,1,"cd /Users/nashid/repos/qwen-cli-automation/workspace/Jsoup_automation/workspace/Jsoup_67 && grep -n ""inSpecificScope"" src/main/java/org/jsoup/parser/HtmlTreeBuilder.java"
Jsoup_67,search_file_content,3,
Jsoup_67,todo_write,5,
Jsoup_7,edit,21,
Jsoup_7,glob,1,
Jsoup_7,read_file,10,
Jsoup_7,run_shell_command,1,./run_bug_exposing_tests.sh
Jsoup_7,run_shell_command,1,"cd /Users/nashid/repos/qwen-cli-automation/workspace/Jsoup_7 && sed -n '100,125p' src/main/java/org/jsoup/nodes/Document.java"
Jsoup_7,run_shell_command,1,defects4j compile
Jsoup_7,run_shell_command,2,defects4j compile && defects4j test -t org.jsoup.nodes.DocumentTest::testNormalisesStructure
Jsoup_7,run_shell_command,1,"defects4j compile && javac -cp ""target/classes:target/test-classes:/Users/nashid/repos/defects4j/framework/projects/Jsoup/lib/*"" DetailedTest.java && java -cp "".:target/classes:target/test-classes:/Users/nashid/repos/defects4j/framework/projects/Jsoup/lib/*"" DetailedTest"
Jsoup_7,run_shell_command,7,"defects4j compile && javac -cp ""target/classes:target/test-classes:/Users/nashid/repos/defects4j/framework/projects/Jsoup/lib/*"" MinimalReproduction.java && java -cp "".:target/classes:target/test-classes:/Users/nashid/repos/defects4j/framework/projects/Jsoup/lib/*"" MinimalReproduction"
Jsoup_7,run_shell_command,1,"defects4j compile && javac -cp ""target/classes:target/test-classes:/Users/nashid/repos/defects4j/framework/projects/Jsoup/lib/*"" TestFix.java && java -cp "".:target/classes:target/test-classes:/Users/nashid/repos/defects4j/framework/projects/Jsoup/lib/*"" TestFix"
Jsoup_7,run_shell_command,4,defects4j test
Jsoup_7,run_shell_command,3,defects4j test -t org.jsoup.nodes.DocumentTest::testNormalisesStructure
Jsoup_7,run_shell_command,1,"grep -A5 -B5 ""body.*head\|head.*body"" src/test/java/org/jsoup/parser/ParserTest.java"
Jsoup_7,run_shell_command,1,"grep -r ""noscript"" src/test/java/"
Jsoup_7,run_shell_command,1,"javac -cp ""target/classes:target/test-classes:/Users/nashid/repos/defects4j/framework/projects/Jsoup/lib/*"" DetailedTest.java && java -cp "".:target/classes:target/test-classes:/Users/nashid/repos/defects4j/framework/projects/Jsoup/lib/*"" DetailedTest"
Jsoup_7,run_shell_command,2,"javac -cp ""target/classes:target/test-classes:/Users/nashid/repos/defects4j/framework/projects/Jsoup/lib/*"" MinimalReproduction.java && java -cp "".:target/classes:target/test-classes:/Users/nashid/repos/defects4j/framework/projects/Jsoup/lib/*"" MinimalReproduction"
Jsoup_7,run_shell_command,2,"javac -cp ""target/classes:target/test-classes:/Users/nashid/repos/defects4j/framework/projects/Jsoup/lib/*"" TestDebug.java && java -cp "".:target/classes:target/test-classes:/Users/nashid/repos/defects4j/framework/projects/Jsoup/lib/*"" TestDebug"
Jsoup_7,run_shell_command,1,"javac -cp ""target/classes:target/test-classes:/Users/nashid/repos/defects4j/framework/projects/Jsoup/lib/*"" TestFix.java && java -cp "".:target/classes:target/test-classes:/Users/nashid/repos/defects4j/framework/projects/Jsoup/lib/*"" TestFix"
Jsoup_7,search_file_content,4,
Jsoup_7,write_file,4,
Jsoup_71,edit,8,
Jsoup_71,glob,2,
Jsoup_71,read_file,22,
Jsoup_71,run_shell_command,1,./run_bug_exposing_tests.sh
Jsoup_71,run_shell_command,1,cd /Users/nashid/repos/qwen-cli-automation/workspace/Jsoup_71 && java -cp target/classes:target/test-classes:$(defects4j export -p cp.test) org.junit.runner.JUnitCore org.jsoup.select.SelectorTest::textAsElements
Jsoup_71,run_shell_command,2,cd /Users/nashid/repos/qwen-cli-automation/workspace/Jsoup_71 && java -cp target/classes:target/test-classes:/Users/nashid/repos/defects4j/framework/projects/Jsoup/lib/junit/junit/4.12/junit-4.12.jar:/Users/nashid/repos/defects4j/framework/projects/Jsoup/lib/org/hamcrest/hamcrest-core/1.3/hamcrest-core-1.3.jar org.junit.runner.JUnitCore org.jsoup.select.SelectorTest
Jsoup_71,run_shell_command,1,cd /Users/nashid/repos/qwen-cli-automation/workspace/Jsoup_71 && java -cp target/classes:target/test-classes:/Users/nashid/repos/defects4j/framework/projects/Jsoup/lib/junit/junit/4.12/junit-4.12.jar:/Users/nashid/repos/defects4j/framework/projects/Jsoup/lib/org/hamcrest/hamcrest-core/1.3/hamcrest-core-1.3.jar org.junit.runner.JUnitCore org.jsoup.select.SelectorTest::textAsElements
Jsoup_71,run_shell_command,3,defects4j compile
Jsoup_71,run_shell_command,1,"defects4j compile && echo ""Compilation successful"""
Jsoup_71,run_shell_command,2,defects4j test
Jsoup_71,run_shell_command,3,defects4j test -t org.jsoup.select.SelectorTest::splitOnBr
Jsoup_71,run_shell_command,3,defects4j test -t org.jsoup.select.SelectorTest::textAsElements
Jsoup_71,run_shell_command,1,"echo ""Running the full test suite with a verbose approach..."" && cd /Users/nashid/repos/qwen-cli-automation/workspace/Jsoup_71 && java -cp target/classes:target/test-classes:/Users/nashid/repos/defects4j/framework/projects/Jsoup/lib/junit/junit/4.12/junit-4.12.jar:/Users/nashid/repos/defects4j/framework/projects/Jsoup/lib/org/hamcrest/hamcrest-core/1.3/hamcrest-core-1.3.jar org.junit.runner.JUnitCore org.jsoup.select.SelectorTest 2>&1 | grep -A 20 -B 5 ""splitOnBr\|textAsElements"""
Jsoup_71,run_shell_command,1,"find . -name ""*.java"" -exec grep -l ""matchText\|MatchText"" {} \;"
Jsoup_71,run_shell_command,1,"find /Users/nashid/repos/qwen-cli-automation/workspace/Jsoup_71 -name ""*.java"" -exec grep -l ""Collector\|collect"" {} \; | head -5"
Jsoup_71,run_shell_command,1,"find /Users/nashid/repos/qwen-cli-automation/workspace/Jsoup_71 -name ""*.java"" -exec grep -l ""PseudoTextElement\|pseudotext"" {} \;"
Jsoup_71,run_shell_command,1,mv /Users/nashid/repos/qwen-cli-automation/workspace/Jsoup_71/src/main/java/org/jsoup/select/Evaluator.java.new /Users/nashid/repos/qwen-cli-automation/workspace/Jsoup_71/src/main/java/org/jsoup/select/Evaluator.java
Jsoup_71,run_shell_command,1,mv /Users/nashid/repos/qwen-cli-automation/workspace/Jsoup_71/src/main/java/org/jsoup/select/QueryParser.java.new /Users/nashid/repos/qwen-cli-automation/workspace/Jsoup_71/src/main/java/org/jsoup/select/QueryParser.java
Jsoup_71,run_shell_command,1,tail -n 20 /Users/nashid/repos/qwen-cli-automation/workspace/Jsoup_71/src/main/java/org/jsoup/select/Evaluator.java
Jsoup_71,search_file_content,5,
Jsoup_71,todo_write,3,
Jsoup_71,write_file,3,
Jsoup_73,edit,23,
Jsoup_73,glob,1,
Jsoup_73,read_file,10,
Jsoup_73,run_shell_command,2,cd /Users/nashid/repos/qwen-cli-automation/workspace/Jsoup_73 && ./run_bug_exposing_tests.sh
Jsoup_73,run_shell_command,5,cd /Users/nashid/repos/qwen-cli-automation/workspace/Jsoup_73 && defects4j compile
Jsoup_73,run_shell_command,5,cd /Users/nashid/repos/qwen-cli-automation/workspace/Jsoup_73 && defects4j test
Jsoup_73,run_shell_command,4,cd /Users/nashid/repos/qwen-cli-automation/workspace/Jsoup_73 && defects4j test -t org.jsoup.helper.W3CDomTest::namespacePreservation
Jsoup_73,run_shell_command,1,cd /Users/nashid/repos/qwen-cli-automation/workspace/Jsoup_73 && git checkout HEAD -- src/main/java/org/jsoup/helper/W3CDom.java
Jsoup_73,run_shell_command,1,cd /Users/nashid/repos/qwen-cli-automation/workspace/Jsoup_73 && git log --oneline -10
Jsoup_73,run_shell_command,1,cd /Users/nashid/repos/qwen-cli-automation/workspace/Jsoup_73 && git show 3475dc8:src/main/java/org/jsoup/helper/W3CDom.java
Jsoup_73,run_shell_command,1,cd /Users/nashid/repos/qwen-cli-automation/workspace/Jsoup_73 && git show 62230da
Jsoup_73,run_shell_command,1,"cd /Users/nashid/repos/qwen-cli-automation/workspace/Jsoup_73 && java -cp ""$(defects4j export -p cp.test)"" org.junit.runner.JUnitCore org.jsoup.helper.W3CDomTest"
Jsoup_73,run_shell_command,1,"cd /Users/nashid/repos/qwen-cli-automation/workspace/Jsoup_73 && javac -cp "".:target/classes"" src/main/java/org/jsoup/helper/W3CDom.java"
Jsoup_73,search_file_content,1,
Jsoup_73,todo_write,1,
Jsoup_74,edit,9,
Jsoup_74,glob,1,
Jsoup_74,read_file,17,
Jsoup_74,run_shell_command,2,cd /Users/nashid/repos/qwen-cli-automation/workspace/Jsoup_74 && ./run_bug_exposing_tests.sh
Jsoup_74,run_shell_command,4,cd /Users/nashid/repos/qwen-cli-automation/workspace/Jsoup_74 && defects4j compile
Jsoup_74,run_shell_command,2,cd /Users/nashid/repos/qwen-cli-automation/workspace/Jsoup_74 && defects4j test
Jsoup_74,run_shell_command,3,cd /Users/nashid/repos/qwen-cli-automation/workspace/Jsoup_74 && defects4j test -t org.jsoup.nodes.ElementTest::testNormalizesInvisiblesInText
Jsoup_74,run_shell_command,1,"cd /Users/nashid/repos/qwen-cli-automation/workspace/Jsoup_74 && find target/classes -name ""TextNode.class"" -exec ls -l {} \;"
Jsoup_74,run_shell_command,1,"cd /Users/nashid/repos/qwen-cli-automation/workspace/Jsoup_74 && grep -A 5 -B 5 ""stripInvisibleCharacters"" src/main/java/org/jsoup/nodes/TextNode.java"
Jsoup_74,run_shell_command,1,"cd /Users/nashid/repos/qwen-cli-automation/workspace/Jsoup_74 && grep -n ""private static String stripInvisibleCharacters"" src/main/java/org/jsoup/nodes/TextNode.java"
Jsoup_74,run_shell_command,1,"cd /Users/nashid/repos/qwen-cli-automation/workspace/Jsoup_74 && grep -n ""stripInvisibleCharacters"" src/main/java/org/jsoup/nodes/TextNode.java"
Jsoup_74,run_shell_command,2,"cd /Users/nashid/repos/qwen-cli-automation/workspace/Jsoup_74 && javac -cp ""target/classes:target/test-classes"" DebugTextNode.java && java -cp "".:target/classes:target/test-classes"" DebugTextNode"
Jsoup_74,run_shell_command,1,"cd /Users/nashid/repos/qwen-cli-automation/workspace/Jsoup_74 && javac -cp ""target/classes:target/test-classes"" MyTest.java && java -cp "".:target/classes:target/test-classes:/Users/nashid/repos/defects4j/framework/projects/Jsoup/lib/junit/junit/4.12/junit-4.12.jar:/Users/nashid/repos/defects4j/framework/projects/lib/junit-4.11.jar"" org.junit.runner.JUnitCore MyTest"
Jsoup_74,run_shell_command,1,"cd /Users/nashid/repos/qwen-cli-automation/workspace/Jsoup_74 && javac -cp ""target/classes:target/test-classes"" SimpleTest.java && java -cp "".:target/classes:target/test-classes"" SimpleTest"
Jsoup_74,run_shell_command,2,"cd /Users/nashid/repos/qwen-cli-automation/workspace/Jsoup_74 && javac -cp ""target/classes:target/test-classes"" TestFix.java && java -cp "".:target/classes:target/test-classes"" TestFix"
Jsoup_74,run_shell_command,1,"cd /Users/nashid/repos/qwen-cli-automation/workspace/Jsoup_74 && javac -cp ""target/classes:target/test-classes"" ValidateFix.java && java -cp "".:target/classes:target/test-classes"" ValidateFix"
Jsoup_74,run_shell_command,1,cd /Users/nashid/repos/qwen-cli-automation/workspace/Jsoup_74 && ls -l target/classes/org/jsoup/nodes/TextNode.class
Jsoup_74,search_file_content,2,
Jsoup_74,todo_write,1,
Jsoup_74,write_file,6,
Jsoup_78,edit,1,
Jsoup_78,list_directory,11,
Jsoup_78,read_file,8,
Jsoup_78,run_shell_command,3,./run_bug_exposing_tests.sh
Jsoup_78,run_shell_command,1,cd /Users/nashid/repos/qwen-cli-automation/workspace/Jsoup_78 && java -cp target/classes:target/test-classes:/Users/nashid/.sdkman/candidates/java/8.0.412-amzn/lib/tools.jar:/Users/nashid/repos/defects4j/framework/projects/Jsoup/lib/junit/junit/4.12/junit-4.12.jar:/Users/nashid/repos/defects4j/framework/projects/Jsoup/lib/org/hamcrest/hamcrest-core/1.3/hamcrest-core-1.3.jar:/Users/nashid/repos/defects4j/framework/projects/Jsoup/lib/com/google/code/gson/gson/2.7/gson-2.7.jar:/Users/nashid/repos/defects4j/framework/projects/Jsoup/lib/org/eclipse/jetty/jetty-server/9.2.22.v20170606/jetty-server-9.2.22.v20170606.jar:/Users/nashid/repos/defects4j/framework/projects/Jsoup/lib/javax/servlet/javax.servlet-api/3.1.0/javax.servlet-api-3.1.0.jar:/Users/nashid/repos/defects4j/framework/projects/Jsoup/lib/org/eclipse/jetty/jetty-http/9.2.22.v20170606/jetty-http-9.2.22.v20170606.jar:/Users/nashid/repos/defects4j/framework/projects/Jsoup/lib/org/eclipse/jetty/jetty-util/9.2.22.v20170606/jetty-util-9.2.22.v20170606.jar:/Users/nashid/repos/defects4j/framework/projects/Jsoup/lib/org/eclipse/jetty/jetty-io/9.2.22.v20170606/jetty-io-9.2.22.v20170606.jar:/Users/nashid/repos/defects4j/framework/projects/Jsoup/lib/org/eclipse/jetty/jetty-servlet/9.2.22.v20170606/jetty-servlet-9.2.22.v20170606.jar:/Users/nashid/repos/defects4j/framework/projects/Jsoup/lib/org/eclipse/jetty/jetty-security/9.2.22.v20170606/jetty-security-9.2.22.v20170606.jar org.junit.runner.JUnitCore org.jsoup.integration.ConnectTest
Jsoup_78,run_shell_command,2,defects4j compile
Jsoup_78,run_shell_command,2,defects4j test
Jsoup_78,run_shell_command,1,defects4j test -t org.jsoup.integration.ConnectTest::handlesEmptyStreamDuringParseRead
Jsoup_81,edit,2,
Jsoup_81,read_file,7,
Jsoup_81,run_shell_command,1,cd /Users/nashid/repos/qwen-cli-automation/workspace/Jsoup_81 && ./run_bug_exposing_tests.sh
Jsoup_81,run_shell_command,3,cd /Users/nashid/repos/qwen-cli-automation/workspace/Jsoup_81 && defects4j compile
Jsoup_81,run_shell_command,1,cd /Users/nashid/repos/qwen-cli-automation/workspace/Jsoup_81 && defects4j test
Jsoup_81,run_shell_command,2,cd /Users/nashid/repos/qwen-cli-automation/workspace/Jsoup_81 && defects4j test -t org.jsoup.helper.DataUtilTest::supportsXmlCharsetDeclaration
Jsoup_81,run_shell_command,1,"cd /Users/nashid/repos/qwen-cli-automation/workspace/Jsoup_81 && find . -name ""*DataUtil*"" -type f"
Jsoup_81,run_shell_command,1,cd /Users/nashid/repos/qwen-cli-automation/workspace/Jsoup_81 && git log --oneline -n 10
Jsoup_81,run_shell_command,1,"cd /Users/nashid/repos/qwen-cli-automation/workspace/Jsoup_81 && git show af3d21e:src/main/java/org/jsoup/helper/DataUtil.java | grep -A 20 -B 5 ""look for.*xml.*encoding"""
Jsoup_81,run_shell_command,1,"cd /Users/nashid/repos/qwen-cli-automation/workspace/Jsoup_81 && git show af3d21e:src/main/java/org/jsoup/helper/DataUtil.java | grep -A 60 ""static Document parseInputStream"""
Jsoup_81,run_shell_command,1,"cd /Users/nashid/repos/qwen-cli-automation/workspace/Jsoup_81 && git show af3d21e:src/main/java/org/jsoup/helper/DataUtil.java | sed -n '/static Document parseInputStream/,/}/p' | head -n 100"
Jsoup_81,run_shell_command,1,"cd /Users/nashid/repos/qwen-cli-automation/workspace/Jsoup_81 && git show f337685:src/main/java/org/jsoup/helper/DataUtil.java | sed -n '/static Document parseInputStream/,/}/p' | head -n 100"
Jsoup_81,run_shell_command,1,"cd /Users/nashid/repos/qwen-cli-automation/workspace/Jsoup_81 && git show f337685:src/main/java/org/jsoup/helper/DataUtil.java | sed -n '/static Document parseInputStream/,/}/p' | tail -n +100 | head -n 100"
Jsoup_81,run_shell_command,3,"cd /Users/nashid/repos/qwen-cli-automation/workspace/Jsoup_81 && javac -cp ""target/classes:target/test-classes"" TestBug.java && java -cp "".:target/classes:target/test-classes"" TestBug"
Jsoup_81,search_file_content,3,
Jsoup_81,todo_write,1,
Jsoup_81,write_file,2,
Jsoup_83,edit,2,
Jsoup_83,list_directory,6,
Jsoup_83,read_file,11,
Jsoup_83,run_shell_command,1,./run_bug_exposing_tests.sh
Jsoup_83,run_shell_command,1,"cd /Users/nashid/repos/qwen-cli-automation/workspace/Jsoup_83 && java -cp ""$(defects4j export -p cp.test):target/classes:target/test-classes"" org.junit.runner.JUnitCore org.jsoup.parser.TokeniserStateTest"
Jsoup_83,run_shell_command,1,cd /Users/nashid/repos/qwen-cli-automation/workspace/Jsoup_83 && ls -la
Jsoup_83,run_shell_command,2,defects4j compile
Jsoup_83,run_shell_command,2,defects4j test
Jsoup_83,run_shell_command,2,defects4j test -t org.jsoup.parser.HtmlParserTest::parsesQuiteRoughAttributes
Jsoup_83,run_shell_command,1,defects4j test -t org.jsoup.parser.TokeniserStateTest::handlesLessInTagThanAsNewTag
Jsoup_83,run_shell_command,1,git diff
Jsoup_83,run_shell_command,1,"grep -r ""tagCharsSorted"" /Users/nashid/repos/qwen-cli-automation/workspace/Jsoup_83/src/main/java/"
Jsoup_83,run_shell_command,2,"javac -cp ""target/classes:target/test-classes"" TestDebug.java && java -cp "".:target/classes:target/test-classes"" TestDebug"
Jsoup_83,run_shell_command,1,pwd && ls -la
Jsoup_83,search_file_content,4,
Jsoup_83,write_file,1,
Jsoup_87,edit,9,
Jsoup_87,list_directory,12,
Jsoup_87,read_file,18,
Jsoup_87,run_shell_command,1,cd /Users/nashid/repos/qwen-cli-automation/workspace/Jsoup_87 && ./run_bug_exposing_tests.sh
Jsoup_87,run_shell_command,1,cd /Users/nashid/repos/qwen-cli-automation/workspace/Jsoup_87 && cat bug_triggering_tests.20251030_120510.log
Jsoup_87,run_shell_command,2,cd /Users/nashid/repos/qwen-cli-automation/workspace/Jsoup_87 && defects4j compile
Jsoup_87,run_shell_command,3,cd /Users/nashid/repos/qwen-cli-automation/workspace/Jsoup_87 && defects4j compile && defects4j test -t org.jsoup.parser.HtmlParserTest::preservedCaseLinksCantNest
Jsoup_87,run_shell_command,1,cd /Users/nashid/repos/qwen-cli-automation/workspace/Jsoup_87 && defects4j compile && mvn test -Dtest=org.jsoup.parser.HtmlParserTest#preservedCaseLinksCantNest
Jsoup_87,run_shell_command,6,cd /Users/nashid/repos/qwen-cli-automation/workspace/Jsoup_87 && defects4j test
Jsoup_87,run_shell_command,1,cd /Users/nashid/repos/qwen-cli-automation/workspace/Jsoup_87 && defects4j test -t org.jsoup.parser.HtmlParserTest::preservedCaseLinksCantNest
Jsoup_87,run_shell_command,1,cd /Users/nashid/repos/qwen-cli-automation/workspace/Jsoup_87 && git stash
Jsoup_87,run_shell_command,1,cd /Users/nashid/repos/qwen-cli-automation/workspace/Jsoup_87 && git status
Jsoup_87,run_shell_command,1,"cd /Users/nashid/repos/qwen-cli-automation/workspace/Jsoup_87 && javac -cp ""src/main/java:src/test/java:$(find ~/.m2/repository -name ""*.jar"" | grep -E ""(junit|gson|jetty)"" | tr '\n' ':')"" TestBugReproduction.java && java -cp "".:$(find ~/.m2/repository -name ""*.jar"" | grep -E ""(junit|gson|jetty)"" | tr '\n' ':')"" TestBugReproduction"
Jsoup_87,run_shell_command,1,cd /Users/nashid/repos/qwen-cli-automation/workspace/Jsoup_87 && patch -p1 < fix.patch
Jsoup_87,run_shell_command,1,cd /Users/nashid/repos/qwen-cli-automation/workspace/Jsoup_87 && run_bug_exposing_tests.sh
Jsoup_87,search_file_content,8,
Jsoup_87,write_file,4,
Jsoup_91,read_file,1,
Jsoup_92,edit,17,
Jsoup_92,glob,1,
Jsoup_92,read_file,27,
Jsoup_92,run_shell_command,2,./run_bug_exposing_tests.sh
Jsoup_92,run_shell_command,3,cd /Users/nashid/repos/qwen-cli-automation/workspace/Jsoup_92 && git checkout HEAD -- src/main/java/org/jsoup/nodes/Attributes.java
Jsoup_92,run_shell_command,1,cd /Users/nashid/repos/qwen-cli-automation/workspace/Jsoup_92 && git checkout HEAD -- src/main/java/org/jsoup/parser/HtmlTreeBuilder.java
Jsoup_92,run_shell_command,1,"cd /Users/nashid/repos/qwen-cli-automation/workspace/Jsoup_92 && grep -n ""Element insert"" src/main/java/org/jsoup/parser/HtmlTreeBuilder.java"
Jsoup_92,run_shell_command,1,"cd /Users/nashid/repos/qwen-cli-automation/workspace/Jsoup_92 && grep -n ""Element insert(final Token.StartTag startTag)"" src/main/java/org/jsoup/parser/HtmlTreeBuilder.java"
Jsoup_92,run_shell_command,1,"cd /Users/nashid/repos/qwen-cli-automation/workspace/Jsoup_92 && grep -n ""public Attributes put"" src/main/java/org/jsoup/nodes/Attributes.java"
Jsoup_92,run_shell_command,2,"cd /Users/nashid/repos/qwen-cli-automation/workspace/Jsoup_92 && javac -cp ""target/classes:target/test-classes"" TestDuplicateAttributes.java && java -cp "".:target/classes:target/test-classes"" TestDuplicateAttributes"
Jsoup_92,run_shell_command,1,"cd /Users/nashid/repos/qwen-cli-automation/workspace/Jsoup_92 && sed -n '130,140p' src/main/java/org/jsoup/nodes/Attributes.java"
Jsoup_92,run_shell_command,5,defects4j compile
Jsoup_92,run_shell_command,2,defects4j test
Jsoup_92,search_file_content,4,
Jsoup_92,write_file,1,
JxPath_1,edit,1,
JxPath_1,glob,3,
JxPath_1,read_file,12,
JxPath_1,run_shell_command,1,./run_all_tests_trace.sh
JxPath_1,run_shell_command,3,defects4j compile
JxPath_1,run_shell_command,1,defects4j export -p tests.all | sort -u | head -10
JxPath_1,run_shell_command,2,defects4j test
JxPath_1,run_shell_command,2,defects4j test -t org.apache.commons.jxpath.ri.model.dom.DOMModelTest::testGetNode
JxPath_1,run_shell_command,1,defects4j test -t org.apache.commons.jxpath.ri.model.dom.DOMModelTest::testGetNode -v
JxPath_1,run_shell_command,1,defects4j test -t org.apache.commons.jxpath.ri.model.jdom.JDOMModelTest::testGetNode
JxPath_1,run_shell_command,1,"find src -name ""*.java"" | xargs grep -l ""descendant.*or.*self\|descendantOrSelf"" | head -5"
JxPath_1,run_shell_command,1,"git add -A && git commit -m ""Fix Descendant or self axis implementation in DescendantContext and address failing tests"" --no-gpg-sign"
JxPath_1,run_shell_command,1,git diff HEAD
JxPath_1,run_shell_command,1,git status
JxPath_1,run_shell_command,1,"javac -cp ""src/java:target/lib/*:target/classes"" BugFixVerification.java && java -cp "".:src/java:target/lib/*:target/classes"" BugFixVerification"
JxPath_1,run_shell_command,1,"javac -cp ""src/java:target/lib/*:target/classes"" RealTest.java && java -cp "".:src/java:target/lib/*:target/classes"" RealTest"
JxPath_1,run_shell_command,1,"javac -cp ""src/java:target/lib/*:target/classes"" SimpleBugTest.java && java -cp "".:src/java:target/lib/*:target/classes"" SimpleBugTest"
JxPath_1,run_shell_command,1,"javac -cp ""src/java:target/lib/*:target/classes"" SimpleTest.java && java -cp "".:src/java:target/lib/*:target/classes"" SimpleTest"
JxPath_1,run_shell_command,1,"javac -cp ""src/java:target/lib/*:target/classes"" TestDescendantBug.java && java -cp "".:src/java:target/lib/*:target/classes"" TestDescendantBug"
JxPath_1,search_file_content,6,
JxPath_1,write_file,7,
JxPath_11,edit,9,
JxPath_11,glob,1,
JxPath_11,read_file,14,
JxPath_11,run_shell_command,1,cd /Users/nashid/repos/qwen-cli-automation/workspace/JxPath_11 && ./run_all_tests_trace.sh
JxPath_11,run_shell_command,1,cd /Users/nashid/repos/qwen-cli-automation/workspace/JxPath_11 && ./run_bug_exposing_tests.sh
JxPath_11,run_shell_command,5,cd /Users/nashid/repos/qwen-cli-automation/workspace/JxPath_11 && defects4j compile
JxPath_11,run_shell_command,5,cd /Users/nashid/repos/qwen-cli-automation/workspace/JxPath_11 && defects4j test
JxPath_11,run_shell_command,3,cd /Users/nashid/repos/qwen-cli-automation/workspace/JxPath_11 && defects4j test -t org.apache.commons.jxpath.ri.model.dom.DOMModelTest::testNamespaceMapping
JxPath_11,run_shell_command,1,cd /Users/nashid/repos/qwen-cli-automation/workspace/JxPath_11 && defects4j test -t org.apache.commons.jxpath.ri.model.jdom.JDOMModelTest::testNamespaceMapping
JxPath_11,run_shell_command,1,"cd /Users/nashid/repos/qwen-cli-automation/workspace/JxPath_11 && java -cp target/classes:target/test-classes:src/java:src/test:$(find target/lib -name ""*.jar"" | tr '\n' ':') org.junit.runner.JUnitCore org.apache.commons.jxpath.ri.model.dom.DOMModelTest"
JxPath_11,search_file_content,6,
JxPath_11,todo_write,1,
JxPath_13,edit,1,
JxPath_13,glob,3,
JxPath_13,read_file,10,
JxPath_13,run_shell_command,1,./run_all_tests_trace.sh
JxPath_13,run_shell_command,1,./run_bug_exposing_tests.sh
JxPath_13,run_shell_command,1,defects4j compile
JxPath_13,run_shell_command,2,defects4j test
JxPath_13,run_shell_command,1,defects4j test -t org.apache.commons.jxpath.ri.model.ExternalXMLNamespaceTest::testCreateAndSetAttributeDOM
JxPath_13,run_shell_command,1,"find /Users/nashid/repos/qwen-cli-automation/workspace/JxPath_13 -name ""*.java"" -exec grep -l ""UNKNOWN_NAMESPACE\|NodePointer.*UNKNOWN_NAMESPACE"" {} \;"
JxPath_13,search_file_content,2,
JxPath_13,todo_write,1,
JxPath_16,edit,2,
JxPath_16,glob,6,
JxPath_16,read_file,9,
JxPath_16,run_shell_command,1,./run_bug_exposing_tests.sh
JxPath_16,run_shell_command,1,defects4j compile
JxPath_16,run_shell_command,2,defects4j test
JxPath_16,run_shell_command,2,defects4j test -t org.apache.commons.jxpath.ri.model.dom.DOMModelTest::testAxisFollowing
JxPath_16,run_shell_command,1,defects4j test -t org.apache.commons.jxpath.ri.model.dom.DOMModelTest::testAxisPreceding
JxPath_16,run_shell_command,1,defects4j test -t org.apache.commons.jxpath.ri.model.jdom.JDOMModelTest::testAxisFollowing
JxPath_16,run_shell_command,1,defects4j test -t org.apache.commons.jxpath.ri.model.jdom.JDOMModelTest::testAxisPreceding
JxPath_16,search_file_content,2,
JxPath_16,todo_write,1,
JxPath_17,edit,4,
JxPath_17,list_directory,3,
JxPath_17,read_file,9,
JxPath_17,run_shell_command,1,./run_all_tests_trace.sh
JxPath_17,run_shell_command,1,./run_bug_exposing_tests.sh
JxPath_17,run_shell_command,3,defects4j compile
JxPath_17,run_shell_command,1,defects4j export -p tests.trigger
JxPath_17,run_shell_command,5,defects4j test
JxPath_17,run_shell_command,3,defects4j test -t org.apache.commons.jxpath.ri.model.dom.DOMModelTest::testAxisAttribute
JxPath_17,run_shell_command,1,defects4j test -t org.apache.commons.jxpath.ri.model.jdom.JDOMModelTest::testAxisAttribute
JxPath_17,run_shell_command,1,defects4j test -t org.apache.commons.jxpath.ri.model.jdom.JDOMModelTest::testAxisAttribute -v
JxPath_17,run_shell_command,1,"grep -n ""JDOMModelTest"" all_tests_trace.20251030_132042.log"
JxPath_17,run_shell_command,2,"javac -cp ""target/classes:target/lib/*"" TestBug.java && java -cp "".:target/classes:target/lib/*"" TestBug"
JxPath_17,search_file_content,2,
JxPath_17,write_file,2,
JxPath_18,edit,2,
JxPath_18,glob,1,
JxPath_18,read_file,12,
JxPath_18,run_shell_command,1,./run_all_tests_trace.sh
JxPath_18,run_shell_command,2,./run_bug_exposing_tests.sh
JxPath_18,run_shell_command,1,"cd /Users/nashid/repos/qwen-cli-automation/workspace/JxPath_18 && echo ""Running test directly..."" && java -cp src/java:target/classes:target/test-classes:$(find target/lib -name ""*.jar"" | tr '\n' ':') org.junit.runner.JUnitCore org.apache.commons.jxpath.ri.model.dom.DOMModelTest::testAxisAttribute"
JxPath_18,run_shell_command,1,"cd /Users/nashid/repos/qwen-cli-automation/workspace/JxPath_18 && java -cp src/java:target/classes:target/test-classes:$(find target/lib -name ""*.jar"" | tr '\n' ':') org.junit.runner.JUnitCore org.apache.commons.jxpath.ri.model.dom.DOMModelTest::testAxisAttribute"
JxPath_18,run_shell_command,2,defects4j compile
JxPath_18,run_shell_command,1,defects4j compile && defects4j test
JxPath_18,run_shell_command,3,defects4j test
JxPath_18,run_shell_command,1,defects4j test -t org.apache.commons.jxpath.ri.model.dom.DOMModelTest::testAxisAttribute
JxPath_18,run_shell_command,1,defects4j test -t org.apache.commons.jxpath.ri.model.dom.DOMModelTest::testAxisAttribute -v
JxPath_18,run_shell_command,1,defects4j test -t org.apache.commons.jxpath.ri.model.jdom.JDOMModelTest::testAxisAttribute
JxPath_18,search_file_content,6,
JxPath_18,todo_write,1,
JxPath_19,edit,4,
JxPath_19,glob,3,
JxPath_19,read_file,7,
JxPath_19,run_shell_command,1,cd /Users/nashid/repos/qwen-cli-automation/workspace/JxPath_19 && ./run_all_tests_trace.sh
JxPath_19,run_shell_command,2,cd /Users/nashid/repos/qwen-cli-automation/workspace/JxPath_19 && ./run_bug_exposing_tests.sh
JxPath_19,run_shell_command,3,cd /Users/nashid/repos/qwen-cli-automation/workspace/JxPath_19 && defects4j compile
JxPath_19,run_shell_command,4,cd /Users/nashid/repos/qwen-cli-automation/workspace/JxPath_19 && defects4j test
JxPath_19,run_shell_command,1,cd /Users/nashid/repos/qwen-cli-automation/workspace/JxPath_19 && defects4j test -t AliasedNamespaceIterationTest
JxPath_19,run_shell_command,1,"cd /Users/nashid/repos/qwen-cli-automation/workspace/JxPath_19 && grep -A 20 ""testIterateJDOM"" bug_triggering_tests.20251030_132933.log"
JxPath_19,run_shell_command,1,"cd /Users/nashid/repos/qwen-cli-automation/workspace/JxPath_19 && grep -n ""getRelativePositionOfElement"" src/java/org/apache/commons/jxpath/ri/model/dom/DOMNodePointer.java"
JxPath_19,run_shell_command,1,cd /Users/nashid/repos/qwen-cli-automation/workspace/JxPath_19 && java -cp src/java:target/lib/commons-beanutils-1.7.0.jar:target/lib/commons-logging-1.1.jar:target/lib/jdom-1.0.jar:target/lib/jsp-api-2.0.jar:target/lib/junit-3.8.1.jar:target/lib/mockrunner-0.4.1.jar:target/lib/mockrunner-jdk1.3-j2ee1.3-0.4.jar:target/lib/servletapi-2.4.jar:target/lib/xerces-2.4.0.jar:target/lib/xml-apis-2.0.2.jar:src/test:target/classes:target/test-classes:/Users/nashid/repos/defects4j/framework/projects/lib/junit-4.11.jar org.junit.runner.JUnitCore org.apache.commons.jxpath.ri.model.AliasedNamespaceIterationTest
JxPath_19,run_shell_command,1,cd /Users/nashid/repos/qwen-cli-automation/workspace/JxPath_19 && tail -50 bug_triggering_tests.20251030_132858.log
JxPath_19,search_file_content,3,
JxPath_19,todo_write,1,
JxPath_2,edit,5,
JxPath_2,glob,4,
JxPath_2,read_file,14,
JxPath_2,run_shell_command,1,./run_all_tests_trace.sh
JxPath_2,run_shell_command,1,./run_bug_exposing_tests.sh
JxPath_2,run_shell_command,1,"cd /Users/nashid/repos/qwen-cli-automation/workspace/JxPath_2 && java -cp target/classes:target/test-classes:$(find target/lib -name ""*.jar"" | tr '\n' ':') org.apache.commons.jxpath.ri.compiler.ExtensionFunctionTest"
JxPath_2,run_shell_command,1,cd /Users/nashid/repos/qwen-cli-automation/workspace/JxPath_2 && sed -i '19i import org.apache.commons.jxpath.NodeSet;' src/java/org/apache/commons/jxpath/ri/compiler/Expression.java
JxPath_2,run_shell_command,1,"cd /Users/nashid/repos/qwen-cli-automation/workspace/JxPath_2 && sed -n '16,30p' src/java/org/apache/commons/jxpath/ri/compiler/Expression.java"
JxPath_2,run_shell_command,3,defects4j compile
JxPath_2,run_shell_command,3,defects4j test
JxPath_2,run_shell_command,2,defects4j test -t org.apache.commons.jxpath.ri.compiler.ExtensionFunctionTest::testNodeSetReturn
JxPath_2,run_shell_command,1,"find . -name ""*Test*.java"" | head -20"
JxPath_2,search_file_content,3,
JxPath_2,write_file,1,
JxPath_20,edit,5,
JxPath_20,list_directory,1,
JxPath_20,read_file,13,
JxPath_20,run_shell_command,1,./run_all_tests_trace.sh
JxPath_20,run_shell_command,1,./run_bug_exposing_tests.sh
JxPath_20,run_shell_command,1,defects4j compile
JxPath_20,run_shell_command,1,"defects4j compile && javac -cp ""src/java:target/classes:target/lib/*"" TestDetailed.java && java -cp "".:src/java:target/classes:target/lib/*"" TestDetailed"
JxPath_20,run_shell_command,2,"defects4j compile && javac -cp ""src/java:target/classes:target/lib/*"" TestIssue.java && java -cp "".:src/java:target/classes:target/lib/*"" TestIssue"
JxPath_20,run_shell_command,2,defects4j test
JxPath_20,run_shell_command,1,defects4j test -t org.apache.commons.jxpath.ri.compiler.CoreOperationTest::testNodeSetOperations
JxPath_20,run_shell_command,1,defects4j test -t org.apache.commons.jxpath.ri.compiler.CoreOperationTest::testNodeSetOperations 2>&1 | head -20
JxPath_20,run_shell_command,1,defects4j test -t org.apache.commons.jxpath.ri.compiler.JXPath149Test
JxPath_20,run_shell_command,1,defects4j test -t org.apache.commons.jxpath.ri.compiler.JXPath149Test::testComplexOperationWithVariables
JxPath_20,run_shell_command,1,"defects4j test 2>&1 | grep -A 20 ""Failing tests"""
JxPath_20,run_shell_command,1,git diff
JxPath_20,run_shell_command,2,git stash
JxPath_20,run_shell_command,2,git stash pop
JxPath_20,run_shell_command,1,"javac -cp ""src/java:target/classes:target/lib/*"" ComprehensiveTest.java && java -cp "".:src/java:target/classes:target/lib/*"" ComprehensiveTest"
JxPath_20,run_shell_command,2,"javac -cp ""src/java:target/classes:target/lib/*"" TestDetailed.java && java -cp "".:src/java:target/classes:target/lib/*"" TestDetailed"
JxPath_20,run_shell_command,3,"javac -cp ""src/java:target/classes:target/lib/*"" TestIssue.java && java -cp "".:src/java:target/classes:target/lib/*"" TestIssue"
JxPath_20,search_file_content,2,
JxPath_20,todo_write,1,
JxPath_20,write_file,3,
JxPath_3,edit,2,
JxPath_3,list_directory,3,
JxPath_3,read_file,7,
JxPath_3,run_shell_command,1,cd /Users/nashid/repos/qwen-cli-automation/workspace/JxPath_3 && ./run_all_tests_trace.sh
JxPath_3,run_shell_command,1,cd /Users/nashid/repos/qwen-cli-automation/workspace/JxPath_3 && ./run_bug_exposing_tests.sh
JxPath_3,run_shell_command,1,cd /Users/nashid/repos/qwen-cli-automation/workspace/JxPath_3 && defects4j compile
JxPath_3,run_shell_command,2,cd /Users/nashid/repos/qwen-cli-automation/workspace/JxPath_3 && defects4j test
JxPath_3,run_shell_command,2,cd /Users/nashid/repos/qwen-cli-automation/workspace/JxPath_3 && defects4j test -t org.apache.commons.jxpath.ri.model.beans.BadlyImplementedFactoryTest::testBadFactoryImplementation
JxPath_3,run_shell_command,1,cd /Users/nashid/repos/qwen-cli-automation/workspace/JxPath_3 && defects4j test -t org.apache.commons.jxpath.ri.model.beans.BadlyImplementedFactoryTest::testBadFactoryImplementation -v
JxPath_3,run_shell_command,1,"cd /Users/nashid/repos/qwen-cli-automation/workspace/JxPath_3 && java -cp src/java:target/classes:target/lib/commons-beanutils-1.4.jar:target/lib/commons-collections-2.0.jar:target/lib/commons-logging-1.0.4.jar:target/lib/jdom-1.0.jar:target/lib/junit-3.8.1.jar:target/lib/junit-3.8.jar:target/lib/mockrunner-0.4.1.jar:target/lib/servletapi-2.2.jar:target/lib/xerces-1.2.3.jar:target/lib/xml-apis-2.0.2.jar:src/test:target/test-classes:$(find /Users/nashid/repos/defects4j/framework/projects/lib -name ""*.jar"" | tr '\n' ':') org.junit.runner.JUnitCore org.apache.commons.jxpath.ri.model.beans.BadlyImplementedFactoryTest"
JxPath_3,run_shell_command,1,cd /Users/nashid/repos/qwen-cli-automation/workspace/JxPath_3 && javac -cp src/java:target/classes:target/lib/commons-beanutils-1.4.jar:target/lib/commons-collections-2.0.jar:target/lib/commons-logging-1.0.4.jar:target/lib/jdom-1.0.jar:target/lib/junit-3.8.1.jar:target/lib/junit-3.8.jar:target/lib/mockrunner-0.4.1.jar:target/lib/servletapi-2.2.jar:target/lib/xerces-1.2.3.jar:target/lib/xml-apis-2.0.2.jar:src/test:target/test-classes TestStackOverflow.java && java -cp .:src/java:target/classes:target/lib/commons-beanutils-1.4.jar:target/lib/commons-collections-2.0.jar:target/lib/commons-logging-1.0.4.jar:target/lib/jdom-1.0.jar:target/lib/junit-3.8.1.jar:target/lib/junit-3.8.jar:target/lib/mockrunner-0.4.1.jar:target/lib/servletapi-2.2.jar:target/lib/xerces-1.2.3.jar:target/lib/xml-apis-2.0.2.jar:src/test:target/test-classes TestStackOverflow
JxPath_3,run_shell_command,1,"find /Users/nashid/repos/qwen-cli-automation/workspace/JxPath_3 -name ""*.java"" | head -20"
JxPath_3,search_file_content,4,
JxPath_3,todo_write,3,
JxPath_3,write_file,1,
JxPath_4,edit,5,
JxPath_4,glob,4,
JxPath_4,read_file,14,
JxPath_4,run_shell_command,2,./run_all_tests_trace.sh
JxPath_4,run_shell_command,3,./run_bug_exposing_tests.sh
JxPath_4,run_shell_command,2,defects4j compile
JxPath_4,run_shell_command,1,defects4j test -t org.apache.commons.jxpath.ri.model.XMLSpaceTest
JxPath_4,run_shell_command,1,"grep -n ""test.*DOM\|test.*JDOM\|doTest"" /Users/nashid/repos/qwen-cli-automation/workspace/JxPath_4/src/test/org/apache/commons/jxpath/ri/model/XMLSpaceTest.java"
JxPath_4,run_shell_command,1,tail -20 /Users/nashid/repos/qwen-cli-automation/workspace/JxPath_4/all_tests_trace.20251030_125012.log
JxPath_4,search_file_content,2,
JxPath_7,edit,3,
JxPath_7,read_file,12,
JxPath_7,run_shell_command,1,cd /Users/nashid/repos/qwen-cli-automation/workspace/JxPath_7 && ./run_bug_exposing_tests.sh
JxPath_7,run_shell_command,1,cd /Users/nashid/repos/qwen-cli-automation/workspace/JxPath_7 && cp src/java/org/apache/commons/jxpath/ri/compiler/CoreOperationLessThan.java src/java/org/apache/commons/jxpath/ri/compiler/CoreOperationLessThan.java.bak
JxPath_7,run_shell_command,1,cd /Users/nashid/repos/qwen-cli-automation/workspace/JxPath_7 && defects4j compile
JxPath_7,run_shell_command,1,cd /Users/nashid/repos/qwen-cli-automation/workspace/JxPath_7 && defects4j test
JxPath_7,run_shell_command,1,cd /Users/nashid/repos/qwen-cli-automation/workspace/JxPath_7 && defects4j test -t org.apache.commons.jxpath.ri.compiler.CoreOperationTest::testNodeSetOperations
JxPath_7,run_shell_command,1,"cd /Users/nashid/repos/qwen-cli-automation/workspace/JxPath_7 && find src/java -name ""*.java"" -exec grep -l ""NodeSet\|node.*set"" {} \;"
JxPath_7,run_shell_command,1,"cd /Users/nashid/repos/qwen-cli-automation/workspace/JxPath_7 && grep -r ""NodeSet"" src/java/org/apache/commons/jxpath/ri/InfoSetUtil.java"
JxPath_7,search_file_content,3,
JxPath_7,todo_write,1,
JxPath_7,write_file,4,
JxPath_9,edit,2,
JxPath_9,read_file,12,
JxPath_9,run_shell_command,2,cd /Users/nashid/repos/qwen-cli-automation/workspace/JxPath_9 && ./run_bug_exposing_tests.sh
JxPath_9,run_shell_command,3,cd /Users/nashid/repos/qwen-cli-automation/workspace/JxPath_9 && defects4j compile
JxPath_9,run_shell_command,3,cd /Users/nashid/repos/qwen-cli-automation/workspace/JxPath_9 && defects4j test
JxPath_9,run_shell_command,1,cd /Users/nashid/repos/qwen-cli-automation/workspace/JxPath_9 && defects4j test -t org.apache.commons.jxpath.ri.compiler.CoreOperationTest::testNan
JxPath_9,run_shell_command,1,cd /Users/nashid/repos/qwen-cli-automation/workspace/JxPath_9 && defects4j test -t org.apache.commons.jxpath.ri.compiler.CoreOperationTest::testNan 2>&1
JxPath_9,run_shell_command,1,"cd /Users/nashid/repos/qwen-cli-automation/workspace/JxPath_9 && git add src/java/org/apache/commons/jxpath/ri/compiler/CoreOperationCompare.java && git commit -m ""Fix NaN comparison bug - NaN should not equal NaN according to IEEE 754 standard"" && echo ""Commit created successfully"""
JxPath_9,run_shell_command,1,cd /Users/nashid/repos/qwen-cli-automation/workspace/JxPath_9 && git diff src/java/org/apache/commons/jxpath/ri/compiler/CoreOperationCompare.java
JxPath_9,run_shell_command,1,cd /Users/nashid/repos/qwen-cli-automation/workspace/JxPath_9 && git status
JxPath_9,run_shell_command,1,"cd /Users/nashid/repos/qwen-cli-automation/workspace/JxPath_9 && java -cp ""$(defects4j export -p cp.test)"" org.junit.runner.JUnitCore org.apache.commons.jxpath.ri.compiler.CoreOperationTest"
JxPath_9,run_shell_command,1,"cd /Users/nashid/repos/qwen-cli-automation/workspace/JxPath_9 && javac -cp ""$(defects4j export -p cp.test)"" ManualTest.java && java -cp ""$(defects4j export -p cp.test):."" ManualTest"
JxPath_9,run_shell_command,1,cd /Users/nashid/repos/qwen-cli-automation/workspace/JxPath_9 && javac TestNaN.java && java TestNaN
JxPath_9,run_shell_command,1,cd /Users/nashid/repos/qwen-cli-automation/workspace/JxPath_9 && rm -rf target && defects4j compile
JxPath_9,run_shell_command,1,cd /Users/nashid/repos/qwen-cli-automation/workspace/JxPath_9 && rm -rf target/test-classes && defects4j compile
JxPath_9,search_file_content,1,
JxPath_9,todo_write,1,
JxPath_9,write_file,2,
Lang_15,edit,7,
Lang_15,glob,2,
Lang_15,read_file,8,
Lang_15,run_shell_command,2,cd /Users/nashid/repos/qwen-cli-automation/workspace/Lang_15 && ./run_bug_exposing_tests.sh
Lang_15,run_shell_command,1,cd /Users/nashid/repos/qwen-cli-automation/workspace/Lang_15 && defects4j compile
Lang_15,run_shell_command,3,cd /Users/nashid/repos/qwen-cli-automation/workspace/Lang_15 && defects4j test
Lang_15,run_shell_command,2,cd /Users/nashid/repos/qwen-cli-automation/workspace/Lang_15 && defects4j test -t org.apache.commons.lang3.reflect.TypeUtilsTest::testGetTypeArguments
Lang_15,run_shell_command,1,cd /Users/nashid/repos/qwen-cli-automation/workspace/Lang_15 && defects4j test -t org.apache.commons.lang3.reflect.TypeUtilsTest::testIsAssignable
Lang_15,run_shell_command,1,"cd /Users/nashid/repos/qwen-cli-automation/workspace/Lang_15 && java -cp target/classes:target/tests:$(find ~/.m2/repository -name ""*.jar"" | grep -E ""(junit|commons-lang)"" | head -10 | tr '\n' ':') org.junit.runner.JUnitCore org.apache.commons.lang3.reflect.TypeUtilsTest"
Lang_15,search_file_content,2,
Lang_15,todo_write,3,
Lang_19,edit,7,
Lang_19,read_file,9,
Lang_19,run_shell_command,1,./run_all_tests_trace.sh
Lang_19,run_shell_command,1,./run_bug_exposing_tests.sh
Lang_19,run_shell_command,2,cd /Users/nashid/repos/qwen-cli-automation/workspace/Lang_19 && defects4j compile
Lang_19,run_shell_command,1,cd /Users/nashid/repos/qwen-cli-automation/workspace/Lang_19 && defects4j compile && javac -cp target/classes:target/tests TestStringIndex.java && java -cp .:target/classes:target/tests TestStringIndex
Lang_19,run_shell_command,2,cd /Users/nashid/repos/qwen-cli-automation/workspace/Lang_19 && defects4j test
Lang_19,run_shell_command,1,"cd /Users/nashid/repos/qwen-cli-automation/workspace/Lang_19 && defects4j test -t ""org.apache.commons.lang3.text.translate.NumericEntityEscaperTest"""
Lang_19,run_shell_command,1,"cd /Users/nashid/repos/qwen-cli-automation/workspace/Lang_19 && defects4j test -t ""org.apache.commons.lang3.text.translate.NumericEntityUnescaperTest::testOutOfBounds"""
Lang_19,run_shell_command,1,"cd /Users/nashid/repos/qwen-cli-automation/workspace/Lang_19 && defects4j test -t ""org.apache.commons.lang3.text.translate.NumericEntityUnescaperTest::testOutOfBounds"" -v"
Lang_19,run_shell_command,1,"cd /Users/nashid/repos/qwen-cli-automation/workspace/Lang_19 && defects4j test -t ""org.apache.commons.lang3.text.translate.NumericEntityUnescaperTest::testUnfinishedEntity"""
Lang_19,run_shell_command,1,cd /Users/nashid/repos/qwen-cli-automation/workspace/Lang_19 && defects4j test -v
Lang_19,run_shell_command,1,cd /Users/nashid/repos/qwen-cli-automation/workspace/Lang_19 && git checkout HEAD -- src/main/java/org/apache/commons/lang3/text/translate/NumericEntityUnescaper.java
Lang_19,run_shell_command,1,cd /Users/nashid/repos/qwen-cli-automation/workspace/Lang_19 && java -cp .:target/classes:target/tests TestStringIndex
Lang_19,run_shell_command,1,"cd /Users/nashid/repos/qwen-cli-automation/workspace/Lang_19 && java -cp target/classes:target/tests:$(find /Users/nashid/repos/defects4j/framework/projects/lib -name ""*.jar"" | head -1) org.junit.runner.JUnitCore org.apache.commons.lang3.text.translate.NumericEntityUnescaperTest"
Lang_19,run_shell_command,3,cd /Users/nashid/repos/qwen-cli-automation/workspace/Lang_19 && javac -cp target/classes:target/tests TestSpecificCases.java && java -cp .:target/classes:target/tests TestSpecificCases
Lang_19,run_shell_command,1,cd /Users/nashid/repos/qwen-cli-automation/workspace/Lang_19 && javac -cp target/classes:target/tests TestStringIndex.java
Lang_19,run_shell_command,1,cd /Users/nashid/repos/qwen-cli-automation/workspace/Lang_19 && javac -cp target/classes:target/tests src/test/java/org/apache/commons/lang3/text/translate/NumericEntityUnescaperTest.java
Lang_19,run_shell_command,1,defects4j compile
Lang_19,run_shell_command,2,defects4j test
Lang_19,run_shell_command,1,defects4j test -t org.apache.commons.lang3.text.translate.NumericEntityUnescaperTest
Lang_19,search_file_content,1,
Lang_19,todo_write,2,
Lang_19,write_file,2,
Lang_20,edit,2,
Lang_20,glob,1,
Lang_20,read_file,6,
Lang_20,run_shell_command,2,./run_bug_exposing_tests.sh
Lang_20,run_shell_command,1,defects4j compile
Lang_20,run_shell_command,2,defects4j test
Lang_20,run_shell_command,1,defects4j test -t org.apache.commons.lang3.StringUtilsTest::testJoin_ArrayChar
Lang_20,run_shell_command,1,defects4j test -t org.apache.commons.lang3.StringUtilsTest::testJoin_Objectarray
Lang_20,search_file_content,2,
Lang_20,todo_write,2,
Lang_23,edit,1,
Lang_23,read_file,6,
Lang_23,run_shell_command,1,cd /Users/nashid/repos/qwen-cli-automation/workspace/Lang_23 && ./run_all_tests_trace.sh
Lang_23,run_shell_command,1,cd /Users/nashid/repos/qwen-cli-automation/workspace/Lang_23 && ./run_bug_exposing_tests.sh
Lang_23,run_shell_command,2,cd /Users/nashid/repos/qwen-cli-automation/workspace/Lang_23 && defects4j compile
Lang_23,run_shell_command,2,cd /Users/nashid/repos/qwen-cli-automation/workspace/Lang_23 && defects4j test
Lang_23,run_shell_command,2,cd /Users/nashid/repos/qwen-cli-automation/workspace/Lang_23 && defects4j test -t org.apache.commons.lang3.text.ExtendedMessageFormatTest::testEqualsHashcode
Lang_23,run_shell_command,1,"cd /Users/nashid/repos/qwen-cli-automation/workspace/Lang_23 && find . -name ""*.java"" -exec grep -l ""class MessageFormat"" {} \;"
Lang_23,search_file_content,3,
Lang_23,todo_write,1,
Lang_30,edit,3,
Lang_30,glob,2,
Lang_30,read_file,13,
Lang_30,run_shell_command,1,cd /Users/nashid/repos/qwen-cli-automation/workspace/Lang_30 && ./run_bug_exposing_tests.sh
Lang_30,run_shell_command,2,cd /Users/nashid/repos/qwen-cli-automation/workspace/Lang_30 && defects4j compile
Lang_30,run_shell_command,1,cd /Users/nashid/repos/qwen-cli-automation/workspace/Lang_30 && defects4j test
Lang_30,run_shell_command,1,"cd /Users/nashid/repos/qwen-cli-automation/workspace/Lang_30 && grep -n ""containsAny"" src/main/java/org/apache/commons/lang3/StringUtils.java"
Lang_30,run_shell_command,1,cd /Users/nashid/repos/qwen-cli-automation/workspace/Lang_30 && java -cp /Users/nashid/repos/defects4j/framework/projects/Lang/lib/junit/junit/4.7/junit-4.7.jar:/Users/nashid/repos/defects4j/framework/projects/Lang/lib/org/easymock/easymock/2.5.2/easymock-2.5.2.jar:/Users/nashid/repos/qwen-cli-automation/workspace/Lang_30/target/classes:/Users/nashid/repos/qwen-cli-automation/workspace/Lang_30/target/test-classes:/Users/nashid/repos/defects4j/framework/projects/Lang/lib/cglib.jar:/Users/nashid/repos/defects4j/framework/projects/Lang/lib/asm.jar:/Users/nashid/repos/defects4j/framework/projects/Lang/lib/easymock.jar:/Users/nashid/repos/defects4j/framework/projects/Lang/lib/commons-io.jar:/Users/nashid/repos/defects4j/framework/projects/lib/junit-4.11.jar org.junit.runner.JUnitCore org.apache.commons.lang3.StringUtilsEqualsIndexOfTest -m testContainsAny_StringCharArrayWithBadSupplementaryChars
Lang_30,run_shell_command,1,cd /Users/nashid/repos/qwen-cli-automation/workspace/Lang_30 && javac TestUnicodeIssue.java && java TestUnicodeIssue
Lang_30,run_shell_command,1,"cd /Users/nashid/repos/qwen-cli-automation/workspace/Lang_30 && sed -n '1421,1490p' src/main/java/org/apache/commons/lang3/StringUtils.java"
Lang_30,search_file_content,4,
Lang_30,write_file,1,
Lang_32,edit,9,
Lang_32,read_file,10,
Lang_32,run_shell_command,1,./run_bug_exposing_tests.sh
Lang_32,run_shell_command,1,./run_bug_exposing_tests.sh 2>&1 | tail -20
Lang_32,run_shell_command,2,defects4j compile
Lang_32,run_shell_command,1,defects4j compile && defects4j test
Lang_32,run_shell_command,6,defects4j test
Lang_32,run_shell_command,2,defects4j test -t org.apache.commons.lang3.builder.HashCodeBuilderTest::testReflectionObjectCycle
Lang_32,run_shell_command,1,git diff
Lang_32,run_shell_command,1,git status
Lang_32,run_shell_command,1,"javac -cp ""target/classes:target/test-classes"" TestRegistry.java && java -cp "".:target/classes:target/test-classes"" TestRegistry"
Lang_32,search_file_content,5,
Lang_32,todo_write,1,
Lang_32,write_file,1,
Lang_34,edit,9,
Lang_34,glob,1,
Lang_34,read_file,11,
Lang_34,run_shell_command,1,./run_bug_exposing_tests.sh
Lang_34,run_shell_command,3,defects4j compile
Lang_34,run_shell_command,2,defects4j test
Lang_34,run_shell_command,1,defects4j test -t org.apache.commons.lang3.builder.ToStringBuilderTest::testObjectCycle
Lang_34,run_shell_command,1,git checkout -- /Users/nashid/repos/qwen-cli-automation/workspace/Lang_34/src/main/java/org/apache/commons/lang3/builder/ToStringStyle.java /Users/nashid/repos/qwen-cli-automation/workspace/Lang_34/src/main/java/org/apache/commons/lang3/builder/HashCodeBuilder.java
Lang_34,run_shell_command,1,git diff
Lang_34,search_file_content,1,
Lang_35,edit,1,
Lang_35,read_file,6,
Lang_35,run_shell_command,1,./run_bug_exposing_tests.sh
Lang_35,run_shell_command,1,cd /Users/nashid/repos/qwen-cli-automation/workspace/Lang_35 && defects4j export -p tests.trigger
Lang_35,run_shell_command,1,"cd /Users/nashid/repos/qwen-cli-automation/workspace/Lang_35 && java -cp target/classes:target/test-classes:$(find . -name ""*.jar"" | head -10 | tr '\n' ':') org.apache.commons.lang3.ArrayUtilsAddTest"
Lang_35,run_shell_command,1,"cd /Users/nashid/repos/qwen-cli-automation/workspace/Lang_35 && java -cp target/classes:target/test-classes:$(find lib -name ""*.jar"" | tr '\n' ':') org.junit.runner.JUnitCore org.apache.commons.lang3.ArrayUtilsAddTest::testLANG571"
Lang_35,run_shell_command,1,cd /Users/nashid/repos/qwen-cli-automation/workspace/Lang_35 && java -cp target/classes:target/test-classes:lib/junit/junit/4.7/junit-4.7.jar:lib/org/easymock/easymock/2.5.2/easymock-2.5.2.jar org.junit.runner.JUnitCore org.apache.commons.lang3.ArrayUtilsAddTest
Lang_35,run_shell_command,1,cd /Users/nashid/repos/qwen-cli-automation/workspace/Lang_35 && javac -cp target/classes TestFix.java && java -cp target/classes:. TestFix
Lang_35,run_shell_command,2,defects4j compile
Lang_35,run_shell_command,2,defects4j test
Lang_35,run_shell_command,2,defects4j test -t org.apache.commons.lang3.ArrayUtilsAddTest::testLANG571
Lang_35,search_file_content,1,
Lang_35,write_file,1,
Lang_4,edit,2,
Lang_4,glob,3,
Lang_4,read_file,7,
Lang_4,run_shell_command,1,./run_all_tests_trace.sh
Lang_4,run_shell_command,1,./run_bug_exposing_tests.sh
Lang_4,run_shell_command,2,defects4j test
Lang_4,run_shell_command,1,defects4j test -t org.apache.commons.lang3.text.translate.LookupTranslatorTest::testLang882
Lang_4,run_shell_command,1,git add src/main/java/org/apache/commons/lang3/text/translate/LookupTranslator.java
Lang_4,run_shell_command,1,"git commit -m ""Fix LookupTranslator to use String keys for proper CharSequence equality

The LookupTranslator was storing CharSequence keys directly in a HashMap,
but different implementations of CharSequence (like StringBuffer and String)
don't properly implement equals() and hashCode(), causing lookups to fail
when the key type differed from the input type.

This change converts all keys to String using toString() before storing
them in the lookup map, ensuring consistent behavior regardless of the
CharSequence implementation used for keys.

Fixes LANG-882"""
Lang_4,run_shell_command,1,git status
Lang_4,todo_write,2,
Lang_41,edit,4,
Lang_41,read_file,7,
Lang_41,run_shell_command,1,./run_all_tests_trace.sh
Lang_41,run_shell_command,2,./run_bug_exposing_tests.sh
Lang_41,run_shell_command,2,cd /Users/nashid/repos/qwen-cli-automation/workspace/Lang_41 && defects4j compile
Lang_41,run_shell_command,1,cd /Users/nashid/repos/qwen-cli-automation/workspace/Lang_41 && defects4j test
Lang_41,run_shell_command,1,"cd /Users/nashid/repos/qwen-cli-automation/workspace/Lang_41 && grep -n -A 15 ""public static String getPackageName"" src/java/org/apache/commons/lang/ClassUtils.java"
Lang_41,run_shell_command,1,"cd /Users/nashid/repos/qwen-cli-automation/workspace/Lang_41 && grep -n -A 20 ""public static String getShortClassName"" src/java/org/apache/commons/lang/ClassUtils.java"
Lang_41,run_shell_command,2,cd /Users/nashid/repos/qwen-cli-automation/workspace/Lang_41 && java -cp target/classes:target/test-classes:/Users/nashid/repos/defects4j/framework/projects/Lang/lib/junit/junit/4.7/junit-4.7.jar org.junit.runner.JUnitCore org.apache.commons.lang.ClassUtilsTest
Lang_41,run_shell_command,1,"cd /Users/nashid/repos/qwen-cli-automation/workspace/Lang_41 && sed -n '183,203p' src/java/org/apache/commons/lang/ClassUtils.java"
Lang_41,run_shell_command,1,defects4j test -t org.apache.commons.lang.ClassUtilsTest
Lang_41,search_file_content,4,
Lang_41,todo_write,1,
Lang_46,edit,6,
Lang_46,glob,1,
Lang_46,read_file,11,
Lang_46,run_shell_command,1,./run_bug_exposing_tests.sh
Lang_46,run_shell_command,1,cd /Users/nashid/repos/qwen-cli-automation/workspace/Lang_46 && defects4j test
Lang_46,run_shell_command,1,cd /Users/nashid/repos/qwen-cli-automation/workspace/Lang_46 && defects4j test -t StringEscapeUtilsTest::testEscapeJavaWithSlash
Lang_46,run_shell_command,1,cd /Users/nashid/repos/qwen-cli-automation/workspace/Lang_46 && git checkout HEAD -- src/java/org/apache/commons/lang/StringEscapeUtils.java
Lang_46,run_shell_command,1,cd /Users/nashid/repos/qwen-cli-automation/workspace/Lang_46 && perl -i -0777 -pe 's/                    case \\/ :\\n                            out\\.write\\(\'\\\\\\\\\\\\\\\\\\\\\\\\\\\\\\\\\\\'\\);\\n                        out\\.write\\(\'\\/\'\\);\\n                        break;\\n//g' src/java/org/apache/commons/lang/StringEscapeUtils.java
Lang_46,run_shell_command,1,cd /Users/nashid/repos/qwen-cli-automation/workspace/Lang_46 && perl -i -pe 's/(case \\/ :)/\/\/ case \\/ : \/\/ Removed as \\/ is not a valid escape character in Java strings/' src/java/org/apache/commons/lang/StringEscapeUtils.java
Lang_46,run_shell_command,1,cd /Users/nashid/repos/qwen-cli-automation/workspace/Lang_46 && sed -i '' 's/                    case \\/ :/                    \/\/ case \\/ : \/\/ Removed as \\/ is not a valid escape character in Java strings/' src/java/org/apache/commons/lang/StringEscapeUtils.java
Lang_46,run_shell_command,1,cp /Users/nashid/repos/qwen-cli-automation/workspace/Lang_46/src/java/org/apache/commons/lang/StringEscapeUtils.java /Users/nashid/repos/qwen-cli-automation/workspace/Lang_46/src/java/org/apache/commons/lang/StringEscapeUtils.java.bak
Lang_46,run_shell_command,1,cp /Users/nashid/repos/qwen-cli-automation/workspace/Lang_46/src/java/org/apache/commons/lang/StringEscapeUtils.java.bak /Users/nashid/repos/qwen-cli-automation/workspace/Lang_46/src/java/org/apache/commons/lang/StringEscapeUtils.java
Lang_46,run_shell_command,1,"cp /Users/nashid/repos/qwen-cli-automation/workspace/Lang_46/src/java/org/apache/commons/lang/StringEscapeUtils.java.bak /Users/nashid/repos/qwen-cli-automation/workspace/Lang_46/src/java/org/apache/commons/lang/StringEscapeUtils.java && \
sed -i '' '243s/^.*$/                    \/\/ case \\/ : \/\/ Removed as \\/ is not a valid escape character in Java strings/' /Users/nashid/repos/qwen-cli-automation/workspace/Lang_46/src/java/org/apache/commons/lang/StringEscapeUtils.java"
Lang_46,run_shell_command,2,defects4j compile
Lang_46,run_shell_command,1,defects4j compile && defects4j test -t StringEscapeUtilsTest::testEscapeJavaWithSlash
Lang_46,run_shell_command,2,defects4j test
Lang_46,run_shell_command,1,defects4j test -t StringEscapeUtilsTest::testEscapeJavaScript
Lang_46,run_shell_command,3,defects4j test -t StringEscapeUtilsTest::testEscapeJavaWithSlash
Lang_46,run_shell_command,1,"defects4j test -t StringEscapeUtilsTest::testEscapeJavaWithSlash && echo ""Test result: $? && echo ""Test passed!"" || echo ""Test failed!"""
Lang_46,run_shell_command,1,"grep -n ""case '/'"" /Users/nashid/repos/qwen-cli-automation/workspace/Lang_46/src/java/org/apache/commons/lang/StringEscapeUtils.java"
Lang_46,run_shell_command,1,"grep -n -A 5 -B 5 ""case '/'"" /Users/nashid/repos/qwen-cli-automation/workspace/Lang_46/src/java/org/apache/commons/lang/StringEscapeUtils.java"
Lang_46,run_shell_command,1,javac -cp target/classes:target/tests TestBothEscapes.java && java -cp .:target/classes:target/tests TestBothEscapes
Lang_46,run_shell_command,2,javac -cp target/classes:target/tests TestEscapeJava.java && java -cp .:target/classes:target/tests TestEscapeJava
Lang_46,run_shell_command,1,javac -cp target/classes:target/tests TestJavaScriptBehavior.java && java -cp .:target/classes:target/tests TestJavaScriptBehavior
Lang_46,search_file_content,2,
Lang_46,todo_write,2,
Lang_46,write_file,5,
Lang_47,edit,6,
Lang_47,glob,2,
Lang_47,read_file,12,
Lang_47,run_shell_command,1,./run_bug_exposing_tests.sh
Lang_47,run_shell_command,1,"cd /Users/nashid/repos/qwen-cli-automation/workspace/Lang_47 && \
cp src/java/org/apache/commons/lang/text/StrBuilder.java.backup src/java/org/apache/commons/lang/text/StrBuilder.java && \
sed -i '' '/String str = (obj == null ? getNullText() : obj.toString());/a\\n            if (str == null) {\\n                str = \""\"";\\n            }' src/java/org/apache/commons/lang/text/StrBuilder.java"
Lang_47,run_shell_command,1,"cd /Users/nashid/repos/qwen-cli-automation/workspace/Lang_47 && \
cp src/java/org/apache/commons/lang/text/StrBuilder.java.backup src/java/org/apache/commons/lang/text/StrBuilder.java && \
sed -i '' 's/str = (obj == null ? getNullText() : obj.toString());/str = (obj == null ? getNullText() : obj.toString());\n        if (str == null) {\n            str = \""\"";\n        }/' src/java/org/apache/commons/lang/text/StrBuilder.java"
Lang_47,run_shell_command,1,"cd /Users/nashid/repos/qwen-cli-automation/workspace/Lang_47 && \
perl -i -0777 -pe 's/(String str = \(obj == null \? getNullText\(\) : obj\.toString\(\)\);\n\s+int strLen = str\.length\(\);)/$1\n            if (str == null) {\n                str = \""\"";\n            }/g' src/java/org/apache/commons/lang/text/StrBuilder.java"
Lang_47,run_shell_command,2,"cd /Users/nashid/repos/qwen-cli-automation/workspace/Lang_47 && \
sed -i '' '/String str = (obj == null ? getNullText() : obj.toString());/a\\n            if (str == null) {\\n                str = \""\"";\\n            }' src/java/org/apache/commons/lang/text/StrBuilder.java"
Lang_47,run_shell_command,1,"cd /Users/nashid/repos/qwen-cli-automation/workspace/Lang_47 && \
sed -i '' '/appendFixedWidthPadRight/,/int strLen = str.length();/s/int strLen = str.length();/if (str == null) {\n            str = \""\"";\n        }\n        int strLen = str.length();/' src/java/org/apache/commons/lang/text/StrBuilder.java"
Lang_47,run_shell_command,1,"cd /Users/nashid/repos/qwen-cli-automation/workspace/Lang_47 && \
sed -i '' '/if (str == null) {/{
    N
    /str = """";/!{
        s/if (str == null) {\n            str = """";\n        }\n        if (str == null) {\n            str = """";/if (str == null) {\n            str = """";\n        }/g
    }
}' src/java/org/apache/commons/lang/text/StrBuilder.java"
Lang_47,run_shell_command,1,"cd /Users/nashid/repos/qwen-cli-automation/workspace/Lang_47 && \
sed -i '' 's/String str = (obj == null ? getNullText() : obj.toString());/String str = (obj == null ? getNullText() : obj.toString());\n        if (str == null) {\n            str = \""\"";\n        }/' src/java/org/apache/commons/lang/text/StrBuilder.java"
Lang_47,run_shell_command,1,"cd /Users/nashid/repos/qwen-cli-automation/workspace/Lang_47 && \
sed -i.bak2 's/\(String str = (obj == null ? getNullText() : obj.toString());\)/\1\n            if (str == null) {\n                str = \""\"";\n            }/' src/java/org/apache/commons/lang/text/StrBuilder.java"
Lang_47,run_shell_command,1,cp /Users/nashid/repos/qwen-cli-automation/workspace/Lang_47/src/java/org/apache/commons/lang/text/StrBuilder.java /Users/nashid/repos/qwen-cli-automation/workspace/Lang_47/src/java/org/apache/commons/lang/text/StrBuilder.java.backup
Lang_47,run_shell_command,1,cp /Users/nashid/repos/qwen-cli-automation/workspace/Lang_47/src/java/org/apache/commons/lang/text/StrBuilder.java.backup /Users/nashid/repos/qwen-cli-automation/workspace/Lang_47/src/java/org/apache/commons/lang/text/StrBuilder.java
Lang_47,run_shell_command,3,defects4j compile
Lang_47,run_shell_command,4,defects4j test
Lang_47,run_shell_command,2,defects4j test -t org.apache.commons.lang.text.StrBuilderTest::testLang412Left
Lang_47,run_shell_command,1,defects4j test -t org.apache.commons.lang.text.StrBuilderTest::testLang412Right
Lang_47,run_shell_command,1,git diff src/java/org/apache/commons/lang/text/StrBuilder.java
Lang_47,run_shell_command,1,git status
Lang_47,run_shell_command,1,"grep -n -A 20 ""appendFixedWidthPadLeft"" /Users/nashid/repos/qwen-cli-automation/workspace/Lang_47/src/java/org/apache/commons/lang/text/StrBuilder.java"
Lang_47,run_shell_command,1,"sed -i.bak1 's/String str = (obj == null ? getNullText() : obj.toString());/String str = (obj == null ? getNullText() : obj.toString());\n            if (str == null) {\n                str = \""\"";\n            }/' /Users/nashid/repos/qwen-cli-automation/workspace/Lang_47/src/java/org/apache/commons/lang/text/StrBuilder.java"
Lang_47,run_shell_command,1,"sed -i.bak2 's/String str = (obj == null ? getNullText() : obj.toString());/String str = (obj == null ? getNullText() : obj.toString());\n            if (str == null) {\n                str = \""\"";\n            }/' /Users/nashid/repos/qwen-cli-automation/workspace/Lang_47/src/java/org/apache/commons/lang/text/StrBuilder.java"
Lang_47,search_file_content,2,
Lang_5,edit,4,
Lang_5,read_file,12,
Lang_5,run_shell_command,1,./run_all_tests_trace.sh
Lang_5,run_shell_command,1,./run_bug_exposing_tests.sh
Lang_5,run_shell_command,1,cd /Users/nashid/repos/qwen-cli-automation/workspace/Lang_5 && ant compile && java -cp target/classes:target/tests:/Users/nashid/repos/defects4j/framework/projects/lib/junit-4.11.jar:/Users/nashid/repos/defects4j/framework/projects/Lang/lib/easymock.jar:/Users/nashid/repos/defects4j/framework/projects/Lang/lib/commons-io.jar:/Users/nashid/repos/defects4j/framework/projects/Lang/lib/cglib.jar:/Users/nashid/repos/defects4j/framework/projects/Lang/lib/asm.jar org.junit.runner.JUnitCore org.apache.commons.lang3.LocaleUtilsTest
Lang_5,run_shell_command,1,cd /Users/nashid/repos/qwen-cli-automation/workspace/Lang_5 && defects4j compile
Lang_5,run_shell_command,1,cd /Users/nashid/repos/qwen-cli-automation/workspace/Lang_5 && defects4j test -t org.apache.commons.lang3.LocaleUtilsTest::testLang328
Lang_5,run_shell_command,1,cd /Users/nashid/repos/qwen-cli-automation/workspace/Lang_5 && javac -cp target/classes ComprehensiveTest.java && java -cp .:target/classes ComprehensiveTest
Lang_5,run_shell_command,3,defects4j compile
Lang_5,run_shell_command,3,defects4j test
Lang_5,run_shell_command,1,defects4j test -t org.apache.commons.lang3.LocaleUtilsTest
Lang_5,run_shell_command,1,defects4j test -t org.apache.commons.lang3.LocaleUtilsTest::testLang865
Lang_5,run_shell_command,1,java -cp target/classes:target/tests:$(defects4j export -p cp.test) org.junit.runner.JUnitCore org.apache.commons.lang3.LocaleUtilsTest
Lang_5,run_shell_command,1,java -cp target/classes:target/tests:/Users/nashid/repos/defects4j/framework/projects/lib/junit-4.11.jar:/Users/nashid/repos/defects4j/framework/projects/Lang/lib/easymock.jar:/Users/nashid/repos/defects4j/framework/projects/Lang/lib/commons-io.jar:/Users/nashid/repos/defects4j/framework/projects/Lang/lib/cglib.jar:/Users/nashid/repos/defects4j/framework/projects/Lang/lib/asm.jar org.junit.runner.JUnitCore org.apache.commons.lang3.LocaleUtilsTest
Lang_5,run_shell_command,1,javac -cp target/classes TestLocaleUtils.java && java -cp .:target/classes TestLocaleUtils
Lang_5,search_file_content,2,
Lang_5,todo_write,1,
Lang_5,write_file,2,
Lang_56,edit,5,
Lang_56,glob,3,
Lang_56,read_file,9,
Lang_56,run_shell_command,1,./run_bug_exposing_tests.sh
Lang_56,run_shell_command,1,"awk 'NR==140 {print NR "": "" $0}' /Users/nashid/repos/qwen-cli-automation/workspace/Lang_56/src/java/org/apache/commons/lang/time/FastDateFormat.java"
Lang_56,run_shell_command,1,"cat >> /Users/nashid/repos/qwen-cli-automation/workspace/Lang_56/src/java/org/apache/commons/lang/time/FastDateFormat.java << 'EOF'

    /**\n     * Reads the object from the stream and rebuilds the rules.\n     * \n     * @param in the input stream\n     * @throws IOException if an I/O error occurs\n     * @throws ClassNotFoundException if a class cannot be loaded\n     */\n    private void readObject(ObjectInputStream in) throws IOException, ClassNotFoundException {\n        in.defaultReadObject();\n        // Rebuild the rules after deserialization\n        init();\n    }\n}
EOF"
Lang_56,run_shell_command,1,cp /Users/nashid/repos/qwen-cli-automation/workspace/Lang_56/src/java/org/apache/commons/lang/time/FastDateFormat.java /Users/nashid/repos/qwen-cli-automation/workspace/Lang_56/src/java/org/apache/commons/lang/time/FastDateFormat.java.backup
Lang_56,run_shell_command,1,cp /Users/nashid/repos/qwen-cli-automation/workspace/Lang_56/src/java/org/apache/commons/lang/time/FastDateFormat.java.backup /Users/nashid/repos/qwen-cli-automation/workspace/Lang_56/src/java/org/apache/commons/lang/time/FastDateFormat.java
Lang_56,run_shell_command,1,defects4j compile
Lang_56,run_shell_command,2,defects4j test
Lang_56,run_shell_command,3,defects4j test -t org.apache.commons.lang.time.FastDateFormatTest::testLang303
Lang_56,run_shell_command,1,"echo '    /**\n     * Reads the object from the stream and rebuilds the rules.\n     * \n     * @param in the input stream\n     * @throws IOException if an I/O error occurs\n     * @throws ClassNotFoundException if a class cannot be loaded\n     */\n    private void readObject(ObjectInputStream in) throws IOException, ClassNotFoundException {\n        in.defaultReadObject();\n        // Rebuild the rules after deserialization\n        init();\n    }' >> /Users/nashid/repos/qwen-cli-automation/workspace/Lang_56/src/java/org/apache/commons/lang/time/FastDateFormat.java"
Lang_56,run_shell_command,1,"grep -n ""private.*Rule\[\]"" /Users/nashid/repos/qwen-cli-automation/workspace/Lang_56/src/java/org/apache/commons/lang/time/FastDateFormat.java"
Lang_56,run_shell_command,1,"grep -n -A 3 -B 1 ""private Rule\[\] mRules"" /Users/nashid/repos/qwen-cli-automation/workspace/Lang_56/src/java/org/apache/commons/lang/time/FastDateFormat.java"
Lang_56,run_shell_command,1,perl -i -pe 's/private Rule\[\] mRules;/private transient Rule[] mRules;/' /Users/nashid/repos/qwen-cli-automation/workspace/Lang_56/src/java/org/apache/commons/lang/time/FastDateFormat.java
Lang_56,run_shell_command,1,rm -f /Users/nashid/repos/qwen-cli-automation/workspace/Lang_56/methodToAdd.txt /Users/nashid/repos/qwen-cli-automation/workspace/Lang_56/*.bak
Lang_56,run_shell_command,1,sed -i '/^}$/r /Users/nashid/repos/qwen-cli-automation/workspace/Lang_56/methodToAdd.txt' /Users/nashid/repos/qwen-cli-automation/workspace/Lang_56/src/java/org/apache/commons/lang/time/FastDateFormat.java
Lang_56,run_shell_command,3,sed -i '140s/private Rule\[\] mRules;/private transient Rule[] mRules;/' /Users/nashid/repos/qwen-cli-automation/workspace/Lang_56/src/java/org/apache/commons/lang/time/FastDateFormat.java
Lang_56,run_shell_command,1,sed -i.bak '/Reads the object from the stream and rebuilds the rules/d' /Users/nashid/repos/qwen-cli-automation/workspace/Lang_56/src/java/org/apache/commons/lang/time/FastDateFormat.java
Lang_56,run_shell_command,1,sed -i.bak 's/private Rule\[\] mRules;/private transient Rule[] mRules;/' /Users/nashid/repos/qwen-cli-automation/workspace/Lang_56/src/java/org/apache/commons/lang/time/FastDateFormat.java
Lang_56,run_shell_command,1,tail -10 /Users/nashid/repos/qwen-cli-automation/workspace/Lang_56/src/java/org/apache/commons/lang/time/FastDateFormat.java
Lang_56,run_shell_command,1,tail -20 /Users/nashid/repos/qwen-cli-automation/workspace/Lang_56/src/java/org/apache/commons/lang/time/FastDateFormat.java
Lang_56,run_shell_command,1,tail -50 /Users/nashid/repos/qwen-cli-automation/workspace/Lang_56/src/java/org/apache/commons/lang/time/FastDateFormat.java
Lang_56,run_shell_command,1,wc -l /Users/nashid/repos/qwen-cli-automation/workspace/Lang_56/src/java/org/apache/commons/lang/time/FastDateFormat.java
Lang_56,search_file_content,3,
Lang_56,write_file,1,
Lang_60,edit,2,
Lang_60,glob,1,
Lang_60,read_file,7,
Lang_60,run_shell_command,1,./run_bug_exposing_tests.sh
Lang_60,run_shell_command,1,defects4j compile
Lang_60,run_shell_command,2,defects4j test
Lang_60,run_shell_command,2,defects4j test -t org.apache.commons.lang.text.StrBuilderTest::testLang295
Lang_60,run_shell_command,1,"grep -A 5 -B 2 ""for (int i = "" /Users/nashid/repos/qwen-cli-automation/workspace/Lang_60/src/java/org/apache/commons/lang/text/StrBuilder.java | head -20"
Lang_60,run_shell_command,1,"grep -n ""public boolean contains"" /Users/nashid/repos/qwen-cli-automation/workspace/Lang_60/src/java/org/apache/commons/lang/text/StrBuilder.java"
Lang_60,run_shell_command,1,"grep -n ""public int indexOf.*char"" /Users/nashid/repos/qwen-cli-automation/workspace/Lang_60/src/java/org/apache/commons/lang/text/StrBuilder.java"
Lang_60,run_shell_command,1,"grep -n -A 10 ""public boolean contains(char ch)"" /Users/nashid/repos/qwen-cli-automation/workspace/Lang_60/src/java/org/apache/commons/lang/text/StrBuilder.java"
Lang_60,run_shell_command,1,"grep -n -A 10 ""public int indexOf(char ch, int startIndex)"" /Users/nashid/repos/qwen-cli-automation/workspace/Lang_60/src/java/org/apache/commons/lang/text/StrBuilder.java"
Lang_60,run_shell_command,1,sed -i.bak 's/for (int i = 0; i < thisBuf\.length; i++)/for (int i = 0; i < size; i++)/' /Users/nashid/repos/qwen-cli-automation/workspace/Lang_60/src/java/org/apache/commons/lang/text/StrBuilder.java
Lang_60,run_shell_command,1,sed -i.bak 's/for (int i = startIndex; i < thisBuf\.length; i++)/for (int i = startIndex; i < size; i++)/' /Users/nashid/repos/qwen-cli-automation/workspace/Lang_60/src/java/org/apache/commons/lang/text/StrBuilder.java
Lang_60,search_file_content,1,
Lang_62,edit,2,
Lang_62,exit_plan_mode,1,
Lang_62,read_file,10,
Lang_62,run_shell_command,3,cd /Users/nashid/repos/qwen-cli-automation/workspace/Lang_62 && ./run_bug_exposing_tests.sh
Lang_62,run_shell_command,3,cd /Users/nashid/repos/qwen-cli-automation/workspace/Lang_62 && defects4j compile
Lang_62,run_shell_command,1,"cd /Users/nashid/repos/qwen-cli-automation/workspace/Lang_62 && defects4j export -p cp.test > /tmp/classpath.txt && java -cp ""target/classes:target/tests:$(cat /tmp/classpath.txt)"" org.junit.runner.JUnitCore org.apache.commons.lang.EntitiesTest"
Lang_62,run_shell_command,1,cd /Users/nashid/repos/qwen-cli-automation/workspace/Lang_62 && defects4j test
Lang_62,run_shell_command,4,cd /Users/nashid/repos/qwen-cli-automation/workspace/Lang_62 && defects4j test -t EntitiesTest::testNumberOverflow
Lang_62,run_shell_command,1,"cd /Users/nashid/repos/qwen-cli-automation/workspace/Lang_62 && defects4j test -t EntitiesTest::testNumberOverflow && echo ""Test result: $?"""
Lang_62,run_shell_command,1,cd /Users/nashid/repos/qwen-cli-automation/workspace/Lang_62 && defects4j test -t EntitiesTest::testUnescapeNamedEntity
Lang_62,run_shell_command,1,"cd /Users/nashid/repos/qwen-cli-automation/workspace/Lang_62 && defects4j test 2>&1 | grep -A 20 ""Failing tests"""
Lang_62,run_shell_command,1,cd /Users/nashid/repos/qwen-cli-automation/workspace/Lang_62 && defects4j test 2>&1 | head -30
Lang_62,run_shell_command,1,cd /Users/nashid/repos/qwen-cli-automation/workspace/Lang_62 && git checkout -- src/java/org/apache/commons/lang/Entities.java
Lang_62,run_shell_command,1,cd /Users/nashid/repos/qwen-cli-automation/workspace/Lang_62 && git diff
Lang_62,run_shell_command,1,cd /Users/nashid/repos/qwen-cli-automation/workspace/Lang_62 && git status
Lang_62,run_shell_command,1,"cd /Users/nashid/repos/qwen-cli-automation/workspace/Lang_62 && grep -n ""append.*char.*entityValue"" src/java/org/apache/commons/lang/Entities.java"
Lang_62,run_shell_command,1,cd /Users/nashid/repos/qwen-cli-automation/workspace/Lang_62 && java -cp target/classes:target/tests:$(defects4j export -p cp.test) org.junit.runner.JUnitCore org.apache.commons.lang.EntitiesTest
Lang_62,run_shell_command,1,"cd /Users/nashid/repos/qwen-cli-automation/workspace/Lang_62 && javac -cp ""target/classes:target/tests:$(echo $(defects4j export -p cp.test))"" TestFix.java"
Lang_62,search_file_content,6,
Lang_62,todo_write,1,
Lang_62,write_file,3,
Lang_63,edit,18,
Lang_63,list_directory,7,
Lang_63,read_file,4,
Lang_63,run_shell_command,2,cd /Users/nashid/repos/qwen-cli-automation/workspace/Lang_63 && ./run_bug_exposing_tests.sh
Lang_63,run_shell_command,10,cd /Users/nashid/repos/qwen-cli-automation/workspace/Lang_63 && defects4j compile
Lang_63,run_shell_command,4,cd /Users/nashid/repos/qwen-cli-automation/workspace/Lang_63 && defects4j test
Lang_63,run_shell_command,7,cd /Users/nashid/repos/qwen-cli-automation/workspace/Lang_63 && defects4j test -t DurationFormatUtilsTest::testJiraLang281
Lang_63,run_shell_command,2,cd /Users/nashid/repos/qwen-cli-automation/workspace/Lang_63 && git checkout -- src/java/org/apache/commons/lang/time/DurationFormatUtils.java
Lang_63,run_shell_command,1,"cd /Users/nashid/repos/qwen-cli-automation/workspace/Lang_63 && javac -cp ""target/classes:target/tests:lib/*"" FinalTest.java && java -cp "".:target/classes:target/tests:lib/*"" FinalTest"
Lang_63,run_shell_command,8,"cd /Users/nashid/repos/qwen-cli-automation/workspace/Lang_63 && javac -cp ""target/classes:target/tests:lib/*"" TestBug.java && java -cp "".:target/classes:target/tests:lib/*"" TestBug"
Lang_63,search_file_content,1,
Lang_63,write_file,2,
Lang_64,edit,3,
Lang_64,read_file,9,
Lang_64,run_shell_command,1,./run_all_tests_trace.sh
Lang_64,run_shell_command,1,./run_bug_exposing_tests.sh
Lang_64,run_shell_command,1,cp /Users/nashid/repos/qwen-cli-automation/workspace/Lang_64/src/java/org/apache/commons/lang/enums/ValuedEnum.java /Users/nashid/repos/qwen-cli-automation/workspace/Lang_64/src/java/org/apache/commons/lang/enums/ValuedEnum.java.backup
Lang_64,run_shell_command,3,defects4j compile
Lang_64,run_shell_command,3,defects4j test
Lang_64,run_shell_command,1,git diff
Lang_64,run_shell_command,1,git status
Lang_64,search_file_content,3,
Lang_64,write_file,2,
Lang_65,edit,2,
Lang_65,list_directory,13,
Lang_65,read_file,10,
Lang_65,run_shell_command,1,cd /Users/nashid/repos/qwen-cli-automation/workspace/Lang_65 && ./run_bug_exposing_tests.sh
Lang_65,run_shell_command,1,cd /Users/nashid/repos/qwen-cli-automation/workspace/Lang_65 && cp src/java/org/apache/commons/lang/time/DateUtils.java src/java/org/apache/commons/lang/time/DateUtils.java.backup
Lang_65,run_shell_command,1,cd /Users/nashid/repos/qwen-cli-automation/workspace/Lang_65 && defects4j compile
Lang_65,run_shell_command,3,cd /Users/nashid/repos/qwen-cli-automation/workspace/Lang_65 && defects4j test
Lang_65,run_shell_command,1,cd /Users/nashid/repos/qwen-cli-automation/workspace/Lang_65 && defects4j test -t org.apache.commons.lang.time.DateUtilsTest::testTruncateLang59
Lang_65,run_shell_command,1,"cd /Users/nashid/repos/qwen-cli-automation/workspace/Lang_65 && grep -n ""private static void modify"" src/java/org/apache/commons/lang/time/DateUtils.java"
Lang_65,run_shell_command,1,cd /Users/nashid/repos/qwen-cli-automation/workspace/Lang_65 && java -cp target/classes:target/tests:$(defects4j export -p cp.test) org.junit.runner.JUnitCore org.apache.commons.lang.time.DateUtilsTest::testTruncateLang59
Lang_65,run_shell_command,1,cd /Users/nashid/repos/qwen-cli-automation/workspace/Lang_65 && patch -p0 < fix_dateutils.patch
Lang_65,run_shell_command,1,"cd /Users/nashid/repos/qwen-cli-automation/workspace/Lang_65 && sed -i '619,630d' src/java/org/apache/commons/lang/time/DateUtils.java && sed -i '619i\        // ----------------- Fix for LANG-59 ---------------------- START ---------------\n        // see http://issues.apache.org/jira/browse/LANG-59\n        //\n        // Manually truncate milliseconds, seconds and minutes, rather than using\n        // Calendar methods.\n        // This addresses DST issues where values can be duplicated during DST transitions\n        \n        // For HOUR_OF_DAY and HOUR, we must be careful with DST transitions\n        if (field == Calendar.HOUR_OF_DAY || field == Calendar.HOUR) {\n            // If the date is during a DST transition period, we need to preserve the actual\n            // time value as opposed to relying on Calendar's arithmetic\n            int hourValue = val.get(Calendar.HOUR_OF_DAY);\n            // Zero out the milliseconds, seconds, and minutes\n            val.set(Calendar.MILLISECOND, 0);\n            val.set(Calendar.SECOND, 0);\n            val.set(Calendar.MINUTE, 0);\n            // Set the hour to the original hour value\n            val.set(Calendar.HOUR_OF_DAY, hourValue);\n            // If this is a round operation, we may return early for proper rounding\n            if (round) {\n                // Check if we need to round up\n                int minute = val.get(Calendar.MINUTE);\n                int second = val.get(Calendar.SECOND);\n                int millisecond = val.get(Calendar.MILLISECOND);\n                if (minute > 0 || second > 0 || millisecond > 0) {\n                    // Round to next hour if any part of the hour is non-zero\n                    val.add(Calendar.HOUR_OF_DAY, 1);\n                }\n            }\n            return;   // Early exit for HOUR_OF_DAY or HOUR\n        }\n        \n        // For other fields, proceed with normal logic\n        // truncate milliseconds\n        val.set(Calendar.MILLISECOND, 0);\n        // truncate seconds\n        val.set(Calendar.SECOND, 0);\n        // truncate minutes\n        val.set(Calendar.MINUTE, 0);\n        // reset time\n        // ----------------- Fix for LANG-59 ----------------------- END ----------------' src/java/org/apache/commons/lang/time/DateUtils.java"
Lang_65,run_shell_command,1,"cd /Users/nashid/repos/qwen-cli-automation/workspace/Lang_65 && sed -n '615,700p' src/java/org/apache/commons/lang/time/DateUtils.java | head -n 85"
Lang_65,run_shell_command,1,"cd /Users/nashid/repos/qwen-cli-automation/workspace/Lang_65 && sed -n '619,720p' src/java/org/apache/commons/lang/time/DateUtils.java"
Lang_65,search_file_content,1,
Lang_65,write_file,3,
Lang_7,edit,1,
Lang_7,list_directory,11,
Lang_7,read_file,4,
Lang_7,run_shell_command,1,cd /Users/nashid/repos/qwen-cli-automation/workspace/Lang_7 && ./run_bug_exposing_tests.sh
Lang_7,run_shell_command,1,cd /Users/nashid/repos/qwen-cli-automation/workspace/Lang_7 && defects4j compile
Lang_7,run_shell_command,2,cd /Users/nashid/repos/qwen-cli-automation/workspace/Lang_7 && defects4j test
Lang_7,run_shell_command,1,cd /Users/nashid/repos/qwen-cli-automation/workspace/Lang_7 && defects4j test -t org.apache.commons.lang3.math.NumberUtilsTest::testCreateNumber
Lang_7,search_file_content,2,
Lang_7,write_file,1,
Math_1,edit,5,
Math_1,read_file,13,
Math_1,run_shell_command,1,./run_bug_exposing_tests.sh
Math_1,run_shell_command,1,cd /Users/nashid/repos/qwen-cli-automation/workspace/Math_1 && cp src/main/java/org/apache/commons/math3/fraction/BigFraction.java.backup src/main/java/org/apache/commons/math3/fraction/BigFraction.java
Math_1,run_shell_command,1,cd /Users/nashid/repos/qwen-cli-automation/workspace/Math_1 && cp src/main/java/org/apache/commons/math3/fraction/Fraction.java.backup src/main/java/org/apache/commons/math3/fraction/Fraction.java
Math_1,run_shell_command,1,cd /Users/nashid/repos/qwen-cli-automation/workspace/Math_1 && defects4j compile
Math_1,run_shell_command,1,cd /Users/nashid/repos/qwen-cli-automation/workspace/Math_1 && defects4j test
Math_1,run_shell_command,1,cd /Users/nashid/repos/qwen-cli-automation/workspace/Math_1 && git status
Math_1,run_shell_command,1,"cd /Users/nashid/repos/qwen-cli-automation/workspace/Math_1 && java -cp "".:target/classes:target/test-classes:lib/junit-4.11.jar"" TestFix"
Math_1,run_shell_command,1,cd /Users/nashid/repos/qwen-cli-automation/workspace/Math_1 && java -cp target/classes:target/test-classes:lib/junit-4.11.jar org.junit.runner.JUnitCore org.apache.commons.math3.fraction.FractionTest::testDigitLimitConstructor 2>&1 | head -20
Math_1,run_shell_command,1,"cd /Users/nashid/repos/qwen-cli-automation/workspace/Math_1 && javac -cp ""target/classes:target/test-classes:lib/junit-4.11.jar"" TestFix.java"
Math_1,run_shell_command,1,cd /Users/nashid/repos/qwen-cli-automation/workspace/Math_1 && patch -p1 < fix.patch
Math_1,run_shell_command,1,chmod +x /Users/nashid/repos/qwen-cli-automation/workspace/Math_1/run_test.sh
Math_1,run_shell_command,1,cp /Users/nashid/repos/qwen-cli-automation/workspace/Math_1/src/main/java/org/apache/commons/math3/fraction/BigFraction.java /Users/nashid/repos/qwen-cli-automation/workspace/Math_1/src/main/java/org/apache/commons/math3/fraction/BigFraction.java.backup
Math_1,run_shell_command,1,cp /Users/nashid/repos/qwen-cli-automation/workspace/Math_1/src/main/java/org/apache/commons/math3/fraction/Fraction.java /Users/nashid/repos/qwen-cli-automation/workspace/Math_1/src/main/java/org/apache/commons/math3/fraction/Fraction.java.backup
Math_1,run_shell_command,1,defects4j compile
Math_1,run_shell_command,1,defects4j test
Math_1,search_file_content,1,
Math_1,todo_write,1,
Math_1,write_file,4,
Math_100,edit,6,
Math_100,glob,2,
Math_100,read_file,8,
Math_100,run_shell_command,1,cd /Users/nashid/repos/qwen-cli-automation/workspace/Math_100 && ./run_all_tests_trace.sh
Math_100,run_shell_command,1,cd /Users/nashid/repos/qwen-cli-automation/workspace/Math_100 && ./run_bug_exposing_tests.sh
Math_100,run_shell_command,1,cd /Users/nashid/repos/qwen-cli-automation/workspace/Math_100 && defects4j compile
Math_100,run_shell_command,3,cd /Users/nashid/repos/qwen-cli-automation/workspace/Math_100 && defects4j test
Math_100,run_shell_command,2,cd /Users/nashid/repos/qwen-cli-automation/workspace/Math_100 && defects4j test -t org.apache.commons.math.estimation.GaussNewtonEstimatorTest::testBoundParameters
Math_100,search_file_content,2,
Math_106,edit,3,
Math_106,list_directory,8,
Math_106,read_file,12,
Math_106,run_shell_command,1,cd /Users/nashid/repos/qwen-cli-automation/workspace/Math_106 && ./run_bug_exposing_tests.sh
Math_106,run_shell_command,3,cd /Users/nashid/repos/qwen-cli-automation/workspace/Math_106 && defects4j compile
Math_106,run_shell_command,2,cd /Users/nashid/repos/qwen-cli-automation/workspace/Math_106 && defects4j test
Math_106,run_shell_command,3,cd /Users/nashid/repos/qwen-cli-automation/workspace/Math_106 && defects4j test -t org.apache.commons.math.fraction.FractionFormatTest::testParseProperInvalidMinus
Math_106,run_shell_command,1,cd /Users/nashid/repos/qwen-cli-automation/workspace/Math_106 && patch -p1 < fix.patch
Math_106,search_file_content,1,
Math_106,write_file,3,
Math_14,edit,2,
Math_14,glob,2,
Math_14,read_file,8,
Math_14,run_shell_command,1,./run_all_tests_trace.sh
Math_14,run_shell_command,1,./run_bug_exposing_tests.sh
Math_14,run_shell_command,1,cd /Users/nashid/repos/qwen-cli-automation/workspace/Math_14 && ant clean && ant compile
Math_14,run_shell_command,1,cd /Users/nashid/repos/qwen-cli-automation/workspace/Math_14 && java -cp target/classes:target/test-classes:$(defects4j export -p cp.test) org.junit.runner.JUnitCore org.apache.commons.math3.fitting.PolynomialFitterTest
Math_14,run_shell_command,1,cd /Users/nashid/repos/qwen-cli-automation/workspace/Math_14 && ls target/classes/org/apache/commons/math3/optim/nonlinear/vector/Weight.class
Math_14,run_shell_command,1,defects4j compile
Math_14,run_shell_command,1,defects4j compile && defects4j test
Math_14,run_shell_command,2,defects4j test
Math_14,run_shell_command,2,defects4j test -t org.apache.commons.math3.fitting.PolynomialFitterTest::testLargeSample
Math_14,search_file_content,2,
Math_15,edit,1,
Math_15,glob,1,
Math_15,read_file,4,
Math_15,run_shell_command,1,cd /Users/nashid/repos/qwen-cli-automation/workspace/Math_15 && defects4j compile
Math_15,run_shell_command,2,cd /Users/nashid/repos/qwen-cli-automation/workspace/Math_15 && defects4j test
Math_15,run_shell_command,1,cd /Users/nashid/repos/qwen-cli-automation/workspace/Math_15 && defects4j test -t org.apache.commons.math3.util.FastMathTest::testMath904
Math_15,run_shell_command,1,cd /Users/nashid/repos/qwen-cli-automation/workspace/Math_15 && git diff src/main/java/org/apache/commons/math3/util/FastMath.java
Math_15,run_shell_command,1,cd /Users/nashid/repos/qwen-cli-automation/workspace/Math_15 && git status
Math_15,search_file_content,3,
Math_16,edit,4,
Math_16,read_file,9,
Math_16,run_shell_command,1,cd /Users/nashid/repos/qwen-cli-automation/workspace/Math_16 && ./run_bug_exposing_tests.sh
Math_16,run_shell_command,1,"cd /Users/nashid/repos/qwen-cli-automation/workspace/Math_16 && awk 'NR==393{print ""      // Use the improved formula to avoid overflow for large values""; print ""// as described in the bug report""; print ""      final double threshold = StrictMath.log(Double.MAX_VALUE);""; print ""      if (x > threshold) {""; print ""          // For x > log(Double.MAX_VALUE), exp(x) would overflow,""; print ""          // but we can compute it as (exp(x/2))^2""; print ""          double t = exp(x * 0.5);""; print ""          return (0.5 * t) * t;""; print ""      } else if (x < -threshold) {""; print ""          // For x < -log(Double.MAX_VALUE), exp(-x) would overflow,""; print ""          // but we can compute it as (exp(-x/2))^2""; print ""          double t = exp(-x * 0.5);""; print ""          return (0.5 * t) * t;""; print ""      } else if (x > 20) {""; print ""          // Avoid overflow (MATH-905).""; print ""          return 0.5 * exp(x);""; print ""      }""; print ""      if (x < -20) {""; print ""          // Avoid overflow (MATH-905).""; print ""          return 0.5 * exp(-x);""; print ""      }""} NR!=393{print}' src/main/java/org/apache/commons/math3/util/FastMath.java > /tmp/FastMath_fixed.java && mv /tmp/FastMath_fixed.java src/main/java/org/apache/commons/math3/util/FastMath.java"
Math_16,run_shell_command,1,cd /Users/nashid/repos/qwen-cli-automation/workspace/Math_16 && cp src/main/java/org/apache/commons/math3/util/FastMath.java src/main/java/org/apache/commons/math3/util/FastMath.java.bak
Math_16,run_shell_command,1,cd /Users/nashid/repos/qwen-cli-automation/workspace/Math_16 && cp src/main/java/org/apache/commons/math3/util/FastMath.java.bak src/main/java/org/apache/commons/math3/util/FastMath.java
Math_16,run_shell_command,3,cd /Users/nashid/repos/qwen-cli-automation/workspace/Math_16 && defects4j compile
Math_16,run_shell_command,2,cd /Users/nashid/repos/qwen-cli-automation/workspace/Math_16 && defects4j test
Math_16,run_shell_command,1,cd /Users/nashid/repos/qwen-cli-automation/workspace/Math_16 && defects4j test -t org.apache.commons.math3.util.FastMathTest::testMath905LargePositive
Math_16,run_shell_command,1,"cd /Users/nashid/repos/qwen-cli-automation/workspace/Math_16 && echo ""Testing the approach by creating a simple test first..."""
Math_16,run_shell_command,1,"cd /Users/nashid/repos/qwen-cli-automation/workspace/Math_16 && echo ""The bug fix has been documented in fix.patch. This patch modifies FastMath.java to use improved formulas for large values of x in cosh and sinh methods to prevent overflow while maintaining correct results."""
Math_16,run_shell_command,1,"cd /Users/nashid/repos/qwen-cli-automation/workspace/Math_16 && echo 'if (x > 20) {
          // Use the improved formula to avoid overflow for large values
          // as described in the bug report
          final double threshold = StrictMath.log(Double.MAX_VALUE);
          if (x > threshold) {
              // For x > log(Double.MAX_VALUE), exp(x) would overflow,
              // but we can compute it as (exp(x/2))^2
              double t = exp(x * 0.5);
              return (0.5 * t) * t;
          } else if (x < -threshold) {
              // For x < -log(Double.MAX_VALUE), exp(-x) would overflow,
              // but we can compute it as (exp(-x/2))^2
              double t = exp(-x * 0.5);
              return (0.5 * t) * t;
          } else if (x > 20) {
              // Avoid overflow (MATH-905).
              return 0.5 * exp(x);
          }
      if (x < -20) {
          // Avoid overflow (MATH-905).
          return 0.5 * exp(-x);
      }' > /tmp/new_cosh_code.txt"
Math_16,run_shell_command,1,"cd /Users/nashid/repos/qwen-cli-automation/workspace/Math_16 && grep -n ""if (x > 20)"" src/main/java/org/apache/commons/math3/util/FastMath.java"
Math_16,run_shell_command,1,"cd /Users/nashid/repos/qwen-cli-automation/workspace/Math_16 && grep -n ""public static double cosh"" src/main/java/org/apache/commons/math3/util/FastMath.java"
Math_16,run_shell_command,1,"cd /Users/nashid/repos/qwen-cli-automation/workspace/Math_16 && grep -n ""public static double sinh"" src/main/java/org/apache/commons/math3/util/FastMath.java"
Math_16,run_shell_command,1,cd /Users/nashid/repos/qwen-cli-automation/workspace/Math_16 && head -n 400 src/main/java/org/apache/commons/math3/util/FastMath.java | tail -n 50
Math_16,run_shell_command,1,cd /Users/nashid/repos/qwen-cli-automation/workspace/Math_16 && ls -la src/main/java/org/apache/commons/math3/util/FastMath.java*
Math_16,run_shell_command,1,"cd /Users/nashid/repos/qwen-cli-automation/workspace/Math_16 && sed -i.bak '383,430s/if (x > 20) {/if (x > 20) {\n          // Use the improved formula to avoid overflow for large values\n          // as described in the bug report\n          final double threshold = StrictMath.log(Double.MAX_VALUE);\n          if (x > threshold) {\n              // For x > log(Double.MAX_VALUE), exp(x) would overflow,\n              // but we can compute it as (exp(x/2))^2\n              double t = exp(x * 0.5);\n              return (0.5 * t) * t;\n          } else if (x < -threshold) {\n              // For x < -log(Double.MAX_VALUE), exp(-x) would overflow,\n              // but we can compute it as (exp(-x/2))^2\n              double t = exp(-x * 0.5);\n              return (0.5 * t) * t;\n          } else if (x > 20) {/' src/main/java/org/apache/commons/math3/util/FastMath.java"
Math_16,run_shell_command,1,"cd /Users/nashid/repos/qwen-cli-automation/workspace/Math_16 && sed -i.bak '393s/if (x > 20) {/&\n          // Use the improved formula to avoid overflow for large values\n          // as described in the bug report\n          final double threshold = StrictMath.log(Double.MAX_VALUE);\n          if (x > threshold) {\n              // For x > log(Double.MAX_VALUE), exp(x) would overflow,\n              // but we can compute it as (exp(x/2))^2\n              double t = exp(x * 0.5);\n              return (0.5 * t) * t;\n          } else if (x < -threshold) {\n              // For x < -log(Double.MAX_VALUE), exp(-x) would overflow,\n              // but we can compute it as (exp(-x/2))^2\n              double t = exp(-x * 0.5);\n              return (0.5 * t) * t;\n          } else if (x > 20) {' src/main/java/org/apache/commons/math3/util/FastMath.java"
Math_16,run_shell_command,1,"cd /Users/nashid/repos/qwen-cli-automation/workspace/Math_16 && sed -i.bak '399s/if (x > 20) {/if (x > 20) {\n          // Use the improved formula to avoid overflow for large values\n          // as described in the bug report\n          final double threshold = StrictMath.log(Double.MAX_VALUE);\n          if (x > threshold) {\n              // For x > log(Double.MAX_VALUE), exp(x) would overflow,\n              // but we can compute it as (exp(x/2))^2\n              double t = exp(x * 0.5);\n              return (0.5 * t) * t;\n          } else if (x < -threshold) {\n              // For x < -log(Double.MAX_VALUE), exp(-x) would overflow,\n              // but we can compute it as (exp(-x/2))^2\n              double t = exp(-x * 0.5);\n              return (0.5 * t) * t;\n          } else if (x > 20) {/' src/main/java/org/apache/commons/math3/util/FastMath.java"
Math_16,run_shell_command,1,"cd /Users/nashid/repos/qwen-cli-automation/workspace/Math_16 && sed -n '375,450p' src/main/java/org/apache/commons/math3/util/FastMath.java"
Math_16,run_shell_command,1,"cd /Users/nashid/repos/qwen-cli-automation/workspace/Math_16 && sed -n '383,475p' src/main/java/org/apache/commons/math3/util/FastMath.java"
Math_16,run_shell_command,1,"cd /Users/nashid/repos/qwen-cli-automation/workspace/Math_16 && sed -n '440,500p' src/main/java/org/apache/commons/math3/util/FastMath.java"
Math_16,search_file_content,2,
Math_16,write_file,2,
Math_18,edit,4,
Math_18,read_file,7,
Math_18,run_shell_command,1,./run_bug_exposing_tests.sh
Math_18,run_shell_command,1,cd /Users/nashid/repos/qwen-cli-automation/workspace/Math_18 && java -cp target/classes:target/test-classes:$(defects4j export -p cp.test) org.junit.runner.JUnitCore org.apache.commons.math3.optimization.direct.CMAESOptimizerTest::testFitAccuracyDependsOnBoundary
Math_18,run_shell_command,1,cd /Users/nashid/repos/qwen-cli-automation/workspace/Math_18 && patch -p1 < fix.patch
Math_18,run_shell_command,1,cd /Users/nashid/repos/qwen-cli-automation/workspace/Math_18 && patch -p1 < fix_v2.patch
Math_18,run_shell_command,1,cp /Users/nashid/repos/qwen-cli-automation/workspace/Math_18/src/main/java/org/apache/commons/math3/optimization/direct/CMAESOptimizer.java /Users/nashid/repos/qwen-cli-automation/workspace/Math_18/src/main/java/org/apache/commons/math3/optimization/direct/CMAESOptimizer.java.backup
Math_18,run_shell_command,2,cp /Users/nashid/repos/qwen-cli-automation/workspace/Math_18/src/main/java/org/apache/commons/math3/optimization/direct/CMAESOptimizer.java.backup /Users/nashid/repos/qwen-cli-automation/workspace/Math_18/src/main/java/org/apache/commons/math3/optimization/direct/CMAESOptimizer.java
Math_18,run_shell_command,1,defects4j compile
Math_18,run_shell_command,1,defects4j compile && defects4j test
Math_18,run_shell_command,1,defects4j compile && defects4j test -t org.apache.commons.math3.optimization.direct.CMAESOptimizerTest::testFitAccuracyDependsOnBoundary
Math_18,run_shell_command,2,defects4j test
Math_18,run_shell_command,2,defects4j test -t org.apache.commons.math3.optimization.direct.CMAESOptimizerTest::testFitAccuracyDependsOnBoundary
Math_18,run_shell_command,1,defects4j test -t org.apache.commons.math3.optimization.direct.CMAESOptimizerTest::testFitAccuracyDependsOnBoundary -v
Math_18,run_shell_command,1,defects4j test -t org.apache.commons.math3.optimization.direct.CMAESOptimizerTest::testFitAccuracyDependsOnBoundary 2>&1
Math_18,run_shell_command,1,defects4j test -t org.apache.commons.math3.optimization.direct.CMAESOptimizerTest::testFitAccuracyDependsOnBoundary 2>&1 | tail -20
Math_18,search_file_content,3,
Math_18,todo_write,3,
Math_18,write_file,3,
Math_21,edit,9,
Math_21,glob,2,
Math_21,read_file,11,
Math_21,run_shell_command,1,./run_bug_exposing_tests.sh
Math_21,run_shell_command,2,cd /Users/nashid/repos/qwen-cli-automation/workspace/Math_21 && git checkout -- src/main/java/org/apache/commons/math3/linear/RectangularCholeskyDecomposition.java
Math_21,run_shell_command,2,cd /Users/nashid/repos/qwen-cli-automation/workspace/Math_21 && git diff src/main/java/org/apache/commons/math3/linear/RectangularCholeskyDecomposition.java
Math_21,run_shell_command,1,cd /Users/nashid/repos/qwen-cli-automation/workspace/Math_21 && git stash
Math_21,run_shell_command,2,cd /Users/nashid/repos/qwen-cli-automation/workspace/Math_21 && git status
Math_21,run_shell_command,1,cd /Users/nashid/repos/qwen-cli-automation/workspace/Math_21 && java -cp target/classes:target/test-classes:/Users/nashid/repos/defects4j/framework/projects/lib/junit-4.11.jar org.junit.runner.JUnitCore org.apache.commons.math3.linear.RectangularCholeskyDecompositionTest
Math_21,run_shell_command,1,cd /Users/nashid/repos/qwen-cli-automation/workspace/Math_21 && java -cp target/classes:target/test-classes:/Users/nashid/repos/defects4j/framework/projects/lib/junit-4.11.jar org.junit.runner.JUnitCore org.apache.commons.math3.linear.RectangularCholeskyDecompositionTest::testMath789
Math_21,run_shell_command,1,defects4j compile
Math_21,run_shell_command,1,"defects4j compile && echo ""Compilation successful"""
Math_21,run_shell_command,6,defects4j test
Math_21,run_shell_command,1,defects4j test -t org.apache.commons.math3.linear.RectangularCholeskyDecompositionTest::testFullRank
Math_21,run_shell_command,2,defects4j test -t org.apache.commons.math3.linear.RectangularCholeskyDecompositionTest::testMath789
Math_21,search_file_content,4,
Math_21,todo_write,2,
Math_22,edit,9,
Math_22,glob,2,
Math_22,read_file,14,
Math_22,run_shell_command,1,./run_all_tests_trace.sh
Math_22,run_shell_command,1,./run_bug_exposing_tests.sh
Math_22,run_shell_command,1,cat /Users/nashid/repos/qwen-cli-automation/workspace/Math_22/src/main/java/org/apache/commons/math3/distribution/RealDistribution.java
Math_22,run_shell_command,1,chmod +x ./run_bug_exposing_tests.sh && ./run_bug_exposing_tests.sh
Math_22,run_shell_command,2,defects4j compile
Math_22,run_shell_command,1,defects4j compile && defects4j test
Math_22,run_shell_command,3,defects4j test
Math_22,run_shell_command,1,git checkout -- /Users/nashid/repos/qwen-cli-automation/workspace/Math_22/src/main/java/org/apache/commons/math3/distribution/RealDistribution.java
Math_22,run_shell_command,1,git checkout -- /Users/nashid/repos/qwen-cli-automation/workspace/Math_22/src/main/java/org/apache/commons/math3/distribution/UniformRealDistribution.java /Users/nashid/repos/qwen-cli-automation/workspace/Math_22/src/main/java/org/apache/commons/math3/distribution/FDistribution.java
Math_22,run_shell_command,1,"grep -n ""isSupport.*Inclusive"" /Users/nashid/repos/qwen-cli-automation/workspace/Math_22/src/main/java/org/apache/commons/math3/distribution/FDistribution.java"
Math_22,run_shell_command,1,sed -i '' 's/public boolean isSupportLowerBoundInclusive() {/public boolean isSupportLowerBoundInclusive() {\\n        final double lowerBound = getSupportLowerBound();\\n        if (Double.isInfinite(lowerBound)) {\\n            return false;\\n        }\\n        final double density = density(lowerBound);\\n        return !Double.isNaN(density) && !Double.isInfinite(density);/' /Users/nashid/repos/qwen-cli-automation/workspace/Math_22/src/main/java/org/apache/commons/math3/distribution/FDistribution.java
Math_22,run_shell_command,1,sed -i '' 's/public boolean isSupportLowerBoundInclusive() {/public boolean isSupportLowerBoundInclusive() {\\n        final double lowerBound = getSupportLowerBound();\\n        if (Double.isInfinite(lowerBound)) {\\n            return false;\\n        }\\n        final double density = density(lowerBound);\\n        return !Double.isNaN(density) && !Double.isInfinite(density);/' /Users/nashid/repos/qwen-cli-automation/workspace/Math_22/src/main/java/org/apache/commons/math3/distribution/UniformRealDistribution.java
Math_22,run_shell_command,1,sed -i '' 's/public boolean isSupportUpperBoundInclusive() {/public boolean isSupportUpperBoundInclusive() {\\n        final double upperBound = getSupportUpperBound();\\n        if (Double.isInfinite(upperBound)) {\\n            return false;\\n        }\\n        final double density = density(upperBound);\\n        return !Double.isNaN(density) && !Double.isInfinite(density);/' /Users/nashid/repos/qwen-cli-automation/workspace/Math_22/src/main/java/org/apache/commons/math3/distribution/FDistribution.java
Math_22,run_shell_command,1,sed -i '' 's/public boolean isSupportUpperBoundInclusive() {/public boolean isSupportUpperBoundInclusive() {\\n        final double upperBound = getSupportUpperBound();\\n        if (Double.isInfinite(upperBound)) {\\n            return false;\\n        }\\n        final double density = density(upperBound);\\n        return !Double.isNaN(density) && !Double.isInfinite(density);/' /Users/nashid/repos/qwen-cli-automation/workspace/Math_22/src/main/java/org/apache/commons/math3/distribution/UniformRealDistribution.java
Math_22,run_shell_command,1,tail -30 /Users/nashid/repos/qwen-cli-automation/workspace/Math_22/src/main/java/org/apache/commons/math3/distribution/UniformRealDistribution.java
Math_22,write_file,4,
Math_23,edit,3,
Math_23,read_file,4,
Math_23,run_shell_command,1,./run_all_tests_trace.sh
Math_23,run_shell_command,1,./run_bug_exposing_tests.sh
Math_23,run_shell_command,1,"cd /Users/nashid/repos/qwen-cli-automation/workspace/Math_23 && java -cp target/classes:target/test-classes:$(find ~/.m2/repository -name ""*.jar"" | grep -E ""(junit|commons-math)"" | head -20 | tr '\n' ':') org.junit.runner.JUnitCore org.apache.commons.math3.optimization.univariate.BrentOptimizerTest"
Math_23,run_shell_command,2,defects4j compile
Math_23,run_shell_command,2,defects4j test
Math_23,run_shell_command,2,defects4j test -t BrentOptimizerTest::testKeepInitIfBest
Math_23,search_file_content,2,
Math_24,edit,7,
Math_24,glob,2,
Math_24,read_file,17,
Math_24,run_shell_command,2,./run_bug_exposing_tests.sh
Math_24,run_shell_command,1,cat bug_triggering_tests.20251030_182302.log
Math_24,run_shell_command,1,cat bug_triggering_tests.20251030_183117.log
Math_24,run_shell_command,1,"cd /Users/nashid/repos/qwen-cli-automation/workspace/Math_24 && awk 'NR==267{gsub(/return current;/, ""return best;"")} 1' src/main/java/org/apache/commons/math3/optimization/univariate/BrentOptimizer.java > temp_file && mv temp_file src/main/java/org/apache/commons/math3/optimization/univariate/BrentOptimizer.java"
Math_24,run_shell_command,1,"cd /Users/nashid/repos/qwen-cli-automation/workspace/Math_24 && sed -i '109,270s/UnivariatePointValuePair previous = null;/UnivariatePointValuePair previous = null;\n        UnivariatePointValuePair best = current;/' src/main/java/org/apache/commons/math3/optimization/univariate/BrentOptimizer.java"
Math_24,run_shell_command,2,cd /Users/nashid/repos/qwen-cli-automation/workspace/Math_24 && sed -i '267s/return current;/return best;/' src/main/java/org/apache/commons/math3/optimization/univariate/BrentOptimizer.java
Math_24,run_shell_command,1,"cd /Users/nashid/repos/qwen-cli-automation/workspace/Math_24 && sed -n '140,200p' src/main/java/org/apache/commons/math3/optimization/univariate/BrentOptimizer.java"
Math_24,run_shell_command,1,"cd /Users/nashid/repos/qwen-cli-automation/workspace/Math_24 && sed -n '260,270p' src/main/java/org/apache/commons/math3/optimization/univariate/BrentOptimizer.java"
Math_24,run_shell_command,1,"cd /Users/nashid/repos/qwen-cli-automation/workspace/Math_24 && sed -n '70,140p' src/main/java/org/apache/commons/math3/optimization/univariate/BrentOptimizer.java"
Math_24,run_shell_command,1,chmod +x /Users/nashid/repos/qwen-cli-automation/workspace/Math_24/fix_brent_optimizer.py && python3 /Users/nashid/repos/qwen-cli-automation/workspace/Math_24/fix_brent_optimizer.py
Math_24,run_shell_command,1,cp /Users/nashid/repos/qwen-cli-automation/workspace/Math_24/BrentOptimizer_fixed.java /Users/nashid/repos/qwen-cli-automation/workspace/Math_24/src/main/java/org/apache/commons/math3/optimization/univariate/BrentOptimizer.java
Math_24,run_shell_command,1,cp /Users/nashid/repos/qwen-cli-automation/workspace/Math_24/src/main/java/org/apache/commons/math3/optimization/univariate/BrentOptimizer.java /Users/nashid/repos/qwen-cli-automation/workspace/Math_24/src/main/java/org/apache/commons/math3/optimization/univariate/BrentOptimizer.java.backup
Math_24,run_shell_command,2,cp /Users/nashid/repos/qwen-cli-automation/workspace/Math_24/src/main/java/org/apache/commons/math3/optimization/univariate/BrentOptimizer.java.backup /Users/nashid/repos/qwen-cli-automation/workspace/Math_24/src/main/java/org/apache/commons/math3/optimization/univariate/BrentOptimizer.java
Math_24,run_shell_command,1,cp /Users/nashid/repos/qwen-cli-automation/workspace/Math_24/src/main/java/org/apache/commons/math3/optimization/univariate/BrentOptimizerFixed.java /Users/nashid/repos/qwen-cli-automation/workspace/Math_24/src/main/java/org/apache/commons/math3/optimization/univariate/BrentOptimizer.java
Math_24,run_shell_command,5,defects4j compile
Math_24,run_shell_command,2,defects4j test
Math_24,run_shell_command,4,defects4j test -t org.apache.commons.math3.optimization.univariate.BrentOptimizerTest::testMath855
Math_24,run_shell_command,1,"grep ""BrentOptimizerFixed"" /Users/nashid/repos/qwen-cli-automation/workspace/Math_24/src/main/java/org/apache/commons/math3/optimization/univariate/BrentOptimizer.java"
Math_24,run_shell_command,1,"grep -n ""UnivariatePointValuePair current"" /Users/nashid/repos/qwen-cli-automation/workspace/Math_24/src/main/java/org/apache/commons/math3/optimization/univariate/BrentOptimizer.java"
Math_24,run_shell_command,1,"grep -n ""protected UnivariatePointValuePair doOptimize()"" /Users/nashid/repos/qwen-cli-automation/workspace/Math_24/src/main/java/org/apache/commons/math3/optimization/univariate/BrentOptimizer.java"
Math_24,run_shell_command,1,"grep -n ""return current"" /Users/nashid/repos/qwen-cli-automation/workspace/Math_24/src/main/java/org/apache/commons/math3/optimization/univariate/BrentOptimizer.java"
Math_24,run_shell_command,1,rm /Users/nashid/repos/qwen-cli-automation/workspace/Math_24/src/main/java/org/apache/commons/math3/optimization/univariate/BrentOptimizerFixed.java
Math_24,run_shell_command,1,sed -i '159i         UnivariatePointValuePair best = current;' /Users/nashid/repos/qwen-cli-automation/workspace/Math_24/src/main/java/org/apache/commons/math3/optimization/univariate/BrentOptimizer.java
Math_24,run_shell_command,2,sed -i '266s/return current;/return best;/' /Users/nashid/repos/qwen-cli-automation/workspace/Math_24/src/main/java/org/apache/commons/math3/optimization/univariate/BrentOptimizer.java
Math_24,search_file_content,1,
Math_24,todo_write,1,
Math_24,write_file,3,
Math_26,edit,7,
Math_26,glob,1,
Math_26,read_file,4,
Math_26,run_shell_command,1,cd /Users/nashid/repos/qwen-cli-automation/workspace/Math_26 && ./run_bug_exposing_tests.sh
Math_26,run_shell_command,7,cd /Users/nashid/repos/qwen-cli-automation/workspace/Math_26 && defects4j compile
Math_26,run_shell_command,1,cd /Users/nashid/repos/qwen-cli-automation/workspace/Math_26 && defects4j export -p tests.trigger
Math_26,run_shell_command,3,cd /Users/nashid/repos/qwen-cli-automation/workspace/Math_26 && defects4j test
Math_26,run_shell_command,1,cd /Users/nashid/repos/qwen-cli-automation/workspace/Math_26 && defects4j test -t org.apache.commons.math3.fraction.FractionTest::testConstructorDouble
Math_26,run_shell_command,1,cd /Users/nashid/repos/qwen-cli-automation/workspace/Math_26 && defects4j test -t org.apache.commons.math3.fraction.FractionTest::testConstructorDouble -v
Math_26,run_shell_command,1,cd /Users/nashid/repos/qwen-cli-automation/workspace/Math_26 && defects4j test -t org.apache.commons.math3.fraction.FractionTest::testIntegerOverflow
Math_26,run_shell_command,1,"cd /Users/nashid/repos/qwen-cli-automation/workspace/Math_26 && javac -cp ""target/classes:target/test-classes"" DebugFractionTest.java && java -cp "".:target/classes:target/test-classes"" DebugFractionTest"
Math_26,run_shell_command,1,"cd /Users/nashid/repos/qwen-cli-automation/workspace/Math_26 && javac -cp ""target/classes:target/test-classes"" DebugIntegerOverflowTest.java && java -cp "".:target/classes:target/test-classes"" DebugIntegerOverflowTest"
Math_26,run_shell_command,1,"cd /Users/nashid/repos/qwen-cli-automation/workspace/Math_26 && javac -cp ""target/classes:target/test-classes"" FinalValidationTest.java && java -cp "".:target/classes:target/test-classes"" FinalValidationTest"
Math_26,run_shell_command,4,"cd /Users/nashid/repos/qwen-cli-automation/workspace/Math_26 && javac -cp ""target/classes:target/test-classes"" TestFractionBug.java && java -cp "".:target/classes:target/test-classes"" TestFractionBug"
Math_26,run_shell_command,1,"cd /Users/nashid/repos/qwen-cli-automation/workspace/Math_26 && javac -cp ""target/classes:target/test-classes"" TestFractionReduction.java && java -cp "".:target/classes:target/test-classes"" TestFractionReduction"
Math_26,run_shell_command,1,cd /Users/nashid/repos/qwen-cli-automation/workspace/Math_26 && mvn test
Math_26,search_file_content,2,
Math_26,todo_write,2,
Math_26,write_file,5,
Math_28,edit,4,
Math_28,glob,3,
Math_28,read_file,11,
Math_28,run_shell_command,2,cd /Users/nashid/repos/qwen-cli-automation/workspace/Math_28 && ./run_bug_exposing_tests.sh
Math_28,run_shell_command,1,cd /Users/nashid/repos/qwen-cli-automation/workspace/Math_28 && cp src/main/java/org/apache/commons/math3/optimization/linear/SimplexSolver.java src/main/java/org/apache/commons/math3/optimization/linear/SimplexSolver.java.bak
Math_28,run_shell_command,1,cd /Users/nashid/repos/qwen-cli-automation/workspace/Math_28 && defects4j compile
Math_28,run_shell_command,1,"cd /Users/nashid/repos/qwen-cli-automation/workspace/Math_28 && defects4j compile && echo ""Compilation successful"""
Math_28,run_shell_command,3,cd /Users/nashid/repos/qwen-cli-automation/workspace/Math_28 && defects4j test
Math_28,run_shell_command,3,cd /Users/nashid/repos/qwen-cli-automation/workspace/Math_28 && defects4j test -t org.apache.commons.math3.optimization.linear.SimplexSolverTest::testMath828Cycle
Math_28,run_shell_command,1,cd /Users/nashid/repos/qwen-cli-automation/workspace/Math_28 && git status
Math_28,run_shell_command,1,"cd /Users/nashid/repos/qwen-cli-automation/workspace/Math_28 && grep -A 20 -B 5 ""Integer minRow = null"" src/main/java/org/apache/commons/math3/optimization/linear/SimplexSolver.java"
Math_28,run_shell_command,1,"cd /Users/nashid/repos/qwen-cli-automation/workspace/Math_28 && grep -n ""Integer minRow = null"" src/main/java/org/apache/commons/math3/optimization/linear/SimplexSolver.java"
Math_28,run_shell_command,1,cd /Users/nashid/repos/qwen-cli-automation/workspace/Math_28 && patch -p1 < SimplexSolver_fix.patch
Math_28,write_file,2,
Math_29,edit,1,
Math_29,glob,1,
Math_29,read_file,7,
Math_29,run_shell_command,1,./run_all_tests_trace.sh
Math_29,run_shell_command,2,./run_bug_exposing_tests.sh
Math_29,run_shell_command,1,"cd /Users/nashid/repos/qwen-cli-automation/workspace/Math_29 && grep -n ""doTestEbeBinaryOperation"" src/test/java/org/apache/commons/math3/linear/RealVectorAbstractTest.java"
Math_29,run_shell_command,1,cd /Users/nashid/repos/qwen-cli-automation/workspace/Math_29 && javac -cp target/classes:target/test-classes TestFix.java && java -cp .:target/classes:target/test-classes TestFix
Math_29,run_shell_command,2,defects4j test
Math_29,run_shell_command,1,defects4j test -t org.apache.commons.math3.linear.SparseRealVectorTest::testEbeDivideMixedTypes
Math_29,search_file_content,1,
Math_29,write_file,1,
Math_35,edit,2,
Math_35,glob,1,
Math_35,read_file,4,
Math_35,run_shell_command,1,defects4j compile
Math_35,run_shell_command,2,defects4j test
Math_35,run_shell_command,1,defects4j test -t org.apache.commons.math3.genetics.ElitisticListPopulationTest::testChromosomeListConstructorTooHigh
Math_35,run_shell_command,1,defects4j test -t org.apache.commons.math3.genetics.ElitisticListPopulationTest::testChromosomeListConstructorTooLow
Math_35,run_shell_command,1,defects4j test -t org.apache.commons.math3.genetics.ElitisticListPopulationTest::testConstructorTooHigh
Math_35,run_shell_command,1,defects4j test -t org.apache.commons.math3.genetics.ElitisticListPopulationTest::testConstructorTooLow
Math_36,edit,4,
Math_36,read_file,16,
Math_36,run_shell_command,1,./run_bug_exposing_tests.sh
Math_36,run_shell_command,1,"cd /Users/nashid/repos/qwen-cli-automation/workspace/Math_36 && defects4j compile && echo ""Compilation successful"" && defects4j test &> test_output.log && echo ""Test run completed"""
Math_36,run_shell_command,1,cd /Users/nashid/repos/qwen-cli-automation/workspace/Math_36 && defects4j test -t BigFractionTest::testDoubleValueForLargeNumeratorAndDenominator
Math_36,run_shell_command,1,cd /Users/nashid/repos/qwen-cli-automation/workspace/Math_36 && git diff --cached
Math_36,run_shell_command,1,cd /Users/nashid/repos/qwen-cli-automation/workspace/Math_36 && git status
Math_36,run_shell_command,1,cd /Users/nashid/repos/qwen-cli-automation/workspace/Math_36 && java -cp target/classes:target/test-classes:$(defects4j export -p cp.test) org.junit.runner.JUnitCore org.apache.commons.math.fraction.BigFractionTest::testFloatValueForLargeNumeratorAndDenominator
Math_36,run_shell_command,1,cd /Users/nashid/repos/qwen-cli-automation/workspace/Math_36 && patch -p1 < fix.patch
Math_36,run_shell_command,1,cd /Users/nashid/repos/qwen-cli-automation/workspace/Math_36 && rm -f *.log *.patch *.bak src/main/java/org/apache/commons/math/fraction/BigFraction.java.backup && git add src/main/java/org/apache/commons/math/fraction/BigFraction.java
Math_36,run_shell_command,1,cd /Users/nashid/repos/qwen-cli-automation/workspace/Math_36 && sed -i.bak 's/^\+\+\+/+/g' fix.patch && sed -i.bak 's/^\-\-\-/+/g' fix.patch
Math_36,run_shell_command,1,cd /Users/nashid/repos/qwen-cli-automation/workspace/Math_36 && tail -20 test_output.log
Math_36,run_shell_command,1,cd /Users/nashid/repos/qwen-cli-automation/workspace/Math_36 && wc -l src/main/java/org/apache/commons/math/fraction/BigFraction.java
Math_36,run_shell_command,1,cp /Users/nashid/repos/qwen-cli-automation/workspace/Math_36/src/main/java/org/apache/commons/math/fraction/BigFraction.java /Users/nashid/repos/qwen-cli-automation/workspace/Math_36/src/main/java/org/apache/commons/math/fraction/BigFraction.java.backup
Math_36,run_shell_command,2,defects4j compile
Math_36,run_shell_command,1,defects4j compile && defects4j test
Math_36,run_shell_command,5,defects4j test
Math_36,run_shell_command,1,defects4j test -t BigFractionTest::testFloatValueForLargeNumeratorAndDenominator
Math_36,run_shell_command,1,"grep -n ""floatValue"" /Users/nashid/repos/qwen-cli-automation/workspace/Math_36/src/main/java/org/apache/commons/math/fraction/BigFraction.java"
Math_36,run_shell_command,1,"grep -n ""public double doubleValue"" /Users/nashid/repos/qwen-cli-automation/workspace/Math_36/src/main/java/org/apache/commons/math/fraction/BigFraction.java"
Math_36,run_shell_command,1,"grep -n ""testDoubleValueForLargeNumeratorAndDenominator\|testFloatValueForLargeNumeratorAndDenominator"" /Users/nashid/repos/qwen-cli-automation/workspace/Math_36/src/test/java/org/apache/commons/math/fraction/BigFractionTest.java"
Math_36,run_shell_command,1,"sed -n '660,700p' /Users/nashid/repos/qwen-cli-automation/workspace/Math_36/src/main/java/org/apache/commons/math/fraction/BigFraction.java"
Math_36,search_file_content,5,
Math_36,write_file,4,
Math_37,glob,1,
Math_37,read_file,5,
Math_37,run_shell_command,1,./run_bug_exposing_tests.sh
Math_37,run_shell_command,1,defects4j test
Math_38,edit,8,
Math_38,read_file,14,
Math_38,run_shell_command,2,cd /Users/nashid/repos/qwen-cli-automation/workspace/Math_38 && ./run_bug_exposing_tests.sh
Math_38,run_shell_command,4,cd /Users/nashid/repos/qwen-cli-automation/workspace/Math_38 && defects4j compile
Math_38,run_shell_command,5,cd /Users/nashid/repos/qwen-cli-automation/workspace/Math_38 && defects4j test
Math_38,run_shell_command,4,cd /Users/nashid/repos/qwen-cli-automation/workspace/Math_38 && defects4j test -t org.apache.commons.math.optimization.direct.BOBYQAOptimizerTest::testConstrainedRosenWithMoreInterpolationPoints
Math_38,run_shell_command,1,cd /Users/nashid/repos/qwen-cli-automation/workspace/Math_38 && git diff src/main/java/org/apache/commons/math/optimization/direct/BOBYQAOptimizer.java
Math_38,run_shell_command,1,cd /Users/nashid/repos/qwen-cli-automation/workspace/Math_38 && git status
Math_38,run_shell_command,1,cd /Users/nashid/repos/qwen-cli-automation/workspace/Math_38 && java -cp /Users/nashid/repos/qwen-cli-automation/workspace/Math_38/target/classes:/Users/nashid/repos/qwen-cli-automation/workspace/Math_38/target/test-classes:/Users/nashid/repos/defects4j/framework/projects/lib/junit-4.11.jar org.junit.runner.JUnitCore org.apache.commons.math.optimization.direct.BOBYQAOptimizerTest
Math_38,search_file_content,2,
Math_38,todo_write,1,
Math_4,edit,4,
Math_4,glob,2,
Math_4,read_file,11,
Math_4,run_shell_command,1,./run_bug_exposing_tests.sh
Math_4,run_shell_command,1,cd /Users/nashid/repos/qwen-cli-automation/workspace/Math_4 && cp fix_threed_SubLine.java src/main/java/org/apache/commons/math3/geometry/euclidean/threed/SubLine.java
Math_4,run_shell_command,1,cd /Users/nashid/repos/qwen-cli-automation/workspace/Math_4 && cp fix_twod_SubLine.java src/main/java/org/apache/commons/math3/geometry/euclidean/twod/SubLine.java
Math_4,run_shell_command,1,cd /Users/nashid/repos/qwen-cli-automation/workspace/Math_4 && git status
Math_4,run_shell_command,1,"cd /Users/nashid/repos/qwen-cli-automation/workspace/Math_4 && grep -n -A 20 -B 5 ""public Vector2D intersection"" src/main/java/org/apache/commons/math3/geometry/euclidean/twod/SubLine.java"
Math_4,run_shell_command,1,cd /Users/nashid/repos/qwen-cli-automation/workspace/Math_4 && patch -p1 < fix.patch
Math_4,run_shell_command,1,"cd /Users/nashid/repos/qwen-cli-automation/workspace/Math_4 && sed -i.bak '115i\        // if lines don\'t intersect, return null\n        if (v1D == null) {\n            return null;\n        }\n' src/main/java/org/apache/commons/math3/geometry/euclidean/threed/SubLine.java"
Math_4,run_shell_command,1,"cd /Users/nashid/repos/qwen-cli-automation/workspace/Math_4 && sed -i.bak '117i\        // if lines don\'t intersect, return null\n        if (v2D == null) {\n            return null;\n        }\n' src/main/java/org/apache/commons/math3/geometry/euclidean/twod/SubLine.java"
Math_4,run_shell_command,1,"cd /Users/nashid/repos/qwen-cli-automation/workspace/Math_4 && sed -n '100,135p' src/main/java/org/apache/commons/math3/geometry/euclidean/twod/SubLine.java"
Math_4,run_shell_command,1,"cd /Users/nashid/repos/qwen-cli-automation/workspace/Math_4 && sed -n '90,130p' src/main/java/org/apache/commons/math3/geometry/euclidean/threed/SubLine.java"
Math_4,run_shell_command,3,defects4j compile
Math_4,run_shell_command,3,defects4j test
Math_4,run_shell_command,3,defects4j test -t org.apache.commons.math3.geometry.euclidean.threed.SubLineTest::testIntersectionNotIntersecting
Math_4,run_shell_command,1,defects4j test -t org.apache.commons.math3.geometry.euclidean.twod.SubLineTest::testIntersectionParallel
Math_4,run_shell_command,1,defects4j test -t org.apachecommons.math3.geometry.euclidean.twod.SubLineTest::testIntersectionParallel
Math_4,run_shell_command,1,java -cp /Users/nashid/repos/qwen-cli-automation/workspace/Math_4/target/classes:/Users/nashid/repos/qwen-cli-automation/workspace/Math_4/target/test-classes:/Users/nashid/repos/defects4j/framework/projects/lib/junit-4.11.jar org.junit.runner.JUnitCore org.apache.commons.math3.geometry.euclidean.threed.SubLineTest
Math_4,run_shell_command,1,java -cp /Users/nashid/repos/qwen-cli-automation/workspace/Math_4/target/classes:/Users/nashid/repos/qwen-cli-automation/workspace/Math_4/target/test-classes:/Users/nashid/repos/defects4j/framework/projects/lib/junit-4.11.jar org.junit.runner.JUnitCore org.apache.commons.math3.geometry.euclidean.threed.SubLineTest::testIntersectionNotIntersecting
Math_4,run_shell_command,1,java -cp /Users/nashid/repos/qwen-cli-automation/workspace/Math_4/target/classes:/Users/nashid/repos/qwen-cli-automation/workspace/Math_4/target/test-classes:/Users/nashid/repos/defects4j/framework/projects/lib/junit-4.11.jar org.junit.runner.JUnitCore org.apache.commons.math3.geometry.euclidean.twod.SubLineTest
Math_4,todo_write,1,
Math_4,write_file,3,
Math_44,edit,9,
Math_44,glob,2,
Math_44,read_file,10,
Math_44,run_shell_command,3,cd /Users/nashid/repos/qwen-cli-automation/workspace/Math_44 && ./run_bug_exposing_tests.sh
Math_44,run_shell_command,2,cd /Users/nashid/repos/qwen-cli-automation/workspace/Math_44 && defects4j compile
Math_44,run_shell_command,1,cd /Users/nashid/repos/qwen-cli-automation/workspace/Math_44 && defects4j compile && defects4j test
Math_44,run_shell_command,4,cd /Users/nashid/repos/qwen-cli-automation/workspace/Math_44 && defects4j test
Math_44,run_shell_command,1,cd /Users/nashid/repos/qwen-cli-automation/workspace/Math_44 && defects4j version
Math_44,run_shell_command,1,cd /Users/nashid/repos/qwen-cli-automation/workspace/Math_44 && git diff --no-index /dev/null src/main/java/org/apache/commons/math/ode/events/EventState.java | head -20
Math_44,run_shell_command,1,cd /Users/nashid/repos/qwen-cli-automation/workspace/Math_44 && git diff src/main/java/org/apache/commons/math/ode/events/EventState.java
Math_44,run_shell_command,1,cd /Users/nashid/repos/qwen-cli-automation/workspace/Math_44 && git status
Math_44,run_shell_command,1,cd /Users/nashid/repos/qwen-cli-automation/workspace/Math_44 && ls -la
Math_44,run_shell_command,1,cd /Users/nashid/repos/qwen-cli-automation/workspace/Math_44 && patch -p1 < patch.diff
Math_44,run_shell_command,1,cd /Users/nashid/repos/qwen-cli-automation/workspace/Math_44 && rm -f bug_triggering_tests.log && ./run_bug_exposing_tests.sh
Math_44,todo_write,5,
Math_44,write_file,1,
Math_46,edit,4,
Math_46,read_file,12,
Math_46,run_shell_command,1,./run_all_tests_trace.sh
Math_46,run_shell_command,1,./run_bug_exposing_tests.sh
Math_46,run_shell_command,1,"cd /Users/nashid/repos/qwen-cli-automation/workspace/Math_46 && grep -n ""return isZero"" src/main/java/org/apache/commons/math/complex/Complex.java"
Math_46,run_shell_command,1,cd /Users/nashid/repos/qwen-cli-automation/workspace/Math_46 && sed -i '' 's/return isZero ? NaN : INF;/return NaN;/' src/main/java/org/apache/commons/math/complex/Complex.java
Math_46,run_shell_command,1,defects4j compile
Math_46,run_shell_command,3,defects4j test
Math_46,run_shell_command,1,defects4j test -t org.apache.commons.math.complex.ComplexTest::testDivideZero
Math_46,search_file_content,8,
Math_47,edit,2,
Math_47,read_file,8,
Math_47,run_shell_command,3,cd /Users/nashid/repos/qwen-cli-automation/workspace/Math_47 && defects4j compile
Math_47,run_shell_command,3,cd /Users/nashid/repos/qwen-cli-automation/workspace/Math_47 && defects4j test
Math_47,run_shell_command,2,cd /Users/nashid/repos/qwen-cli-automation/workspace/Math_47 && defects4j test -t org.apache.commons.math.complex.ComplexTest::testDivideZero
Math_47,run_shell_command,2,cd /Users/nashid/repos/qwen-cli-automation/workspace/Math_47 && defects4j test -t org.apache.commons.math.complex.ComplexTest::testDivideZeroZero
Math_47,run_shell_command,1,cd /Users/nashid/repos/qwen-cli-automation/workspace/Math_47 && defects4j test -t org.apache.commons.math.complex.ComplexTest::testScalarDivideZero
Math_47,search_file_content,7,
Math_47,todo_write,1,
Math_49,edit,1,
Math_49,read_file,5,
Math_49,run_shell_command,1,./run_bug_exposing_tests.sh
Math_49,run_shell_command,1,defects4j compile
Math_49,run_shell_command,2,defects4j test
Math_49,run_shell_command,1,defects4j test -t org.apache.commons.math.linear.SparseRealVectorTest::testConcurrentModification
Math_49,run_shell_command,1,"javac -cp ""target/classes:target/test-classes:/Users/nashid/repos/defects4j/framework/projects/lib/junit-4.11.jar"" DemoBugOpenMapRealVector.java && java -cp "".:target/classes:target/test-classes:/Users/nashid/repos/defects4j/framework/projects/lib/junit-4.11.jar"" DemoBugOpenMapRealVector"
Math_49,run_shell_command,1,rm DemoBugOpenMapRealVector.java DemoBugOpenMapRealVector.class
Math_49,search_file_content,3,
Math_49,write_file,1,
Math_52,edit,1,
Math_52,glob,2,
Math_52,read_file,4,
Math_52,run_shell_command,1,./run_bug_exposing_tests.sh
Math_52,run_shell_command,1,cd /Users/nashid/repos/qwen-cli-automation/workspace/Math_52 && java -cp target/classes:target/test-classes:/Users/nashid/repos/defects4j/framework/projects/lib/junit-4.11.jar org.junit.runner.JUnitCore org.apache.commons.math.geometry.euclidean.threed.RotationTest
Math_52,run_shell_command,1,defects4j compile
Math_52,run_shell_command,2,defects4j test
Math_52,run_shell_command,2,defects4j test -t org.apache.commons.math.geometry.euclidean.threed.RotationTest::testIssue639
Math_52,todo_write,1,
Math_54,edit,4,
Math_54,glob,2,
Math_54,read_file,7,
Math_54,run_shell_command,4,./run_bug_exposing_tests.sh
Math_54,run_shell_command,1,"cd /Users/nashid/repos/qwen-cli-automation/workspace/Math_54 && java -cp "".:target/classes:target/test-classes"" DebugZero"
Math_54,run_shell_command,1,"cd /Users/nashid/repos/qwen-cli-automation/workspace/Math_54 && javac -cp ""target/classes:target/test-classes"" DebugZero.java && java -cp "".:target/classes:target/test-classes"" DebugZero"
Math_54,run_shell_command,3,defects4j compile
Math_54,run_shell_command,4,defects4j test
Math_54,run_shell_command,4,defects4j test -t org.apache.commons.math.dfp.DfpTest::testIssue567
Math_54,run_shell_command,1,javac TestZero.java && java TestZero
Math_54,write_file,3,
Math_55,edit,6,
Math_55,glob,2,
Math_55,read_file,8,
Math_55,run_shell_command,1,cd /Users/nashid/repos/qwen-cli-automation/workspace/Math_55 && ./run_all_tests_trace.sh
Math_55,run_shell_command,2,cd /Users/nashid/repos/qwen-cli-automation/workspace/Math_55 && ./run_bug_exposing_tests.sh
Math_55,run_shell_command,3,cd /Users/nashid/repos/qwen-cli-automation/workspace/Math_55 && defects4j compile
Math_55,run_shell_command,3,cd /Users/nashid/repos/qwen-cli-automation/workspace/Math_55 && defects4j test
Math_55,run_shell_command,4,cd /Users/nashid/repos/qwen-cli-automation/workspace/Math_55 && defects4j test -t Vector3DTest::testCrossProductCancellation
Math_55,run_shell_command,1,cd /Users/nashid/repos/qwen-cli-automation/workspace/Math_55 && git diff
Math_55,run_shell_command,1,cd /Users/nashid/repos/qwen-cli-automation/workspace/Math_55 && git log --oneline -10
Math_55,run_shell_command,1,"cd /Users/nashid/repos/qwen-cli-automation/workspace/Math_55 && git show 0cafb921d:src/main/java/org/apache/commons/math/geometry/Vector3D.java | grep -A 30 ""public static Vector3D crossProduct"""
Math_55,run_shell_command,1,"cd /Users/nashid/repos/qwen-cli-automation/workspace/Math_55 && git show 0cafb921d:src/main/java/org/apache/commons/math/geometry/Vector3D.java | grep -A 40 ""public static Vector3D crossProduct"""
Math_55,run_shell_command,1,"cd /Users/nashid/repos/qwen-cli-automation/workspace/Math_55 && git show eb5242645:src/main/java/org/apache/commons/math/geometry/Vector3D.java | grep -A 30 ""public static Vector3D crossProduct"""
Math_55,search_file_content,2,
Math_6,edit,11,
Math_6,read_file,17,
Math_6,run_shell_command,3,cd /Users/nashid/repos/qwen-cli-automation/workspace/Math_6 && defects4j compile
Math_6,run_shell_command,1,cd /Users/nashid/repos/qwen-cli-automation/workspace/Math_6 && defects4j compile && defects4j test -t org.apache.commons.math3.optim.nonlinear.vector.jacobian.LevenbergMarquardtOptimizerTest::testGetIterations
Math_6,run_shell_command,1,cd /Users/nashid/repos/qwen-cli-automation/workspace/Math_6 && defects4j test
Math_6,run_shell_command,3,cd /Users/nashid/repos/qwen-cli-automation/workspace/Math_6 && defects4j test -t org.apache.commons.math3.optim.nonlinear.vector.jacobian.LevenbergMarquardtOptimizerTest::testGetIterations
Math_6,run_shell_command,3,cd /Users/nashid/repos/qwen-cli-automation/workspace/Math_6 && defects4j test -t org.apache.commons.math3.optimization.general.LevenbergMarquardtOptimizerTest::testGetIterations
Math_6,run_shell_command,1,"cd /Users/nashid/repos/qwen-cli-automation/workspace/Math_6 && grep -A 10 -B 5 ""createOptimizer"" src/test/java/org/apache/commons/math3/optim/nonlinear/vector/jacobian/LevenbergMarquardtOptimizerTest.java"
Math_6,run_shell_command,1,"cd /Users/nashid/repos/qwen-cli-automation/workspace/Math_6 && grep -A 30 ""testGetIterations"" src/test/java/org/apache/commons/math3/optim/nonlinear/vector/jacobian/AbstractLeastSquaresOptimizerAbstractTest.java"
Math_6,run_shell_command,1,"cd /Users/nashid/repos/qwen-cli-automation/workspace/Math_6 && grep -n ""testGetIterations"" src/test/java/org/apache/commons/math3/optim/nonlinear/vector/jacobian/LevenbergMarquardtOptimizerTest.java"
Math_6,run_shell_command,1,"cd /Users/nashid/repos/qwen-cli-automation/workspace/Math_6 && javac -cp ""lib/*:target/classes"" QuickTest.java && java -cp "".:lib/*:target/classes"" QuickTest"
Math_6,run_shell_command,1,"cd /Users/nashid/repos/qwen-cli-automation/workspace/Math_6 && javac -cp ""lib/*:target/classes"" TestIterations.java && java -cp "".:lib/*:target/classes"" TestIterations"
Math_6,run_shell_command,1,cd /Users/nashid/repos/qwen-cli-automation/workspace/Math_6 && ls src/test/java/org/apache/commons/math3/optim/nonlinear/vector/jacobian/LevenbergMarquardtOptimizerTest.java
Math_6,run_shell_command,1,cd /Users/nashid/repos/qwen-cli-automation/workspace/Math_6 && mvn test -Dtest=org.apache.commons.math3.optim.nonlinear.vector.jacobian.LevenbergMarquardtOptimizerTest::testGetIterations -q
Math_6,run_shell_command,1,"find . -name ""*BaseOptimizer*"" -type f"
Math_6,run_shell_command,1,"find . -name ""*LevenbergMarquardtOptimizer*"" -type f"
Math_6,run_shell_command,1,"find /Users/nashid/repos/qwen-cli-automation/workspace/Math_6 -name ""*.java"" | xargs grep -l ""testGetIterations"""
Math_6,run_shell_command,1,"find /Users/nashid/repos/qwen-cli-automation/workspace/Math_6 -name ""*LevenbergMarquardtOptimizer*Test.java"" -exec grep -l ""testGetIterations"" {} \;"
Math_6,run_shell_command,1,"grep -n ""testGetIterations"" /Users/nashid/repos/qwen-cli-automation/workspace/Math_6/src/test/java/org/apache/commons/math3/optimization/general/LevenbergMarquardtOptimizerTest.java"
Math_6,run_shell_command,1,head -30 /Users/nashid/repos/qwen-cli-automation/workspace/Math_6/src/test/java/org/apache/commons/math3/optim/nonlinear/vector/jacobian/AbstractLeastSquaresOptimizerAbstractTest.java
Math_6,run_shell_command,1,tail -10 /Users/nashid/repos/qwen-cli-automation/workspace/Math_6/src/main/java/org/apache/commons/math3/optimization/general/LevenbergMarquardtOptimizer.java
Math_6,search_file_content,2,
Math_6,write_file,4,
Math_61,edit,5,
Math_61,exit_plan_mode,2,
Math_61,glob,1,
Math_61,read_file,12,
Math_61,run_shell_command,1,./run_bug_exposing_tests.sh
Math_61,run_shell_command,3,defects4j compile
Math_61,run_shell_command,1,defects4j compile && defects4j test
Math_61,run_shell_command,2,defects4j test
Math_61,run_shell_command,1,git log --oneline -10
Math_61,run_shell_command,1,git show 4ab37cd49
Math_61,run_shell_command,2,git show aadda6a81
Math_61,run_shell_command,1,"git show aadda6a81:src/main/java/org/apache/commons/math/distribution/PoissonDistributionImpl.java | grep -A 10 -B 5 ""NotStrictlyPositiveException"""
Math_61,run_shell_command,1,git show aadda6a81:src/main/java/org/apache/commons/math/distribution/PoissonDistributionImpl.java | head -120
Math_61,run_shell_command,1,java -cp target/classes:target/test-classes:$(defects4j export -p cp.test) org.junit.runner.JUnitCore org.apache.commons.math.distribution.PoissonDistributionTest::testMean
Math_61,search_file_content,5,
Math_61,todo_write,2,
Math_65,edit,1,
Math_65,read_file,6,
Math_65,run_shell_command,1,./run_bug_exposing_tests.sh
Math_65,run_shell_command,1,defects4j compile
Math_65,run_shell_command,2,defects4j test
Math_65,run_shell_command,1,defects4j test -t org.apache.commons.math.optimization.general.LevenbergMarquardtOptimizerTest::testCircleFitting
Math_65,search_file_content,1,
Math_66,edit,13,
Math_66,glob,4,
Math_66,read_file,31,
Math_66,run_shell_command,1,./run_all_tests_trace.sh
Math_66,run_shell_command,2,./run_bug_exposing_tests.sh
Math_66,run_shell_command,1,cd /Users/nashid/repos/qwen-cli-automation/workspace/Math_66 && defects4j compile
Math_66,run_shell_command,1,cd /Users/nashid/repos/qwen-cli-automation/workspace/Math_66 && defects4j test
Math_66,run_shell_command,1,cd /Users/nashid/repos/qwen-cli-automation/workspace/Math_66 && defects4j test -t org.apache.commons.math.optimization.MultiStartUnivariateRealOptimizerTest::testQuinticMin
Math_66,run_shell_command,1,cd /Users/nashid/repos/qwen-cli-automation/workspace/Math_66 && defects4j test -t org.apache.commons.math.optimization.MultiStartUnivariateRealOptimizerTest::testSinMin
Math_66,run_shell_command,1,cd /Users/nashid/repos/qwen-cli-automation/workspace/Math_66 && defects4j test -t org.apache.commons.math.optimization.univariate.BrentOptimizerTest::testQuinticMinStatistics
Math_66,run_shell_command,1,cd /Users/nashid/repos/qwen-cli-automation/workspace/Math_66 && defects4j test -t org.apache.commons.math.optimization.univariate.BrentOptimizerTest::testSinMin
Math_66,run_shell_command,1,cd /Users/nashid/repos/qwen-cli-automation/workspace/Math_66 && git checkout HEAD -- src/main/java/org/apache/commons/math/optimization/univariate/BrentOptimizer.java
Math_66,run_shell_command,4,cd /Users/nashid/repos/qwen-cli-automation/workspace/Math_66 && git log --oneline -10
Math_66,run_shell_command,1,cd /Users/nashid/repos/qwen-cli-automation/workspace/Math_66 && git show 76fcbc838
Math_66,run_shell_command,1,cd /Users/nashid/repos/qwen-cli-automation/workspace/Math_66 && git show 7bbad398d
Math_66,run_shell_command,1,cd /Users/nashid/repos/qwen-cli-automation/workspace/Math_66 && git show 7f3217337:src/main/java/org/apache/commons/math/optimization/univariate/BrentOptimizer.java
Math_66,run_shell_command,1,cd /Users/nashid/repos/qwen-cli-automation/workspace/Math_66 && git show a99e33f98
Math_66,run_shell_command,1,cd /Users/nashid/repos/qwen-cli-automation/workspace/Math_66 && git show a99e33f98:src/main/java/org/apache/commons/math/optimization/univariate/BrentOptimizer.java
Math_66,run_shell_command,1,cd /Users/nashid/repos/qwen-cli-automation/workspace/Math_66 && git show b1713b49f
Math_66,run_shell_command,1,cd /Users/nashid/repos/qwen-cli-automation/workspace/Math_66 && git show fc505bba5
Math_66,run_shell_command,1,"cd /Users/nashid/repos/qwen-cli-automation/workspace/Math_66 && java -cp target/classes:target/test-classes:$(find ~/.m2/repository -name ""*.jar"" | grep junit | head -1) org.junit.runner.JUnitCore org.apache.commons.math.optimization.univariate.BrentOptimizerTest"
Math_66,run_shell_command,1,"cd /Users/nashid/repos/qwen-cli-automation/workspace/Math_66 && java -cp target/classes:target/test-classes:$(find ~/.m2/repository -name ""junit-*.jar"" | head -1) org.junit.runner.JUnitCore org.apache.commons.math.optimization.univariate.BrentOptimizerTest"
Math_66,run_shell_command,1,cp /Users/nashid/repos/qwen-cli-automation/workspace/Math_66/BrentOptimizer_fixed.java /Users/nashid/repos/qwen-cli-automation/workspace/Math_66/src/main/java/org/apache/commons/math/optimization/univariate/BrentOptimizer.java
Math_66,run_shell_command,3,defects4j compile
Math_66,run_shell_command,3,defects4j test
Math_66,run_shell_command,1,defects4j test -t org.apache.commons.math.optimization.univariate.BrentOptimizerTest::testMinEndpoints
Math_66,run_shell_command,1,defects4j test -t org.apache.commons.math.optimization.univariate.BrentOptimizerTest::testQuinticMinStatistics
Math_66,run_shell_command,2,defects4j test -t org.apache.commons.math.optimization.univariate.BrentOptimizerTest::testSinMin
Math_66,run_shell_command,1,"defects4j test 2>&1 | grep -E ""(FAIL|Failing tests)"""
Math_66,run_shell_command,1,"grep -n ""doOptimize"" /Users/nashid/repos/qwen-cli-automation/workspace/Math_66/src/main/java/org/apache/commons/math/optimization/univariate/AbstractUnivariateRealOptimizer.java"
Math_66,run_shell_command,1,"sed -n '45,55p' /Users/nashid/repos/qwen-cli-automation/workspace/Math_66/src/main/java/org/apache/commons/math/optimization/univariate/BrentOptimizer.java"
Math_66,run_shell_command,1,"sed -n '55,65p' /Users/nashid/repos/qwen-cli-automation/workspace/Math_66/src/main/java/org/apache/commons/math/optimization/univariate/BrentOptimizer.java"
Math_66,search_file_content,6,
Math_66,task,3,
Math_66,todo_write,1,
Math_66,write_file,2,
Math_68,edit,3,
Math_68,glob,2,
Math_68,read_file,5,
Math_68,run_shell_command,2,./run_bug_exposing_tests.sh
Math_68,run_shell_command,3,defects4j compile
Math_68,run_shell_command,3,defects4j test
Math_68,run_shell_command,1,"defects4j test -t ""org.apache.commons.math.optimization.general.MinpackTest::testMinpackJennrichSampson"" -t ""org.apache.commons.math.optimization.general.MinpackTest::testMinpackFreudensteinRoth"""
Math_68,run_shell_command,1,defects4j test -t org.apache.commons.math.optimization.general.MinpackTest::testMinpackFreudensteinRoth
Math_68,run_shell_command,3,defects4j test -t org.apache.commons.math.optimization.general.MinpackTest::testMinpackJennrichSampson
Math_68,run_shell_command,1,defects4j test -t org.apache.commons.math.optimization.general.MinpackTest::testMinpackJennrichSampson -v
Math_68,run_shell_command,1,git diff
Math_68,run_shell_command,1,git stash
Math_68,run_shell_command,1,git stash pop
Math_68,search_file_content,2,
Math_7,edit,2,
Math_7,glob,1,
Math_7,read_file,10,
Math_7,run_shell_command,1,./run_all_tests_trace.sh
Math_7,run_shell_command,2,./run_bug_exposing_tests.sh
Math_7,run_shell_command,2,defects4j compile
Math_7,run_shell_command,3,defects4j test
Math_7,run_shell_command,2,defects4j test -t org.apache.commons.math3.ode.nonstiff.DormandPrince853IntegratorTest::testEventsScheduling
Math_7,run_shell_command,1,git diff src/main/java/org/apache/commons/math3/ode/AbstractIntegrator.java
Math_7,run_shell_command,1,git status
Math_7,run_shell_command,1,java -cp /Users/nashid/repos/qwen-cli-automation/workspace/Math_7/target/classes:/Users/nashid/repos/qwen-cli-automation/workspace/Math_7/target/test-classes:/Users/nashid/repos/defects4j/framework/projects/lib/junit-4.11.jar org.junit.runner.JUnitCore org.apache.commons.math3.ode.nonstiff.DormandPrince853IntegratorTest
Math_7,search_file_content,3,
Math_7,todo_write,1,
Math_71,edit,4,
Math_71,glob,6,
Math_71,read_file,14,
Math_71,run_shell_command,1,cd /Users/nashid/repos/qwen-cli-automation/workspace/Math_71 && ./run_bug_exposing_tests.sh
Math_71,run_shell_command,1,cd /Users/nashid/repos/qwen-cli-automation/workspace/Math_71 && defects4j compile && defects4j test
Math_71,run_shell_command,1,cd /Users/nashid/repos/qwen-cli-automation/workspace/Math_71 && defects4j test -t DormandPrince853IntegratorTest::testMissedEndEvent
Math_71,run_shell_command,1,"cd /Users/nashid/repos/qwen-cli-automation/workspace/Math_71 && find . -name ""*.java"" -exec grep -l ""testMissedEndEvent"" {} \;"
Math_71,run_shell_command,1,cd /Users/nashid/repos/qwen-cli-automation/workspace/Math_71 && mvn compile -q
Math_71,run_shell_command,1,cd /Users/nashid/repos/qwen-cli-automation/workspace/Math_71 && mvn test -Dtest=DormandPrince853IntegratorTest#testMissedEndEvent
Math_71,search_file_content,1,
Math_71,todo_write,1,
Math_71,write_file,1,
Math_72,edit,3,
Math_72,read_file,3,
Math_72,run_shell_command,1,cd /Users/nashid/repos/qwen-cli-automation/workspace/Math_72 && ./run_bug_exposing_tests.sh
Math_72,run_shell_command,1,cd /Users/nashid/repos/qwen-cli-automation/workspace/Math_72 && defects4j compile
Math_72,run_shell_command,1,"cd /Users/nashid/repos/qwen-cli-automation/workspace/Math_72 && defects4j compile && echo ""Compilation successful"""
Math_72,run_shell_command,1,cd /Users/nashid/repos/qwen-cli-automation/workspace/Math_72 && defects4j test
Math_72,run_shell_command,2,cd /Users/nashid/repos/qwen-cli-automation/workspace/Math_72 && defects4j test -t org.apache.commons.math.analysis.solvers.BrentSolverTest::testRootEndpoints
Math_72,run_shell_command,1,cd /Users/nashid/repos/qwen-cli-automation/workspace/Math_72 && defects4j test -t org.apache.commons.math.analysis.solvers.BrentSolverTest::testRootEndpoints -v
Math_72,run_shell_command,1,"cd /Users/nashid/repos/qwen-cli-automation/workspace/Math_72 && defects4j test 2>&1 | grep -A 10 -B 10 ""testRootEndpoints"""
Math_72,run_shell_command,1,"cd /Users/nashid/repos/qwen-cli-automation/workspace/Math_72 && defects4j test 2>&1 | grep -E ""(FAIL|ERROR|Failing tests)"""
Math_72,run_shell_command,1,cd /Users/nashid/repos/qwen-cli-automation/workspace/Math_72 && java -cp target/classes:target/test-classes org.apache.commons.math.analysis.solvers.BrentSolverTest testRootEndpoints
Math_72,run_shell_command,1,cd /Users/nashid/repos/qwen-cli-automation/workspace/Math_72 && mvn test -Dtest=BrentSolverTest#testRootEndpoints -q
Math_72,search_file_content,2,
Math_72,write_file,1,
Math_76,edit,4,
Math_76,glob,4,
Math_76,read_file,9,
Math_76,run_shell_command,1,./run_all_tests_trace.sh
Math_76,run_shell_command,4,./run_bug_exposing_tests.sh
Math_76,run_shell_command,4,defects4j compile
Math_76,run_shell_command,1,defects4j compile && defects4j test
Math_76,run_shell_command,4,defects4j test
Math_76,run_shell_command,4,defects4j test -t org.apache.commons.math.linear.SingularValueSolverTest::testMath320A
Math_76,run_shell_command,1,defects4j test -t org.apache.commons.math.linear.SingularValueSolverTest::testMath320A org.apache.commons.math.linear.SingularValueSolverTest::testMath320B
Math_76,run_shell_command,2,defects4j test -t org.apache.commons.math.linear.SingularValueSolverTest::testMath320B
Math_76,run_shell_command,1,git diff
Math_77,edit,5,
Math_77,read_file,16,
Math_77,run_shell_command,2,cd /Users/nashid/repos/qwen-cli-automation/workspace/Math_77 && ./run_bug_exposing_tests.sh
Math_77,run_shell_command,1,cd /Users/nashid/repos/qwen-cli-automation/workspace/Math_77 && defects4j compile && defects4j test
Math_77,run_shell_command,2,cd /Users/nashid/repos/qwen-cli-automation/workspace/Math_77 && defects4j test
Math_77,search_file_content,4,
Math_78,edit,2,
Math_78,glob,1,
Math_78,read_file,4,
Math_78,run_shell_command,1,./run_bug_exposing_tests.sh
Math_78,run_shell_command,1,defects4j compile
Math_78,run_shell_command,2,defects4j test
Math_78,run_shell_command,1,defects4j test -t org.apache.commons.math.ode.events.EventStateTest::closeEvents
Math_78,run_shell_command,1,git diff
Math_78,run_shell_command,1,git log --oneline -n 20
Math_78,run_shell_command,1,git show b3ed2415f
Math_78,search_file_content,1,
Math_78,write_file,1,
Math_83,edit,4,
Math_83,read_file,12,
Math_83,run_shell_command,2,./run_bug_exposing_tests.sh
Math_83,run_shell_command,1,"cd /Users/nashid/repos/qwen-cli-automation/workspace/Math_83 && cat > temp_pivot_method << 'EOF'
    /**\n     * Returns the row with the minimum ratio as given by the minimum ratio test (MRT).\n     * @param tableau simple tableau for the problem\n     * @param col the column to test the ratio of.  See {@link #getPivotColumn(SimplexTableau)}\n     * @return row with the minimum ratio\n     */\n    private Integer getPivotRow(final int col, final SimplexTableau tableau) {\n        double minRatio = Double.MAX_VALUE;\n        Integer minRatioPos = null;\n        for (int i = tableau.getNumObjectiveFunctions(); i < tableau.getHeight(); i++) {\n            double rhs = tableau.getEntry(i, tableau.getWidth() - 1);\n            double pivot = tableau.getEntry(i, col);\n            if (MathUtils.compareTo(pivot, 0, epsilon) > 0) {\n                double ratio = rhs / pivot;\n                if (ratio < minRatio) {\n                    minRatio = ratio;\n                    minRatioPos = i; \n                }\n            }\n        }\n        return minRatioPos;\n    }
EOF"
Math_83,run_shell_command,1,cd /Users/nashid/repos/qwen-cli-automation/workspace/Math_83 && cp src/main/java/org/apache/commons/math/optimization/linear/SimplexSolver.java src/main/java/org/apache/commons/math/optimization/linear/SimplexSolver.java.backup
Math_83,run_shell_command,1,cd /Users/nashid/repos/qwen-cli-automation/workspace/Math_83 && defects4j compile
Math_83,run_shell_command,1,cd /Users/nashid/repos/qwen-cli-automation/workspace/Math_83 && defects4j export -p tests.trigger
Math_83,run_shell_command,2,cd /Users/nashid/repos/qwen-cli-automation/workspace/Math_83 && defects4j test
Math_83,run_shell_command,2,cd /Users/nashid/repos/qwen-cli-automation/workspace/Math_83 && defects4j test -t org.apache.commons.math.optimization.linear.SimplexSolverTest::testMath286
Math_83,run_shell_command,2,cd /Users/nashid/repos/qwen-cli-automation/workspace/Math_83 && git checkout src/main/java/org/apache/commons/math/optimization/linear/SimplexSolver.java
Math_83,run_shell_command,1,cd /Users/nashid/repos/qwen-cli-automation/workspace/Math_83 && git diff HEAD
Math_83,run_shell_command,1,cd /Users/nashid/repos/qwen-cli-automation/workspace/Math_83 && git stash
Math_83,run_shell_command,1,"cd /Users/nashid/repos/qwen-cli-automation/workspace/Math_83 && java -cp target/classes:target/test-classes:$(find ~/.m2/repository -name ""*.jar"" | grep junit | head -1) org.junit.runner.JUnitCore org.apache.commons.math.optimization.linear.SimplexSolverTest"
Math_83,run_shell_command,1,"cd /Users/nashid/repos/qwen-cli-automation/workspace/Math_83 && javac -cp ""target/classes:target/test-classes"" -sourcepath src/main/java src/main/java/org/apache/commons/math/optimization/linear/SimplexSolver.java"
Math_83,run_shell_command,1,"cd /Users/nashid/repos/qwen-cli-automation/workspace/Math_83 && javac -cp ""target/classes:target/test-classes"" TestSimplex.java && java -cp "".:target/classes:target/test-classes"" TestSimplex"
Math_83,run_shell_command,1,cd /Users/nashid/repos/qwen-cli-automation/workspace/Math_83 && mvn compile
Math_83,run_shell_command,1,cd /Users/nashid/repos/qwen-cli-automation/workspace/Math_83 && mvn compile -q
Math_83,run_shell_command,1,"cd /Users/nashid/repos/qwen-cli-automation/workspace/Math_83 && sed -i.bak 's/\\t\\tfor (int i = tableau.getNumObjectiveFunctions(); i < tableau.getHeight(); i++) {/\\t\\tfor (int i = tableau.getNumObjectiveFunctions(); i < tableau.getHeight(); i++) {\\n\\t\\t\\tdouble pivot = tableau.getEntry(i, col);/' src/main/java/org/apache/commons/math/optimization/linear/SimplexSolver.java"
Math_83,run_shell_command,1,"cd /Users/nashid/repos/qwen-cli-automation/workspace/Math_83 && sed -i.bak 's/\\tdouble pivot = tableau.getEntry(i, col);/\\tdouble pivot = tableau.getEntry(i, col);\\n\\t\\tif (MathUtils.compareTo(pivot, 0, epsilon) > 0) {/' src/main/java/org/apache/commons/math/optimization/linear/SimplexSolver.java"
Math_83,run_shell_command,2,"cd /Users/nashid/repos/qwen-cli-automation/workspace/Math_83 && sed -i.bak 's/if (MathUtils.compareTo(tableau.getEntry(i, col), 0, epsilon) >= 0)/if (MathUtils.compareTo(pivot, 0, epsilon) > 0)/' src/main/java/org/apache/commons/math/optimization/linear/SimplexSolver.java"
Math_83,run_shell_command,1,"cd /Users/nashid/repos/qwen-cli-automation/workspace/Math_83 && sed -i.bak 's/if (MathUtils.compareTo(tableau.getEntry(i, col), 0, epsilon) >= 0)/if (MathUtils.compareTo(tableau.getEntry(i, col), 0, epsilon) > 0)/' src/main/java/org/apache/commons/math/optimization/linear/SimplexSolver.java"
Math_83,run_shell_command,1,"cd /Users/nashid/repos/qwen-cli-automation/workspace/Math_83 && sed -i.bak 's/rhs /pivot = tableau.getEntry(i, col);\\n\\t\\t\\trhs =/' src/main/java/org/apache/commons/math/optimization/linear/SimplexSolver.java"
Math_83,run_shell_command,2,defects4j test
Math_83,run_shell_command,3,defects4j test -t org.apache.commons.math.optimization.linear.SimplexSolverTest::testMath286
Math_83,search_file_content,3,
Math_83,write_file,2,
Math_84,edit,1,
Math_84,read_file,5,
Math_84,run_shell_command,1,./run_bug_exposing_tests.sh
Math_84,run_shell_command,1,defects4j compile
Math_84,run_shell_command,2,defects4j test
Math_84,run_shell_command,2,defects4j test -t org.apache.commons.math.optimization.direct.MultiDirectionalTest::testMath283
Math_84,run_shell_command,1,java -cp target/classes:target/test-classes:$(defects4j export -p cp.test) org.junit.runner.JUnitCore org.apache.commons.math.optimization.direct.MultiDirectionalTest
Math_84,search_file_content,2,
Math_84,todo_write,1,
Math_86,edit,1,
Math_86,glob,1,
Math_86,read_file,4,
Math_86,run_shell_command,1,./run_bug_exposing_tests.sh
Math_86,run_shell_command,1,defects4j compile
Math_86,run_shell_command,3,defects4j test
Math_86,run_shell_command,2,defects4j test -t CholeskyDecompositionImplTest::testMath274
Math_86,run_shell_command,2,defects4j test -t CholeskyDecompositionImplTest::testNotPositiveDefinite
Math_86,run_shell_command,1,"java -cp "".:target/classes:target/test-classes:/Users/nashid/repos/defects4j/framework/projects/lib/junit-4.11.jar"" TestFix"
Math_86,run_shell_command,1,"javac -cp ""target/classes:target/test-classes:/Users/nashid/repos/defects4j/framework/projects/lib/junit-4.11.jar"" TestFix.java"
Math_86,search_file_content,1,
Math_86,todo_write,1,
Math_86,write_file,1,
Math_90,edit,6,
Math_90,exit_plan_mode,1,
Math_90,glob,2,
Math_90,read_file,5,
Math_90,run_shell_command,1,cd /Users/nashid/repos/qwen-cli-automation/workspace/Math_90 && ./run_all_tests_trace.sh
Math_90,run_shell_command,1,cd /Users/nashid/repos/qwen-cli-automation/workspace/Math_90 && ./run_bug_exposing_tests.sh
Math_90,run_shell_command,1,cd /Users/nashid/repos/qwen-cli-automation/workspace/Math_90 && defects4j compile
Math_90,run_shell_command,2,cd /Users/nashid/repos/qwen-cli-automation/workspace/Math_90 && defects4j test
Math_90,run_shell_command,2,cd /Users/nashid/repos/qwen-cli-automation/workspace/Math_90 && defects4j test -t org.apache.commons.math.stat.FrequencyTest::testAddNonComparable
Math_90,todo_write,2,
Math_92,edit,10,
Math_92,glob,2,
Math_92,read_file,10,
Math_92,run_shell_command,1,./run_all_tests_trace.sh
Math_92,run_shell_command,2,./run_bug_exposing_tests.sh
Math_92,run_shell_command,1,cd /Users/nashid/repos/qwen-cli-automation/workspace/Math_92 && java -cp target/classes:target/test-classes:/Users/nashid/repos/defects4j/framework/projects/lib/junit-4.11.jar org.apache.commons.math.util.MathUtilsTest
Math_92,run_shell_command,1,"cd /Users/nashid/repos/qwen-cli-automation/workspace/Math_92 && java -cp target/classes:target/test-classes:/Users/nashid/repos/defects4j/framework/projects/lib/junit-4.11.jar org.apache.commons.math.util.MathUtilsTest 2>&1 | grep -A 5 -B 5 ""48,22"""
Math_92,run_shell_command,1,"cd /Users/nashid/repos/qwen-cli-automation/workspace/Math_92 && java -cp target/classes:target/test-classes:/Users/nashid/repos/defects4j/framework/projects/lib/junit-4.11.jar org.junit.runner.JUnitCore org.apache.commons.math.util.MathUtilsTest 2>&1 | grep -A 20 -B 5 ""testBinomialCoefficientLarge"""
Math_92,run_shell_command,3,defects4j compile
Math_92,run_shell_command,1,defects4j compile && defects4j test
Math_92,run_shell_command,1,"defects4j compile && echo ""Compilation successful"" && defects4j test | grep -E ""(Failing tests|OK|successful)"""
Math_92,run_shell_command,3,defects4j test
Math_92,run_shell_command,3,defects4j test -t org.apache.commons.math.util.MathUtilsTest::testBinomialCoefficientLarge
Math_92,run_shell_command,1,"echo ""Checking the expected value for binomialCoefficient(48,22)"""
Math_92,run_shell_command,1,"echo ""Running specific test case for 65,32 and 65,33"" && java -cp /Users/nashid/repos/qwen-cli-automation/workspace/Math_92/target/classes:/Users/nashid/repos/qwen-cli-automation/workspace/Math_92/target/test-classes:/Users/nashid/repos/defects4j/framework/projects/lib/junit-4.11.jar org.junit.runner.JUnitCore org.apache.commons.math.util.MathUtilsTest"
Math_92,search_file_content,3,
Math_92,todo_write,3,
Math_93,edit,4,
Math_93,glob,3,
Math_93,read_file,8,
Math_93,run_shell_command,1,cd /Users/nashid/repos/qwen-cli-automation/workspace/Math_93 && ./run_bug_exposing_tests.sh
Math_93,run_shell_command,1,"cd /Users/nashid/repos/qwen-cli-automation/workspace/Math_93 && defects4j compile && echo ""Compilation successful"""
Math_93,run_shell_command,1,cd /Users/nashid/repos/qwen-cli-automation/workspace/Math_93 && defects4j test
Math_93,run_shell_command,2,cd /Users/nashid/repos/qwen-cli-automation/workspace/Math_93 && defects4j test -t org.apache.commons.math.util.MathUtilsTest::testFactorial
Math_93,run_shell_command,1,cd /Users/nashid/repos/qwen-cli-automation/workspace/Math_93 && defects4j test -t org.apache.commons.math.util.MathUtilsTest::testFactorial -v
Math_93,run_shell_command,1,"cd /Users/nashid/repos/qwen-cli-automation/workspace/Math_93 && javac -cp ""target/classes:target/test-classes"" TestFactorial.java && java -cp "".:target/classes:target/test-classes"" TestFactorial"
Math_93,run_shell_command,1,"cd /Users/nashid/repos/qwen-cli-automation/workspace/Math_93 && javac -cp ""target/classes:target/test-classes"" src/test/org/apache/commons/math/util/MathUtilsTest.java && javac -cp ""target/classes:target/test-classes"" src/java/org/apache/commons/math/util/MathUtils.java"
Math_93,run_shell_command,1,cd /Users/nashid/repos/qwen-cli-automation/workspace/Math_93 && rm TestFactorial.java TestFactorial.class
Math_93,todo_write,4,
Math_93,write_file,2,
Math_98,edit,4,
Math_98,exit_plan_mode,1,
Math_98,glob,3,
Math_98,read_file,9,
Math_98,run_shell_command,2,cd /Users/nashid/repos/qwen-cli-automation/workspace/Math_98 && ./run_bug_exposing_tests.sh
Math_98,run_shell_command,1,cd /Users/nashid/repos/qwen-cli-automation/workspace/Math_98 && awk 'NR>=765 && NR<=790' src/java/org/apache/commons/math/linear/RealMatrixImpl.java
Math_98,run_shell_command,2,cd /Users/nashid/repos/qwen-cli-automation/workspace/Math_98 && defects4j compile
Math_98,run_shell_command,3,cd /Users/nashid/repos/qwen-cli-automation/workspace/Math_98 && defects4j test
Math_98,run_shell_command,3,cd /Users/nashid/repos/qwen-cli-automation/workspace/Math_98 && defects4j test -t org.apache.commons.math.linear.RealMatrixImplTest::testMath209
Math_98,run_shell_command,1,cd /Users/nashid/repos/qwen-cli-automation/workspace/Math_98 && defects4j test -t org.apache.commons.math.linear.RealMatrixImplTest::testMath209 -v
Math_98,run_shell_command,1,"cd /Users/nashid/repos/qwen-cli-automation/workspace/Math_98 && defects4j test -t org.apache.commons.math.linear.RealMatrixImplTest::testMath209 2>&1 | grep -A 10 -B 5 ""ArrayIndex"""
Math_98,run_shell_command,1,"cd /Users/nashid/repos/qwen-cli-automation/workspace/Math_98 && echo ""public class Test { public static void main(String[] args) { System.out.println(\""Testing\""); } }"" > Test.java && javac Test.java && java Test"
Math_98,run_shell_command,1,cd /Users/nashid/repos/qwen-cli-automation/workspace/Math_98 && git diff src/java/org/apache/commons/math/linear/RealMatrixImpl.java
Math_98,run_shell_command,1,cd /Users/nashid/repos/qwen-cli-automation/workspace/Math_98 && git status
Math_98,run_shell_command,1,"cd /Users/nashid/repos/qwen-cli-automation/workspace/Math_98 && grep -A 10 -B 2 ""final double\\[\\] out = new double\\[nRows\\]"" src/java/org/apache/commons/math/linear/RealMatrixImpl.java"
Math_98,run_shell_command,1,"cd /Users/nashid/repos/qwen-cli-automation/workspace/Math_98 && grep -A 10 -B 2 ""out\\[row\\]"" src/java/org/apache/commons/math/linear/RealMatrixImpl.java"
Math_98,run_shell_command,1,"cd /Users/nashid/repos/qwen-cli-automation/workspace/Math_98 && grep -A 15 ""final double\\[\\] out = new double\\[nRows\\]"" src/java/org/apache/commons/math/linear/RealMatrixImpl.java"
Math_98,run_shell_command,2,"cd /Users/nashid/repos/qwen-cli-automation/workspace/Math_98 && grep -n ""new double\\[nRows\\]"" src/java/org/apache/commons/math/linear/RealMatrixImpl.java"
Math_98,run_shell_command,1,"cd /Users/nashid/repos/qwen-cli-automation/workspace/Math_98 && grep -n ""operate"" src/java/org/apache/commons/math/linear/BigMatrixImpl.java"
Math_98,run_shell_command,1,"cd /Users/nashid/repos/qwen-cli-automation/workspace/Math_98 && grep -n ""public double\\[\\] operate"" src/java/org/apache/commons/math/linear/BigMatrixImpl.java"
Math_98,run_shell_command,1,"cd /Users/nashid/repos/qwen-cli-automation/workspace/Math_98 && grep -n ""public double\\[\\] operate"" src/java/org/apache/commons/math/linear/RealMatrixImpl.java"
Math_98,run_shell_command,1,cd /Users/nashid/repos/qwen-cli-automation/workspace/Math_98 && java -cp target/test-classes:target/classes:$(defects4j export -p cp.test) org.junit.runner.JUnitCore org.apache.commons.math.linear.RealMatrixImplTest::testMath209 2>&1 | head -20
Math_98,run_shell_command,1,cd /Users/nashid/repos/qwen-cli-automation/workspace/Math_98 && javac -cp target/classes:$(defects4j export -p cp.test) TestMath209.java && java -cp .:target/classes:$(defects4j export -p cp.test) TestMath209
Math_98,run_shell_command,1,cd /Users/nashid/repos/qwen-cli-automation/workspace/Math_98 && patch -p0 < fix.patch
Math_98,run_shell_command,1,cd /Users/nashid/repos/qwen-cli-automation/workspace/Math_98 && rm -rf target && defects4j compile && defects4j test
Math_98,run_shell_command,1,cd /Users/nashid/repos/qwen-cli-automation/workspace/Math_98 && sed -i.bak 's/	final double\\[\\] out = new double\\[v.length\\];/	final double\\[\\] out = new double\\[nRows\\];/' src/java/org/apache/commons/math/linear/RealMatrixImpl.java
Math_98,run_shell_command,1,cd /Users/nashid/repos/qwen-cli-automation/workspace/Math_98 && sed -i.bak 's/new double\\[v.length\\]/new double\\[nRows\\]/' src/java/org/apache/commons/math/linear/RealMatrixImpl.java
Math_98,run_shell_command,2,"cd /Users/nashid/repos/qwen-cli-automation/workspace/Math_98 && sed -n '769,786p' src/java/org/apache/commons/math/linear/RealMatrixImpl.java"
Math_98,run_shell_command,1,"cd /Users/nashid/repos/qwen-cli-automation/workspace/Math_98 && sed -n '770,790p' src/java/org/apache/commons/math/linear/RealMatrixImpl.java"
Math_98,search_file_content,1,
Math_98,todo_write,1,
Math_98,write_file,3,
Math_99,edit,7,
Math_99,glob,2,
Math_99,list_directory,2,
Math_99,read_file,13,
Math_99,run_shell_command,2,cd /Users/nashid/repos/qwen-cli-automation/workspace/Math_99 && ./run_bug_exposing_tests.sh
Math_99,run_shell_command,2,cd /Users/nashid/repos/qwen-cli-automation/workspace/Math_99 && defects4j compile
Math_99,run_shell_command,1,cd /Users/nashid/repos/qwen-cli-automation/workspace/Math_99 && defects4j compile && defects4j test
Math_99,run_shell_command,1,cd /Users/nashid/repos/qwen-cli-automation/workspace/Math_99 && defects4j compile && java -cp target/classes:target/test-classes:/Users/nashid/repos/defects4j/framework/projects/lib/junit-4.11.jar org.junit.runner.JUnitCore org.apache.commons.math.util.MathUtilsTest
Math_99,run_shell_command,3,cd /Users/nashid/repos/qwen-cli-automation/workspace/Math_99 && defects4j test
Math_99,run_shell_command,2,cd /Users/nashid/repos/qwen-cli-automation/workspace/Math_99 && defects4j test -t MathUtilsTest::testGcd
Math_99,run_shell_command,3,cd /Users/nashid/repos/qwen-cli-automation/workspace/Math_99 && defects4j test -t MathUtilsTest::testLcm
Math_99,run_shell_command,1,"cd /Users/nashid/repos/qwen-cli-automation/workspace/Math_99 && grep -n ""public static int lcm"" src/java/org/apache/commons/math/util/MathUtils.java"
Math_99,run_shell_command,1,"cd /Users/nashid/repos/qwen-cli-automation/workspace/Math_99 && grep -n ""public void testGcd"" src/test/org/apache/commons/math/util/MathUtilsTest.java"
Math_99,run_shell_command,2,cd /Users/nashid/repos/qwen-cli-automation/workspace/Math_99 && java -cp target/classes:target/test-classes:/Users/nashid/repos/defects4j/framework/projects/lib/junit-4.11.jar org.junit.runner.JUnitCore org.apache.commons.math.util.MathUtilsTest
Math_99,run_shell_command,1,cd /Users/nashid/repos/qwen-cli-automation/workspace/Math_99 && javac -cp target/classes FinalVerification.java && java -cp .:target/classes FinalVerification
Math_99,run_shell_command,2,cd /Users/nashid/repos/qwen-cli-automation/workspace/Math_99 && javac -cp target/classes TestGcd.java && java -cp .:target/classes TestGcd
Math_99,run_shell_command,1,cd /Users/nashid/repos/qwen-cli-automation/workspace/Math_99 && javac -cp target/classes TestGcdSpecific.java && java -cp .:target/classes TestGcdSpecific
Math_99,run_shell_command,1,cd /Users/nashid/repos/qwen-cli-automation/workspace/Math_99 && javac -cp target/classes TestLcm.java && java -cp .:target/classes TestLcm
Math_99,run_shell_command,1,cd /Users/nashid/repos/qwen-cli-automation/workspace/Math_99 && patch -p1 < fix-gcd-patch.diff
Math_99,run_shell_command,1,cd /Users/nashid/repos/qwen-cli-automation/workspace/Math_99 && patch -p1 < fix-gcd.patch
Math_99,search_file_content,2,
Math_99,write_file,6,
Mockito_10,edit,4,
Mockito_10,read_file,9,
Mockito_10,run_shell_command,1,./run_bug_exposing_tests.sh
Mockito_10,run_shell_command,1,cd /Users/nashid/repos/qwen-cli-automation/workspace/Mockito_10 && ant compile
Mockito_10,run_shell_command,3,cd /Users/nashid/repos/qwen-cli-automation/workspace/Mockito_10 && defects4j test
Mockito_10,run_shell_command,1,cd /Users/nashid/repos/qwen-cli-automation/workspace/Mockito_10 && defects4j test -t org.mockitousage.bugs.DeepStubsWronglyReportsSerializationProblemsTest
Mockito_10,run_shell_command,4,cd /Users/nashid/repos/qwen-cli-automation/workspace/Mockito_10 && defects4j test -t org.mockitousage.bugs.DeepStubsWronglyReportsSerializationProblemsTest::should_not_raise_a_mockito_exception_about_serialization_when_accessing_deep_stub
Mockito_10,run_shell_command,1,cd /Users/nashid/repos/qwen-cli-automation/workspace/Mockito_10 && defects4j test -t org.mockitousage.serialization.DeepStubsSerializableTest::should_discard_generics_metadata_when_serialized_then_disabling_deep_stubs_with_generics
Mockito_10,run_shell_command,1,cd /Users/nashid/repos/qwen-cli-automation/workspace/Mockito_10 && defects4j test -t org.mockitousage.serialization.DeepStubsSerializableTest::should_serialize_and_deserialize_mock_created_with_deep_stubs
Mockito_10,run_shell_command,1,cd /Users/nashid/repos/qwen-cli-automation/workspace/Mockito_10 && defects4j test -t org.mockitousage.serialization.DeepStubsSerializableTest::should_serialize_and_deserialize_parameterized_class_mocked_with_deep_stubs
Mockito_10,run_shell_command,1,cd /Users/nashid/repos/qwen-cli-automation/workspace/Mockito_10 && git diff
Mockito_10,run_shell_command,1,"cd /Users/nashid/repos/qwen-cli-automation/workspace/Mockito_10 && java -cp build/classes/main:build/classes/test:$(find . -name ""*.jar"" | grep -v "".jar."" | tr '\n' ':') org.junit.runner.JUnitCore org.mockitousage.bugs.DeepStubsWronglyReportsSerializationProblemsTest"
Mockito_10,run_shell_command,1,cd /Users/nashid/repos/qwen-cli-automation/workspace/Mockito_10 && ls lib/
Mockito_10,run_shell_command,1,defects4j test
Mockito_10,run_shell_command,1,defects4j test -t org.mockitousage.bugs.DeepStubsWronglyReportsSerializationProblemsTest::should_not_raise_a_mockito_exception_about_serialization_when_accessing_deep_stub
Mockito_10,search_file_content,5,
Mockito_10,write_file,1,
Mockito_14,read_file,1,
Mockito_14,run_shell_command,1,./run_bug_exposing_tests.sh
Mockito_15,edit,4,
Mockito_15,read_file,15,
Mockito_15,run_shell_command,2,./run_bug_exposing_tests.sh
Mockito_15,run_shell_command,2,defects4j compile
Mockito_15,run_shell_command,4,defects4j test
Mockito_15,run_shell_command,3,defects4j test -t org.mockitousage.bugs.InjectMocksShouldTryPropertySettersFirstBeforeFieldAccessTest::shouldInjectUsingPropertySetterIfAvailable
Mockito_15,search_file_content,3,
Mockito_15,todo_write,1,
Mockito_15,write_file,2,
Mockito_16,list_directory,2,
Mockito_16,read_file,4,
Mockito_16,run_shell_command,1,./gradlew build
Mockito_16,run_shell_command,1,./run_bug_exposing_tests.sh
Mockito_16,run_shell_command,1,ant build
Mockito_16,run_shell_command,1,cd /Users/nashid/repos/qwen-cli-automation/workspace/Mockito_16 && ant test
Mockito_16,run_shell_command,1,"cd /Users/nashid/repos/qwen-cli-automation/workspace/Mockito_16 && java -cp target/classes:target/test-classes:$(find . -name ""*.jar"" | head -10 | tr '\n' ':') org.junit.runner.JUnitCore org.mockitousage.bugs.StubbingMocksThatAreConfiguredToReturnMocksTest"
Mockito_16,run_shell_command,1,cd /Users/nashid/repos/qwen-cli-automation/workspace/Mockito_16 && java -cp target/classes:target/test-classes:lib/junit-4.11.jar:lib/asm-all-5.0.4.jar:lib/assertj-core-2.1.0.jar:lib/cglib-and-asm-1.0.jar:lib/cobertura-2.0.3.jar:lib/fest-assert-1.3.jar:lib/fest-util-1.1.4.jar:lib/hamcrest-all-1.3.jar:lib/hamcrest-core-1.1.jar:lib/objenesis-2.1.jar:lib/objenesis-2.2.jar:lib/powermock-reflect-1.2.5.jar org.junit.runner.JUnitCore org.mockitousage.bugs.StubbingMocksThatAreConfiguredToReturnMocksTest
Mockito_16,run_shell_command,1,gradle --version
Mockito_16,run_shell_command,1,java -version
Mockito_16,search_file_content,1,
Mockito_17,edit,7,
Mockito_17,glob,5,
Mockito_17,read_file,12,
Mockito_17,run_shell_command,1,./run_bug_exposing_tests.sh
Mockito_17,run_shell_command,3,cd /Users/nashid/repos/qwen-cli-automation/workspace/Mockito_17 && defects4j compile
Mockito_17,run_shell_command,1,cd /Users/nashid/repos/qwen-cli-automation/workspace/Mockito_17 && defects4j compile && defects4j test -t org.mockitousage.basicapi.MocksSerializationTest::shouldBeSerializeAndHaveExtraInterfaces
Mockito_17,run_shell_command,1,"cd /Users/nashid/repos/qwen-cli-automation/workspace/Mockito_17 && java -cp ""target/classes:target/test-classes:$(find . -name ""*.jar"" | head -10 | tr '\n' ':')"" org.junit.runner.JUnitCore org.mockitousage.basicapi.MocksSerializationTest"
Mockito_17,run_shell_command,1,"cd /Users/nashid/repos/qwen-cli-automation/workspace/Mockito_17 && javac -cp ""target/classes:target/test-classes:$(find . -name ""*.jar"" | tr '\n' ':')"" TestBug.java && java -cp "".:target/classes:target/test-classes:$(find . -name ""*.jar"" | tr '\n' ':')"" TestBug"
Mockito_17,run_shell_command,1,defects4j test
Mockito_17,run_shell_command,1,defects4j test -t org.mockitousage.basicapi.MocksSerializationTest::shouldBeSerializeAndHaveExtraInterfaces
Mockito_17,search_file_content,2,
Mockito_17,write_file,2,
Mockito_19,edit,4,
Mockito_19,glob,3,
Mockito_19,list_directory,1,
Mockito_19,read_file,19,
Mockito_19,run_shell_command,1,cd /Users/nashid/repos/qwen-cli-automation/workspace/Mockito_19 && ./run_all_tests_trace.sh
Mockito_19,run_shell_command,2,cd /Users/nashid/repos/qwen-cli-automation/workspace/Mockito_19 && ./run_bug_exposing_tests.sh
Mockito_19,run_shell_command,3,cd /Users/nashid/repos/qwen-cli-automation/workspace/Mockito_19 && defects4j compile
Mockito_19,run_shell_command,3,cd /Users/nashid/repos/qwen-cli-automation/workspace/Mockito_19 && defects4j test
Mockito_19,run_shell_command,1,cd /Users/nashid/repos/qwen-cli-automation/workspace/Mockito_19 && defects4j test -t org.mockitousage.annotation.MockInjectionUsingSetterOrPropertyTest::shouldInsertFieldWithCorrectNameWhenMultipleTypesAvailable
Mockito_19,search_file_content,4,
Mockito_19,write_file,2,
Mockito_2,edit,11,
Mockito_2,list_directory,1,
Mockito_2,read_file,17,
Mockito_2,run_shell_command,1,cd /Users/nashid/repos/qwen-cli-automation/workspace/Mockito_2 && ./gradlew clean compileJava --info
Mockito_2,run_shell_command,1,cd /Users/nashid/repos/qwen-cli-automation/workspace/Mockito_2 && ./run_all_tests_trace.sh
Mockito_2,run_shell_command,1,cd /Users/nashid/repos/qwen-cli-automation/workspace/Mockito_2 && ./run_bug_exposing_tests.sh
Mockito_2,run_shell_command,1,cd /Users/nashid/repos/qwen-cli-automation/workspace/Mockito_2 && cat bug_triggering_tests.20251030_231023.log
Mockito_2,run_shell_command,3,cd /Users/nashid/repos/qwen-cli-automation/workspace/Mockito_2 && defects4j compile
Mockito_2,run_shell_command,3,cd /Users/nashid/repos/qwen-cli-automation/workspace/Mockito_2 && defects4j test
Mockito_2,run_shell_command,1,cd /Users/nashid/repos/qwen-cli-automation/workspace/Mockito_2 && git checkout src/org/mockito/verification/After.java src/org/mockito/verification/Timeout.java src/org/mockito/internal/util/Timer.java src/org/mockito/exceptions/Reporter.java
Mockito_2,search_file_content,9,
Mockito_20,edit,12,
Mockito_20,glob,2,
Mockito_20,read_file,16,
Mockito_20,run_shell_command,1,cd /Users/nashid/repos/qwen-cli-automation/workspace/Mockito_20 && ./gradlew compileJava
Mockito_20,run_shell_command,2,cd /Users/nashid/repos/qwen-cli-automation/workspace/Mockito_20 && ./run_bug_exposing_tests.sh
Mockito_20,run_shell_command,1,cd /Users/nashid/repos/qwen-cli-automation/workspace/Mockito_20 && ant compile
Mockito_20,run_shell_command,4,cd /Users/nashid/repos/qwen-cli-automation/workspace/Mockito_20 && defects4j compile
Mockito_20,run_shell_command,4,cd /Users/nashid/repos/qwen-cli-automation/workspace/Mockito_20 && defects4j test
Mockito_20,run_shell_command,1,cd /Users/nashid/repos/qwen-cli-automation/workspace/Mockito_20 && defects4j test -t org.mockitousage.constructor.CreatingMocksWithConstructorTest::can_mock_abstract_classes
Mockito_20,run_shell_command,2,cd /Users/nashid/repos/qwen-cli-automation/workspace/Mockito_20 && defects4j test -t org.mockitousage.constructor.CreatingMocksWithConstructorTest::can_spy_abstract_classes
Mockito_20,run_shell_command,1,cd /Users/nashid/repos/qwen-cli-automation/workspace/Mockito_20 && ls -la build.*
Mockito_20,search_file_content,7,
Mockito_20,todo_write,4,
Mockito_21,edit,3,
Mockito_21,read_file,9,
Mockito_21,run_shell_command,1,cd /Users/nashid/repos/qwen-cli-automation/workspace/Mockito_21 && ./run_all_tests_trace.sh
Mockito_21,run_shell_command,1,cd /Users/nashid/repos/qwen-cli-automation/workspace/Mockito_21 && ./run_bug_exposing_tests.sh
Mockito_21,run_shell_command,1,cd /Users/nashid/repos/qwen-cli-automation/workspace/Mockito_21 && defects4j compile
Mockito_21,run_shell_command,3,cd /Users/nashid/repos/qwen-cli-automation/workspace/Mockito_21 && defects4j test
Mockito_21,run_shell_command,4,cd /Users/nashid/repos/qwen-cli-automation/workspace/Mockito_21 && defects4j test -t org.mockito.internal.creation.instance.ConstructorInstantiatorTest::creates_instances_of_inner_classes
Mockito_21,run_shell_command,1,cd /Users/nashid/repos/qwen-cli-automation/workspace/Mockito_21 && defects4j test -t org.mockitousage.constructor.CreatingMocksWithConstructorTest::can_mock_inner_classes
Mockito_21,search_file_content,3,
Mockito_23,edit,7,
Mockito_23,glob,1,
Mockito_23,list_directory,4,
Mockito_23,read_file,15,
Mockito_23,run_shell_command,1,cd /Users/nashid/repos/qwen-cli-automation/workspace/Mockito_23 && ./run_bug_exposing_tests.sh
Mockito_23,run_shell_command,5,cd /Users/nashid/repos/qwen-cli-automation/workspace/Mockito_23 && defects4j compile
Mockito_23,run_shell_command,1,"cd /Users/nashid/repos/qwen-cli-automation/workspace/Mockito_23 && defects4j compile && echo ""Compile successful"""
Mockito_23,run_shell_command,4,cd /Users/nashid/repos/qwen-cli-automation/workspace/Mockito_23 && defects4j test
Mockito_23,run_shell_command,3,cd /Users/nashid/repos/qwen-cli-automation/workspace/Mockito_23 && defects4j test -t org.mockitousage.stubbing.DeepStubsSerializableTest::should_serialize_and_deserialize_mock_created_by_deep_stubs
Mockito_23,run_shell_command,1,cd /Users/nashid/repos/qwen-cli-automation/workspace/Mockito_23 && git diff src/org/mockito/internal/stubbing/defaultanswers/ReturnsDeepStubs.java
Mockito_23,run_shell_command,1,cd /Users/nashid/repos/qwen-cli-automation/workspace/Mockito_23 && git status
Mockito_23,run_shell_command,1,"cd /Users/nashid/repos/qwen-cli-automation/workspace/Mockito_23 && java -cp ""$(defects4j export -p cp.test)"" org.junit.runner.JUnitCore org.mockitousage.stubbing.DeepStubsSerializableTest"
Mockito_23,run_shell_command,1,"cd /Users/nashid/repos/qwen-cli-automation/workspace/Mockito_23 && java -cp ""$(defects4j export -p cp.test)"" org.junit.runner.JUnitCore org.mockitousage.stubbing.DeepStubsSerializableTest 2>&1"
Mockito_23,run_shell_command,1,cd /Users/nashid/repos/qwen-cli-automation/workspace/Mockito_23 && ls -la build.xml
Mockito_23,run_shell_command,1,cd /Users/nashid/repos/qwen-cli-automation/workspace/Mockito_23 && rm -f test/TempTest.java && touch test/TempTest.java && defects4j test -t org.mockitousage.stubbing.DeepStubsSerializableTest::should_serialize_and_deserialize_mock_created_by_deep_stubs
Mockito_23,search_file_content,9,
Mockito_23,write_file,1,
Mockito_25,edit,7,
Mockito_25,list_directory,11,
Mockito_25,read_file,10,
Mockito_25,run_shell_command,1,cd /Users/nashid/repos/qwen-cli-automation/workspace/Mockito_25 && ./run_bug_exposing_tests.sh
Mockito_25,run_shell_command,5,cd /Users/nashid/repos/qwen-cli-automation/workspace/Mockito_25 && defects4j compile
Mockito_25,run_shell_command,2,cd /Users/nashid/repos/qwen-cli-automation/workspace/Mockito_25 && defects4j test
Mockito_25,run_shell_command,3,cd /Users/nashid/repos/qwen-cli-automation/workspace/Mockito_25 && defects4j test -r
Mockito_25,run_shell_command,1,cd /Users/nashid/repos/qwen-cli-automation/workspace/Mockito_25 && defects4j test -t org.mockito.internal.stubbing.defaultanswers.ReturnsGenericDeepStubsTest::will_return_default_value_on_non_mockable_nested_generic
Mockito_25,run_shell_command,1,cd /Users/nashid/repos/qwen-cli-automation/workspace/Mockito_25 && defects4j test -t org.mockito.internal.stubbing.defaultanswers.ReturnsGenericDeepStubsTest::will_return_default_value_on_non_mockable_nested_generic -v
Mockito_25,run_shell_command,1,"cd /Users/nashid/repos/qwen-cli-automation/workspace/Mockito_25 && find . -name ""*MockCreationValidator*"" -type f"
Mockito_25,run_shell_command,1,cd /Users/nashid/repos/qwen-cli-automation/workspace/Mockito_25 && git diff src/org/mockito/internal/stubbing/defaultanswers/ReturnsDeepStubs.java
Mockito_25,run_shell_command,1,cd /Users/nashid/repos/qwen-cli-automation/workspace/Mockito_25 && git status
Mockito_25,run_shell_command,1,"cd /Users/nashid/repos/qwen-cli-automation/workspace/Mockito_25 && java -cp ""$(defects4j export -p cp.test)"" org.junit.runner.JUnitCore org.mockito.internal.stubbing.defaultanswers.ReturnsGenericDeepStubsTest::will_return_default_value_on_non_mockable_nested_generic"
Mockito_25,run_shell_command,1,"cd /Users/nashid/repos/qwen-cli-automation/workspace/Mockito_25 && java -cp ""/Users/nashid/repos/defects4j/framework/projects/lib/junit-4.11.jar:/Users/nashid/repos/qwen-cli-automation/workspace/Mockito_25/target/classes:/Users/nashid/repos/qwen-cli-automation/workspace/Mockito_25/target/test-classes:/Users/nashid/repos/defects4j/framework/projects/Mockito/lib/asm-all-5.0.4.jar:/Users/nashid/repos/defects4j/framework/projects/Mockito/lib/assertj-core-2.1.0.jar:/Users/nashid/repos/defects4j/framework/projects/Mockito/lib/cglib-and-asm-1.0.jar:/Users/nashid/repos/defects4j/framework/projects/Mockito/lib/cobertura-2.0.3.jar:/Users/nashid/repos/defects4j/framework/projects/Mockito/lib/fest-assert-1.3.jar:/Users/nashid/repos/defects4j/framework/projects/Mockito/lib/fest-util-1.1.4.jar:/Users/nashid/repos/defects4j/framework/projects/Mockito/lib/hamcrest-all-1.3.jar:/Users/nashid/repos/defects4j/framework/projects/Mockito/lib/hamcrest-core-1.1.jar:/Users/nashid/repos/defects4j/framework/projects/Mockito/lib/objenesis-2.1.jar:/Users/nashid/repos/defects4j/framework/projects/Mockito/lib/objenesis-2.2.jar:/Users/nashid/repos/defects4j/framework/projects/Mockito/lib/powermock-reflect-1.2.5.jar"" org.junit.runner.JUnitCore org.mockito.internal.stubbing.defaultanswers.ReturnsGenericDeepStubsTest"
Mockito_25,run_shell_command,1,"cd /Users/nashid/repos/qwen-cli-automation/workspace/Mockito_25 && java -cp ""/Users/nashid/repos/defects4j/framework/projects/lib/junit-4.11.jar:/Users/nashid/repos/qwen-cli-automation/workspace/Mockito_25/target/classes:/Users/nashid/repos/qwen-cli-automation/workspace/Mockito_25/target/test-classes:/Users/nashid/repos/defects4j/framework/projects/Mockito/lib/asm-all-5.0.4.jar:/Users/nashid/repos/defects4j/framework/projects/Mockito/lib/assertj-core-2.1.0.jar:/Users/nashid/repos/defects4j/framework/projects/Mockito/lib/cglib-and-asm-1.0.jar:/Users/nashid/repos/defects4j/framework/projects/Mockito/lib/cobertura-2.0.3.jar:/Users/nashid/repos/defects4j/framework/projects/Mockito/lib/fest-assert-1.3.jar:/Users/nashid/repos/defects4j/framework/projects/Mockito/lib/fest-util-1.1.4.jar:/Users/nashid/repos/defects4j/framework/projects/Mockito/lib/hamcrest-all-1.3.jar:/Users/nashid/repos/defects4j/framework/projects/Mockito/lib/hamcrest-core-1.1.jar:/Users/nashid/repos/defects4j/framework/projects/Mockito/lib/objenesis-2.1.jar:/Users/nashid/repos/defects4j/framework/projects/Mockito/lib/objenesis-2.2.jar:/Users/nashid/repos/defects4j/framework/projects/Mockito/lib/powermock-reflect-1.2.5.jar"" org.junit.runner.JUnitCore org.mockito.internal.stubbing.defaultanswers.ReturnsGenericDeepStubsTest::will_return_default_value_on_non_mockable_nested_generic"
Mockito_25,search_file_content,1,
Mockito_25,write_file,1,
Mockito_3,edit,3,
Mockito_3,glob,4,
Mockito_3,read_file,15,
Mockito_3,run_shell_command,1,./run_all_tests_trace.sh
Mockito_3,run_shell_command,3,./run_bug_exposing_tests.sh
Mockito_3,run_shell_command,2,defects4j compile
Mockito_3,run_shell_command,5,defects4j test
Mockito_3,search_file_content,2,
Mockito_30,edit,10,
Mockito_30,glob,5,
Mockito_30,read_file,12,
Mockito_30,run_shell_command,1,cd /Users/nashid/repos/qwen-cli-automation/workspace/Mockito_30 && ./run_all_tests_trace.sh
Mockito_30,run_shell_command,2,cd /Users/nashid/repos/qwen-cli-automation/workspace/Mockito_30 && ./run_bug_exposing_tests.sh
Mockito_30,run_shell_command,4,cd /Users/nashid/repos/qwen-cli-automation/workspace/Mockito_30 && defects4j compile
Mockito_30,run_shell_command,4,cd /Users/nashid/repos/qwen-cli-automation/workspace/Mockito_30 && defects4j test
Mockito_30,run_shell_command,3,cd /Users/nashid/repos/qwen-cli-automation/workspace/Mockito_30 && defects4j test -t org.mockito.internal.stubbing.defaultanswers.ReturnsSmartNullsTest::shouldPrintTheParametersOnSmartNullPointerExceptionMessage
Mockito_30,run_shell_command,2,cd /Users/nashid/repos/qwen-cli-automation/workspace/Mockito_30 && defects4j test -t org.mockitousage.stubbing.SmartNullsStubbingTest::shouldSmartNPEPointToUnstubbedCall
Mockito_30,run_shell_command,1,"cd /Users/nashid/repos/qwen-cli-automation/workspace/Mockito_30 && java -cp ""$(defects4j export -p cp.test)"" org.junit.runner.JUnitCore org.mockito.internal.stubbing.defaultanswers.ReturnsSmartNullsTest"
Mockito_30,run_shell_command,1,cd /Users/nashid/repos/qwen-cli-automation/workspace/Mockito_30 && ls -la bug_triggering_tests.*
Mockito_30,search_file_content,2,
Mockito_31,glob,5,
Mockito_31,read_file,7,
Mockito_31,run_shell_command,1,./run_all_tests_trace.sh
Mockito_31,run_shell_command,1,./run_bug_exposing_tests.sh
Mockito_31,search_file_content,3,
Mockito_32,edit,3,
Mockito_32,glob,1,
Mockito_32,read_file,14,
Mockito_32,run_shell_command,3,./run_bug_exposing_tests.sh
Mockito_32,run_shell_command,3,defects4j compile
Mockito_32,run_shell_command,1,defects4j test
Mockito_32,run_shell_command,2,defects4j test -t org.mockitousage.bugs.SpyShouldHaveNiceNameTest::shouldPrintNiceName
Mockito_32,run_shell_command,1,defects4j test -t org.mockitousage.bugs.SpyShouldHaveNiceNameTest::shouldPrintNiceName -v
Mockito_32,search_file_content,2,
Mockito_35,edit,5,
Mockito_35,glob,6,
Mockito_35,list_directory,1,
Mockito_35,read_file,12,
Mockito_35,run_shell_command,1,./run_bug_exposing_tests.sh
Mockito_35,run_shell_command,1,cat /Users/nashid/repos/qwen-cli-automation/workspace/Mockito_35/bug_triggering_tests.20251031_012822.log
Mockito_35,run_shell_command,5,cd /Users/nashid/repos/qwen-cli-automation/workspace/Mockito_35 && defects4j compile
Mockito_35,run_shell_command,2,cd /Users/nashid/repos/qwen-cli-automation/workspace/Mockito_35 && defects4j test
Mockito_35,run_shell_command,2,cd /Users/nashid/repos/qwen-cli-automation/workspace/Mockito_35 && defects4j test -t org.mockitousage.bugs.NPEWithCertainMatchersTest::shouldNotThrowNPEWhenIntPassed
Mockito_35,run_shell_command,2,cd /Users/nashid/repos/qwen-cli-automation/workspace/Mockito_35 && git checkout src/org/mockito/internal/matchers/InstanceOf.java
Mockito_35,run_shell_command,1,cd /Users/nashid/repos/qwen-cli-automation/workspace/Mockito_35 && java -cp /Users/nashid/repos/defects4j/framework/projects/lib/junit-4.11.jar:/Users/nashid/repos/qwen-cli-automation/workspace/Mockito_35/target/classes:/Users/nashid/repos/qwen-cli-automation/workspace/Mockito_35/target/test-classes:/Users/nashid/repos/defects4j/framework/projects/Mockito/lib/asm-all-5.0.4.jar:/Users/nashid/repos/defects4j/framework/projects/Mockito/lib/assertj-core-2.1.0.jar:/Users/nashid/repos/defects4j/framework/projects/Mockito/lib/cglib-and-asm-1.0.jar:/Users/nashid/repos/defects4j/framework/projects/Mockito/lib/cobertura-2.0.3.jar:/Users/nashid/repos/defects4j/framework/projects/Mockito/lib/fest-assert-1.3.jar:/Users/nashid/repos/defects4j/framework/projects/Mockito/lib/fest-util-1.1.4.jar:/Users/nashid/repos/defects4j/framework/projects/Mockito/lib/hamcrest-all-1.3.jar:/Users/nashid/repos/defects4j/framework/projects/Mockito/lib/hamcrest-core-1.1.jar:/Users/nashid/repos/defects4j/framework/projects/Mockito/lib/objenesis-2.1.jar:/Users/nashid/repos/defects4j/framework/projects/Mockito/lib/objenesis-2.2.jar:/Users/nashid/repos/defects4j/framework/projects/Mockito/lib/powermock-reflect-1.2.5.jar org.junit.runner.JUnitCore org.mockitousage.bugs.NPEWithCertainMatchersTest 2>&1 | tail -20
Mockito_35,run_shell_command,1,"cd /Users/nashid/repos/qwen-cli-automation/workspace/Mockito_35 && javac -cp "".:target/classes:target/test-classes"" TestIssue.java && java -cp "".:target/classes:target/test-classes"" TestIssue"
Mockito_35,run_shell_command,1,defects4j test
Mockito_35,run_shell_command,1,ls -la /Users/nashid/repos/qwen-cli-automation/workspace/Mockito_35/bug_triggering_tests.*
Mockito_35,write_file,4,
Mockito_4,edit,2,
Mockito_4,glob,5,
Mockito_4,read_file,12,
Mockito_4,run_shell_command,1,./run_all_tests_trace.sh
Mockito_4,run_shell_command,2,./run_bug_exposing_tests.sh
Mockito_4,run_shell_command,1,defects4j compile
Mockito_4,run_shell_command,3,defects4j test
Mockito_4,search_file_content,4,
Mockito_6,edit,14,
Mockito_6,glob,2,
Mockito_6,read_file,21,
Mockito_6,run_shell_command,1,./run_bug_exposing_tests.sh
Mockito_6,run_shell_command,1,"./run_bug_exposing_tests.sh 2>&1 | grep -A 20 ""shouldNotAcceptNullInAllAnyPrimitiveWrapperMatchers"""
Mockito_6,run_shell_command,1,cd /Users/nashid/repos/qwen-cli-automation/workspace/Mockito_6 && git checkout -- src/org/mockito/internal/matchers/Any.java
Mockito_6,run_shell_command,1,cd /Users/nashid/repos/qwen-cli-automation/workspace/Mockito_6 && git stash
Mockito_6,run_shell_command,1,cd /Users/nashid/repos/qwen-cli-automation/workspace/Mockito_6 && git status
Mockito_6,run_shell_command,1,"cd /Users/nashid/repos/qwen-cli-automation/workspace/Mockito_6 && javac -cp ""build/classes/main:build/classes/test:lib/*"" src/test/NullAcceptanceTest.java"
Mockito_6,run_shell_command,1,cd /Users/nashid/repos/qwen-cli-automation/workspace/Mockito_6 && sed -i '' '339s/reportMatcher(Any.ANY)/reportMatcher(NullRejectingAny.NULL_REJECTING_ANY)/' src/org/mockito/Matchers.java
Mockito_6,run_shell_command,1,cd /Users/nashid/repos/qwen-cli-automation/workspace/Mockito_6 && sed -i '' '358s/reportMatcher(Any.ANY)/reportMatcher(NullRejectingAny.NULL_REJECTING_ANY)/' src/org/mockito/Matchers.java
Mockito_6,run_shell_command,1,cd /Users/nashid/repos/qwen-cli-automation/workspace/Mockito_6 && sed -i '' '373s/reportMatcher(Any.ANY)/reportMatcher(NullRejectingAny.NULL_REJECTING_ANY)/' src/org/mockito/Matchers.java
Mockito_6,run_shell_command,1,cd /Users/nashid/repos/qwen-cli-automation/workspace/Mockito_6 && sed -i '' '392s/reportMatcher(Any.ANY)/reportMatcher(NullRejectingAny.NULL_REJECTING_ANY)/' src/org/mockito/Matchers.java
Mockito_6,run_shell_command,1,cd /Users/nashid/repos/qwen-cli-automation/workspace/Mockito_6 && sed -i '' '407s/reportMatcher(Any.ANY)/reportMatcher(NullRejectingAny.NULL_REJECTING_ANY)/' src/org/mockito/Matchers.java
Mockito_6,run_shell_command,1,cd /Users/nashid/repos/qwen-cli-automation/workspace/Mockito_6 && sed -i '' '427s/reportMatcher(Any.ANY)/reportMatcher(NullRejectingAny.NULL_REJECTING_ANY)/' src/org/mockito/Matchers.java
Mockito_6,run_shell_command,1,cd /Users/nashid/repos/qwen-cli-automation/workspace/Mockito_6 && sed -i '' '442s/reportMatcher(Any.ANY)/reportMatcher(NullRejectingAny.NULL_REJECTING_ANY)/' src/org/mockito/Matchers.java
Mockito_6,run_shell_command,1,cd /Users/nashid/repos/qwen-cli-automation/workspace/Mockito_6 && sed -i '' '461s/reportMatcher(Any.ANY)/reportMatcher(NullRejectingAny.NULL_REJECTING_ANY)/' src/org/mockito/Matchers.java
Mockito_6,run_shell_command,5,defects4j compile
Mockito_6,run_shell_command,9,defects4j test
Mockito_6,run_shell_command,2,defects4j test -t org.mockitousage.matchers.AnyXMatchersAcceptNullsTest::shouldNotAcceptNullInAllAnyPrimitiveWrapperMatchers
Mockito_6,run_shell_command,1,defects4j test -t org.mockitousage.matchers.AnyXMatchersAcceptNullsTest::shouldNotAcceptNullInAnyXMatchers
Mockito_6,run_shell_command,1,defects4j test -t org.mockitousage.matchers.MatchersTest::anyMatcher
Mockito_6,run_shell_command,1,"find . -name ""*.java"" | head -20"
Mockito_6,run_shell_command,1,git checkout HEAD -- /Users/nashid/repos/qwen-cli-automation/workspace/Mockito_6/src/org/mockito/Matchers.java
Mockito_6,run_shell_command,1,git checkout HEAD -- /Users/nashid/repos/qwen-cli-automation/workspace/Mockito_6/src/org/mockito/internal/matchers/TypeAwareAny.java
Mockito_6,run_shell_command,1,"grep -n ""public static String anyString"" /Users/nashid/repos/qwen-cli-automation/workspace/Mockito_6/src/org/mockito/Matchers.java"
Mockito_6,run_shell_command,1,"grep -n ""reportMatcher(Any.ANY)"" /Users/nashid/repos/qwen-cli-automation/workspace/Mockito_6/src/org/mockito/Matchers.java"
Mockito_6,run_shell_command,1,"grep -n ""return reportMatcher(Any.ANY).returnList"" /Users/nashid/repos/qwen-cli-automation/workspace/Mockito_6/src/org/mockito/Matchers.java"
Mockito_6,run_shell_command,1,"grep -r ""Any.ANY"" src/ --include=""*.java"" | head -10"
Mockito_6,run_shell_command,1,rm /Users/nashid/repos/qwen-cli-automation/workspace/Mockito_6/src/org/mockito/internal/matchers/TypeAwareAny.java
Mockito_6,run_shell_command,1,rm /Users/nashid/repos/qwen-cli-automation/workspace/Mockito_6/src/test/NullAcceptanceTest.java
Mockito_6,run_shell_command,1,sed -i '' '339s/reportMatcher(Any.ANY)/reportMatcher(TypeAwareAny.TYPE_AWARE_ANY)/' /Users/nashid/repos/qwen-cli-automation/workspace/Mockito_6/src/org/mockito/Matchers.java
Mockito_6,run_shell_command,1,sed -i '' '358s/reportMatcher(Any.ANY)/reportMatcher(TypeAwareAny.TYPE_AWARE_ANY)/' /Users/nashid/repos/qwen-cli-automation/workspace/Mockito_6/src/org/mockito/Matchers.java
Mockito_6,run_shell_command,1,sed -i '' '373s/reportMatcher(Any.ANY)/reportMatcher(TypeAwareAny.TYPE_AWARE_ANY)/' /Users/nashid/repos/qwen-cli-automation/workspace/Mockito_6/src/org/mockito/Matchers.java
Mockito_6,run_shell_command,1,sed -i '' '392s/reportMatcher(Any.ANY)/reportMatcher(TypeAwareAny.TYPE_AWARE_ANY)/' /Users/nashid/repos/qwen-cli-automation/workspace/Mockito_6/src/org/mockito/Matchers.java
Mockito_6,run_shell_command,1,sed -i '' '407s/reportMatcher(Any.ANY)/reportMatcher(TypeAwareAny.TYPE_AWARE_ANY)/' /Users/nashid/repos/qwen-cli-automation/workspace/Mockito_6/src/org/mockito/Matchers.java
Mockito_6,run_shell_command,1,sed -i '' '427s/reportMatcher(Any.ANY)/reportMatcher(TypeAwareAny.TYPE_AWARE_ANY)/' /Users/nashid/repos/qwen-cli-automation/workspace/Mockito_6/src/org/mockito/Matchers.java
Mockito_6,run_shell_command,1,sed -i '' '442s/reportMatcher(Any.ANY)/reportMatcher(TypeAwareAny.TYPE_AWARE_ANY)/' /Users/nashid/repos/qwen-cli-automation/workspace/Mockito_6/src/org/mockito/Matchers.java
Mockito_6,run_shell_command,1,sed -i '' '461s/reportMatcher(Any.ANY)/reportMatcher(TypeAwareAny.TYPE_AWARE_ANY)/' /Users/nashid/repos/qwen-cli-automation/workspace/Mockito_6/src/org/mockito/Matchers.java
Mockito_6,search_file_content,2,
Mockito_6,todo_write,5,
Mockito_6,write_file,4,
Time_1,edit,1,
Time_1,list_directory,10,
Time_1,read_file,11,
Time_1,run_shell_command,1,cd /Users/nashid/repos/qwen-cli-automation/workspace/Time_1 && ./run_bug_exposing_tests.sh
Time_1,run_shell_command,1,cd /Users/nashid/repos/qwen-cli-automation/workspace/Time_1 && defects4j compile
Time_1,run_shell_command,2,cd /Users/nashid/repos/qwen-cli-automation/workspace/Time_1 && defects4j test
Time_1,run_shell_command,1,cd /Users/nashid/repos/qwen-cli-automation/workspace/Time_1 && defects4j test -t org.joda.time.TestPartial
Time_1,run_shell_command,2,"cd /Users/nashid/repos/qwen-cli-automation/workspace/Time_1 && javac -cp ""target/classes:target/test-classes"" TestNPEFix.java && java -cp "".:target/classes:target/test-classes"" TestNPEFix"
Time_1,run_shell_command,1,"cd /Users/nashid/repos/qwen-cli-automation/workspace/Time_1 && javac -cp ""target/classes:target/test-classes"" TestNPEFixSimple.java && java -cp "".:target/classes:target/test-classes"" TestNPEFixSimple"
Time_1,search_file_content,3,
Time_1,write_file,3,
Time_10,edit,4,
Time_10,glob,2,
Time_10,read_file,10,
Time_10,run_shell_command,1,cd /Users/nashid/repos/qwen-cli-automation/workspace/Time_10 && ./run_bug_exposing_tests.sh
Time_10,run_shell_command,1,"cd /Users/nashid/repos/qwen-cli-automation/workspace/Time_10 && ./run_bug_exposing_tests.sh 2>&1 | grep -A 10 -B 5 ""IllegalFieldValueException\|MonthDay"""
Time_10,run_shell_command,1,cd /Users/nashid/repos/qwen-cli-automation/workspace/Time_10 && cp src/main/java/org/joda/time/Days.java src/main/java/org/joda/time/Days.java.bak && cp src/main/java/org/joda/time/Months.java src/main/java/org/joda/time/Months.java.bak
Time_10,run_shell_command,2,cd /Users/nashid/repos/qwen-cli-automation/workspace/Time_10 && defects4j compile
Time_10,run_shell_command,3,cd /Users/nashid/repos/qwen-cli-automation/workspace/Time_10 && defects4j test
Time_10,run_shell_command,1,cd /Users/nashid/repos/qwen-cli-automation/workspace/Time_10 && defects4j test -t org.joda.time.TestDays::testFactory_daysBetween_RPartial_MonthDay
Time_10,run_shell_command,1,cd /Users/nashid/repos/qwen-cli-automation/workspace/Time_10 && defects4j test -t org.joda.time.TestMonths::testFactory_monthsBetween_RPartial_MonthDay
Time_10,run_shell_command,1,"cd /Users/nashid/repos/qwen-cli-automation/workspace/Time_10 && defects4j test 2>&1 | grep -C 5 ""IllegalFieldValue"""
Time_10,run_shell_command,1,"cd /Users/nashid/repos/qwen-cli-automation/workspace/Time_10 && grep -A 15 ""public static Months monthsBetween(ReadablePartial start, ReadablePartial end)"" src/main/java/org/joda/time/Months.java"
Time_10,run_shell_command,1,"cd /Users/nashid/repos/qwen-cli-automation/workspace/Time_10 && grep -A 20 ""public static Days daysBetween(ReadablePartial start, ReadablePartial end)"" src/main/java/org/joda/time/Days.java"
Time_10,run_shell_command,1,"cd /Users/nashid/repos/qwen-cli-automation/workspace/Time_10 && grep -A 20 -B 5 ""testFactory_daysBetween_RPartial_MonthDay"" src/test/java/org/joda/time/TestDays.java"
Time_10,run_shell_command,1,"cd /Users/nashid/repos/qwen-cli-automation/workspace/Time_10 && grep -A 20 -B 5 ""testFactory_monthsBetween_RPartial_MonthDay"" src/test/java/org/joda/time/TestMonths.java"
Time_10,run_shell_command,1,"cd /Users/nashid/repos/qwen-cli-automation/workspace/Time_10 && grep -n ""import.*MonthDay"" src/main/java/org/joda/time/Months.java"
Time_10,run_shell_command,1,cd /Users/nashid/repos/qwen-cli-automation/workspace/Time_10 && head -n 200 src/main/java/org/joda/time/Months.java | tail -n 50
Time_10,run_shell_command,1,cd /Users/nashid/repos/qwen-cli-automation/workspace/Time_10 && java -cp /Users/nashid/repos/defects4j/framework/projects/Time/lib/org/joda/joda-convert/1.2/joda-convert-1.2.jar:/Users/nashid/repos/defects4j/framework/projects/Time/lib/junit/junit/3.8.2/junit-3.8.2.jar:/Users/nashid/repos/qwen-cli-automation/workspace/Time_10/target/classes:/Users/nashid/repos/qwen-cli-automation/workspace/Time_10/target/test-classes org.junit.runner.JUnitCore org.joda.time.TestDays
Time_10,run_shell_command,1,cd /Users/nashid/repos/qwen-cli-automation/workspace/Time_10 && java -cp target/classes:target/test-classes org.junit.runner.JUnitCore org.joda.time.TestDays
Time_10,search_file_content,5,
Time_10,todo_write,2,
Time_12,edit,5,
Time_12,list_directory,1,
Time_12,read_file,11,
Time_12,run_shell_command,1,./run_all_tests_trace.sh
Time_12,run_shell_command,1,./run_bug_exposing_tests.sh
Time_12,run_shell_command,1,cd /Users/nashid/repos/qwen-cli-automation/workspace/Time_12 && cp src/main/java/org/joda/time/LocalDate.java src/main/java/org/joda/time/LocalDate.java.backup
Time_12,run_shell_command,1,cd /Users/nashid/repos/qwen-cli-automation/workspace/Time_12 && defects4j compile
Time_12,run_shell_command,1,cd /Users/nashid/repos/qwen-cli-automation/workspace/Time_12 && defects4j test -t org.joda.time.TestLocalDate_Constructors::testFactory_fromCalendarFields_beforeYearZero1
Time_12,run_shell_command,1,"cd /Users/nashid/repos/qwen-cli-automation/workspace/Time_12 && grep -n ""fromCalendarFields"" src/main/java/org/joda/time/LocalDateTime.java"
Time_12,run_shell_command,1,"cd /Users/nashid/repos/qwen-cli-automation/workspace/Time_12 && sed -i.bak 's/int yearOfEra = calendar.get(Calendar.YEAR);/int yearOfEra = calendar.get(Calendar.YEAR);\\n        // Handle BCE years correctly - convert from Calendar year representation to Joda-Time\\n        // Calendar treats year 1 BC as -1, year 2 BC as -2, etc.\\n        // But Joda-Time expects year 0 for 1 BC, year -1 for 2 BC, etc.\\n        if (yearOfEra < 0) {\\n            yearOfEra = yearOfEra + 1;\\n        }/' src/main/java/org/joda/time/LocalDate.java"
Time_12,search_file_content,4,
Time_12,write_file,1,
Time_13,edit,4,
Time_13,glob,1,
Time_13,list_directory,1,
Time_13,read_file,16,
Time_13,run_shell_command,1,cd /Users/nashid/repos/qwen-cli-automation/workspace/Time_13 && ./run_all_tests_trace.sh
Time_13,run_shell_command,1,cd /Users/nashid/repos/qwen-cli-automation/workspace/Time_13 && ./run_bug_exposing_tests.sh
Time_13,run_shell_command,1,cd /Users/nashid/repos/qwen-cli-automation/workspace/Time_13 && defects4j compile
Time_13,run_shell_command,1,cd /Users/nashid/repos/qwen-cli-automation/workspace/Time_13 && defects4j compile && defects4j test -t org.joda.time.format.TestISOPeriodFormat::testFormatStandard_negative
Time_13,run_shell_command,2,cd /Users/nashid/repos/qwen-cli-automation/workspace/Time_13 && defects4j test
Time_13,run_shell_command,1,cd /Users/nashid/repos/qwen-cli-automation/workspace/Time_13 && defects4j test -t org.joda.time.format.TestISOPeriodFormat::testFormatStandard_negative
Time_13,run_shell_command,3,"cd /Users/nashid/repos/qwen-cli-automation/workspace/Time_13 && javac -cp "".:build/classes:build/tests:lib/joda-convert-1.2.jar:lib/junit-4.11.jar"" TestNegativePeriod.java && java -cp "".:build/classes:build/tests:lib/joda-convert-1.2.jar:lib/junit-4.11.jar"" TestNegativePeriod"
Time_13,run_shell_command,1,cd /Users/nashid/repos/qwen-cli-automation/workspace/Time_13 && rm TestNegativePeriod.java TestNegativePeriod.class
Time_13,search_file_content,3,
Time_13,todo_write,2,
Time_13,write_file,1,
Time_2,edit,2,
Time_2,read_file,13,
Time_2,run_shell_command,1,./run_bug_exposing_tests.sh
Time_2,run_shell_command,1,defects4j compile
Time_2,run_shell_command,1,"defects4j compile && java -cp ""/Users/nashid/repos/defects4j/framework/projects/Time/lib/org/joda/joda-convert/1.2/joda-convert-1.2.jar:/Users/nashid/repos/defects4j/framework/projects/Time/lib/junit/junit/3.8.2/junit-3.8.2.jar:/Users/nashid/repos/qwen-cli-automation/workspace/Time_2/target/classes:.:/Users/nashid/repos/qwen-cli-automation/workspace/Time_2/target/test-classes"" SimpleNPEFixTest"
Time_2,run_shell_command,1,"defects4j compile && java -cp ""/Users/nashid/repos/defects4j/framework/projects/Time/lib/org/joda/joda-convert/1.2/joda-convert-1.2.jar:/Users/nashid/repos/defects4j/framework/projects/Time/lib/junit/junit/3.8.2/junit-3.8.2.jar:/Users/nashid/repos/qwen-cli-automation/workspace/Time_2/target/classes:.:/Users/nashid/repos/qwen-cli-automation/workspace/Time_2/target/test-classes"" TestBugReproduction"
Time_2,run_shell_command,1,defects4j export -p cp.test
Time_2,run_shell_command,4,defects4j test
Time_2,run_shell_command,1,defects4j test -t org.joda.time.TestPartial_Basics
Time_2,run_shell_command,5,defects4j test -t org.joda.time.TestPartial_Basics::testWith_baseAndArgHaveNoRange
Time_2,run_shell_command,1,git diff
Time_2,run_shell_command,1,"git show HEAD:src/main/java/org/joda/time/Partial.java | sed -n '445,455p'"
Time_2,run_shell_command,2,git stash
Time_2,run_shell_command,1,git stash pop
Time_2,run_shell_command,1,git status
Time_2,run_shell_command,1,"grep -n ""getRangeDurationType()"" /Users/nashid/repos/qwen-cli-automation/workspace/Time_2/src/main/java/org/joda/time/Partial.java"
Time_2,run_shell_command,1,"java -cp ""/Users/nashid/repos/defects4j/framework/projects/Time/lib/org/joda/joda-convert/1.2/joda-convert-1.2.jar:/Users/nashid/repos/defects4j/framework/projects/Time/lib/junit/junit/3.8.2/junit-3.8.2.jar:/Users/nashid/repos/qwen-cli-automation/workspace/Time_2/target/classes:.:/Users/nashid/repos/qwen-cli-automation/workspace/Time_2/target/test-classes"" SimpleNPEFixTest"
Time_2,run_shell_command,2,"java -cp ""/Users/nashid/repos/defects4j/framework/projects/Time/lib/org/joda/joda-convert/1.2/joda-convert-1.2.jar:/Users/nashid/repos/defects4j/framework/projects/Time/lib/junit/junit/3.8.2/junit-3.8.2.jar:/Users/nashid/repos/qwen-cli-automation/workspace/Time_2/target/classes:.:/Users/nashid/repos/qwen-cli-automation/workspace/Time_2/target/test-classes"" TestBugReproduction"
Time_2,run_shell_command,1,"javac -cp ""/Users/nashid/repos/defects4j/framework/projects/Time/lib/org/joda/joda-convert/1.2/joda-convert-1.2.jar:/Users/nashid/repos/defects4j/framework/projects/Time/lib/junit/junit/3.8.2/junit-3.8.2.jar:/Users/nashid/repos/qwen-cli-automation/workspace/Time_2/target/classes:/Users/nashid/repos/qwen-cli-automation/workspace/Time_2/target/test-classes"" SimpleNPEFixTest.java"
Time_2,run_shell_command,1,"javac -cp ""/Users/nashid/repos/defects4j/framework/projects/Time/lib/org/joda/joda-convert/1.2/joda-convert-1.2.jar:/Users/nashid/repos/defects4j/framework/projects/Time/lib/junit/junit/3.8.2/junit-3.8.2.jar:/Users/nashid/repos/qwen-cli-automation/workspace/Time_2/target/classes:/Users/nashid/repos/qwen-cli-automation/workspace/Time_2/target/test-classes"" TestBugReproduction.java"
Time_2,run_shell_command,1,"javac -cp ""/Users/nashid/repos/defects4j/framework/projects/Time/lib/org/joda/joda-convert/1.2/joda-convert-1.2.jar:/Users/nashid/repos/defects4j/framework/projects/Time/lib/junit/junit/3.8.2/junit-3.8.2.jar:/Users/nashid/repos/qwen-cli-automation/workspace/Time_2/target/classes:/Users/nashid/repos/qwen-cli-automation/workspace/Time_2/target/test-classes"" TestSpecificNPEIssue.java && java -cp ""/Users/nashid/repos/defects4j/framework/projects/Time/lib/org/joda/joda-convert/1.2/joda-convert-1.2.jar:/Users/nashid/repos/defects4j/framework/projects/Time/lib/junit/junit/3.8.2/junit-3.8.2.jar:/Users/nashid/repos/qwen-cli-automation/workspace/Time_2/target/classes:.:/Users/nashid/repos/qwen-cli-automation/workspace/Time_2/target/test-classes"" TestSpecificNPEIssue"
Time_2,run_shell_command,1,rm TestBugReproduction.java TestBugReproduction.class SimpleNPEFixTest.java SimpleNPEFixTest.class TestSpecificNPEIssue.java TestSpecificNPEIssue.class
Time_2,search_file_content,6,
Time_2,write_file,3,
Time_23,edit,4,
Time_23,read_file,11,
Time_23,run_shell_command,1,cd /Users/nashid/repos/qwen-cli-automation/workspace/Time_23 && ./run_bug_exposing_tests.sh
Time_23,run_shell_command,2,cd /Users/nashid/repos/qwen-cli-automation/workspace/Time_23 && defects4j compile
Time_23,run_shell_command,1,cd /Users/nashid/repos/qwen-cli-automation/workspace/Time_23 && defects4j compile && ./run_bug_exposing_tests.sh
Time_23,run_shell_command,3,cd /Users/nashid/repos/qwen-cli-automation/workspace/Time_23 && defects4j compile && defects4j test -t org.joda.time.TestDateTimeZone::testForID_String_old
Time_23,run_shell_command,1,"cd /Users/nashid/repos/qwen-cli-automation/workspace/Time_23 && defects4j compile && java -cp build/classes:build/tests:src/test/java org.junit.runner.JUnitCore org.joda.time.TestDateTimeZone 2>&1 | grep -A5 -B5 ""testForID_String_old"""
Time_23,run_shell_command,1,cd /Users/nashid/repos/qwen-cli-automation/workspace/Time_23 && defects4j export -p tests.all
Time_23,run_shell_command,1,cd /Users/nashid/repos/qwen-cli-automation/workspace/Time_23 && defects4j export -p tests.trigger
Time_23,run_shell_command,1,cd /Users/nashid/repos/qwen-cli-automation/workspace/Time_23 && defects4j test
Time_23,run_shell_command,2,cd /Users/nashid/repos/qwen-cli-automation/workspace/Time_23 && defects4j test -t org.joda.time.TestDateTimeZone::testForID_String_old
Time_23,run_shell_command,1,cd /Users/nashid/repos/qwen-cli-automation/workspace/Time_23 && defects4j test -t org.joda.time.TestDateTimeZone::testForID_String_old 2>&1
Time_23,run_shell_command,1,"cd /Users/nashid/repos/qwen-cli-automation/workspace/Time_23 && defects4j test 2>&1 | grep -E ""(FAIL|ERROR|Failing tests)"""
Time_23,run_shell_command,1,cd /Users/nashid/repos/qwen-cli-automation/workspace/Time_23 && defects4j test 2>&1 | tail -20
Time_23,run_shell_command,1,cd /Users/nashid/repos/qwen-cli-automation/workspace/Time_23 && git diff
Time_23,run_shell_command,1,"cd /Users/nashid/repos/qwen-cli-automation/workspace/Time_23 && grep -n ""MET.*Asia/Tehran"" src/main/java/org/joda/time/DateTimeZone.java"
Time_23,run_shell_command,1,cd /Users/nashid/repos/qwen-cli-automation/workspace/Time_23 && javac -cp build/classes:build/tests src/test/java/org/joda/time/TestDateTimeZone.java && java -cp build/classes:build/tests:src/test/java org.joda.time.TestDateTimeZone testForID_String_old
Time_23,run_shell_command,1,"cd /Users/nashid/repos/qwen-cli-automation/workspace/Time_23 && rm -f src/main/java/org/joda/time/DateTimeZone.java.bak && cp src/main/java/org/joda/time/DateTimeZone.java src/main/java/org/joda/time/DateTimeZone.java.bak && sed -i '' 's/map.put(""MET"", ""CET"");/map.put(""MET"", ""Asia\/Tehran"");/' src/main/java/org/joda/time/DateTimeZone.java"
Time_23,run_shell_command,1,"cd /Users/nashid/repos/qwen-cli-automation/workspace/Time_23 && sed -i '' 's/map.put(""MET"", ""Asia\/Tehran"");/map.put(""MET"", ""CET"");/' src/main/java/org/joda/time/DateTimeZone.java"
Time_23,search_file_content,3,
Time_23,todo_write,1,
Time_26,edit,7,
Time_26,glob,1,
Time_26,read_file,12,
Time_26,run_shell_command,1,./run_all_tests_trace.sh
Time_26,run_shell_command,2,./run_bug_exposing_tests.sh
Time_26,run_shell_command,1,cd /Users/nashid/repos/qwen-cli-automation/workspace/Time_26 && defects4j compile
Time_26,run_shell_command,1,cd /Users/nashid/repos/qwen-cli-automation/workspace/Time_26 && defects4j test
Time_26,run_shell_command,1,cd /Users/nashid/repos/qwen-cli-automation/workspace/Time_26 && defects4j test -t org.joda.time.TestDateTimeZoneCutover::testWithHourOfDayInDstChange
Time_26,run_shell_command,1,cd /Users/nashid/repos/qwen-cli-automation/workspace/Time_26 && defects4j test -t org.joda.time.TestDateTimeZoneCutover::testWithMinuteOfHourInDstChange
Time_26,run_shell_command,1,cd /Users/nashid/repos/qwen-cli-automation/workspace/Time_26 && defects4j test -t org.joda.time.TestDateTimeZoneCutover::testWithSecondOfMinuteInDstChange
Time_26,run_shell_command,1,"cd /Users/nashid/repos/qwen-cli-automation/workspace/Time_26 && grep -n ""withMillisOfSecond"" src/main/java/org/joda/time/DateTime.java"
Time_26,run_shell_command,1,"cd /Users/nashid/repos/qwen-cli-automation/workspace/Time_26 && grep -n ""withMinuteOfHour"" src/main/java/org/joda/time/DateTime.java"
Time_26,run_shell_command,1,"cd /Users/nashid/repos/qwen-cli-automation/workspace/Time_26 && grep -n ""withSecondOfMinute"" src/main/java/org/joda/time/DateTime.java"
Time_26,run_shell_command,1,"cd /Users/nashid/repos/qwen-cli-automation/workspace/Time_26 && grep -n \""hourOfDay\"" src/main/java/org/joda/time/chrono/BasicChronology.java"
Time_26,run_shell_command,1,cd /Users/nashid/repos/qwen-cli-automation/workspace/Time_26 && java -cp build/classes:build/tests:lib/joda-convert-1.2.jar:lib/junit-4.11.jar org.junit.runner.JUnitCore org.joda.time.TestDateTimeZoneCutover
Time_26,run_shell_command,1,cd /Users/nashid/repos/qwen-cli-automation/workspace/Time_26 && mkdir -p test_output
Time_26,run_shell_command,1,defects4j test
Time_26,run_shell_command,1,defects4j test -t org.joda.time.TestDateTimeZoneCutover::testWithHourOfDayInDstChange
Time_26,run_shell_command,1,defects4j test -t org.joda.time.TestDateTimeZoneCutover::testWithMinuteOfHourInDstChange
Time_26,run_shell_command,1,defects4j test -t org.joda.time.TestDateTimeZoneCutover::testWithSecondOfMinuteInDstChange
Time_26,search_file_content,9,
Time_26,todo_write,2,
Time_26,write_file,2,
Time_3,edit,13,
Time_3,list_directory,11,
Time_3,read_file,11,
Time_3,run_shell_command,3,cd /Users/nashid/repos/qwen-cli-automation/workspace/Time_3 && ./run_bug_exposing_tests.sh
Time_3,run_shell_command,1,cd /Users/nashid/repos/qwen-cli-automation/workspace/Time_3 && defects4j compile
Time_3,run_shell_command,3,cd /Users/nashid/repos/qwen-cli-automation/workspace/Time_3 && defects4j test
Time_3,run_shell_command,1,cd /Users/nashid/repos/qwen-cli-automation/workspace/Time_3 && defects4j test -t org.joda.time.TestMutableDateTime_Adds
Time_3,run_shell_command,1,cd /Users/nashid/repos/qwen-cli-automation/workspace/Time_3 && git log --oneline -5
Time_3,run_shell_command,1,cd /Users/nashid/repos/qwen-cli-automation/workspace/Time_3 && git show 8d109fe1
Time_3,run_shell_command,2,"cd /Users/nashid/repos/qwen-cli-automation/workspace/Time_3 && java -cp "".:target/classes:target/test-classes"" TestDSTBug"
Time_3,run_shell_command,1,"cd /Users/nashid/repos/qwen-cli-automation/workspace/Time_3 && javac -cp ""target/classes:target/test-classes"" TestDSTBug.java"
Time_3,run_shell_command,1,"cd /Users/nashid/repos/qwen-cli-automation/workspace/Time_3 && javac -cp ""target/classes:target/test-classes"" TestDSTBug.java && java -cp "".:target/classes:target/test-classes"" TestDSTBug"
Time_3,run_shell_command,1,cd /Users/nashid/repos/qwen-cli-automation/workspace/Time_3 && rm TestDSTBug.java TestDSTBug.class
Time_3,search_file_content,2,
Time_3,todo_write,1,
Time_3,write_file,1,
Time_6,edit,6,
Time_6,glob,3,
Time_6,read_file,15,
Time_6,run_shell_command,1,./run_bug_exposing_tests.sh
Time_6,run_shell_command,2,defects4j compile
Time_6,run_shell_command,3,defects4j test
Time_6,run_shell_command,1,defects4j test -t org.joda.time.chrono.TestGJDate::test_cutoverPreZero
Time_6,run_shell_command,3,defects4j test -t org.joda.time.chrono.TestGJDate::test_plusYears_positiveToZero_crossCutover
Time_6,run_shell_command,3,"javac -cp ""src/main/java:src/test/java:target/classes:target/test-classes"" TestDebug.java && java -cp "".:src/main/java:src/test/java:target/classes:target/test-classes"" TestDebug"
Time_6,run_shell_command,1,"javac -cp ""src/main/java:src/test/java:target/classes:target/test-classes"" TestEdgeCases.java && java -cp "".:src/main/java:src/test/java:target/classes:target/test-classes"" TestEdgeCases"
Time_6,run_shell_command,2,"javac -cp ""src/main/java:src/test/java:target/classes:target/test-classes"" TestOriginalBug.java && java -cp "".:src/main/java:src/test/java:target/classes:target/test-classes"" TestOriginalBug"
Time_6,run_shell_command,1,rm TestDebug.java TestOriginalBug.java TestEdgeCases.java TestDebug.class TestOriginalBug.class TestEdgeCases.class
Time_6,search_file_content,5,
Time_6,todo_write,1,
Time_6,write_file,3,
Time_9,edit,2,
Time_9,read_file,10,
Time_9,run_shell_command,1,cd /Users/nashid/repos/qwen-cli-automation/workspace/Time_9 && ./run_bug_exposing_tests.sh
Time_9,run_shell_command,2,cd /Users/nashid/repos/qwen-cli-automation/workspace/Time_9 && defects4j compile
Time_9,run_shell_command,2,cd /Users/nashid/repos/qwen-cli-automation/workspace/Time_9 && defects4j test
Time_9,run_shell_command,2,cd /Users/nashid/repos/qwen-cli-automation/workspace/Time_9 && defects4j test -t org.joda.time.TestDateTimeZone::testForOffsetHoursMinutes_int_int
Time_9,search_file_content,3,
