window_size,tool_sequence,frequency
5,SEARCH_FILES -> SEARCH_FILES -> SEARCH_FILES -> SEARCH_FILES -> SEARCH_FILES,129
5,WRITE -> NAVIGATE -> BUILD -> NAVIGATE -> TEST,105
5,NAVIGATE -> BUILD -> NAVIGATE -> TEST -> NAVIGATE,105
5,NAVIGATE -> TEST -> NAVIGATE -> TEST -> NAVIGATE,102
5,BUILD -> NAVIGATE -> TEST -> NAVIGATE -> TEST,84
5,NAVIGATE -> TEST -> NAVIGATE -> TEST -> READ,69
5,TEST -> NAVIGATE -> TEST -> NAVIGATE -> TEST,63
5,READ -> WRITE -> NAVIGATE -> BUILD -> NAVIGATE,57
5,READ -> READ -> READ -> READ -> READ,48
5,NAVIGATE -> TEST -> WRITE -> NAVIGATE -> BUILD,46
5,WRITE -> NAVIGATE -> BUILD -> NAVIGATE -> BUILD,43
5,READ -> SEARCH_FILES -> READ -> SEARCH_FILES -> READ,41
5,WRITE -> WRITE -> NAVIGATE -> BUILD -> NAVIGATE,39
5,NAVIGATE -> TEST -> NAVIGATE -> TEST -> WRITE,38
5,READ -> NAVIGATE -> TEST -> NAVIGATE -> TEST,37
5,WRITE -> BUILD -> TEST -> TEST -> TEST,37
5,WRITE -> NAVIGATE -> BUILD -> BUILD -> WRITE,34
5,READ -> WRITE -> BUILD -> TEST -> TEST,34
5,READ -> SEARCH_FILES -> SEARCH_FILES -> SEARCH_FILES -> SEARCH_FILES,34
5,READ -> TEST -> READ -> TEST -> READ,33
5,NAVIGATE -> BUILD -> NAVIGATE -> TEST -> WRITE,33
5,READ -> SEARCH_CONTENT -> READ -> SEARCH_CONTENT -> READ,33
5,WRITE -> NAVIGATE -> BUILD -> BUILD -> NAVIGATE,32
5,WRITE -> NAVIGATE -> TEST -> NAVIGATE -> TEST,32
5,NAVIGATE -> BUILD -> WRITE -> NAVIGATE -> BUILD,30
5,BUILD -> WRITE -> NAVIGATE -> BUILD -> BUILD,30
5,READ -> SEARCH_CONTENT -> READ -> READ -> READ,30
5,TEST -> NAVIGATE -> TEST -> READ -> WRITE,29
5,NAVIGATE -> TEST -> READ -> NAVIGATE -> TEST,29
5,READ -> READ -> READ -> READ -> WRITE,27
5,TEST -> WRITE -> NAVIGATE -> BUILD -> BUILD,27
5,NAVIGATE -> BUILD -> BUILD -> WRITE -> NAVIGATE,26
5,NAVIGATE -> VCS -> NAVIGATE -> VCS -> NAVIGATE,26
5,SEARCH_CONTENT -> READ -> READ -> SEARCH_CONTENT -> READ,26
5,SEARCH_CONTENT -> READ -> READ -> READ -> READ,26
5,READ -> READ -> SEARCH_CONTENT -> SEARCH_CONTENT -> READ,25
5,SEARCH_FILES -> READ -> SEARCH_FILES -> READ -> SEARCH_FILES,25
5,BUILD -> BUILD -> WRITE -> NAVIGATE -> BUILD,25
5,READ -> READ -> SEARCH_CONTENT -> READ -> READ,25
5,SEARCH_CONTENT -> READ -> SEARCH_CONTENT -> READ -> READ,25
5,READ -> TEST -> READ -> TEST -> TEST,24
5,READ -> READ -> WRITE -> NAVIGATE -> BUILD,24
5,SEARCH_FILES -> SEARCH_FILES -> SEARCH_FILES -> SEARCH_FILES -> READ,24
5,SEARCH_FILES -> READ -> READ -> READ -> READ,24
5,WRITE -> READ -> WRITE -> NAVIGATE -> BUILD,23
5,TEST -> WRITE -> NAVIGATE -> BUILD -> NAVIGATE,23
5,READ -> SEARCH_CONTENT -> SEARCH_CONTENT -> READ -> WRITE,22
5,READ -> WRITE -> READ -> WRITE -> READ,22
5,WRITE -> READ -> WRITE -> READ -> WRITE,22
5,BUILD -> NAVIGATE -> TEST -> WRITE -> NAVIGATE,22
5,READ -> READ -> READ -> SEARCH_CONTENT -> READ,22
5,NAVIGATE -> TEST -> WRITE -> NAVIGATE -> TEST,22
5,NAVIGATE -> SCRIPT -> NAVIGATE -> SCRIPT -> NAVIGATE,22
5,NAVIGATE -> TEST -> NAVIGATE -> BUILD -> NAVIGATE,21
5,READ -> NAVIGATE -> BUILD -> NAVIGATE -> TEST,21
5,NAVIGATE -> BUILD -> NAVIGATE -> BUILD -> NAVIGATE,21
5,SEARCH_CONTENT -> READ -> SEARCH_CONTENT -> READ -> SEARCH_CONTENT,21
5,READ -> READ -> READ -> READ -> SEARCH_CONTENT,21
5,READ -> WRITE -> READ -> READ -> WRITE,20
5,TEST -> NAVIGATE -> TEST -> NAVIGATE -> BUILD,20
5,TEST -> NAVIGATE -> TEST -> WRITE -> NAVIGATE,20
5,WRITE -> BUILD -> TEST -> TEST -> WRITE,20
5,BUILD -> WRITE -> NAVIGATE -> BUILD -> NAVIGATE,20
5,READ -> SEARCH_FILES -> READ -> READ -> READ,20
5,NAVIGATE -> TEST -> READ -> WRITE -> NAVIGATE,20
5,WRITE -> WRITE -> BUILD -> TEST -> TEST,19
5,READ -> WRITE -> WRITE -> NAVIGATE -> BUILD,19
5,TEST -> NAVIGATE -> TEST -> READ -> NAVIGATE,18
5,NAVIGATE -> BUILD -> NAVIGATE -> BUILD -> WRITE,18
5,READ -> TEST -> READ -> TEST -> SEARCH_CONTENT,18
5,READ -> SEARCH_CONTENT -> SEARCH_CONTENT -> READ -> READ,18
5,SEARCH_CONTENT -> SEARCH_CONTENT -> READ -> READ -> READ,18
5,READ -> READ -> SEARCH_CONTENT -> READ -> SEARCH_CONTENT,18
5,WRITE -> WRITE -> NAVIGATE -> TEST -> NAVIGATE,18
5,READ -> READ -> WRITE -> READ -> WRITE,17
5,READ -> SEARCH_CONTENT -> READ -> READ -> WRITE,17
5,NAVIGATE -> BUILD -> NAVIGATE -> BUILD -> BUILD,17
5,READ -> WRITE -> READ -> WRITE -> NAVIGATE,17
5,SEARCH_CONTENT -> READ -> WRITE -> READ -> WRITE,17
5,READ -> NAVIGATE -> TEST -> READ -> NAVIGATE,17
5,TEST -> NAVIGATE -> VCS -> NAVIGATE -> VCS,16
5,TEST -> NAVIGATE -> BUILD -> NAVIGATE -> BUILD,16
5,READ -> WRITE -> READ -> WRITE -> WRITE,16
5,TEST -> READ -> TEST -> READ -> READ,16
5,WRITE -> BUILD -> TEST -> TEST -> READ,16
5,READ -> READ -> WRITE -> BUILD -> TEST,16
5,SEARCH_CONTENT -> READ -> READ -> WRITE -> NAVIGATE,16
5,NAVIGATE -> TEST -> READ -> WRITE -> WRITE,16
5,READ -> READ -> READ -> NAVIGATE -> TEST,16
5,READ -> READ -> READ -> WRITE -> READ,15
5,SEARCH_FILES -> READ -> SEARCH_FILES -> READ -> READ,15
5,TEST -> READ -> SEARCH_CONTENT -> READ -> READ,15
5,NAVIGATE -> VCS -> WRITE -> NAVIGATE -> BUILD,15
5,SEARCH_CONTENT -> READ -> WRITE -> BUILD -> TEST,15
5,TEST -> SEARCH_CONTENT -> READ -> SEARCH_CONTENT -> READ,15
5,READ -> NAVIGATE -> TEST -> SEARCH_CONTENT -> READ,15
5,BUILD -> BUILD -> WRITE -> BUILD -> BUILD,15
5,READ -> WRITE -> NAVIGATE -> BUILD -> BUILD,15
5,WRITE -> NAVIGATE -> WRITE -> NAVIGATE -> WRITE,15
5,SEARCH_FILES -> SEARCH_FILES -> READ -> READ -> READ,15
5,READ -> SEARCH_CONTENT -> READ -> READ -> SEARCH_CONTENT,15
5,NAVIGATE -> VCS -> NAVIGATE -> VCS -> WRITE,15
5,WRITE -> NAVIGATE -> VCS -> NAVIGATE -> VCS,15
5,WRITE -> NAVIGATE -> SCRIPT -> NAVIGATE -> TEST,15
5,READ -> READ -> WRITE -> READ -> READ,14
5,READ -> TEST -> READ -> TEST -> SEARCH_FILES,14
5,WRITE -> READ -> READ -> WRITE -> NAVIGATE,14
5,READ -> TEST -> READ -> SEARCH_CONTENT -> READ,14
5,WRITE -> WRITE -> WRITE -> NAVIGATE -> BUILD,14
5,NAVIGATE -> WRITE -> NAVIGATE -> WRITE -> NAVIGATE,14
5,OTHER -> OTHER -> OTHER -> OTHER -> OTHER,14
5,WRITE -> NAVIGATE -> BUILD -> WRITE -> NAVIGATE,14
5,READ -> WRITE -> WRITE -> READ -> WRITE,14
5,WRITE -> WRITE -> WRITE -> WRITE -> WRITE,14
5,SEARCH_FILES -> READ -> READ -> SEARCH_FILES -> READ,14
5,READ -> NAVIGATE -> TEST -> WRITE -> NAVIGATE,14
5,WRITE -> WRITE -> WRITE -> NAVIGATE -> TEST,14
5,NAVIGATE -> SCRIPT -> WRITE -> NAVIGATE -> SCRIPT,14
5,SCRIPT -> NAVIGATE -> SCRIPT -> NAVIGATE -> SCRIPT,14
5,NAVIGATE -> BUILD -> NAVIGATE -> TEST -> READ,13
5,TEST -> READ -> TEST -> TEST -> TEST,13
5,SEARCH_CONTENT -> READ -> WRITE -> NAVIGATE -> BUILD,13
5,READ -> TEST -> TEST -> TEST -> READ,13
5,WRITE -> BUILD -> TEST -> WRITE -> BUILD,13
5,TEST -> WRITE -> BUILD -> TEST -> TEST,13
5,BUILD -> NAVIGATE -> BUILD -> NAVIGATE -> TEST,13
5,WRITE -> BUILD -> BUILD -> WRITE -> BUILD,13
5,WRITE -> WRITE -> READ -> WRITE -> NAVIGATE,13
5,NAVIGATE -> TEST -> WRITE -> WRITE -> NAVIGATE,13
5,SEARCH_FILES -> SEARCH_FILES -> SEARCH_FILES -> READ -> READ,13
5,READ -> READ -> SEARCH_FILES -> READ -> READ,13
5,NAVIGATE -> TEST -> NAVIGATE -> VCS -> NAVIGATE,13
5,READ -> READ -> SEARCH_CONTENT -> READ -> WRITE,13
5,WRITE -> NAVIGATE -> TEST -> WRITE -> NAVIGATE,13
5,TEST -> NAVIGATE -> BUILD -> NAVIGATE -> TEST,12
5,TEST -> SEARCH_FILES -> READ -> SEARCH_FILES -> READ,12
5,READ -> READ -> NAVIGATE -> TEST -> NAVIGATE,12
5,TEST -> TEST -> READ -> SEARCH_CONTENT -> READ,12
5,BUILD -> NAVIGATE -> TEST -> NAVIGATE -> BUILD,12
5,WRITE -> NAVIGATE -> BUILD -> TEST -> NAVIGATE,12
5,SEARCH_CONTENT -> READ -> SEARCH_CONTENT -> SEARCH_CONTENT -> READ,12
5,READ -> SEARCH_CONTENT -> READ -> SEARCH_CONTENT -> SEARCH_CONTENT,12
5,BUILD -> WRITE -> BUILD -> TEST -> TEST,12
5,BUILD -> TEST -> TEST -> TEST -> READ,12
5,READ -> WRITE -> WRITE -> BUILD -> TEST,12
5,BUILD -> TEST -> TEST -> TEST -> TEST,12
5,NAVIGATE -> SEARCH_CONTENT -> WRITE -> NAVIGATE -> BUILD,12
5,READ -> READ -> READ -> WRITE -> WRITE,12
5,READ -> READ -> NAVIGATE -> TEST -> READ,12
5,SEARCH_CONTENT -> READ -> SEARCH_CONTENT -> READ -> WRITE,12
5,WRITE -> NAVIGATE -> SCRIPT -> WRITE -> NAVIGATE,12
5,NAVIGATE -> SCRIPT -> NAVIGATE -> TEST -> WRITE,12
5,NAVIGATE -> TEST -> NAVIGATE -> BUILD -> WRITE,11
5,TEST -> WRITE -> WRITE -> NAVIGATE -> BUILD,11
5,READ -> WRITE -> READ -> READ -> SEARCH_CONTENT,11
5,NAVIGATE -> BUILD -> BUILD -> NAVIGATE -> TEST,11
5,VCS -> NAVIGATE -> VCS -> NAVIGATE -> VCS,11
5,WRITE -> READ -> READ -> WRITE -> WRITE,11
5,READ -> READ -> READ -> SEARCH_FILES -> READ,11
5,SEARCH_FILES -> SEARCH_FILES -> SEARCH_FILES -> SEARCH_FILES -> SEARCH_CONTENT,11
5,WRITE -> READ -> WRITE -> BUILD -> TEST,11
5,BUILD -> TEST -> TEST -> WRITE -> BUILD,11
5,NAVIGATE -> BUILD -> BUILD -> NAVIGATE -> BUILD,11
5,BUILD -> WRITE -> WRITE -> NAVIGATE -> BUILD,11
5,TEST -> TEST -> WRITE -> BUILD -> BUILD,11
5,TEST -> NAVIGATE -> TEST -> WRITE -> WRITE,11
5,BUILD -> NAVIGATE -> BUILD -> WRITE -> NAVIGATE,11
5,READ -> WRITE -> NAVIGATE -> TEST -> NAVIGATE,11
5,TEST -> READ -> NAVIGATE -> TEST -> SEARCH_CONTENT,11
5,READ -> READ -> READ -> READ -> NAVIGATE,11
5,TEST -> NAVIGATE -> TEST -> NAVIGATE -> VCS,11
5,NAVIGATE -> TEST -> WRITE -> WRITE -> WRITE,11
5,WRITE -> NAVIGATE -> SCRIPT -> NAVIGATE -> SCRIPT,11
5,SCRIPT -> WRITE -> NAVIGATE -> SCRIPT -> NAVIGATE,11
5,READ -> NAVIGATE -> SEARCH_CONTENT -> READ -> WRITE,10
5,READ -> READ -> WRITE -> NAVIGATE -> TEST,10
5,READ -> SEARCH_FILES -> READ -> READ -> SEARCH_CONTENT,10
5,TEST -> TEST -> READ -> READ -> READ,10
5,SEARCH_CONTENT -> READ -> READ -> READ -> SEARCH_CONTENT,10
5,READ -> READ -> WRITE -> WRITE -> NAVIGATE,10
5,READ -> WRITE -> BUILD -> TEST -> WRITE,10
5,READ -> READ -> READ -> SEARCH_CONTENT -> SEARCH_CONTENT,10
5,READ -> READ -> NAVIGATE -> BUILD -> NAVIGATE,10
5,SEARCH_CONTENT -> SEARCH_CONTENT -> READ -> SEARCH_CONTENT -> READ,10
5,TEST -> READ -> TEST -> SEARCH_CONTENT -> READ,10
5,TEST -> NAVIGATE -> TEST -> READ -> READ,10
5,READ -> SEARCH_CONTENT -> READ -> TEST -> TEST,10
5,SEARCH_FILES -> READ -> SEARCH_FILES -> READ -> SEARCH_CONTENT,10
5,BUILD -> NAVIGATE -> BUILD -> BUILD -> NAVIGATE,10
5,TEST -> READ -> WRITE -> NAVIGATE -> BUILD,10
5,NAVIGATE -> BUILD -> NAVIGATE -> BUILD -> READ,10
5,BUILD -> READ -> WRITE -> NAVIGATE -> BUILD,10
5,SEARCH_CONTENT -> SEARCH_CONTENT -> READ -> WRITE -> NAVIGATE,10
5,READ -> SEARCH_CONTENT -> READ -> WRITE -> READ,10
5,READ -> READ -> SEARCH_FILES -> SEARCH_FILES -> SEARCH_FILES,10
5,SEARCH_CONTENT -> SEARCH_CONTENT -> READ -> READ -> SEARCH_CONTENT,10
5,TEST -> WRITE -> NAVIGATE -> TEST -> WRITE,10
5,WRITE -> WRITE -> WRITE -> WRITE -> NAVIGATE,10
5,WRITE -> READ -> READ -> WRITE -> READ,9
5,TEST -> READ -> SEARCH_FILES -> READ -> SEARCH_FILES,9
5,SEARCH_FILES -> READ -> SEARCH_FILES -> READ -> TEST,9
5,READ -> WRITE -> WRITE -> WRITE -> WRITE,9
5,TEST -> WRITE -> READ -> READ -> WRITE,9
5,SEARCH_CONTENT -> READ -> READ -> SEARCH_CONTENT -> SEARCH_CONTENT,9
5,NAVIGATE -> SEARCH_CONTENT -> READ -> WRITE -> NAVIGATE,9
5,READ -> READ -> TEST -> READ -> TEST,9
5,BUILD -> TEST -> TEST -> READ -> WRITE,9
5,READ -> SEARCH_CONTENT -> SEARCH_CONTENT -> SEARCH_CONTENT -> READ,9
5,SEARCH_CONTENT -> READ -> SEARCH_CONTENT -> SEARCH_CONTENT -> SEARCH_CONTENT,9
5,READ -> SEARCH_FILES -> READ -> READ -> SEARCH_FILES,9
5,BUILD -> TEST -> WRITE -> BUILD -> TEST,9
5,READ -> READ -> SEARCH_CONTENT -> SEARCH_FILES -> READ,9
5,WRITE -> BUILD -> WRITE -> BUILD -> TEST,9
5,NAVIGATE -> TEST -> SEARCH_CONTENT -> READ -> READ,9
5,SEARCH_CONTENT -> READ -> READ -> WRITE -> READ,9
5,TEST -> READ -> WRITE -> WRITE -> WRITE,9
5,NAVIGATE -> BUILD -> BUILD -> WRITE -> WRITE,9
5,TEST -> READ -> NAVIGATE -> TEST -> NAVIGATE,9
5,READ -> READ -> SEARCH_FILES -> READ -> SEARCH_FILES,9
5,SEARCH_CONTENT -> WRITE -> NAVIGATE -> BUILD -> NAVIGATE,9
5,READ -> READ -> WRITE -> WRITE -> BUILD,9
5,READ -> SEARCH_CONTENT -> NAVIGATE -> SEARCH_CONTENT -> READ,9
5,VCS -> WRITE -> NAVIGATE -> BUILD -> NAVIGATE,9
5,WRITE -> NAVIGATE -> BUILD -> BUILD -> READ,9
5,WRITE -> READ -> READ -> SEARCH_CONTENT -> READ,9
5,WRITE -> READ -> WRITE -> WRITE -> NAVIGATE,9
5,SEARCH_CONTENT -> NAVIGATE -> SEARCH_CONTENT -> READ -> READ,9
5,NAVIGATE -> TEST -> NAVIGATE -> TEST -> SEARCH_CONTENT,9
5,SEARCH_CONTENT -> READ -> READ -> READ -> WRITE,9
5,READ -> SEARCH_FILES -> READ -> NAVIGATE -> TEST,9
5,SEARCH_CONTENT -> READ -> NAVIGATE -> TEST -> NAVIGATE,9
5,WRITE -> READ -> WRITE -> WRITE -> WRITE,9
5,SEARCH_CONTENT -> READ -> READ -> READ -> NAVIGATE,9
5,READ -> BUILD -> TEST -> TEST -> READ,8
5,READ -> SEARCH_FILES -> READ -> TEST -> READ,8
5,SEARCH_CONTENT -> SEARCH_CONTENT -> READ -> WRITE -> WRITE,8
5,WRITE -> WRITE -> WRITE -> BUILD -> TEST,8
5,TEST -> TEST -> TEST -> READ -> READ,8
5,TEST -> READ -> SEARCH_CONTENT -> READ -> TEST,8
5,NAVIGATE -> BUILD -> TEST -> WRITE -> NAVIGATE,8
5,TEST -> READ -> TEST -> SEARCH_FILES -> READ,8
5,READ -> TEST -> SEARCH_FILES -> READ -> SEARCH_FILES,8
5,TEST -> TEST -> SEARCH_CONTENT -> READ -> SEARCH_CONTENT,8
5,TEST -> READ -> SEARCH_CONTENT -> READ -> SEARCH_CONTENT,8
5,TEST -> TEST -> READ -> WRITE -> BUILD,8
5,NAVIGATE -> SEARCH_CONTENT -> READ -> READ -> WRITE,8
5,SEARCH_FILES -> READ -> READ -> SEARCH_CONTENT -> READ,8
5,READ -> SEARCH_CONTENT -> SEARCH_CONTENT -> READ -> SEARCH_CONTENT,8
5,TEST -> TEST -> TEST -> SEARCH_CONTENT -> READ,8
5,TEST -> WRITE -> WRITE -> BUILD -> TEST,8
5,SEARCH_FILES -> READ -> NAVIGATE -> TEST -> NAVIGATE,8
5,TEST -> READ -> READ -> SEARCH_FILES -> READ,8
5,BUILD -> TEST -> TEST -> NAVIGATE -> BUILD,8
5,BUILD -> NAVIGATE -> BUILD -> NAVIGATE -> BUILD,8
5,READ -> WRITE -> READ -> WRITE -> BUILD,8
5,SEARCH_CONTENT -> SEARCH_FILES -> READ -> SEARCH_FILES -> READ,8
5,TEST -> TEST -> TEST -> READ -> SEARCH_CONTENT,8
5,READ -> READ -> READ -> WRITE -> BUILD,8
5,READ -> SEARCH_CONTENT -> SEARCH_FILES -> READ -> READ,8
5,SEARCH_CONTENT -> SEARCH_CONTENT -> SEARCH_CONTENT -> READ -> READ,8
5,READ -> READ -> READ -> NAVIGATE -> BUILD,8
5,WRITE -> NAVIGATE -> WRITE -> WRITE -> NAVIGATE,8
5,TEST -> TEST -> TEST -> TEST -> TEST,8
5,TEST -> READ -> WRITE -> WRITE -> NAVIGATE,8
5,READ -> WRITE -> SEARCH_CONTENT -> SEARCH_CONTENT -> READ,8
5,WRITE -> NAVIGATE -> BUILD -> NAVIGATE -> VCS,8
5,READ -> WRITE -> WRITE -> NAVIGATE -> TEST,8
5,NAVIGATE -> BUILD -> READ -> WRITE -> NAVIGATE,8
5,BUILD -> TEST -> WRITE -> BUILD -> BUILD,8
5,READ -> WRITE -> READ -> SEARCH_CONTENT -> READ,8
5,NAVIGATE -> VCS -> NAVIGATE -> TEST -> WRITE,8
5,READ -> WRITE -> WRITE -> WRITE -> READ,8
5,SEARCH_FILES -> READ -> SEARCH_FILES -> SEARCH_FILES -> SEARCH_FILES,8
5,TEST -> WRITE -> NAVIGATE -> TEST -> NAVIGATE,8
5,TEST -> WRITE -> WRITE -> WRITE -> NAVIGATE,8
5,NAVIGATE -> TEST -> NAVIGATE -> VCS -> WRITE,8
5,READ -> READ -> WRITE -> WRITE -> WRITE,8
5,WRITE -> NAVIGATE -> TEST -> WRITE -> WRITE,8
5,WRITE -> WRITE -> READ -> WRITE -> WRITE,8
5,READ -> READ -> SEARCH_CONTENT -> READ -> NAVIGATE,8
5,READ -> WRITE -> WRITE -> WRITE -> NAVIGATE,8
5,NAVIGATE -> SCRIPT -> NAVIGATE -> SCRIPT -> WRITE,8
5,SCRIPT -> NAVIGATE -> TEST -> WRITE -> NAVIGATE,8
5,READ -> WRITE -> NAVIGATE -> SCRIPT -> NAVIGATE,8
5,BUILD -> NAVIGATE -> TEST -> READ -> READ,7
5,NAVIGATE -> BUILD -> TEST -> NAVIGATE -> VCS,7
5,TEST -> READ -> READ -> READ -> READ,7
5,TEST -> NAVIGATE -> TEST -> READ -> SEARCH_CONTENT,7
5,SEARCH_CONTENT -> READ -> NAVIGATE -> BUILD -> NAVIGATE,7
5,NAVIGATE -> TEST -> WRITE -> READ -> READ,7
5,BUILD -> NAVIGATE -> TEST -> WRITE -> WRITE,7
5,BUILD -> TEST -> NAVIGATE -> VCS -> NAVIGATE,7
5,READ -> SEARCH_CONTENT -> READ -> WRITE -> WRITE,7
5,READ -> TEST -> TEST -> SEARCH_CONTENT -> READ,7
5,TEST -> READ -> TEST -> READ -> SEARCH_CONTENT,7
5,SEARCH_FILES -> SEARCH_FILES -> SEARCH_FILES -> SEARCH_CONTENT -> READ,7
5,WRITE -> WRITE -> READ -> WRITE -> READ,7
5,TEST -> READ -> WRITE -> READ -> READ,7
5,TEST -> READ -> WRITE -> BUILD -> TEST,7
5,READ -> WRITE -> NAVIGATE -> TEST -> WRITE,7
5,BUILD -> TEST -> TEST -> READ -> READ,7
5,READ -> TEST -> TEST -> TEST -> SEARCH_CONTENT,7
5,READ -> TEST -> SEARCH_CONTENT -> READ -> READ,7
5,READ -> READ -> READ -> TEST -> READ,7
5,TEST -> TEST -> TEST -> READ -> WRITE,7
5,NAVIGATE -> BUILD -> BUILD -> READ -> WRITE,7
5,READ -> SEARCH_CONTENT -> SEARCH_FILES -> READ -> SEARCH_FILES,7
5,TEST -> SEARCH_CONTENT -> READ -> READ -> SEARCH_CONTENT,7
5,READ -> WRITE -> NAVIGATE -> WRITE -> WRITE,7
5,TEST -> TEST -> TEST -> TEST -> WRITE,7
5,READ -> READ -> WRITE -> WRITE -> READ,7
5,TEST -> READ -> SEARCH_FILES -> READ -> READ,7
5,NAVIGATE -> TEST -> READ -> NAVIGATE -> BUILD,7
5,NAVIGATE -> BUILD -> TEST -> NAVIGATE -> TEST,7
5,WRITE -> BUILD -> BUILD -> BUILD -> TEST,7
5,TEST -> WRITE -> BUILD -> BUILD -> WRITE,7
5,TEST -> READ -> SEARCH_FILES -> SEARCH_FILES -> SEARCH_FILES,7
5,READ -> NAVIGATE -> WRITE -> NAVIGATE -> WRITE,7
5,WRITE -> WRITE -> NAVIGATE -> BUILD -> WRITE,7
5,WRITE -> NAVIGATE -> TEST -> NAVIGATE -> BUILD,7
5,READ -> READ -> READ -> WRITE -> NAVIGATE,7
5,NAVIGATE -> BUILD -> NAVIGATE -> TEST -> SEARCH_CONTENT,7
5,READ -> SEARCH_FILES -> READ -> SEARCH_CONTENT -> READ,7
5,BUILD -> NAVIGATE -> BUILD -> BUILD -> WRITE,7
5,WRITE -> BUILD -> BUILD -> BUILD -> WRITE,7
5,READ -> READ -> WRITE -> READ -> SEARCH_CONTENT,7
5,WRITE -> READ -> SEARCH_CONTENT -> READ -> WRITE,7
5,SEARCH_FILES -> READ -> READ -> READ -> SEARCH_FILES,7
5,NAVIGATE -> SEARCH_CONTENT -> NAVIGATE -> SEARCH_CONTENT -> READ,7
5,READ -> READ -> READ -> SEARCH_FILES -> SEARCH_FILES,7
5,WRITE -> READ -> WRITE -> WRITE -> READ,7
5,NAVIGATE -> TEST -> READ -> SEARCH_FILES -> READ,7
5,NAVIGATE -> TEST -> READ -> NAVIGATE -> VCS,7
5,TEST -> NAVIGATE -> VCS -> WRITE -> NAVIGATE,7
5,READ -> SEARCH_CONTENT -> READ -> READ -> NAVIGATE,7
5,READ -> SEARCH_CONTENT -> READ -> NAVIGATE -> TEST,7
5,NAVIGATE -> VCS -> READ -> WRITE -> NAVIGATE,7
5,WRITE -> WRITE -> NAVIGATE -> TEST -> WRITE,7
5,NAVIGATE -> SCRIPT -> NAVIGATE -> TEST -> NAVIGATE,7
5,NAVIGATE -> TEST -> WRITE -> NAVIGATE -> SCRIPT,7
5,NAVIGATE -> TEST -> READ -> WRITE -> READ,6
5,SEARCH_CONTENT -> READ -> READ -> WRITE -> BUILD,6
5,READ -> NAVIGATE -> TEST -> NAVIGATE -> BUILD,6
5,TEST -> TEST -> READ -> SEARCH_FILES -> READ,6
5,TEST -> READ -> TEST -> SEARCH_FILES -> SEARCH_FILES,6
5,SEARCH_CONTENT -> READ -> WRITE -> WRITE -> WRITE,6
5,READ -> TEST -> READ -> READ -> READ,6
5,NAVIGATE -> TEST -> READ -> SEARCH_CONTENT -> READ,6
5,BUILD -> NAVIGATE -> TEST -> WRITE -> READ,6
5,BUILD -> NAVIGATE -> TEST -> NAVIGATE -> VCS,6
5,READ -> READ -> WRITE -> SEARCH_CONTENT -> READ,6
5,BUILD -> TEST -> WRITE -> NAVIGATE -> BUILD,6
5,NAVIGATE -> BUILD -> BUILD -> WRITE -> READ,6
5,WRITE -> READ -> READ -> SEARCH_CONTENT -> SEARCH_CONTENT,6
5,SEARCH_CONTENT -> READ -> WRITE -> READ -> READ,6
5,WRITE -> READ -> READ -> WRITE -> BUILD,6
5,READ -> READ -> READ -> TEST -> TEST,6
5,READ -> READ -> TEST -> TEST -> TEST,6
5,TEST -> TEST -> READ -> WRITE -> WRITE,6
5,VCS -> WRITE -> BUILD -> TEST -> TEST,6
5,TEST -> TEST -> READ -> READ -> SEARCH_FILES,6
5,SEARCH_CONTENT -> SEARCH_CONTENT -> SEARCH_CONTENT -> READ -> SEARCH_CONTENT,6
5,NAVIGATE -> TEST -> SEARCH_CONTENT -> READ -> SEARCH_CONTENT,6
5,NAVIGATE -> SEARCH_CONTENT -> NAVIGATE -> SEARCH_CONTENT -> NAVIGATE,6
5,WRITE -> NAVIGATE -> BUILD -> WRITE -> READ,6
5,NAVIGATE -> BUILD -> WRITE -> READ -> WRITE,6
5,WRITE -> BUILD -> TEST -> TEST -> NAVIGATE,6
5,WRITE -> READ -> WRITE -> WRITE -> BUILD,6
5,WRITE -> BUILD -> TEST -> WRITE -> TEST,6
5,READ -> TEST -> TEST -> READ -> SEARCH_CONTENT,6
5,TEST -> TEST -> SEARCH_CONTENT -> READ -> READ,6
5,TEST -> NAVIGATE -> TEST -> READ -> SEARCH_FILES,6
5,NAVIGATE -> BUILD -> BUILD -> NAVIGATE -> VCS,6
5,SEARCH_FILES -> NAVIGATE -> TEST -> NAVIGATE -> TEST,6
5,SEARCH_CONTENT -> NAVIGATE -> SEARCH_CONTENT -> READ -> NAVIGATE,6
5,READ -> WRITE -> BUILD -> BUILD -> BUILD,6
5,SEARCH_CONTENT -> READ -> READ -> NAVIGATE -> TEST,6
5,BUILD -> BUILD -> WRITE -> WRITE -> NAVIGATE,6
5,READ -> NAVIGATE -> VCS -> NAVIGATE -> VCS,6
5,SEARCH_FILES -> READ -> READ -> NAVIGATE -> TEST,6
5,WRITE -> NAVIGATE -> BUILD -> BUILD -> BUILD,6
5,NAVIGATE -> SEARCH_CONTENT -> NAVIGATE -> BUILD -> NAVIGATE,6
5,NAVIGATE -> BUILD -> NAVIGATE -> VCS -> NAVIGATE,6
5,READ -> NAVIGATE -> SEARCH_CONTENT -> WRITE -> NAVIGATE,6
5,WRITE -> WRITE -> READ -> READ -> WRITE,6
5,BUILD -> WRITE -> READ -> WRITE -> NAVIGATE,6
5,NAVIGATE -> BUILD -> NAVIGATE -> VCS -> WRITE,6
5,BUILD -> NAVIGATE -> BUILD -> READ -> WRITE,6
5,WRITE -> READ -> WRITE -> NAVIGATE -> TEST,6
5,NAVIGATE -> TEST -> READ -> READ -> WRITE,6
5,NAVIGATE -> TEST -> READ -> READ -> READ,6
5,READ -> SEARCH_CONTENT -> READ -> SEARCH_CONTENT -> SEARCH_FILES,6
5,NAVIGATE -> SEARCH_CONTENT -> READ -> NAVIGATE -> SEARCH_CONTENT,6
5,NAVIGATE -> VCS -> NAVIGATE -> VCS -> READ,6
5,SEARCH_FILES -> READ -> SEARCH_CONTENT -> READ -> READ,6
5,NAVIGATE -> TEST -> WRITE -> READ -> WRITE,6
5,READ -> WRITE -> NAVIGATE -> VCS -> NAVIGATE,6
5,SEARCH_FILES -> READ -> NAVIGATE -> TEST -> READ,6
5,NAVIGATE -> VCS -> WRITE -> NAVIGATE -> VCS,6
5,WRITE -> WRITE -> NAVIGATE -> SCRIPT -> NAVIGATE,6
5,SCRIPT -> NAVIGATE -> SCRIPT -> WRITE -> NAVIGATE,6
5,NAVIGATE -> SCRIPT -> READ -> WRITE -> NAVIGATE,6
5,READ -> NAVIGATE -> TEST -> READ -> WRITE,5
5,READ -> TEST -> TEST -> SEARCH_FILES -> READ,5
5,SEARCH_CONTENT -> SEARCH_CONTENT -> READ -> READ -> WRITE,5
5,READ -> READ -> SEARCH_FILES -> READ -> SEARCH_CONTENT,5
5,READ -> NAVIGATE -> TEST -> READ -> SEARCH_CONTENT,5
5,SEARCH_CONTENT -> NAVIGATE -> BUILD -> NAVIGATE -> TEST,5
5,WRITE -> READ -> SEARCH_CONTENT -> SEARCH_CONTENT -> READ,5
5,READ -> SEARCH_CONTENT -> SEARCH_CONTENT -> READ -> NAVIGATE,5
5,TEST -> NAVIGATE -> BUILD -> WRITE -> NAVIGATE,5
5,WRITE -> NAVIGATE -> BUILD -> READ -> WRITE,5
5,READ -> WRITE -> BUILD -> TEST -> READ,5
5,WRITE -> WRITE -> WRITE -> WRITE -> BUILD,5
5,WRITE -> WRITE -> NAVIGATE -> BUILD -> BUILD,5
5,TEST -> SEARCH_FILES -> SEARCH_FILES -> SEARCH_FILES -> SEARCH_FILES,5
5,READ -> READ -> READ -> WRITE -> SEARCH_CONTENT,5
5,WRITE -> NAVIGATE -> BUILD -> TEST -> WRITE,5
5,NAVIGATE -> BUILD -> BUILD -> NAVIGATE -> FILE_OPS,5
5,SEARCH_CONTENT -> SEARCH_CONTENT -> READ -> WRITE -> READ,5
5,TEST -> READ -> TEST -> TEST -> SEARCH_CONTENT,5
5,READ -> SEARCH_CONTENT -> READ -> WRITE -> BUILD,5
5,TEST -> TEST -> TEST -> READ -> TEST,5
5,SEARCH_FILES -> SEARCH_CONTENT -> READ -> READ -> SEARCH_CONTENT,5
5,TEST -> READ -> WRITE -> WRITE -> READ,5
5,SEARCH_CONTENT -> READ -> READ -> READ -> SEARCH_FILES,5
5,TEST -> TEST -> READ -> TEST -> WRITE,5
5,READ -> TEST -> TEST -> READ -> READ,5
5,SEARCH_CONTENT -> SEARCH_CONTENT -> SEARCH_CONTENT -> SEARCH_CONTENT -> READ,5
5,WRITE -> BUILD -> TEST -> TEST -> VCS,5
5,READ -> READ -> BUILD -> TEST -> TEST,5
5,READ -> SEARCH_CONTENT -> READ -> SEARCH_FILES -> READ,5
5,SEARCH_FILES -> READ -> READ -> READ -> WRITE,5
5,BUILD -> NAVIGATE -> TEST -> READ -> NAVIGATE,5
5,SEARCH_CONTENT -> NAVIGATE -> TEST -> NAVIGATE -> TEST,5
5,SEARCH_CONTENT -> SEARCH_CONTENT -> READ -> SEARCH_CONTENT -> SEARCH_CONTENT,5
5,READ -> TEST -> READ -> SEARCH_FILES -> READ,5
5,SEARCH_FILES -> READ -> SEARCH_CONTENT -> SEARCH_CONTENT -> READ,5
5,BUILD -> TEST -> WRITE -> WRITE -> BUILD,5
5,TEST -> READ -> SEARCH_CONTENT -> SEARCH_FILES -> READ,5
5,TEST -> SEARCH_CONTENT -> READ -> READ -> READ,5
5,SEARCH_FILES -> NAVIGATE -> SEARCH_CONTENT -> NAVIGATE -> SEARCH_CONTENT,5
5,READ -> READ -> READ -> BUILD -> TEST,5
5,BUILD -> BUILD -> READ -> WRITE -> NAVIGATE,5
5,READ -> SEARCH_FILES -> SEARCH_FILES -> READ -> READ,5
5,SEARCH_CONTENT -> SEARCH_CONTENT -> READ -> WRITE -> BUILD,5
5,READ -> TEST -> READ -> SEARCH_FILES -> SEARCH_FILES,5
5,VCS -> WRITE -> BUILD -> TEST -> WRITE,5
5,TEST -> READ -> READ -> READ -> SEARCH_FILES,5
5,TEST -> TEST -> WRITE -> BUILD -> TEST,5
5,TEST -> TEST -> READ -> WRITE -> READ,5
5,TEST -> READ -> WRITE -> READ -> WRITE,5
5,READ -> READ -> NAVIGATE -> TEST -> WRITE,5
5,READ -> SEARCH_CONTENT -> SEARCH_CONTENT -> SEARCH_CONTENT -> SEARCH_CONTENT,5
5,TEST -> TEST -> TEST -> TEST -> READ,5
5,READ -> WRITE -> BUILD -> WRITE -> BUILD,5
5,WRITE -> BUILD -> WRITE -> READ -> WRITE,5
5,BUILD -> WRITE -> READ -> WRITE -> READ,5
5,WRITE -> READ -> WRITE -> NAVIGATE -> WRITE,5
5,WRITE -> WRITE -> BUILD -> TEST -> WRITE,5
5,TEST -> TEST -> WRITE -> NAVIGATE -> BUILD,5
5,NAVIGATE -> TEST -> SEARCH_CONTENT -> NAVIGATE -> TEST,5
5,SEARCH_FILES -> SEARCH_FILES -> SEARCH_FILES -> NAVIGATE -> TEST,5
5,VCS -> NAVIGATE -> VCS -> WRITE -> READ,5
5,WRITE -> SEARCH_CONTENT -> SEARCH_CONTENT -> READ -> READ,5
5,BUILD -> WRITE -> BUILD -> BUILD -> WRITE,5
5,SEARCH_CONTENT -> READ -> WRITE -> WRITE -> READ,5
5,VCS -> NAVIGATE -> TEST -> WRITE -> NAVIGATE,5
5,WRITE -> WRITE -> NAVIGATE -> WRITE -> NAVIGATE,5
5,NAVIGATE -> WRITE -> NAVIGATE -> WRITE -> WRITE,5
5,READ -> SEARCH_CONTENT -> READ -> WRITE -> SEARCH_CONTENT,5
5,SEARCH_FILES -> SEARCH_FILES -> SEARCH_FILES -> READ -> SEARCH_FILES,5
5,WRITE -> READ -> WRITE -> READ -> NAVIGATE,5
5,BUILD -> NAVIGATE -> VCS -> NAVIGATE -> VCS,5
5,READ -> WRITE -> NAVIGATE -> BUILD -> WRITE,5
5,NAVIGATE -> BUILD -> BUILD -> NAVIGATE -> SEARCH_FILES,5
5,WRITE -> READ -> NAVIGATE -> SEARCH_CONTENT -> READ,5
5,SEARCH_CONTENT -> READ -> WRITE -> WRITE -> NAVIGATE,5
5,NAVIGATE -> TEST -> NAVIGATE -> BUILD -> READ,5
5,WRITE -> WRITE -> WRITE -> READ -> READ,5
5,SEARCH_CONTENT -> READ -> READ -> TEST -> TEST,5
5,WRITE -> NAVIGATE -> SEARCH_CONTENT -> NAVIGATE -> WRITE,5
5,NAVIGATE -> WRITE -> NAVIGATE -> WRITE -> READ,5
5,TEST -> TEST -> NAVIGATE -> BUILD -> NAVIGATE,5
5,BUILD -> NAVIGATE -> VCS -> WRITE -> NAVIGATE,5
5,TEST -> WRITE -> BUILD -> BUILD -> READ,5
5,TEST -> NAVIGATE -> BUILD -> WRITE -> WRITE,5
5,BUILD -> BUILD -> WRITE -> READ -> WRITE,5
5,SEARCH_CONTENT -> NAVIGATE -> SEARCH_CONTENT -> NAVIGATE -> SEARCH_CONTENT,5
5,BUILD -> BUILD -> NAVIGATE -> TEST -> NAVIGATE,5
5,BUILD -> WRITE -> NAVIGATE -> BUILD -> WRITE,5
5,TEST -> READ -> READ -> READ -> SEARCH_CONTENT,5
5,TEST -> READ -> READ -> SEARCH_CONTENT -> READ,5
5,TEST -> READ -> NAVIGATE -> TEST -> READ,5
5,SEARCH_CONTENT -> READ -> NAVIGATE -> SEARCH_CONTENT -> READ,5
5,VCS -> NAVIGATE -> VCS -> WRITE -> NAVIGATE,5
5,WRITE -> WRITE -> WRITE -> READ -> WRITE,5
5,SEARCH_FILES -> READ -> READ -> READ -> SEARCH_CONTENT,5
5,SEARCH_FILES -> SEARCH_CONTENT -> READ -> SEARCH_CONTENT -> READ,5
5,VCS -> NAVIGATE -> VCS -> NAVIGATE -> TEST,5
5,TEST -> READ -> SEARCH_CONTENT -> SEARCH_CONTENT -> READ,5
5,SEARCH_FILES -> READ -> READ -> WRITE -> READ,5
5,SEARCH_CONTENT -> READ -> READ -> WRITE -> WRITE,5
5,SEARCH_FILES -> SEARCH_FILES -> SEARCH_FILES -> SEARCH_FILES -> NAVIGATE,5
5,WRITE -> NAVIGATE -> TEST -> READ -> WRITE,5
5,NAVIGATE -> VCS -> WRITE -> READ -> WRITE,5
5,WRITE -> SEARCH_CONTENT -> READ -> WRITE -> READ,5
5,NAVIGATE -> TEST -> NAVIGATE -> TEST -> SEARCH_FILES,5
5,WRITE -> NAVIGATE -> VCS -> READ -> WRITE,5
5,NAVIGATE -> TEST -> READ -> SEARCH_CONTENT -> SEARCH_CONTENT,5
5,NAVIGATE -> TEST -> READ -> READ -> SEARCH_CONTENT,5
5,SEARCH_CONTENT -> READ -> NAVIGATE -> TEST -> WRITE,5
5,TEST -> WRITE -> READ -> WRITE -> NAVIGATE,5
5,READ -> WRITE -> NAVIGATE -> VCS -> READ,5
5,READ -> SEARCH_CONTENT -> READ -> WRITE -> NAVIGATE,5
5,TEST -> WRITE -> NAVIGATE -> SCRIPT -> NAVIGATE,5
5,READ -> WRITE -> NAVIGATE -> SCRIPT -> WRITE,5
5,SCRIPT -> NAVIGATE -> SCRIPT -> NAVIGATE -> TEST,5
5,SEARCH_CONTENT -> READ -> WRITE -> NAVIGATE -> SCRIPT,5
5,NAVIGATE -> TEST -> NAVIGATE -> SCRIPT -> NAVIGATE,5
5,READ -> TEST -> READ -> BUILD -> TEST,4
5,TEST -> READ -> WRITE -> READ -> SEARCH_CONTENT,4
5,TEST -> READ -> TEST -> TEST -> SEARCH_FILES,4
5,READ -> SEARCH_FILES -> READ -> SEARCH_CONTENT -> SEARCH_CONTENT,4
5,NAVIGATE -> TEST -> READ -> SEARCH_CONTENT -> NAVIGATE,4
5,BUILD -> TEST -> TEST -> READ -> SEARCH_FILES,4
5,WRITE -> WRITE -> BUILD -> TEST -> READ,4
5,TEST -> READ -> READ -> TEST -> READ,4
5,READ -> SEARCH_CONTENT -> READ -> BUILD -> TEST,4
5,BUILD -> TEST -> TEST -> READ -> SEARCH_CONTENT,4
5,READ -> SEARCH_CONTENT -> READ -> NAVIGATE -> BUILD,4
5,BUILD -> NAVIGATE -> TEST -> SEARCH_CONTENT -> WRITE,4
5,NAVIGATE -> BUILD -> WRITE -> WRITE -> READ,4
5,VCS -> NAVIGATE -> VCS -> NAVIGATE -> BUILD,4
5,TEST -> NAVIGATE -> VCS -> NAVIGATE -> TEST,4
5,WRITE -> NAVIGATE -> SEARCH_CONTENT -> READ -> WRITE,4
5,NAVIGATE -> FILE_OPS -> NAVIGATE -> WRITE -> NAVIGATE,4
5,SEARCH_FILES -> READ -> SEARCH_FILES -> READ -> WRITE,4
5,SEARCH_FILES -> READ -> WRITE -> READ -> READ,4
5,WRITE -> READ -> VCS -> WRITE -> BUILD,4
5,READ -> WRITE -> NAVIGATE -> WRITE -> NAVIGATE,4
5,TEST -> TEST -> TEST -> NAVIGATE -> BUILD,4
5,READ -> TEST -> SEARCH_FILES -> SEARCH_FILES -> READ,4
5,TEST -> SEARCH_FILES -> SEARCH_FILES -> READ -> READ,4
5,SEARCH_FILES -> READ -> READ -> READ -> TEST,4
5,SEARCH_FILES -> SEARCH_FILES -> SEARCH_CONTENT -> READ -> READ,4
5,SEARCH_CONTENT -> READ -> SEARCH_CONTENT -> SEARCH_FILES -> SEARCH_CONTENT,4
5,SEARCH_FILES -> SEARCH_CONTENT -> SEARCH_CONTENT -> READ -> READ,4
5,READ -> READ -> SEARCH_FILES -> SEARCH_CONTENT -> READ,4
5,READ -> VCS -> WRITE -> BUILD -> TEST,4
5,TEST -> READ -> READ -> READ -> WRITE,4
5,TEST -> WRITE -> NAVIGATE -> PATCH -> WRITE,4
5,READ -> WRITE -> READ -> READ -> READ,4
5,TEST -> READ -> TEST -> SEARCH_CONTENT -> SEARCH_FILES,4
5,READ -> TEST -> READ -> SEARCH_CONTENT -> TEST,4
5,SEARCH_CONTENT -> SEARCH_CONTENT -> READ -> NAVIGATE -> TEST,4
5,READ -> READ -> SEARCH_CONTENT -> SEARCH_CONTENT -> SEARCH_CONTENT,4
5,READ -> SEARCH_CONTENT -> SEARCH_FILES -> READ -> SEARCH_CONTENT,4
5,READ -> SEARCH_CONTENT -> NAVIGATE -> SEARCH_CONTENT -> NAVIGATE,4
5,NAVIGATE -> BUILD -> WRITE -> BUILD -> TEST,4
5,SEARCH_CONTENT -> READ -> SEARCH_CONTENT -> READ -> BUILD,4
5,READ -> SEARCH_CONTENT -> READ -> SEARCH_CONTENT -> NAVIGATE,4
5,BUILD -> SEARCH_CONTENT -> READ -> READ -> READ,4
5,SEARCH_CONTENT -> SEARCH_FILES -> READ -> SEARCH_CONTENT -> SEARCH_CONTENT,4
5,WRITE -> BUILD -> TEST -> WRITE -> WRITE,4
5,TEST -> TEST -> READ -> READ -> WRITE,4
5,READ -> READ -> READ -> READ -> BUILD,4
5,NAVIGATE -> SEARCH_FILES -> NAVIGATE -> SEARCH_CONTENT -> NAVIGATE,4
5,TEST -> WRITE -> BUILD -> TEST -> WRITE,4
5,BUILD -> TEST -> WRITE -> TEST -> WRITE,4
5,NAVIGATE -> BUILD -> NAVIGATE -> BUILD -> SEARCH_CONTENT,4
5,BUILD -> TEST -> TEST -> WRITE -> WRITE,4
5,NAVIGATE -> VCS -> WRITE -> BUILD -> TEST,4
5,SEARCH_CONTENT -> WRITE -> BUILD -> TEST -> TEST,4
5,READ -> SEARCH_FILES -> READ -> READ -> WRITE,4
5,READ -> TEST -> SEARCH_CONTENT -> READ -> SEARCH_FILES,4
5,READ -> NAVIGATE -> BUILD -> NAVIGATE -> BUILD,4
5,SEARCH_CONTENT -> SEARCH_CONTENT -> SEARCH_FILES -> READ -> READ,4
5,READ -> TEST -> READ -> READ -> TEST,4
5,TEST -> TEST -> TEST -> WRITE -> WRITE,4
5,TEST -> TEST -> WRITE -> WRITE -> BUILD,4
5,READ -> WRITE -> WRITE -> READ -> READ,4
5,READ -> TEST -> SEARCH_CONTENT -> READ -> SEARCH_CONTENT,4
5,BUILD -> NAVIGATE -> TEST -> SEARCH_CONTENT -> READ,4
5,TEST -> NAVIGATE -> TEST -> SEARCH_CONTENT -> NAVIGATE,4
5,SEARCH_CONTENT -> SEARCH_FILES -> READ -> READ -> READ,4
5,READ -> READ -> READ -> READ -> TEST,4
5,READ -> READ -> WRITE -> BUILD -> BUILD,4
5,BUILD -> BUILD -> BUILD -> TEST -> WRITE,4
5,BUILD -> BUILD -> NAVIGATE -> BUILD -> BUILD,4
5,BUILD -> BUILD -> NAVIGATE -> BUILD -> NAVIGATE,4
5,BUILD -> NAVIGATE -> VCS -> NAVIGATE -> TEST,4
5,READ -> READ -> NAVIGATE -> VCS -> NAVIGATE,4
5,SEARCH_CONTENT -> READ -> TEST -> TEST -> TEST,4
5,TEST -> TEST -> TEST -> WRITE -> BUILD,4
5,NAVIGATE -> BUILD -> WRITE -> WRITE -> WRITE,4
5,NAVIGATE -> BUILD -> READ -> WRITE -> READ,4
5,BUILD -> READ -> WRITE -> READ -> WRITE,4
5,READ -> WRITE -> SEARCH_CONTENT -> READ -> WRITE,4
5,WRITE -> READ -> NAVIGATE -> WRITE -> NAVIGATE,4
5,READ -> WRITE -> NAVIGATE -> SEARCH_CONTENT -> READ,4
5,READ -> READ -> SEARCH_CONTENT -> READ -> TEST,4
5,SEARCH_FILES -> SEARCH_FILES -> READ -> SEARCH_FILES -> SEARCH_FILES,4
5,READ -> WRITE -> NAVIGATE -> BUILD -> READ,4
5,READ -> READ -> SEARCH_FILES -> READ -> WRITE,4
5,TEST -> NAVIGATE -> TEST -> SEARCH_FILES -> READ,4
5,READ -> WRITE -> READ -> NAVIGATE -> SEARCH_CONTENT,4
5,WRITE -> READ -> NAVIGATE -> SEARCH_CONTENT -> NAVIGATE,4
5,WRITE -> WRITE -> READ -> NAVIGATE -> SEARCH_CONTENT,4
5,READ -> READ -> NAVIGATE -> WRITE -> NAVIGATE,4
5,TEST -> READ -> NAVIGATE -> TEST -> WRITE,4
5,BUILD -> BUILD -> NAVIGATE -> TEST -> WRITE,4
5,READ -> NAVIGATE -> VCS -> WRITE -> NAVIGATE,4
5,NAVIGATE -> BUILD -> WRITE -> NAVIGATE -> TEST,4
5,WRITE -> NAVIGATE -> WRITE -> READ -> NAVIGATE,4
5,NAVIGATE -> SEARCH_CONTENT -> NAVIGATE -> WRITE -> NAVIGATE,4
5,TEST -> NAVIGATE -> TEST -> NAVIGATE -> SEARCH_CONTENT,4
5,NAVIGATE -> TEST -> NAVIGATE -> SEARCH_CONTENT -> NAVIGATE,4
5,NAVIGATE -> BUILD -> NAVIGATE -> SEARCH_FILES -> NAVIGATE,4
5,SEARCH_CONTENT -> NAVIGATE -> SEARCH_CONTENT -> READ -> WRITE,4
5,READ -> READ -> SEARCH_CONTENT -> NAVIGATE -> SEARCH_CONTENT,4
5,READ -> WRITE -> WRITE -> BUILD -> WRITE,4
5,NAVIGATE -> BUILD -> BUILD -> READ -> READ,4
5,NAVIGATE -> BUILD -> WRITE -> WRITE -> NAVIGATE,4
5,WRITE -> BUILD -> BUILD -> TEST -> TEST,4
5,WRITE -> READ -> READ -> READ -> READ,4
5,SEARCH_CONTENT -> SEARCH_CONTENT -> SEARCH_CONTENT -> SEARCH_FILES -> READ,4
5,SEARCH_CONTENT -> SEARCH_CONTENT -> SEARCH_CONTENT -> SEARCH_CONTENT -> SEARCH_CONTENT,4
5,BUILD -> NAVIGATE -> BUILD -> BUILD -> READ,4
5,READ -> READ -> NAVIGATE -> SEARCH_CONTENT -> WRITE,4
5,WRITE -> WRITE -> BUILD -> WRITE -> BUILD,4
5,BUILD -> BUILD -> BUILD -> WRITE -> BUILD,4
5,BUILD -> WRITE -> BUILD -> BUILD -> BUILD,4
5,BUILD -> BUILD -> BUILD -> TEST -> TEST,4
5,READ -> TEST -> TEST -> READ -> SEARCH_FILES,4
5,READ -> WRITE -> BUILD -> BUILD -> WRITE,4
5,READ -> SEARCH_CONTENT -> READ -> WRITE -> TEST,4
5,SEARCH_FILES -> SEARCH_FILES -> SEARCH_FILES -> READ -> NAVIGATE,4
5,SEARCH_FILES -> SEARCH_FILES -> READ -> NAVIGATE -> TEST,4
5,VCS -> WRITE -> WRITE -> READ -> WRITE,4
5,SEARCH_FILES -> SEARCH_FILES -> SEARCH_CONTENT -> READ -> SEARCH_CONTENT,4
5,NAVIGATE -> TEST -> SEARCH_CONTENT -> READ -> WRITE,4
5,WRITE -> WRITE -> READ -> READ -> SEARCH_CONTENT,4
5,TEST -> READ -> WRITE -> NAVIGATE -> VCS,4
5,WRITE -> SEARCH_CONTENT -> READ -> READ -> WRITE,4
5,NAVIGATE -> TEST -> NAVIGATE -> SEARCH_CONTENT -> WRITE,4
5,READ -> READ -> READ -> SEARCH_CONTENT -> WRITE,4
5,TEST -> WRITE -> WRITE -> WRITE -> WRITE,4
5,NAVIGATE -> TEST -> READ -> READ -> NAVIGATE,4
5,NAVIGATE -> VCS -> NAVIGATE -> TEST -> READ,4
5,NAVIGATE -> TEST -> SEARCH_CONTENT -> READ -> NAVIGATE,4
5,SEARCH_CONTENT -> READ -> SEARCH_CONTENT -> SEARCH_FILES -> READ,4
5,NAVIGATE -> TEST -> WRITE -> WRITE -> READ,4
5,NAVIGATE -> TEST -> SEARCH_CONTENT -> WRITE -> NAVIGATE,4
5,SEARCH_CONTENT -> READ -> SEARCH_CONTENT -> READ -> NAVIGATE,4
5,WRITE -> NAVIGATE -> VCS -> WRITE -> NAVIGATE,4
5,READ -> READ -> NAVIGATE -> SEARCH_CONTENT -> NAVIGATE,4
5,SEARCH_CONTENT -> WRITE -> WRITE -> WRITE -> NAVIGATE,4
5,WRITE -> NAVIGATE -> TEST -> NAVIGATE -> VCS,4
5,NAVIGATE -> VCS -> WRITE -> WRITE -> WRITE,4
5,NAVIGATE -> VCS -> WRITE -> NAVIGATE -> TEST,4
5,WRITE -> NAVIGATE -> VCS -> WRITE -> WRITE,4
5,WRITE -> WRITE -> WRITE -> NAVIGATE -> SCRIPT,4
5,WRITE -> WRITE -> NAVIGATE -> SCRIPT -> WRITE,4
5,NAVIGATE -> SCRIPT -> NAVIGATE -> VCS -> WRITE,4
5,TEST -> NAVIGATE -> SCRIPT -> NAVIGATE -> SCRIPT,4
5,READ -> BUILD -> TEST -> READ -> READ,3
5,BUILD -> TEST -> READ -> READ -> SEARCH_CONTENT,3
5,NAVIGATE -> SEARCH_CONTENT -> READ -> WRITE -> READ,3
5,TEST -> READ -> READ -> WRITE -> NAVIGATE,3
5,TEST -> TEST -> SEARCH_FILES -> READ -> SEARCH_FILES,3
5,READ -> READ -> WRITE -> BUILD -> READ,3
5,SEARCH_CONTENT -> WRITE -> WRITE -> READ -> WRITE,3
5,TEST -> NAVIGATE -> BUILD -> WRITE -> READ,3
5,WRITE -> NAVIGATE -> PATCH -> WRITE -> READ,3
5,READ -> NAVIGATE -> BUILD -> TEST -> NAVIGATE,3
5,BUILD -> READ -> WRITE -> BUILD -> TEST,3
5,WRITE -> BUILD -> TEST -> READ -> TEST,3
5,READ -> TEST -> TEST -> TEST -> BUILD,3
5,BUILD -> SEARCH_FILES -> READ -> SEARCH_FILES -> READ,3
5,WRITE -> BUILD -> TEST -> READ -> READ,3
5,READ -> READ -> TEST -> READ -> READ,3
5,WRITE -> READ -> WRITE -> READ -> READ,3
5,TEST -> SEARCH_CONTENT -> WRITE -> NAVIGATE -> BUILD,3
5,WRITE -> NAVIGATE -> BUILD -> WRITE -> WRITE,3
5,NAVIGATE -> VCS -> NAVIGATE -> TEST -> NAVIGATE,3
5,NAVIGATE -> TEST -> NAVIGATE -> BUILD -> TEST,3
5,TEST -> NAVIGATE -> DEFECTS4J_OTHER -> WRITE -> NAVIGATE,3
5,NAVIGATE -> DEFECTS4J_OTHER -> WRITE -> NAVIGATE -> BUILD,3
5,VCS -> WRITE -> NAVIGATE -> BUILD -> TEST,3
5,READ -> SEARCH_FILES -> READ -> TEST -> NAVIGATE,3
5,SEARCH_FILES -> READ -> TEST -> NAVIGATE -> BUILD,3
5,NAVIGATE -> BUILD -> WRITE -> READ -> READ,3
5,BUILD -> WRITE -> READ -> READ -> WRITE,3
5,READ -> WRITE -> WRITE -> NAVIGATE -> SEARCH_CONTENT,3
5,NAVIGATE -> SEARCH_CONTENT -> READ -> WRITE -> BUILD,3
5,WRITE -> NAVIGATE -> SEARCH_FILES -> WRITE -> NAVIGATE,3
5,READ -> NAVIGATE -> FILE_OPS -> NAVIGATE -> WRITE,3
5,READ -> WRITE -> SEARCH_CONTENT -> READ -> SEARCH_CONTENT,3
5,WRITE -> WRITE -> READ -> WRITE -> SEARCH_CONTENT,3
5,READ -> WRITE -> NAVIGATE -> BUILD -> TEST,3
5,NAVIGATE -> WRITE -> NAVIGATE -> BUILD -> NAVIGATE,3
5,WRITE -> NAVIGATE -> BUILD -> NAVIGATE -> FILE_OPS,3
5,SEARCH_CONTENT -> READ -> WRITE -> READ -> SEARCH_CONTENT,3
5,READ -> SEARCH_FILES -> READ -> WRITE -> READ,3
5,WRITE -> BUILD -> READ -> WRITE -> READ,3
5,READ -> WRITE -> READ -> VCS -> WRITE,3
5,NAVIGATE -> SEARCH_CONTENT -> NAVIGATE -> WRITE -> WRITE,3
5,NAVIGATE -> WRITE -> READ -> NAVIGATE -> WRITE,3
5,SEARCH_CONTENT -> READ -> WRITE -> BUILD -> WRITE,3
5,TEST -> TEST -> READ -> TEST -> READ,3
5,BUILD -> TEST -> TEST -> TEST -> NAVIGATE,3
5,TEST -> TEST -> NAVIGATE -> BUILD -> TEST,3
5,BUILD -> TEST -> NAVIGATE -> VCS -> WRITE,3
5,READ -> SEARCH_CONTENT -> SEARCH_FILES -> SEARCH_CONTENT -> SEARCH_CONTENT,3
5,READ -> SEARCH_FILES -> SEARCH_CONTENT -> READ -> WRITE,3
5,BUILD -> TEST -> READ -> READ -> READ,3
5,READ -> READ -> WRITE -> TEST -> BUILD,3
5,TEST -> WRITE -> NAVIGATE -> VCS -> NAVIGATE,3
5,BUILD -> BUILD -> TEST -> WRITE -> BUILD,3
5,SEARCH_CONTENT -> SEARCH_CONTENT -> READ -> READ -> BUILD,3
5,SEARCH_CONTENT -> READ -> READ -> BUILD -> TEST,3
5,WRITE -> NAVIGATE -> PATCH -> READ -> WRITE,3
5,READ -> WRITE -> NAVIGATE -> PATCH -> WRITE,3
5,TEST -> READ -> SEARCH_CONTENT -> TEST -> TEST,3
5,READ -> READ -> SEARCH_CONTENT -> READ -> SEARCH_FILES,3
5,SEARCH_CONTENT -> READ -> SEARCH_FILES -> READ -> READ,3
5,SEARCH_CONTENT -> SEARCH_CONTENT -> SEARCH_CONTENT -> READ -> WRITE,3
5,SEARCH_FILES -> READ -> SEARCH_CONTENT -> NAVIGATE -> SEARCH_CONTENT,3
5,SEARCH_CONTENT -> NAVIGATE -> SEARCH_CONTENT -> NAVIGATE -> TEST,3
5,READ -> WRITE -> TEST -> TEST -> TEST,3
5,BUILD -> BUILD -> TEST -> WRITE -> READ,3
5,READ -> READ -> TEST -> READ -> SEARCH_FILES,3
5,READ -> SEARCH_CONTENT -> SEARCH_CONTENT -> READ -> TEST,3
5,SEARCH_CONTENT -> READ -> READ -> WRITE -> TEST,3
5,WRITE -> BUILD -> TEST -> SEARCH_CONTENT -> READ,3
5,BUILD -> TEST -> SEARCH_CONTENT -> READ -> WRITE,3
5,SEARCH_CONTENT -> READ -> WRITE -> TEST -> READ,3
5,TEST -> SEARCH_CONTENT -> SEARCH_CONTENT -> READ -> SEARCH_CONTENT,3
5,READ -> SEARCH_CONTENT -> SEARCH_FILES -> SEARCH_CONTENT -> READ,3
5,SEARCH_CONTENT -> READ -> READ -> READ -> TEST,3
5,READ -> READ -> TEST -> READ -> SEARCH_CONTENT,3
5,TEST -> READ -> SEARCH_CONTENT -> SEARCH_CONTENT -> SEARCH_FILES,3
5,READ -> WRITE -> WRITE -> WRITE -> BUILD,3
5,READ -> WRITE -> NAVIGATE -> SEARCH_CONTENT -> NAVIGATE,3
5,NAVIGATE -> SEARCH_CONTENT -> NAVIGATE -> SEARCH_CONTENT -> WRITE,3
5,SEARCH_CONTENT -> NAVIGATE -> SEARCH_CONTENT -> WRITE -> NAVIGATE,3
5,NAVIGATE -> VCS -> NAVIGATE -> VCS -> TEST,3
5,TEST -> NAVIGATE -> BUILD -> SEARCH_CONTENT -> WRITE,3
5,TEST -> READ -> TEST -> SEARCH_CONTENT -> SEARCH_CONTENT,3
5,READ -> TEST -> SEARCH_CONTENT -> SEARCH_CONTENT -> READ,3
5,TEST -> SEARCH_CONTENT -> SEARCH_CONTENT -> READ -> READ,3
5,WRITE -> BUILD -> BUILD -> SEARCH_CONTENT -> READ,3
5,BUILD -> SEARCH_CONTENT -> READ -> WRITE -> BUILD,3
5,TEST -> WRITE -> TEST -> WRITE -> BUILD,3
5,TEST -> VCS -> WRITE -> BUILD -> TEST,3
5,READ -> TEST -> READ -> TEST -> BUILD,3
5,NAVIGATE -> BUILD -> SEARCH_CONTENT -> READ -> READ,3
5,WRITE -> READ -> NAVIGATE -> TEST -> WRITE,3
5,NAVIGATE -> TEST -> NAVIGATE -> BUILD -> UTIL,3
5,TEST -> NAVIGATE -> BUILD -> UTIL -> WRITE,3
5,TEST -> TEST -> WRITE -> WRITE -> WRITE,3
5,BUILD -> READ -> SEARCH_CONTENT -> READ -> WRITE,3
5,BUILD -> TEST -> TEST -> WRITE -> TEST,3
5,TEST -> READ -> TEST -> TEST -> READ,3
5,WRITE -> WRITE -> READ -> BUILD -> TEST,3
5,TEST -> TEST -> READ -> SEARCH_CONTENT -> SEARCH_FILES,3
5,SEARCH_CONTENT -> READ -> READ -> SEARCH_CONTENT -> SEARCH_FILES,3
5,WRITE -> NAVIGATE -> PATCH -> WRITE -> NAVIGATE,3
5,SEARCH_CONTENT -> READ -> TEST -> TEST -> SEARCH_CONTENT,3
5,BUILD -> TEST -> TEST -> TEST -> SEARCH_CONTENT,3
5,TEST -> SEARCH_CONTENT -> READ -> SEARCH_FILES -> READ,3
5,SEARCH_FILES -> READ -> SEARCH_CONTENT -> SEARCH_CONTENT -> SEARCH_CONTENT,3
5,TEST -> READ -> READ -> SEARCH_CONTENT -> SEARCH_CONTENT,3
5,READ -> TEST -> SEARCH_CONTENT -> SEARCH_FILES -> READ,3
5,TEST -> SEARCH_CONTENT -> SEARCH_FILES -> READ -> SEARCH_FILES,3
5,READ -> SEARCH_CONTENT -> READ -> TEST -> READ,3
5,READ -> WRITE -> SEARCH_CONTENT -> READ -> READ,3
5,SEARCH_FILES -> READ -> READ -> SEARCH_CONTENT -> SEARCH_FILES,3
5,NAVIGATE -> BUILD -> NAVIGATE -> DEFECTS4J_OTHER -> NAVIGATE,3
5,WRITE -> WRITE -> NAVIGATE -> SEARCH_CONTENT -> NAVIGATE,3
5,READ -> TEST -> WRITE -> BUILD -> TEST,3
5,READ -> NAVIGATE -> TEST -> WRITE -> READ,3
5,TEST -> NAVIGATE -> SEARCH_CONTENT -> WRITE -> NAVIGATE,3
5,READ -> READ -> SEARCH_FILES -> READ -> TEST,3
5,WRITE -> BUILD -> TEST -> TEST -> BUILD,3
5,READ -> WRITE -> NAVIGATE -> FILE_OPS -> NAVIGATE,3
5,NAVIGATE -> BUILD -> TEST -> NAVIGATE -> FILE_OPS,3
5,NAVIGATE -> WRITE -> NAVIGATE -> BUILD -> TEST,3
5,SEARCH_FILES -> SEARCH_FILES -> NAVIGATE -> TEST -> NAVIGATE,3
5,TEST -> SEARCH_CONTENT -> READ -> READ -> WRITE,3
5,SEARCH_CONTENT -> READ -> WRITE -> NAVIGATE -> WRITE,3
5,BUILD -> NAVIGATE -> TEST -> NAVIGATE -> SEARCH_FILES,3
5,READ -> SEARCH_FILES -> SEARCH_FILES -> READ -> SEARCH_FILES,3
5,SEARCH_FILES -> SEARCH_FILES -> READ -> SEARCH_FILES -> READ,3
5,SEARCH_FILES -> READ -> TEST -> READ -> WRITE,3
5,READ -> TEST -> TEST -> READ -> WRITE,3
5,SEARCH_FILES -> SEARCH_FILES -> READ -> READ -> WRITE,3
5,WRITE -> READ -> READ -> WRITE -> SEARCH_CONTENT,3
5,NAVIGATE -> BUILD -> NAVIGATE -> SEARCH_FILES -> WRITE,3
5,WRITE -> BUILD -> BUILD -> WRITE -> WRITE,3
5,BUILD -> BUILD -> READ -> READ -> WRITE,3
5,READ -> SEARCH_CONTENT -> TEST -> TEST -> READ,3
5,TEST -> TEST -> READ -> SEARCH_FILES -> SEARCH_FILES,3
5,SEARCH_CONTENT -> WRITE -> WRITE -> BUILD -> TEST,3
5,READ -> WRITE -> WRITE -> READ -> SEARCH_CONTENT,3
5,WRITE -> WRITE -> TEST -> WRITE -> WRITE,3
5,BUILD -> BUILD -> NAVIGATE -> VCS -> NAVIGATE,3
5,VCS -> WRITE -> NAVIGATE -> BUILD -> BUILD,3
5,TEST -> TEST -> SEARCH_FILES -> READ -> READ,3
5,TEST -> SEARCH_FILES -> READ -> READ -> READ,3
5,READ -> WRITE -> SEARCH_CONTENT -> SEARCH_CONTENT -> SEARCH_CONTENT,3
5,WRITE -> SEARCH_CONTENT -> SEARCH_CONTENT -> SEARCH_CONTENT -> WRITE,3
5,SEARCH_CONTENT -> SEARCH_CONTENT -> SEARCH_CONTENT -> WRITE -> WRITE,3
5,BUILD -> TEST -> TEST -> TEST -> WRITE,3
5,BUILD -> BUILD -> WRITE -> BUILD -> TEST,3
5,NAVIGATE -> TEST -> WRITE -> READ -> NAVIGATE,3
5,BUILD -> WRITE -> WRITE -> WRITE -> NAVIGATE,3
5,BUILD -> TEST -> WRITE -> READ -> READ,3
5,BUILD -> NAVIGATE -> BUILD -> WRITE -> WRITE,3
5,BUILD -> READ -> READ -> READ -> READ,3
5,WRITE -> READ -> WRITE -> NAVIGATE -> PATCH,3
5,READ -> WRITE -> NAVIGATE -> PATCH -> NAVIGATE,3
5,READ -> TEST -> READ -> WRITE -> READ,3
5,SEARCH_CONTENT -> READ -> WRITE -> SEARCH_CONTENT -> SEARCH_CONTENT,3
5,WRITE -> SEARCH_CONTENT -> SEARCH_CONTENT -> READ -> WRITE,3
5,WRITE -> BUILD -> BUILD -> READ -> WRITE,3
5,SEARCH_FILES -> SEARCH_FILES -> READ -> READ -> SEARCH_FILES,3
5,WRITE -> NAVIGATE -> FILE_OPS -> NAVIGATE -> TEST,3
5,NAVIGATE -> TEST -> NAVIGATE -> WRITE -> NAVIGATE,3
5,NAVIGATE -> WRITE -> NAVIGATE -> FILE_OPS -> NAVIGATE,3
5,WRITE -> NAVIGATE -> WRITE -> NAVIGATE -> FILE_OPS,3
5,SEARCH_CONTENT -> READ -> WRITE -> NAVIGATE -> SEARCH_CONTENT,3
5,SEARCH_FILES -> SEARCH_FILES -> SEARCH_CONTENT -> NAVIGATE -> TEST,3
5,TEST -> SEARCH_CONTENT -> READ -> READ -> NAVIGATE,3
5,NAVIGATE -> BUILD -> BUILD -> NAVIGATE -> SEARCH_CONTENT,3
5,BUILD -> WRITE -> NAVIGATE -> TEST -> NAVIGATE,3
5,SEARCH_FILES -> READ -> SEARCH_CONTENT -> READ -> SEARCH_FILES,3
5,SEARCH_CONTENT -> NAVIGATE -> BUILD -> WRITE -> NAVIGATE,3
5,READ -> NAVIGATE -> SEARCH_CONTENT -> NAVIGATE -> BUILD,3
5,SEARCH_CONTENT -> READ -> NAVIGATE -> TEST -> SEARCH_CONTENT,3
5,NAVIGATE -> READ -> WRITE -> NAVIGATE -> BUILD,3
5,NAVIGATE -> WRITE -> NAVIGATE -> SEARCH_CONTENT -> NAVIGATE,3
5,WRITE -> NAVIGATE -> SEARCH_CONTENT -> NAVIGATE -> BUILD,3
5,SEARCH_FILES -> SEARCH_CONTENT -> READ -> NAVIGATE -> TEST,3
5,NAVIGATE -> SEARCH_FILES -> NAVIGATE -> SEARCH_FILES -> READ,3
5,NAVIGATE -> SEARCH_FILES -> READ -> READ -> NAVIGATE,3
5,NAVIGATE -> SEARCH_FILES -> WRITE -> NAVIGATE -> BUILD,3
5,NAVIGATE -> DEFECTS4J_OTHER -> NAVIGATE -> BUILD -> NAVIGATE,3
5,TEST -> NAVIGATE -> BUILD -> READ -> WRITE,3
5,BUILD -> BUILD -> NAVIGATE -> SEARCH_FILES -> READ,3
5,BUILD -> NAVIGATE -> SEARCH_FILES -> READ -> NAVIGATE,3
5,NAVIGATE -> SEARCH_FILES -> READ -> NAVIGATE -> SEARCH_FILES,3
5,READ -> READ -> READ -> SEARCH_CONTENT -> SEARCH_FILES,3
5,SEARCH_FILES -> READ -> READ -> TEST -> TEST,3
5,WRITE -> READ -> NAVIGATE -> BUILD -> NAVIGATE,3
5,NAVIGATE -> TEST -> READ -> NAVIGATE -> SEARCH_CONTENT,3
5,BUILD -> NAVIGATE -> BUILD -> TEST -> WRITE,3
5,NAVIGATE -> TEST -> UTIL -> NAVIGATE -> TEST,3
5,TEST -> UTIL -> NAVIGATE -> TEST -> SEARCH_CONTENT,3
5,WRITE -> BUILD -> TEST -> NAVIGATE -> VCS,3
5,READ -> SEARCH_FILES -> READ -> READ -> NAVIGATE,3
5,SEARCH_CONTENT -> READ -> SEARCH_CONTENT -> NAVIGATE -> SEARCH_CONTENT,3
5,SEARCH_CONTENT -> NAVIGATE -> TEST -> READ -> NAVIGATE,3
5,SEARCH_FILES -> SEARCH_CONTENT -> READ -> WRITE -> READ,3
5,WRITE -> READ -> SEARCH_CONTENT -> NAVIGATE -> SEARCH_CONTENT,3
5,WRITE -> READ -> NAVIGATE -> TEST -> NAVIGATE,3
5,READ -> NAVIGATE -> TEST -> NAVIGATE -> VCS,3
5,READ -> TEST -> TEST -> WRITE -> BUILD,3
5,TEST -> TEST -> NAVIGATE -> BUILD -> WRITE,3
5,READ -> READ -> READ -> SEARCH_CONTENT -> NAVIGATE,3
5,NAVIGATE -> VCS -> NAVIGATE -> SEARCH_CONTENT -> WRITE,3
5,TEST -> READ -> TEST -> READ -> SEARCH_FILES,3
5,READ -> READ -> WRITE -> NAVIGATE -> SEARCH_CONTENT,3
5,READ -> SEARCH_CONTENT -> NAVIGATE -> BUILD -> WRITE,3
5,WRITE -> WRITE -> BUILD -> WRITE -> READ,3
5,TEST -> NAVIGATE -> TEST -> WRITE -> READ,3
5,TEST -> SEARCH_CONTENT -> READ -> READ -> TEST,3
5,BUILD -> WRITE -> BUILD -> BUILD -> FILE_OPS,3
5,READ -> READ -> READ -> READ -> SEARCH_FILES,3
5,READ -> SEARCH_FILES -> READ -> SEARCH_CONTENT -> SEARCH_FILES,3
5,BUILD -> WRITE -> WRITE -> READ -> WRITE,3
5,BUILD -> WRITE -> READ -> WRITE -> BUILD,3
5,NAVIGATE -> BUILD -> BUILD -> BUILD -> WRITE,3
5,NAVIGATE -> BUILD -> BUILD -> BUILD -> NAVIGATE,3
5,SEARCH_FILES -> READ -> SEARCH_FILES -> READ -> NAVIGATE,3
5,WRITE -> WRITE -> NAVIGATE -> BUILD -> TEST,3
5,READ -> SEARCH_CONTENT -> SEARCH_CONTENT -> SEARCH_CONTENT -> SEARCH_FILES,3
5,BUILD -> BUILD -> READ -> NAVIGATE -> BUILD,3
5,SEARCH_CONTENT -> WRITE -> NAVIGATE -> BUILD -> BUILD,3
5,NAVIGATE -> BUILD -> BUILD -> READ -> NAVIGATE,3
5,READ -> BUILD -> TEST -> WRITE -> BUILD,3
5,READ -> READ -> WRITE -> NAVIGATE -> WRITE,3
5,READ -> WRITE -> WRITE -> READ -> NAVIGATE,3
5,READ -> SEARCH_FILES -> READ -> WRITE -> BUILD,3
5,TEST -> READ -> TEST -> WRITE -> BUILD,3
5,BUILD -> BUILD -> TEST -> TEST -> READ,3
5,NAVIGATE -> SEARCH_CONTENT -> READ -> NAVIGATE -> TEST,3
5,TEST -> READ -> NAVIGATE -> BUILD -> WRITE,3
5,SEARCH_CONTENT -> READ -> WRITE -> TEST -> TEST,3
5,NAVIGATE -> TEST -> SEARCH_CONTENT -> NAVIGATE -> BUILD,3
5,READ -> NAVIGATE -> BUILD -> WRITE -> NAVIGATE,3
5,NAVIGATE -> WRITE -> WRITE -> NAVIGATE -> WRITE,3
5,READ -> WRITE -> TEST -> READ -> WRITE,3
5,BUILD -> TEST -> TEST -> TEST -> VCS,3
5,READ -> NAVIGATE -> VCS -> NAVIGATE -> TEST,3
5,SEARCH_CONTENT -> SEARCH_FILES -> SEARCH_FILES -> SEARCH_FILES -> SEARCH_FILES,3
5,WRITE -> NAVIGATE -> TEST -> WRITE -> READ,3
5,READ -> SEARCH_CONTENT -> SEARCH_FILES -> READ -> NAVIGATE,3
5,READ -> NAVIGATE -> SEARCH_CONTENT -> NAVIGATE -> SEARCH_CONTENT,3
5,TEST -> NAVIGATE -> SEARCH_CONTENT -> READ -> NAVIGATE,3
5,VCS -> WRITE -> READ -> WRITE -> WRITE,3
5,READ -> READ -> SEARCH_FILES -> READ -> NAVIGATE,3
5,READ -> SEARCH_FILES -> READ -> WRITE -> SEARCH_CONTENT,3
5,WRITE -> WRITE -> READ -> NAVIGATE -> WRITE,3
5,NAVIGATE -> TEST -> WRITE -> NAVIGATE -> FILE_OPS,3
5,TEST -> READ -> READ -> WRITE -> WRITE,3
5,VCS -> NAVIGATE -> TEST -> READ -> WRITE,3
5,WRITE -> WRITE -> NAVIGATE -> UTIL -> WRITE,3
5,NAVIGATE -> TEST -> WRITE -> SEARCH_FILES -> READ,3
5,SEARCH_FILES -> READ -> SEARCH_CONTENT -> READ -> SEARCH_CONTENT,3
5,WRITE -> NAVIGATE -> TEST -> READ -> NAVIGATE,3
5,READ -> NAVIGATE -> TEST -> SEARCH_CONTENT -> NAVIGATE,3
5,READ -> READ -> READ -> NAVIGATE -> SEARCH_CONTENT,3
5,NAVIGATE -> VCS -> WRITE -> WRITE -> READ,3
5,WRITE -> SEARCH_CONTENT -> WRITE -> WRITE -> WRITE,3
5,TEST -> READ -> NAVIGATE -> VCS -> NAVIGATE,3
5,WRITE -> WRITE -> NAVIGATE -> VCS -> NAVIGATE,3
5,SEARCH_FILES -> SEARCH_FILES -> READ -> SEARCH_CONTENT -> READ,3
5,SEARCH_CONTENT -> SEARCH_FILES -> READ -> READ -> SEARCH_FILES,3
5,READ -> NAVIGATE -> TEST -> READ -> READ,3
5,TEST -> READ -> READ -> NAVIGATE -> SEARCH_CONTENT,3
5,SEARCH_FILES -> SEARCH_CONTENT -> READ -> READ -> READ,3
5,NAVIGATE -> VCS -> WRITE -> WRITE -> NAVIGATE,3
5,WRITE -> READ -> WRITE -> NAVIGATE -> VCS,3
5,READ -> WRITE -> NAVIGATE -> VCS -> WRITE,3
5,SEARCH_CONTENT -> READ -> SEARCH_FILES -> READ -> NAVIGATE,3
5,NAVIGATE -> SCRIPT -> WRITE -> NAVIGATE -> VCS,3
5,WRITE -> WRITE -> WRITE -> NAVIGATE -> VCS,3
5,SCRIPT -> WRITE -> NAVIGATE -> SCRIPT -> WRITE,3
5,SCRIPT -> READ -> WRITE -> NAVIGATE -> SCRIPT,3
5,NAVIGATE -> SCRIPT -> WRITE -> NAVIGATE -> TEST,3
5,READ -> NAVIGATE -> SCRIPT -> WRITE -> NAVIGATE,3
5,SCRIPT -> NAVIGATE -> TEST -> NAVIGATE -> VCS,3
5,SEARCH_CONTENT -> READ -> NAVIGATE -> SCRIPT -> NAVIGATE,3
5,TEST -> READ -> WRITE -> NAVIGATE -> SCRIPT,3
5,READ -> SEARCH_CONTENT -> READ -> NAVIGATE -> SCRIPT,3
5,READ -> NAVIGATE -> SCRIPT -> NAVIGATE -> SCRIPT,3
5,WRITE -> NAVIGATE -> TEST -> NAVIGATE -> SCRIPT,3
5,WRITE -> NAVIGATE -> SCRIPT -> READ -> WRITE,3
5,NAVIGATE -> VCS -> NAVIGATE -> SCRIPT -> NAVIGATE,3
5,READ -> WRITE -> READ -> SEARCH_CONTENT -> SEARCH_FILES,2
5,WRITE -> READ -> SEARCH_CONTENT -> SEARCH_FILES -> READ,2
5,WRITE -> READ -> SEARCH_CONTENT -> READ -> NAVIGATE,2
5,BUILD -> READ -> READ -> SEARCH_FILES -> READ,2
5,TEST -> READ -> SEARCH_CONTENT -> NAVIGATE -> BUILD,2
5,TEST -> READ -> READ -> READ -> NAVIGATE,2
5,SEARCH_CONTENT -> SEARCH_CONTENT -> READ -> NAVIGATE -> BUILD,2
5,READ -> SEARCH_FILES -> READ -> TEST -> WRITE,2
5,WRITE -> WRITE -> NAVIGATE -> BUILD -> READ,2
5,BUILD -> TEST -> READ -> TEST -> WRITE,2
5,TEST -> TEST -> TEST -> BUILD -> SEARCH_FILES,2
5,TEST -> TEST -> BUILD -> SEARCH_FILES -> READ,2
5,TEST -> BUILD -> SEARCH_FILES -> READ -> SEARCH_FILES,2
5,SEARCH_FILES -> READ -> TEST -> READ -> TEST,2
5,READ -> SEARCH_FILES -> TEST -> TEST -> TEST,2
5,SEARCH_FILES -> TEST -> TEST -> TEST -> READ,2
5,READ -> READ -> SEARCH_CONTENT -> READ -> BUILD,2
5,TEST -> WRITE -> BUILD -> SEARCH_CONTENT -> READ,2
5,BUILD -> TEST -> FILE_OPS -> BUILD -> TEST,2
5,BUILD -> BUILD -> NAVIGATE -> TEST -> SEARCH_CONTENT,2
5,SEARCH_CONTENT -> WRITE -> NAVIGATE -> BUILD -> WRITE,2
5,BUILD -> WRITE -> WRITE -> READ -> NAVIGATE,2
5,WRITE -> WRITE -> READ -> NAVIGATE -> VCS,2
5,WRITE -> READ -> NAVIGATE -> VCS -> NAVIGATE,2
5,TEST -> NAVIGATE -> BUILD -> TEST -> WRITE,2
5,BUILD -> TEST -> WRITE -> NAVIGATE -> FILE_OPS,2
5,NAVIGATE -> VCS -> NAVIGATE -> VCS -> VCS,2
5,NAVIGATE -> TEST -> NAVIGATE -> DEFECTS4J_OTHER -> WRITE,2
5,READ -> TEST -> NAVIGATE -> BUILD -> WRITE,2
5,WRITE -> WRITE -> NAVIGATE -> SEARCH_CONTENT -> READ,2
5,WRITE -> BUILD -> TEST -> WRITE -> NAVIGATE,2
5,TEST -> WRITE -> NAVIGATE -> SEARCH_FILES -> WRITE,2
5,WRITE -> NAVIGATE -> PATCH -> READ -> NAVIGATE,2
5,NAVIGATE -> WRITE -> BUILD -> READ -> NAVIGATE,2
5,BUILD -> NAVIGATE -> FILE_OPS -> NAVIGATE -> WRITE,2
5,NAVIGATE -> FILE_OPS -> NAVIGATE -> BUILD -> NAVIGATE,2
5,WRITE -> SEARCH_CONTENT -> READ -> SEARCH_CONTENT -> READ,2
5,READ -> TEST -> NAVIGATE -> BUILD -> NAVIGATE,2
5,BUILD -> NAVIGATE -> BUILD -> WRITE -> SEARCH_CONTENT,2
5,BUILD -> BUILD -> WRITE -> READ -> NAVIGATE,2
5,SEARCH_CONTENT -> NAVIGATE -> WRITE -> NAVIGATE -> BUILD,2
5,READ -> WRITE -> WRITE -> NAVIGATE -> WRITE,2
5,TEST -> READ -> BUILD -> TEST -> TEST,2
5,READ -> WRITE -> BUILD -> READ -> WRITE,2
5,NAVIGATE -> WRITE -> NAVIGATE -> VCS -> NAVIGATE,2
5,VCS -> NAVIGATE -> VCS -> NAVIGATE -> SEARCH_CONTENT,2
5,NAVIGATE -> VCS -> NAVIGATE -> SEARCH_CONTENT -> NAVIGATE,2
5,WRITE -> WRITE -> BUILD -> NAVIGATE -> VCS,2
5,NAVIGATE -> VCS -> NAVIGATE -> WRITE -> READ,2
5,VCS -> NAVIGATE -> WRITE -> READ -> NAVIGATE,2
5,TEST -> NAVIGATE -> BUILD -> TEST -> NAVIGATE,2
5,READ -> SEARCH_FILES -> SEARCH_CONTENT -> SEARCH_FILES -> SEARCH_FILES,2
5,SEARCH_FILES -> SEARCH_CONTENT -> SEARCH_FILES -> SEARCH_FILES -> SEARCH_FILES,2
5,SEARCH_CONTENT -> SEARCH_FILES -> SEARCH_CONTENT -> SEARCH_CONTENT -> READ,2
5,SEARCH_CONTENT -> SEARCH_CONTENT -> READ -> READ -> SEARCH_FILES,2
5,SEARCH_CONTENT -> READ -> READ -> SEARCH_FILES -> SEARCH_CONTENT,2
5,SEARCH_FILES -> SEARCH_CONTENT -> READ -> WRITE -> BUILD,2
5,WRITE -> READ -> BUILD -> TEST -> READ,2
5,BUILD -> TEST -> READ -> WRITE -> READ,2
5,UTIL -> WRITE -> BUILD -> TEST -> TEST,2
5,BUILD -> TEST -> TEST -> READ -> VCS,2
5,TEST -> TEST -> READ -> VCS -> WRITE,2
5,VCS -> WRITE -> WRITE -> WRITE -> BUILD,2
5,WRITE -> WRITE -> BUILD -> VCS -> WRITE,2
5,WRITE -> READ -> WRITE -> READ -> VCS,2
5,READ -> SEARCH_FILES -> READ -> BUILD -> TEST,2
5,READ -> WRITE -> READ -> SEARCH_CONTENT -> SEARCH_CONTENT,2
5,READ -> READ -> READ -> SEARCH_FILES -> SEARCH_CONTENT,2
5,NAVIGATE -> PATCH -> WRITE -> READ -> READ,2
5,PATCH -> WRITE -> READ -> READ -> WRITE,2
5,WRITE -> READ -> READ -> READ -> WRITE,2
5,READ -> READ -> READ -> WRITE -> TEST,2
5,READ -> WRITE -> TEST -> BUILD -> TEST,2
5,TEST -> READ -> READ -> SEARCH_FILES -> SEARCH_FILES,2
5,READ -> BUILD -> TEST -> BUILD -> WRITE,2
5,BUILD -> SEARCH_CONTENT -> SEARCH_CONTENT -> SEARCH_CONTENT -> SEARCH_CONTENT,2
5,SEARCH_CONTENT -> SEARCH_CONTENT -> READ -> SEARCH_CONTENT -> WRITE,2
5,READ -> SEARCH_CONTENT -> WRITE -> TEST -> TEST,2
5,SEARCH_CONTENT -> WRITE -> TEST -> TEST -> READ,2
5,TEST -> TEST -> READ -> TEST -> VCS,2
5,TEST -> TEST -> VCS -> TEST -> VCS,2
5,READ -> SEARCH_FILES -> READ -> NAVIGATE -> BUILD,2
5,READ -> WRITE -> NAVIGATE -> PATCH -> READ,2
5,NAVIGATE -> PATCH -> READ -> WRITE -> NAVIGATE,2
5,WRITE -> NAVIGATE -> BUILD -> NAVIGATE -> SEARCH_CONTENT,2
5,NAVIGATE -> BUILD -> NAVIGATE -> SEARCH_CONTENT -> NAVIGATE,2
5,BUILD -> NAVIGATE -> SEARCH_CONTENT -> NAVIGATE -> SEARCH_CONTENT,2
5,WRITE -> SEARCH_CONTENT -> READ -> SEARCH_CONTENT -> WRITE,2
5,READ -> SEARCH_CONTENT -> WRITE -> WRITE -> READ,2
5,SEARCH_CONTENT -> WRITE -> WRITE -> READ -> READ,2
5,SEARCH_CONTENT -> SEARCH_FILES -> READ -> SEARCH_CONTENT -> NAVIGATE,2
5,TEST -> SEARCH_CONTENT -> NAVIGATE -> VCS -> NAVIGATE,2
5,SEARCH_CONTENT -> NAVIGATE -> VCS -> NAVIGATE -> VCS,2
5,TEST -> SEARCH_CONTENT -> READ -> SEARCH_CONTENT -> SEARCH_CONTENT,2
5,READ -> WRITE -> READ -> WRITE -> TEST,2
5,WRITE -> READ -> WRITE -> TEST -> TEST,2
5,BUILD -> WRITE -> BUILD -> BUILD -> TEST,2
5,WRITE -> BUILD -> BUILD -> TEST -> WRITE,2
5,SEARCH_CONTENT -> READ -> SEARCH_CONTENT -> NAVIGATE -> BUILD,2
5,TEST -> TEST -> BUILD -> SEARCH_CONTENT -> READ,2
5,SEARCH_CONTENT -> SEARCH_CONTENT -> READ -> TEST -> READ,2
5,READ -> SEARCH_CONTENT -> READ -> SEARCH_FILES -> SEARCH_CONTENT,2
5,READ -> WRITE -> TEST -> BUILD -> NAVIGATE,2
5,BUILD -> NAVIGATE -> BUILD -> WRITE -> BUILD,2
5,BUILD -> WRITE -> BUILD -> TEST -> SEARCH_CONTENT,2
5,TEST -> SEARCH_CONTENT -> READ -> WRITE -> BUILD,2
5,TEST -> SEARCH_CONTENT -> READ -> WRITE -> TEST,2
5,UTIL -> NAVIGATE -> VCS -> NAVIGATE -> VCS,2
5,SEARCH_CONTENT -> SEARCH_FILES -> SEARCH_CONTENT -> READ -> READ,2
5,READ -> TEST -> READ -> SEARCH_CONTENT -> SEARCH_CONTENT,2
5,READ -> SEARCH_CONTENT -> SEARCH_CONTENT -> SEARCH_FILES -> READ,2
5,SEARCH_CONTENT -> SEARCH_CONTENT -> SEARCH_FILES -> READ -> WRITE,2
5,SEARCH_FILES -> READ -> WRITE -> WRITE -> WRITE,2
5,TEST -> READ -> READ -> WRITE -> BUILD,2
5,READ -> SEARCH_FILES -> READ -> SEARCH_CONTENT -> NAVIGATE,2
5,SEARCH_CONTENT -> NAVIGATE -> SEARCH_CONTENT -> SEARCH_FILES -> READ,2
5,SEARCH_CONTENT -> READ -> NAVIGATE -> SEARCH_CONTENT -> NAVIGATE,2
5,READ -> NAVIGATE -> SEARCH_CONTENT -> NAVIGATE -> SEARCH_FILES,2
5,NAVIGATE -> SEARCH_CONTENT -> WRITE -> BUILD -> NAVIGATE,2
5,WRITE -> TEST -> TEST -> READ -> WRITE,2
5,TEST -> READ -> WRITE -> WRITE -> TEST,2
5,TEST -> TEST -> READ -> BUILD -> SEARCH_FILES,2
5,NAVIGATE -> BUILD -> SEARCH_CONTENT -> SEARCH_CONTENT -> SEARCH_CONTENT,2
5,NAVIGATE -> SEARCH_CONTENT -> NAVIGATE -> SEARCH_CONTENT -> SEARCH_CONTENT,2
5,READ -> READ -> WRITE -> TEST -> TEST,2
5,WRITE -> TEST -> TEST -> NAVIGATE -> BUILD,2
5,SEARCH_CONTENT -> SEARCH_FILES -> READ -> NAVIGATE -> SEARCH_CONTENT,2
5,READ -> NAVIGATE -> SEARCH_CONTENT -> READ -> READ,2
5,NAVIGATE -> SEARCH_CONTENT -> READ -> READ -> NAVIGATE,2
5,READ -> READ -> NAVIGATE -> SEARCH_CONTENT -> READ,2
5,READ -> NAVIGATE -> SEARCH_CONTENT -> READ -> NAVIGATE,2
5,READ -> NAVIGATE -> SEARCH_CONTENT -> WRITE -> WRITE,2
5,NAVIGATE -> SEARCH_CONTENT -> WRITE -> WRITE -> READ,2
5,WRITE -> WRITE -> READ -> WRITE -> BUILD,2
5,TEST -> TEST -> NAVIGATE -> BUILD -> SEARCH_CONTENT,2
5,READ -> READ -> SEARCH_FILES -> SEARCH_FILES -> READ,2
5,WRITE -> BUILD -> TEST -> READ -> WRITE,2
5,TEST -> READ -> WRITE -> TEST -> READ,2
5,TEST -> SEARCH_CONTENT -> WRITE -> BUILD -> TEST,2
5,SEARCH_CONTENT -> WRITE -> BUILD -> TEST -> WRITE,2
5,WRITE -> BUILD -> TEST -> WRITE -> SEARCH_CONTENT,2
5,READ -> READ -> TEST -> WRITE -> READ,2
5,TEST -> READ -> BUILD -> TEST -> BUILD,2
5,BUILD -> WRITE -> READ -> WRITE -> WRITE,2
5,WRITE -> WRITE -> BUILD -> TEST -> BUILD,2
5,BUILD -> BUILD -> SEARCH_CONTENT -> READ -> READ,2
5,READ -> SEARCH_CONTENT -> READ -> BUILD -> WRITE,2
5,BUILD -> WRITE -> WRITE -> BUILD -> BUILD,2
5,BUILD -> BUILD -> SEARCH_CONTENT -> READ -> WRITE,2
5,WRITE -> BUILD -> TEST -> VCS -> WRITE,2
5,BUILD -> TEST -> VCS -> WRITE -> BUILD,2
5,TEST -> SEARCH_CONTENT -> SEARCH_CONTENT -> SEARCH_FILES -> READ,2
5,READ -> WRITE -> NAVIGATE -> BUILD -> SEARCH_CONTENT,2
5,BUILD -> TEST -> READ -> WRITE -> WRITE,2
5,WRITE -> READ -> WRITE -> TEST -> NAVIGATE,2
5,VCS -> NAVIGATE -> VCS -> WRITE -> BUILD,2
5,TEST -> SEARCH_CONTENT -> WRITE -> BUILD -> WRITE,2
5,WRITE -> SEARCH_CONTENT -> WRITE -> BUILD -> TEST,2
5,WRITE -> TEST -> READ -> WRITE -> BUILD,2
5,TEST -> READ -> TEST -> BUILD -> SEARCH_FILES,2
5,READ -> TEST -> BUILD -> SEARCH_FILES -> SEARCH_FILES,2
5,READ -> READ -> READ -> TEST -> SEARCH_FILES,2
5,READ -> READ -> TEST -> SEARCH_FILES -> READ,2
5,READ -> READ -> WRITE -> READ -> NAVIGATE,2
5,READ -> WRITE -> READ -> NAVIGATE -> WRITE,2
5,WRITE -> WRITE -> BUILD -> TEST -> VCS,2
5,WRITE -> BUILD -> TEST -> VCS -> VCS,2
5,TEST -> VCS -> VCS -> VCS -> WRITE,2
5,WRITE -> READ -> BUILD -> TEST -> VCS,2
5,SEARCH_CONTENT -> SEARCH_FILES -> READ -> READ -> SEARCH_CONTENT,2
5,SEARCH_FILES -> SEARCH_CONTENT -> SEARCH_CONTENT -> SEARCH_CONTENT -> READ,2
5,SEARCH_CONTENT -> SEARCH_FILES -> SEARCH_CONTENT -> READ -> SEARCH_FILES,2
5,NAVIGATE -> SEARCH_FILES -> READ -> READ -> READ,2
5,NAVIGATE -> TEST -> WRITE -> NAVIGATE -> PATCH,2
5,NAVIGATE -> PATCH -> WRITE -> NAVIGATE -> PATCH,2
5,WRITE -> NAVIGATE -> PATCH -> NAVIGATE -> BUILD,2
5,TEST -> SEARCH_CONTENT -> SEARCH_CONTENT -> SEARCH_CONTENT -> READ,2
5,TEST -> TEST -> SEARCH_CONTENT -> WRITE -> BUILD,2
5,TEST -> TEST -> TEST -> SEARCH_CONTENT -> SEARCH_CONTENT,2
5,TEST -> TEST -> SEARCH_CONTENT -> SEARCH_CONTENT -> READ,2
5,SEARCH_CONTENT -> SEARCH_CONTENT -> SEARCH_CONTENT -> SEARCH_CONTENT -> SEARCH_FILES,2
5,SEARCH_CONTENT -> WRITE -> BUILD -> WRITE -> BUILD,2
5,TEST -> SEARCH_CONTENT -> SEARCH_CONTENT -> WRITE -> BUILD,2
5,SEARCH_CONTENT -> SEARCH_CONTENT -> WRITE -> BUILD -> SEARCH_CONTENT,2
5,BUILD -> TEST -> TEST -> VCS -> VCS,2
5,READ -> SEARCH_CONTENT -> READ -> READ -> TEST,2
5,READ -> TEST -> TEST -> TEST -> TEST,2
5,TEST -> TEST -> READ -> WRITE -> VCS,2
5,WRITE -> READ -> WRITE -> BUILD -> WRITE,2
5,BUILD -> TEST -> TEST -> READ -> TEST,2
5,READ -> SEARCH_CONTENT -> READ -> READ -> BUILD,2
5,TEST -> READ -> NAVIGATE -> BUILD -> NAVIGATE,2
5,BUILD -> NAVIGATE -> BUILD -> SEARCH_CONTENT -> SEARCH_CONTENT,2
5,TEST -> READ -> SEARCH_FILES -> SEARCH_CONTENT -> READ,2
5,READ -> NAVIGATE -> BUILD -> NAVIGATE -> DEFECTS4J_OTHER,2
5,NAVIGATE -> WRITE -> WRITE -> NAVIGATE -> SEARCH_CONTENT,2
5,WRITE -> NAVIGATE -> SEARCH_CONTENT -> READ -> NAVIGATE,2
5,SEARCH_CONTENT -> SEARCH_FILES -> READ -> READ -> NAVIGATE,2
5,TEST -> BUILD -> SEARCH_CONTENT -> READ -> TEST,2
5,BUILD -> SEARCH_CONTENT -> READ -> TEST -> TEST,2
5,SEARCH_FILES -> TEST -> READ -> READ -> READ,2
5,BUILD -> SEARCH_CONTENT -> READ -> READ -> WRITE,2
5,READ -> READ -> WRITE -> BUILD -> WRITE,2
5,WRITE -> WRITE -> READ -> READ -> NAVIGATE,2
5,TEST -> WRITE -> READ -> READ -> SEARCH_CONTENT,2
5,BUILD -> NAVIGATE -> TEST -> NAVIGATE -> SEARCH_CONTENT,2
5,NAVIGATE -> BUILD -> WRITE -> READ -> NAVIGATE,2
5,BUILD -> WRITE -> READ -> NAVIGATE -> TEST,2
5,WRITE -> READ -> NAVIGATE -> TEST -> READ,2
5,WRITE -> WRITE -> NAVIGATE -> BUILD -> SEARCH_CONTENT,2
5,WRITE -> NAVIGATE -> BUILD -> SEARCH_CONTENT -> NAVIGATE,2
5,SEARCH_CONTENT -> READ -> WRITE -> BUILD -> READ,2
5,READ -> WRITE -> BUILD -> READ -> SEARCH_CONTENT,2
5,WRITE -> BUILD -> SEARCH_CONTENT -> READ -> WRITE,2
5,BUILD -> TEST -> READ -> TEST -> READ,2
5,READ -> TEST -> READ -> SEARCH_FILES -> TEST,2
5,TEST -> READ -> SEARCH_FILES -> TEST -> READ,2
5,BUILD -> TEST -> TEST -> BUILD -> NAVIGATE,2
5,BUILD -> NAVIGATE -> SEARCH_FILES -> WRITE -> BUILD,2
5,BUILD -> TEST -> TEST -> WRITE -> NAVIGATE,2
5,NAVIGATE -> FILE_OPS -> NAVIGATE -> TEST -> READ,2
5,FILE_OPS -> NAVIGATE -> TEST -> READ -> NAVIGATE,2
5,READ -> READ -> SEARCH_CONTENT -> WRITE -> READ,2
5,READ -> SEARCH_CONTENT -> WRITE -> READ -> WRITE,2
5,TEST -> TEST -> TEST -> WRITE -> NAVIGATE,2
5,BUILD -> NAVIGATE -> TEST -> READ -> WRITE,2
5,WRITE -> NAVIGATE -> SEARCH_CONTENT -> WRITE -> NAVIGATE,2
5,TEST -> READ -> READ -> WRITE -> READ,2
5,WRITE -> READ -> WRITE -> NAVIGATE -> FILE_OPS,2
5,WRITE -> NAVIGATE -> FILE_OPS -> NAVIGATE -> BUILD,2
5,FILE_OPS -> WRITE -> NAVIGATE -> BUILD -> TEST,2
5,NAVIGATE -> BUILD -> TEST -> NAVIGATE -> WRITE,2
5,BUILD -> TEST -> NAVIGATE -> WRITE -> NAVIGATE,2
5,TEST -> NAVIGATE -> WRITE -> NAVIGATE -> BUILD,2
5,TEST -> NAVIGATE -> FILE_OPS -> NAVIGATE -> VCS,2
5,NAVIGATE -> VCS -> WRITE -> NAVIGATE -> PATCH,2
5,VCS -> WRITE -> NAVIGATE -> PATCH -> NAVIGATE,2
5,NAVIGATE -> FILE_OPS -> NAVIGATE -> TEST -> WRITE,2
5,NAVIGATE -> TEST -> NAVIGATE -> SEARCH_FILES -> NAVIGATE,2
5,TEST -> NAVIGATE -> SEARCH_FILES -> NAVIGATE -> TEST,2
5,NAVIGATE -> TEST -> SEARCH_CONTENT -> NAVIGATE -> SEARCH_CONTENT,2
5,NAVIGATE -> SEARCH_CONTENT -> READ -> NAVIGATE -> WRITE,2
5,SEARCH_CONTENT -> READ -> NAVIGATE -> WRITE -> NAVIGATE,2
5,TEST -> READ -> WRITE -> NAVIGATE -> FILE_OPS,2
5,NAVIGATE -> WRITE -> NAVIGATE -> READ -> NAVIGATE,2
5,READ -> TEST -> SEARCH_FILES -> SEARCH_FILES -> SEARCH_FILES,2
5,READ -> READ -> READ -> TEST -> WRITE,2
5,BUILD -> WRITE -> WRITE -> TEST -> TEST,2
5,WRITE -> WRITE -> WRITE -> TEST -> WRITE,2
5,WRITE -> TEST -> WRITE -> BUILD -> TEST,2
5,BUILD -> TEST -> WRITE -> TEST -> TEST,2
5,TEST -> TEST -> WRITE -> TEST -> WRITE,2
5,TEST -> READ -> VCS -> VCS -> READ,2
5,READ -> VCS -> VCS -> READ -> READ,2
5,READ -> BUILD -> TEST -> SEARCH_CONTENT -> READ,2
5,SEARCH_CONTENT -> READ -> SEARCH_CONTENT -> READ -> TEST,2
5,SEARCH_CONTENT -> READ -> TEST -> TEST -> READ,2
5,TEST -> WRITE -> NAVIGATE -> BUILD -> TEST,2
5,BUILD -> TEST -> NAVIGATE -> TEST -> READ,2
5,READ -> SEARCH_FILES -> TEST -> READ -> TEST,2
5,TEST -> TEST -> SEARCH_FILES -> SEARCH_FILES -> SEARCH_FILES,2
5,READ -> READ -> WRITE -> SEARCH_CONTENT -> SEARCH_CONTENT,2
5,TEST -> WRITE -> WRITE -> READ -> WRITE,2
5,WRITE -> NAVIGATE -> BUILD -> NAVIGATE -> SEARCH_FILES,2
5,BUILD -> WRITE -> TEST -> WRITE -> BUILD,2
5,WRITE -> BUILD -> TEST -> TEST -> SEARCH_FILES,2
5,TEST -> TEST -> SEARCH_FILES -> BUILD -> WRITE,2
5,TEST -> WRITE -> TEST -> WRITE -> TEST,2
5,TEST -> WRITE -> WRITE -> BUILD -> BUILD,2
5,WRITE -> WRITE -> BUILD -> BUILD -> WRITE,2
5,BUILD -> BUILD -> WRITE -> WRITE -> BUILD,2
5,WRITE -> BUILD -> BUILD -> READ -> READ,2
5,TEST -> NAVIGATE -> BUILD -> SEARCH_CONTENT -> READ,2
5,BUILD -> NAVIGATE -> BUILD -> NAVIGATE -> VCS,2
5,READ -> TEST -> TEST -> SEARCH_CONTENT -> SEARCH_CONTENT,2
5,WRITE -> WRITE -> READ -> SEARCH_CONTENT -> SEARCH_CONTENT,2
5,WRITE -> SEARCH_CONTENT -> WRITE -> SEARCH_CONTENT -> SEARCH_CONTENT,2
5,SEARCH_CONTENT -> WRITE -> SEARCH_CONTENT -> SEARCH_CONTENT -> READ,2
5,WRITE -> TEST -> WRITE -> WRITE -> BUILD,2
5,READ -> TEST -> TEST -> TEST -> SEARCH_FILES,2
5,TEST -> TEST -> TEST -> SEARCH_FILES -> READ,2
5,SEARCH_FILES -> READ -> READ -> BUILD -> TEST,2
5,BUILD -> TEST -> READ -> TEST -> TEST,2
5,SEARCH_FILES -> SEARCH_FILES -> READ -> READ -> NAVIGATE,2
5,NAVIGATE -> WRITE -> WRITE -> NAVIGATE -> BUILD,2
5,WRITE -> READ -> NAVIGATE -> FILE_OPS -> WRITE,2
5,READ -> NAVIGATE -> FILE_OPS -> WRITE -> NAVIGATE,2
5,NAVIGATE -> FILE_OPS -> READ -> WRITE -> NAVIGATE,2
5,TEST -> WRITE -> BUILD -> BUILD -> FILE_OPS,2
5,WRITE -> BUILD -> BUILD -> FILE_OPS -> WRITE,2
5,BUILD -> BUILD -> NAVIGATE -> BUILD -> WRITE,2
5,READ -> SEARCH_FILES -> READ -> SEARCH_FILES -> SEARCH_FILES,2
5,SEARCH_FILES -> READ -> SEARCH_FILES -> SEARCH_FILES -> READ,2
5,WRITE -> READ -> WRITE -> SEARCH_CONTENT -> SEARCH_CONTENT,2
5,BUILD -> TEST -> VCS -> VCS -> WRITE,2
5,SEARCH_CONTENT -> READ -> TEST -> SEARCH_CONTENT -> READ,2
5,TEST -> SEARCH_CONTENT -> READ -> WRITE -> READ,2
5,WRITE -> NAVIGATE -> PATCH -> NAVIGATE -> VCS,2
5,SEARCH_CONTENT -> READ -> SEARCH_FILES -> READ -> TEST,2
5,SEARCH_CONTENT -> READ -> WRITE -> WRITE -> TEST,2
5,TEST -> BUILD -> TEST -> TEST -> READ,2
5,READ -> WRITE -> BUILD -> BUILD -> READ,2
5,WRITE -> SEARCH_CONTENT -> READ -> WRITE -> WRITE,2
5,SEARCH_CONTENT -> READ -> WRITE -> WRITE -> BUILD,2
5,SEARCH_FILES -> READ -> WRITE -> SEARCH_CONTENT -> SEARCH_CONTENT,2
5,FILE_OPS -> NAVIGATE -> WRITE -> NAVIGATE -> WRITE,2
5,NAVIGATE -> READ -> READ -> WRITE -> NAVIGATE,2
5,NAVIGATE -> FILE_OPS -> NAVIGATE -> TEST -> NAVIGATE,2
5,NAVIGATE -> TEST -> NAVIGATE -> FILE_OPS -> NAVIGATE,2
5,NAVIGATE -> FILE_OPS -> NAVIGATE -> SEARCH_CONTENT -> NAVIGATE,2
5,FILE_OPS -> NAVIGATE -> SEARCH_CONTENT -> NAVIGATE -> WRITE,2
5,NAVIGATE -> SEARCH_CONTENT -> NAVIGATE -> WRITE -> FILE_OPS,2
5,SEARCH_CONTENT -> NAVIGATE -> WRITE -> FILE_OPS -> NAVIGATE,2
5,FILE_OPS -> NAVIGATE -> TEST -> NAVIGATE -> WRITE,2
5,TEST -> NAVIGATE -> WRITE -> NAVIGATE -> FILE_OPS,2
5,TEST -> READ -> NAVIGATE -> WRITE -> NAVIGATE,2
5,UTIL -> WRITE -> WRITE -> READ -> NAVIGATE,2
5,OTHER -> OTHER -> OTHER -> OTHER -> NAVIGATE,2
5,SEARCH_FILES -> READ -> READ -> SEARCH_FILES -> SEARCH_FILES,2
5,SEARCH_CONTENT -> READ -> WRITE -> SEARCH_CONTENT -> READ,2
5,TEST -> TEST -> SEARCH_FILES -> SEARCH_CONTENT -> READ,2
5,READ -> WRITE -> BUILD -> TEST -> SEARCH_CONTENT,2
5,SEARCH_FILES -> READ -> READ -> WRITE -> WRITE,2
5,WRITE -> WRITE -> READ -> SEARCH_CONTENT -> READ,2
5,SEARCH_FILES -> SEARCH_FILES -> SEARCH_FILES -> SEARCH_CONTENT -> NAVIGATE,2
5,SEARCH_FILES -> SEARCH_CONTENT -> NAVIGATE -> TEST -> NAVIGATE,2
5,TEST -> NAVIGATE -> TEST -> SEARCH_CONTENT -> READ,2
5,BUILD -> BUILD -> WRITE -> NAVIGATE -> TEST,2
5,READ -> READ -> BUILD -> SEARCH_FILES -> READ,2
5,BUILD -> SEARCH_FILES -> READ -> SEARCH_CONTENT -> READ,2
5,BUILD -> BUILD -> TEST -> READ -> TEST,2
5,WRITE -> NAVIGATE -> BUILD -> BUILD -> SEARCH_CONTENT,2
5,NAVIGATE -> BUILD -> BUILD -> SEARCH_CONTENT -> SEARCH_CONTENT,2
5,SEARCH_CONTENT -> TEST -> TEST -> READ -> READ,2
5,NAVIGATE -> BUILD -> WRITE -> NAVIGATE -> VCS,2
5,BUILD -> WRITE -> NAVIGATE -> VCS -> NAVIGATE,2
5,NAVIGATE -> BUILD -> READ -> READ -> NAVIGATE,2
5,BUILD -> READ -> READ -> NAVIGATE -> TEST,2
5,SEARCH_CONTENT -> NAVIGATE -> BUILD -> NAVIGATE -> VCS,2
5,VCS -> NAVIGATE -> VCS -> READ -> SEARCH_CONTENT,2
5,NAVIGATE -> VCS -> READ -> SEARCH_CONTENT -> SEARCH_CONTENT,2
5,READ -> WRITE -> WRITE -> NAVIGATE -> UTIL,2
5,NAVIGATE -> VCS -> READ -> WRITE -> WRITE,2
5,NAVIGATE -> PATCH -> NAVIGATE -> VCS -> NAVIGATE,2
5,READ -> NAVIGATE -> SEARCH_CONTENT -> NAVIGATE -> WRITE,2
5,WRITE -> OTHER -> OTHER -> OTHER -> OTHER,2
5,BUILD -> READ -> NAVIGATE -> SEARCH_CONTENT -> WRITE,2
5,WRITE -> NAVIGATE -> WRITE -> NAVIGATE -> SEARCH_CONTENT,2
5,NAVIGATE -> SEARCH_CONTENT -> NAVIGATE -> VCS -> WRITE,2
5,SEARCH_CONTENT -> NAVIGATE -> VCS -> WRITE -> NAVIGATE,2
5,NAVIGATE -> TEST -> SEARCH_FILES -> READ -> WRITE,2
5,SEARCH_FILES -> READ -> WRITE -> NAVIGATE -> BUILD,2
5,NAVIGATE -> SEARCH_FILES -> WRITE -> NAVIGATE -> TEST,2
5,READ -> READ -> NAVIGATE -> TEST -> SEARCH_CONTENT,2
5,SEARCH_CONTENT -> NAVIGATE -> SEARCH_FILES -> NAVIGATE -> SEARCH_CONTENT,2
5,NAVIGATE -> SEARCH_CONTENT -> READ -> WRITE -> WRITE,2
5,WRITE -> NAVIGATE -> TEST -> NAVIGATE -> SEARCH_CONTENT,2
5,WRITE -> READ -> READ -> NAVIGATE -> WRITE,2
5,NAVIGATE -> UTIL -> NAVIGATE -> VCS -> NAVIGATE,2
5,NAVIGATE -> TEST -> WRITE -> NAVIGATE -> VCS,2
5,VCS -> READ -> WRITE -> NAVIGATE -> BUILD,2
5,TEST -> READ -> NAVIGATE -> VCS -> WRITE,2
5,SEARCH_CONTENT -> NAVIGATE -> SEARCH_FILES -> NAVIGATE -> SEARCH_FILES,2
5,NAVIGATE -> SEARCH_CONTENT -> NAVIGATE -> SEARCH_FILES -> NAVIGATE,2
5,SEARCH_FILES -> WRITE -> NAVIGATE -> BUILD -> NAVIGATE,2
5,SEARCH_FILES -> SEARCH_FILES -> NAVIGATE -> TEST -> READ,2
5,SEARCH_FILES -> NAVIGATE -> TEST -> READ -> NAVIGATE,2
5,WRITE -> READ -> NAVIGATE -> VCS -> WRITE,2
5,READ -> TEST -> SEARCH_CONTENT -> READ -> TEST,2
5,TEST -> SEARCH_CONTENT -> READ -> NAVIGATE -> TEST,2
5,SEARCH_CONTENT -> READ -> NAVIGATE -> TEST -> READ,2
5,BUILD -> NAVIGATE -> DEFECTS4J_OTHER -> NAVIGATE -> BUILD,2
5,DEFECTS4J_OTHER -> NAVIGATE -> BUILD -> NAVIGATE -> TEST,2
5,BUILD -> READ -> SEARCH_CONTENT -> SEARCH_FILES -> READ,2
5,WRITE -> SEARCH_CONTENT -> SEARCH_CONTENT -> READ -> NAVIGATE,2
5,SEARCH_CONTENT -> SEARCH_CONTENT -> READ -> NAVIGATE -> SEARCH_CONTENT,2
5,BUILD -> READ -> READ -> WRITE -> NAVIGATE,2
5,TEST -> WRITE -> READ -> WRITE -> BUILD,2
5,TEST -> READ -> NAVIGATE -> TEST -> SEARCH_FILES,2
5,NAVIGATE -> TEST -> SEARCH_FILES -> READ -> SEARCH_FILES,2
5,SEARCH_FILES -> SEARCH_FILES -> SEARCH_FILES -> SEARCH_CONTENT -> SEARCH_FILES,2
5,SEARCH_FILES -> SEARCH_FILES -> SEARCH_CONTENT -> SEARCH_FILES -> SEARCH_CONTENT,2
5,SEARCH_FILES -> READ -> NAVIGATE -> SEARCH_FILES -> NAVIGATE,2
5,NAVIGATE -> SEARCH_FILES -> NAVIGATE -> BUILD -> NAVIGATE,2
5,SEARCH_CONTENT -> SEARCH_FILES -> READ -> SEARCH_CONTENT -> READ,2
5,UTIL -> READ -> NAVIGATE -> TEST -> NAVIGATE,2
5,BUILD -> WRITE -> NAVIGATE -> TEST -> READ,2
5,NAVIGATE -> TEST -> SEARCH_CONTENT -> NAVIGATE -> FILE_OPS,2
5,READ -> SEARCH_FILES -> READ -> READ -> TEST,2
5,READ -> SEARCH_FILES -> SEARCH_CONTENT -> READ -> READ,2
5,SEARCH_FILES -> SEARCH_CONTENT -> READ -> READ -> TEST,2
5,READ -> WRITE -> NAVIGATE -> WRITE -> READ,2
5,WRITE -> NAVIGATE -> PATCH -> NAVIGATE -> WRITE,2
5,NAVIGATE -> PATCH -> NAVIGATE -> WRITE -> NAVIGATE,2
5,NAVIGATE -> BUILD -> TEST -> WRITE -> TEST,2
5,READ -> NAVIGATE -> VCS -> NAVIGATE -> SEARCH_CONTENT,2
5,READ -> NAVIGATE -> SEARCH_FILES -> TEST -> READ,2
5,NAVIGATE -> SEARCH_FILES -> TEST -> READ -> TEST,2
5,SEARCH_CONTENT -> NAVIGATE -> BUILD -> NAVIGATE -> SEARCH_FILES,2
5,WRITE -> NAVIGATE -> WRITE -> NAVIGATE -> TEST,2
5,NAVIGATE -> WRITE -> NAVIGATE -> TEST -> NAVIGATE,2
5,VCS -> WRITE -> WRITE -> BUILD -> TEST,2
5,NAVIGATE -> TEST -> SEARCH_CONTENT -> READ -> SEARCH_FILES,2
5,NAVIGATE -> VCS -> SEARCH_CONTENT -> READ -> READ,2
5,VCS -> NAVIGATE -> VCS -> READ -> NAVIGATE,2
5,NAVIGATE -> TEST -> WRITE -> NAVIGATE -> SEARCH_FILES,2
5,UTIL -> NAVIGATE -> TEST -> SEARCH_CONTENT -> NAVIGATE,2
5,SEARCH_FILES -> BUILD -> WRITE -> READ -> WRITE,2
5,NAVIGATE -> BUILD -> NAVIGATE -> BUILD -> TEST,2
5,WRITE -> BUILD -> WRITE -> READ -> READ,2
5,NAVIGATE -> DEFECTS4J_OTHER -> READ -> NAVIGATE -> TEST,2
5,NAVIGATE -> DEFECTS4J_OTHER -> NAVIGATE -> TEST -> NAVIGATE,2
5,NAVIGATE -> TEST -> NAVIGATE -> DEFECTS4J_OTHER -> NAVIGATE,2
5,NAVIGATE -> BUILD -> NAVIGATE -> FILE_OPS -> FILE_OPS,2
5,NAVIGATE -> SEARCH_CONTENT -> READ -> NAVIGATE -> BUILD,2
5,NAVIGATE -> SEARCH_FILES -> SEARCH_CONTENT -> READ -> WRITE,2
5,READ -> NAVIGATE -> BUILD -> NAVIGATE -> SEARCH_FILES,2
5,NAVIGATE -> SEARCH_FILES -> NAVIGATE -> DEFECTS4J_OTHER -> NAVIGATE,2
5,READ -> NAVIGATE -> TEST -> NAVIGATE -> READ,2
5,READ -> WRITE -> READ -> SEARCH_CONTENT -> NAVIGATE,2
5,WRITE -> NAVIGATE -> WRITE -> READ -> WRITE,2
5,READ -> SEARCH_FILES -> SEARCH_CONTENT -> READ -> NAVIGATE,2
5,SEARCH_CONTENT -> SEARCH_CONTENT -> WRITE -> NAVIGATE -> BUILD,2
5,NAVIGATE -> TEST -> NAVIGATE -> BUILD -> SEARCH_CONTENT,2
5,VCS -> SEARCH_CONTENT -> READ -> READ -> WRITE,2
5,READ -> WRITE -> READ -> NAVIGATE -> TEST,2
5,TEST -> NAVIGATE -> VCS -> WRITE -> WRITE,2
5,SEARCH_CONTENT -> READ -> TEST -> TEST -> WRITE,2
5,TEST -> WRITE -> BUILD -> BUILD -> NAVIGATE,2
5,WRITE -> BUILD -> BUILD -> NAVIGATE -> BUILD,2
5,TEST -> READ -> SEARCH_CONTENT -> READ -> WRITE,2
5,BUILD -> WRITE -> BUILD -> TEST -> NAVIGATE,2
5,READ -> READ -> WRITE -> NAVIGATE -> PATCH,2
5,TEST -> TEST -> TEST -> READ -> NAVIGATE,2
5,TEST -> READ -> NAVIGATE -> SEARCH_CONTENT -> WRITE,2
5,WRITE -> TEST -> WRITE -> NAVIGATE -> PATCH,2
5,TEST -> SEARCH_CONTENT -> READ -> SEARCH_CONTENT -> SEARCH_FILES,2
5,NAVIGATE -> TEST -> READ -> WRITE -> SEARCH_CONTENT,2
5,READ -> WRITE -> NAVIGATE -> TEST -> READ,2
5,WRITE -> NAVIGATE -> VCS -> NAVIGATE -> SEARCH_CONTENT,2
5,VCS -> NAVIGATE -> SEARCH_CONTENT -> WRITE -> NAVIGATE,2
5,READ -> WRITE -> BUILD -> NAVIGATE -> VCS,2
5,WRITE -> BUILD -> NAVIGATE -> VCS -> WRITE,2
5,BUILD -> NAVIGATE -> VCS -> WRITE -> BUILD,2
5,WRITE -> READ -> NAVIGATE -> VCS -> TEST,2
5,TEST -> WRITE -> WRITE -> NAVIGATE -> TEST,2
5,READ -> READ -> TEST -> TEST -> WRITE,2
5,WRITE -> TEST -> WRITE -> BUILD -> BUILD,2
5,BUILD -> BUILD -> WRITE -> WRITE -> TEST,2
5,TEST -> TEST -> READ -> VCS -> VCS,2
5,TEST -> BUILD -> BUILD -> WRITE -> BUILD,2
5,TEST -> WRITE -> BUILD -> BUILD -> TEST,2
5,BUILD -> BUILD -> TEST -> TEST -> WRITE,2
5,SEARCH_FILES -> TEST -> READ -> TEST -> BUILD,2
5,WRITE -> BUILD -> VCS -> READ -> READ,2
5,BUILD -> VCS -> READ -> READ -> WRITE,2
5,SEARCH_FILES -> SEARCH_FILES -> SEARCH_FILES -> SEARCH_CONTENT -> SEARCH_CONTENT,2
5,TEST -> SEARCH_CONTENT -> NAVIGATE -> TEST -> WRITE,2
5,SEARCH_FILES -> SEARCH_FILES -> SEARCH_FILES -> READ -> TEST,2
5,SEARCH_FILES -> READ -> SEARCH_CONTENT -> SEARCH_FILES -> READ,2
5,SEARCH_FILES -> READ -> TEST -> READ -> READ,2
5,BUILD -> TEST -> NAVIGATE -> BUILD -> NAVIGATE,2
5,DEFECTS4J_OTHER -> WRITE -> NAVIGATE -> BUILD -> BUILD,2
5,BUILD -> NAVIGATE -> BUILD -> NAVIGATE -> SEARCH_FILES,2
5,NAVIGATE -> BUILD -> NAVIGATE -> SEARCH_FILES -> READ,2
5,TEST -> WRITE -> BUILD -> TEST -> NAVIGATE,2
5,TEST -> NAVIGATE -> BUILD -> TEST -> READ,2
5,READ -> TEST -> SEARCH_FILES -> READ -> READ,2
5,BUILD -> BUILD -> BUILD -> WRITE -> NAVIGATE,2
5,BUILD -> BUILD -> BUILD -> WRITE -> WRITE,2
5,SEARCH_CONTENT -> SEARCH_CONTENT -> SEARCH_FILES -> READ -> SEARCH_CONTENT,2
5,BUILD -> READ -> NAVIGATE -> BUILD -> NAVIGATE,2
5,BUILD -> BUILD -> NAVIGATE -> SEARCH_CONTENT -> NAVIGATE,2
5,NAVIGATE -> SEARCH_CONTENT -> NAVIGATE -> TEST -> WRITE,2
5,SEARCH_CONTENT -> NAVIGATE -> TEST -> WRITE -> WRITE,2
5,TEST -> WRITE -> NAVIGATE -> BUILD -> WRITE,2
5,READ -> READ -> BUILD -> TEST -> WRITE,2
5,WRITE -> WRITE -> BUILD -> BUILD -> BUILD,2
5,WRITE -> BUILD -> BUILD -> WRITE -> READ,2
5,WRITE -> NAVIGATE -> WRITE -> WRITE -> BUILD,2
5,BUILD -> BUILD -> BUILD -> WRITE -> TEST,2
5,SEARCH_CONTENT -> WRITE -> BUILD -> BUILD -> WRITE,2
5,WRITE -> READ -> WRITE -> BUILD -> BUILD,2
5,BUILD -> BUILD -> READ -> WRITE -> BUILD,2
5,BUILD -> READ -> WRITE -> BUILD -> BUILD,2
5,WRITE -> FILE_OPS -> BUILD -> TEST -> TEST,2
5,SEARCH_FILES -> READ -> READ -> NAVIGATE -> SEARCH_CONTENT,2
5,SEARCH_FILES -> READ -> TEST -> TEST -> READ,2
5,SEARCH_FILES -> BUILD -> TEST -> READ -> READ,2
5,READ -> NAVIGATE -> SEARCH_FILES -> READ -> READ,2
5,SEARCH_FILES -> SEARCH_FILES -> SEARCH_CONTENT -> SEARCH_CONTENT -> READ,2
5,SEARCH_CONTENT -> READ -> READ -> SEARCH_FILES -> READ,2
5,WRITE -> BUILD -> BUILD -> READ -> SEARCH_CONTENT,2
5,BUILD -> BUILD -> NAVIGATE -> BUILD -> TEST,2
5,NAVIGATE -> TEST -> NAVIGATE -> READ -> WRITE,2
5,WRITE -> WRITE -> SEARCH_CONTENT -> READ -> SEARCH_CONTENT,2
5,BUILD -> TEST -> WRITE -> NAVIGATE -> TEST,2
5,READ -> SEARCH_CONTENT -> NAVIGATE -> TEST -> NAVIGATE,2
5,VCS -> READ -> WRITE -> NAVIGATE -> PATCH,2
5,SEARCH_CONTENT -> READ -> TEST -> READ -> SEARCH_CONTENT,2
5,BUILD -> BUILD -> NAVIGATE -> VCS -> WRITE,2
5,BUILD -> BUILD -> TEST -> TEST -> TEST,2
5,SEARCH_FILES -> READ -> READ -> WRITE -> BUILD,2
5,BUILD -> WRITE -> BUILD -> BUILD -> READ,2
5,READ -> SEARCH_FILES -> SEARCH_FILES -> SEARCH_FILES -> SEARCH_CONTENT,2
5,SEARCH_CONTENT -> READ -> TEST -> READ -> TEST,2
5,WRITE -> TEST -> TEST -> TEST -> WRITE,2
5,READ -> READ -> TEST -> TEST -> SEARCH_CONTENT,2
5,VCS -> BUILD -> BUILD -> BUILD -> BUILD,2
5,BUILD -> BUILD -> BUILD -> BUILD -> BUILD,2
5,TEST -> WRITE -> BUILD -> BUILD -> VCS,2
5,SEARCH_CONTENT -> SEARCH_FILES -> READ -> SEARCH_FILES -> SEARCH_FILES,2
5,SEARCH_CONTENT -> READ -> WRITE -> NAVIGATE -> TEST,2
5,SEARCH_FILES -> NAVIGATE -> BUILD -> NAVIGATE -> TEST,2
5,WRITE -> NAVIGATE -> WRITE -> NAVIGATE -> SCRIPT,2
5,READ -> WRITE -> READ -> FILE_OPS -> WRITE,2
5,NAVIGATE -> WRITE -> NAVIGATE -> WRITE -> BUILD,2
5,WRITE -> NAVIGATE -> WRITE -> BUILD -> TEST,2
5,NAVIGATE -> WRITE -> BUILD -> TEST -> TEST,2
5,READ -> WRITE -> TEST -> TEST -> BUILD,2
5,WRITE -> TEST -> TEST -> BUILD -> TEST,2
5,TEST -> TEST -> BUILD -> TEST -> BUILD,2
5,TEST -> SEARCH_CONTENT -> NAVIGATE -> BUILD -> NAVIGATE,2
5,SEARCH_CONTENT -> NAVIGATE -> WRITE -> NAVIGATE -> WRITE,2
5,NAVIGATE -> BUILD -> READ -> NAVIGATE -> BUILD,2
5,READ -> TEST -> WRITE -> READ -> WRITE,2
5,TEST -> NAVIGATE -> BUILD -> NAVIGATE -> SEARCH_FILES,2
5,BUILD -> NAVIGATE -> SEARCH_FILES -> NAVIGATE -> BUILD,2
5,READ -> WRITE -> TEST -> NAVIGATE -> VCS,2
5,WRITE -> READ -> WRITE -> TEST -> READ,2
5,WRITE -> WRITE -> WRITE -> NAVIGATE -> WRITE,2
5,READ -> READ -> SEARCH_CONTENT -> NAVIGATE -> TEST,2
5,TEST -> NAVIGATE -> TEST -> NAVIGATE -> DEFECTS4J_OTHER,2
5,NAVIGATE -> TEST -> READ -> READ -> SEARCH_FILES,2
5,TEST -> READ -> WRITE -> BUILD -> BUILD,2
5,SEARCH_CONTENT -> WRITE -> NAVIGATE -> BUILD -> TEST,2
5,TEST -> NAVIGATE -> BUILD -> READ -> SEARCH_CONTENT,2
5,NAVIGATE -> BUILD -> READ -> SEARCH_CONTENT -> READ,2
5,SEARCH_FILES -> READ -> WRITE -> BUILD -> TEST,2
5,TEST -> SEARCH_CONTENT -> READ -> TEST -> READ,2
5,READ -> WRITE -> WRITE -> SEARCH_CONTENT -> READ,2
5,NAVIGATE -> BUILD -> SEARCH_CONTENT -> WRITE -> WRITE,2
5,READ -> SEARCH_FILES -> NAVIGATE -> TEST -> NAVIGATE,2
5,TEST -> NAVIGATE -> SEARCH_CONTENT -> NAVIGATE -> SEARCH_CONTENT,2
5,TEST -> WRITE -> WRITE -> WRITE -> READ,2
5,SEARCH_FILES -> READ -> READ -> READ -> NAVIGATE,2
5,NAVIGATE -> SEARCH_FILES -> READ -> WRITE -> WRITE,2
5,BUILD -> NAVIGATE -> TEST -> SEARCH_CONTENT -> NAVIGATE,2
5,SEARCH_FILES -> READ -> WRITE -> WRITE -> NAVIGATE,2
5,WRITE -> WRITE -> SEARCH_CONTENT -> READ -> WRITE,2
5,WRITE -> READ -> WRITE -> NAVIGATE -> SEARCH_CONTENT,2
5,VCS -> WRITE -> NAVIGATE -> VCS -> NAVIGATE,2
5,VCS -> WRITE -> NAVIGATE -> VCS -> WRITE,2
5,TEST -> READ -> SEARCH_FILES -> READ -> NAVIGATE,2
5,TEST -> SEARCH_CONTENT -> READ -> WRITE -> NAVIGATE,2
5,TEST -> WRITE -> NAVIGATE -> TEST -> SEARCH_CONTENT,2
5,SEARCH_CONTENT -> SEARCH_FILES -> READ -> NAVIGATE -> TEST,2
5,NAVIGATE -> SEARCH_CONTENT -> SEARCH_CONTENT -> READ -> READ,2
5,WRITE -> READ -> NAVIGATE -> WRITE -> WRITE,2
5,VCS -> NAVIGATE -> VCS -> WRITE -> WRITE,2
5,NAVIGATE -> WRITE -> WRITE -> WRITE -> NAVIGATE,2
5,SEARCH_FILES -> READ -> NAVIGATE -> TEST -> WRITE,2
5,READ -> NAVIGATE -> TEST -> READ -> SEARCH_FILES,2
5,SEARCH_CONTENT -> READ -> READ -> NAVIGATE -> VCS,2
5,NAVIGATE -> TEST -> NAVIGATE -> SEARCH_CONTENT -> READ,2
5,READ -> READ -> SEARCH_CONTENT -> WRITE -> WRITE,2
5,WRITE -> NAVIGATE -> TEST -> SEARCH_CONTENT -> READ,2
5,TEST -> WRITE -> SEARCH_FILES -> READ -> READ,2
5,WRITE -> WRITE -> NAVIGATE -> TEST -> READ,2
5,READ -> NAVIGATE -> SEARCH_FILES -> SEARCH_CONTENT -> READ,2
5,NAVIGATE -> TEST -> NAVIGATE -> VCS -> READ,2
5,TEST -> NAVIGATE -> VCS -> READ -> WRITE,2
5,NAVIGATE -> SEARCH_CONTENT -> READ -> READ -> READ,2
5,SEARCH_FILES -> SEARCH_CONTENT -> READ -> SEARCH_FILES -> READ,2
5,NAVIGATE -> TEST -> READ -> NAVIGATE -> SEARCH_FILES,2
5,TEST -> READ -> NAVIGATE -> SEARCH_FILES -> READ,2
5,SCRIPT -> WRITE -> NAVIGATE -> VCS -> WRITE,2
5,TEST -> NAVIGATE -> TEST -> SEARCH_CONTENT -> WRITE,2
5,SEARCH_FILES -> READ -> SEARCH_FILES -> SEARCH_FILES -> SEARCH_CONTENT,2
5,SEARCH_FILES -> SEARCH_FILES -> SEARCH_FILES -> READ -> SEARCH_CONTENT,2
5,SEARCH_FILES -> READ -> SEARCH_CONTENT -> READ -> NAVIGATE,2
5,NAVIGATE -> SEARCH_CONTENT -> READ -> SEARCH_CONTENT -> READ,2
5,TEST -> WRITE -> WRITE -> READ -> NAVIGATE,2
5,SCRIPT -> NAVIGATE -> TEST -> WRITE -> WRITE,2
5,SCRIPT -> NAVIGATE -> SCRIPT -> WRITE -> WRITE,2
5,NAVIGATE -> SCRIPT -> WRITE -> WRITE -> READ,2
5,SCRIPT -> NAVIGATE -> TEST -> NAVIGATE -> UTIL,2
5,NAVIGATE -> UTIL -> SCRIPT -> WRITE -> WRITE,2
5,VCS -> READ -> WRITE -> NAVIGATE -> SCRIPT,2
5,WRITE -> READ -> NAVIGATE -> SCRIPT -> WRITE,2
5,NAVIGATE -> SCRIPT -> NAVIGATE -> SCRIPT -> READ,2
5,SCRIPT -> NAVIGATE -> SCRIPT -> READ -> NAVIGATE,2
5,VCS -> WRITE -> NAVIGATE -> TEST -> NAVIGATE,2
5,NAVIGATE -> SEARCH_CONTENT -> WRITE -> WRITE -> NAVIGATE,2
5,SEARCH_CONTENT -> WRITE -> WRITE -> NAVIGATE -> SCRIPT,2
5,SCRIPT -> NAVIGATE -> SCRIPT -> NAVIGATE -> VCS,2
5,READ -> WRITE -> NAVIGATE -> SCRIPT -> READ,2
5,SCRIPT -> READ -> WRITE -> NAVIGATE -> VCS,2
5,TEST -> NAVIGATE -> TEST -> NAVIGATE -> SCRIPT,2
5,READ -> READ -> NAVIGATE -> VCS -> WRITE,2
5,WRITE -> READ -> WRITE -> NAVIGATE -> SCRIPT,2
5,NAVIGATE -> SCRIPT -> NAVIGATE -> TEST -> READ,2
5,WRITE -> WRITE -> NAVIGATE -> VCS -> WRITE,2
5,VCS -> WRITE -> WRITE -> WRITE -> NAVIGATE,2
5,NAVIGATE -> SCRIPT -> NAVIGATE -> SEARCH_FILES -> SEARCH_CONTENT,2
5,SCRIPT -> NAVIGATE -> SEARCH_FILES -> SEARCH_CONTENT -> READ,2
5,NAVIGATE -> SEARCH_FILES -> SEARCH_CONTENT -> READ -> NAVIGATE,2
5,NAVIGATE -> SEARCH_FILES -> READ -> SEARCH_CONTENT -> READ,2
5,SEARCH_CONTENT -> READ -> NAVIGATE -> SEARCH_FILES -> SEARCH_CONTENT,2
5,WRITE -> NAVIGATE -> SCRIPT -> NAVIGATE -> UTIL,2
5,NAVIGATE -> SCRIPT -> NAVIGATE -> UTIL -> SCRIPT,2
5,TEST -> NAVIGATE -> VCS -> NAVIGATE -> SCRIPT,2
5,VCS -> NAVIGATE -> SCRIPT -> NAVIGATE -> TEST,2
5,TEST -> READ -> BUILD -> TEST -> READ,1
5,READ -> SEARCH_CONTENT -> SEARCH_FILES -> READ -> WRITE,1
5,SEARCH_CONTENT -> SEARCH_FILES -> READ -> WRITE -> READ,1
5,SEARCH_FILES -> READ -> WRITE -> READ -> WRITE,1
5,READ -> SEARCH_CONTENT -> READ -> NAVIGATE -> SEARCH_CONTENT,1
5,TEST -> READ -> TEST -> READ -> TEST,1
5,SEARCH_FILES -> READ -> READ -> SEARCH_CONTENT -> SEARCH_CONTENT,1
5,READ -> WRITE -> BUILD -> READ -> READ,1
5,WRITE -> BUILD -> READ -> READ -> SEARCH_FILES,1
5,SEARCH_FILES -> READ -> SEARCH_CONTENT -> SEARCH_CONTENT -> WRITE,1
5,READ -> SEARCH_CONTENT -> SEARCH_CONTENT -> WRITE -> WRITE,1
5,SEARCH_CONTENT -> SEARCH_CONTENT -> WRITE -> WRITE -> READ,1
5,READ -> SEARCH_CONTENT -> NAVIGATE -> BUILD -> NAVIGATE,1
5,NAVIGATE -> BUILD -> WRITE -> READ -> SEARCH_CONTENT,1
5,BUILD -> WRITE -> READ -> SEARCH_CONTENT -> SEARCH_CONTENT,1
5,SEARCH_CONTENT -> READ -> NAVIGATE -> BUILD -> WEB,1
5,READ -> NAVIGATE -> BUILD -> WEB -> WRITE,1
5,NAVIGATE -> BUILD -> WEB -> WRITE -> NAVIGATE,1
5,BUILD -> WEB -> WRITE -> NAVIGATE -> TEST,1
5,WEB -> WRITE -> NAVIGATE -> TEST -> NAVIGATE,1
5,NAVIGATE -> BUILD -> WRITE -> NAVIGATE -> PATCH,1
5,BUILD -> WRITE -> NAVIGATE -> PATCH -> WRITE,1
5,NAVIGATE -> PATCH -> WRITE -> READ -> NAVIGATE,1
5,PATCH -> WRITE -> READ -> NAVIGATE -> BUILD,1
5,WRITE -> READ -> NAVIGATE -> BUILD -> TEST,1
5,SEARCH_FILES -> READ -> TEST -> WRITE -> WRITE,1
5,READ -> TEST -> WRITE -> WRITE -> NAVIGATE,1
5,NAVIGATE -> BUILD -> READ -> WRITE -> BUILD,1
5,TEST -> READ -> TEST -> WRITE -> SEARCH_FILES,1
5,READ -> TEST -> WRITE -> SEARCH_FILES -> WRITE,1
5,TEST -> WRITE -> SEARCH_FILES -> WRITE -> TEST,1
5,READ -> TEST -> SEARCH_FILES -> SEARCH_FILES -> WRITE,1
5,TEST -> SEARCH_FILES -> SEARCH_FILES -> WRITE -> READ,1
5,SEARCH_FILES -> SEARCH_FILES -> WRITE -> READ -> SEARCH_CONTENT,1
5,SEARCH_FILES -> WRITE -> READ -> SEARCH_CONTENT -> SEARCH_CONTENT,1
5,BUILD -> TEST -> READ -> READ -> TEST,1
5,SEARCH_CONTENT -> READ -> BUILD -> TEST -> TEST,1
5,READ -> SEARCH_CONTENT -> READ -> TEST -> WRITE,1
5,SEARCH_CONTENT -> READ -> TEST -> WRITE -> BUILD,1
5,READ -> TEST -> WRITE -> BUILD -> SEARCH_CONTENT,1
5,WRITE -> BUILD -> SEARCH_CONTENT -> READ -> BUILD,1
5,BUILD -> SEARCH_CONTENT -> READ -> BUILD -> TEST,1
5,SEARCH_CONTENT -> READ -> BUILD -> TEST -> FILE_OPS,1
5,READ -> BUILD -> TEST -> FILE_OPS -> BUILD,1
5,TEST -> FILE_OPS -> BUILD -> TEST -> VCS,1
5,FILE_OPS -> BUILD -> TEST -> VCS -> VCS,1
5,VCS -> NAVIGATE -> TEST -> NAVIGATE -> BUILD,1
5,TEST -> WRITE -> NAVIGATE -> FILE_OPS -> TEST,1
5,WRITE -> NAVIGATE -> FILE_OPS -> TEST -> NAVIGATE,1
5,NAVIGATE -> FILE_OPS -> TEST -> NAVIGATE -> VCS,1
5,FILE_OPS -> TEST -> NAVIGATE -> VCS -> NAVIGATE,1
5,VCS -> NAVIGATE -> VCS -> VCS -> WRITE,1
5,NAVIGATE -> VCS -> VCS -> WRITE -> NAVIGATE,1
5,VCS -> VCS -> WRITE -> NAVIGATE -> VCS,1
5,NAVIGATE -> VCS -> NAVIGATE -> BUILD -> TEST,1
5,VCS -> NAVIGATE -> BUILD -> TEST -> NAVIGATE,1
5,VCS -> NAVIGATE -> TEST -> NAVIGATE -> DEFECTS4J_OTHER,1
5,DEFECTS4J_OTHER -> WRITE -> NAVIGATE -> BUILD -> NAVIGATE,1
5,BUILD -> TEST -> WRITE -> NAVIGATE -> SEARCH_FILES,1
5,NAVIGATE -> SEARCH_FILES -> WRITE -> NAVIGATE -> PATCH,1
5,SEARCH_FILES -> WRITE -> NAVIGATE -> PATCH -> READ,1
5,NAVIGATE -> PATCH -> READ -> NAVIGATE -> WRITE,1
5,PATCH -> READ -> NAVIGATE -> WRITE -> TEST,1
5,READ -> NAVIGATE -> WRITE -> TEST -> NAVIGATE,1
5,NAVIGATE -> WRITE -> TEST -> NAVIGATE -> FILE_OPS,1
5,WRITE -> TEST -> NAVIGATE -> FILE_OPS -> FILE_OPS,1
5,TEST -> NAVIGATE -> FILE_OPS -> FILE_OPS -> READ,1
5,NAVIGATE -> FILE_OPS -> FILE_OPS -> READ -> NAVIGATE,1
5,FILE_OPS -> FILE_OPS -> READ -> NAVIGATE -> FILE_OPS,1
5,FILE_OPS -> READ -> NAVIGATE -> FILE_OPS -> NAVIGATE,1
5,FILE_OPS -> NAVIGATE -> WRITE -> NAVIGATE -> UTIL,1
5,NAVIGATE -> WRITE -> NAVIGATE -> UTIL -> READ,1
5,WRITE -> NAVIGATE -> UTIL -> READ -> READ,1
5,NAVIGATE -> UTIL -> READ -> READ -> NAVIGATE,1
5,UTIL -> READ -> READ -> NAVIGATE -> WRITE,1
5,READ -> READ -> NAVIGATE -> WRITE -> BUILD,1
5,READ -> NAVIGATE -> WRITE -> BUILD -> READ,1
5,WRITE -> BUILD -> READ -> NAVIGATE -> UTIL,1
5,BUILD -> READ -> NAVIGATE -> UTIL -> BUILD,1
5,READ -> NAVIGATE -> UTIL -> BUILD -> NAVIGATE,1
5,NAVIGATE -> UTIL -> BUILD -> NAVIGATE -> FILE_OPS,1
5,UTIL -> BUILD -> NAVIGATE -> FILE_OPS -> NAVIGATE,1
5,NAVIGATE -> FILE_OPS -> NAVIGATE -> WRITE -> BUILD,1
5,FILE_OPS -> NAVIGATE -> WRITE -> BUILD -> READ,1
5,WRITE -> BUILD -> READ -> NAVIGATE -> FILE_OPS,1
5,BUILD -> READ -> NAVIGATE -> FILE_OPS -> NAVIGATE,1
5,READ -> NAVIGATE -> FILE_OPS -> NAVIGATE -> BUILD,1
5,FILE_OPS -> NAVIGATE -> BUILD -> NAVIGATE -> SCRIPT,1
5,NAVIGATE -> BUILD -> NAVIGATE -> SCRIPT -> BUILD,1
5,BUILD -> NAVIGATE -> SCRIPT -> BUILD -> TEST,1
5,NAVIGATE -> SCRIPT -> BUILD -> TEST -> NAVIGATE,1
5,SCRIPT -> BUILD -> TEST -> NAVIGATE -> VCS,1
5,TEST -> READ -> BUILD -> TEST -> SEARCH_FILES,1
5,READ -> BUILD -> TEST -> SEARCH_FILES -> SEARCH_FILES,1
5,BUILD -> TEST -> SEARCH_FILES -> SEARCH_FILES -> SEARCH_FILES,1
5,WRITE -> WRITE -> WRITE -> WRITE -> READ,1
5,WRITE -> READ -> WRITE -> SEARCH_CONTENT -> WRITE,1
5,READ -> WRITE -> SEARCH_CONTENT -> WRITE -> FILE_OPS,1
5,WRITE -> SEARCH_CONTENT -> WRITE -> FILE_OPS -> WRITE,1
5,SEARCH_CONTENT -> WRITE -> FILE_OPS -> WRITE -> BUILD,1
5,NAVIGATE -> BUILD -> WRITE -> SEARCH_CONTENT -> READ,1
5,BUILD -> WRITE -> SEARCH_CONTENT -> READ -> READ,1
5,WRITE -> SEARCH_CONTENT -> READ -> READ -> SEARCH_CONTENT,1
5,BUILD -> WRITE -> READ -> NAVIGATE -> FILE_OPS,1
5,WRITE -> READ -> NAVIGATE -> FILE_OPS -> SEARCH_CONTENT,1
5,READ -> NAVIGATE -> FILE_OPS -> SEARCH_CONTENT -> NAVIGATE,1
5,NAVIGATE -> FILE_OPS -> SEARCH_CONTENT -> NAVIGATE -> WRITE,1
5,FILE_OPS -> SEARCH_CONTENT -> NAVIGATE -> WRITE -> NAVIGATE,1
5,NAVIGATE -> BUILD -> NAVIGATE -> FILE_OPS -> READ,1
5,BUILD -> NAVIGATE -> FILE_OPS -> READ -> NAVIGATE,1
5,NAVIGATE -> FILE_OPS -> READ -> NAVIGATE -> SEARCH_CONTENT,1
5,FILE_OPS -> READ -> NAVIGATE -> SEARCH_CONTENT -> READ,1
5,BUILD -> BUILD -> NAVIGATE -> FILE_OPS -> WRITE,1
5,BUILD -> NAVIGATE -> FILE_OPS -> WRITE -> WRITE,1
5,NAVIGATE -> FILE_OPS -> WRITE -> WRITE -> NAVIGATE,1
5,FILE_OPS -> WRITE -> WRITE -> NAVIGATE -> TEST,1
5,WRITE -> WRITE -> NAVIGATE -> WRITE -> OTHER,1
5,WRITE -> NAVIGATE -> WRITE -> OTHER -> WRITE,1
5,NAVIGATE -> WRITE -> OTHER -> WRITE -> FILE_OPS,1
5,WRITE -> OTHER -> WRITE -> FILE_OPS -> NAVIGATE,1
5,OTHER -> WRITE -> FILE_OPS -> NAVIGATE -> SCRIPT,1
5,WRITE -> FILE_OPS -> NAVIGATE -> SCRIPT -> NAVIGATE,1
5,FILE_OPS -> NAVIGATE -> SCRIPT -> NAVIGATE -> BUILD,1
5,NAVIGATE -> SCRIPT -> NAVIGATE -> BUILD -> NAVIGATE,1
5,SCRIPT -> NAVIGATE -> BUILD -> NAVIGATE -> SEARCH_CONTENT,1
5,NAVIGATE -> BUILD -> NAVIGATE -> SEARCH_CONTENT -> WRITE,1
5,BUILD -> READ -> WRITE -> READ -> VCS,1
5,READ -> VCS -> WRITE -> BUILD -> READ,1
5,VCS -> WRITE -> BUILD -> READ -> WRITE,1
5,WRITE -> BUILD -> READ -> WRITE -> NAVIGATE,1
5,BUILD -> READ -> WRITE -> NAVIGATE -> WRITE,1
5,WRITE -> NAVIGATE -> WRITE -> NAVIGATE -> VCS,1
5,VCS -> NAVIGATE -> SEARCH_CONTENT -> NAVIGATE -> WRITE,1
5,SEARCH_CONTENT -> NAVIGATE -> WRITE -> WRITE -> BUILD,1
5,NAVIGATE -> WRITE -> WRITE -> BUILD -> NAVIGATE,1
5,WRITE -> BUILD -> NAVIGATE -> VCS -> NAVIGATE,1
5,BUILD -> NAVIGATE -> VCS -> NAVIGATE -> WRITE,1
5,WRITE -> READ -> NAVIGATE -> WRITE -> READ,1
5,READ -> NAVIGATE -> WRITE -> READ -> NAVIGATE,1
5,WRITE -> READ -> NAVIGATE -> WRITE -> BUILD,1
5,READ -> NAVIGATE -> WRITE -> BUILD -> TEST,1
5,NAVIGATE -> WRITE -> BUILD -> TEST -> WRITE,1
5,READ -> WRITE -> BUILD -> WRITE -> WRITE,1
5,WRITE -> BUILD -> WRITE -> WRITE -> BUILD,1
5,BUILD -> WRITE -> WRITE -> BUILD -> READ,1
5,WRITE -> WRITE -> BUILD -> READ -> WRITE,1
5,WRITE -> BUILD -> READ -> WRITE -> TEST,1
5,BUILD -> READ -> WRITE -> TEST -> READ,1
5,READ -> WRITE -> TEST -> READ -> READ,1
5,WRITE -> TEST -> READ -> READ -> VCS,1
5,TEST -> READ -> READ -> VCS -> TEST,1
5,READ -> READ -> VCS -> TEST -> TEST,1
5,READ -> VCS -> TEST -> TEST -> READ,1
5,VCS -> TEST -> TEST -> READ -> TEST,1
5,TEST -> TEST -> READ -> SEARCH_FILES -> SEARCH_CONTENT,1
5,TEST -> READ -> SEARCH_FILES -> SEARCH_CONTENT -> SEARCH_FILES,1
5,WRITE -> READ -> WRITE -> READ -> BUILD,1
5,READ -> WRITE -> READ -> BUILD -> TEST,1
5,READ -> BUILD -> TEST -> READ -> WRITE,1
5,READ -> WRITE -> WRITE -> WRITE -> UTIL,1
5,WRITE -> WRITE -> WRITE -> UTIL -> BUILD,1
5,WRITE -> WRITE -> UTIL -> BUILD -> PATCH,1
5,WRITE -> UTIL -> BUILD -> PATCH -> UTIL,1
5,UTIL -> BUILD -> PATCH -> UTIL -> WRITE,1
5,BUILD -> PATCH -> UTIL -> WRITE -> BUILD,1
5,PATCH -> UTIL -> WRITE -> BUILD -> TEST,1
5,TEST -> READ -> VCS -> WRITE -> WRITE,1
5,READ -> VCS -> WRITE -> WRITE -> WRITE,1
5,WRITE -> WRITE -> WRITE -> BUILD -> VCS,1
5,WRITE -> BUILD -> VCS -> WRITE -> WRITE,1
5,BUILD -> VCS -> WRITE -> WRITE -> BUILD,1
5,VCS -> WRITE -> WRITE -> BUILD -> VCS,1
5,WRITE -> BUILD -> VCS -> WRITE -> READ,1
5,BUILD -> VCS -> WRITE -> READ -> VCS,1
5,VCS -> WRITE -> READ -> VCS -> WRITE,1
5,WRITE -> READ -> VCS -> WRITE -> WRITE,1
5,READ -> VCS -> WRITE -> WRITE -> READ,1
5,TEST -> TEST -> READ -> SEARCH_CONTENT -> VCS,1
5,READ -> SEARCH_CONTENT -> SEARCH_CONTENT -> READ -> SEARCH_FILES,1
5,SEARCH_CONTENT -> SEARCH_CONTENT -> READ -> SEARCH_FILES -> READ,1
5,SEARCH_CONTENT -> READ -> SEARCH_FILES -> READ -> BUILD,1
5,SEARCH_FILES -> READ -> BUILD -> TEST -> READ,1
5,READ -> READ -> SEARCH_FILES -> SEARCH_CONTENT -> TEST,1
5,READ -> SEARCH_FILES -> SEARCH_CONTENT -> TEST -> TEST,1
5,SEARCH_FILES -> SEARCH_CONTENT -> TEST -> TEST -> READ,1
5,SEARCH_CONTENT -> TEST -> TEST -> READ -> TEST,1
5,TEST -> READ -> TEST -> WRITE -> NAVIGATE,1
5,READ -> TEST -> WRITE -> NAVIGATE -> PATCH,1
5,WRITE -> TEST -> BUILD -> TEST -> WRITE,1
5,TEST -> BUILD -> TEST -> WRITE -> NAVIGATE,1
5,BUILD -> TEST -> WRITE -> NAVIGATE -> VCS,1
5,SEARCH_CONTENT -> READ -> BUILD -> TEST -> BUILD,1
5,BUILD -> TEST -> BUILD -> WRITE -> TEST,1
5,TEST -> BUILD -> WRITE -> TEST -> BUILD,1
5,BUILD -> WRITE -> TEST -> BUILD -> BUILD,1
5,WRITE -> TEST -> BUILD -> BUILD -> TEST,1
5,TEST -> BUILD -> BUILD -> TEST -> WRITE,1
5,BUILD -> TEST -> WRITE -> BUILD -> SEARCH_CONTENT,1
5,TEST -> WRITE -> BUILD -> SEARCH_CONTENT -> SEARCH_CONTENT,1
5,WRITE -> BUILD -> SEARCH_CONTENT -> SEARCH_CONTENT -> SEARCH_CONTENT,1
5,SEARCH_CONTENT -> READ -> SEARCH_CONTENT -> WRITE -> TEST,1
5,WRITE -> TEST -> TEST -> READ -> TEST,1
5,TEST -> READ -> TEST -> VCS -> VCS,1
5,READ -> TEST -> VCS -> VCS -> TEST,1
5,TEST -> VCS -> VCS -> TEST -> WRITE,1
5,VCS -> VCS -> TEST -> WRITE -> READ,1
5,VCS -> TEST -> WRITE -> READ -> READ,1
5,BUILD -> TEST -> TEST -> VCS -> TEST,1
5,TEST -> VCS -> TEST -> VCS -> VCS,1
5,VCS -> TEST -> VCS -> VCS -> VCS,1
5,READ -> TEST -> SEARCH_CONTENT -> SEARCH_FILES -> SEARCH_FILES,1
5,TEST -> SEARCH_CONTENT -> SEARCH_FILES -> SEARCH_FILES -> READ,1
5,SEARCH_CONTENT -> SEARCH_FILES -> SEARCH_FILES -> READ -> READ,1
5,SEARCH_FILES -> READ -> NAVIGATE -> BUILD -> SEARCH_FILES,1
5,READ -> NAVIGATE -> BUILD -> SEARCH_FILES -> NAVIGATE,1
5,NAVIGATE -> BUILD -> SEARCH_FILES -> NAVIGATE -> TEST,1
5,BUILD -> SEARCH_FILES -> NAVIGATE -> TEST -> SEARCH_CONTENT,1
5,SEARCH_FILES -> NAVIGATE -> TEST -> SEARCH_CONTENT -> READ,1
5,SEARCH_CONTENT -> READ -> WRITE -> NAVIGATE -> PATCH,1
5,PATCH -> READ -> WRITE -> NAVIGATE -> PATCH,1
5,READ -> SEARCH_CONTENT -> TEST -> TEST -> SEARCH_FILES,1
5,SEARCH_CONTENT -> TEST -> TEST -> SEARCH_FILES -> READ,1
5,SEARCH_CONTENT -> READ -> SEARCH_CONTENT -> WRITE -> WRITE,1
5,NAVIGATE -> SEARCH_CONTENT -> NAVIGATE -> TEST -> NAVIGATE,1
5,WRITE -> NAVIGATE -> TEST -> SEARCH_CONTENT -> NAVIGATE,1
5,NAVIGATE -> TEST -> SEARCH_CONTENT -> NAVIGATE -> VCS,1
5,VCS -> NAVIGATE -> TEST -> NAVIGATE -> TEST,1
5,WRITE -> NAVIGATE -> VCS -> NAVIGATE -> READ,1
5,NAVIGATE -> VCS -> NAVIGATE -> READ -> SEARCH_CONTENT,1
5,VCS -> NAVIGATE -> READ -> SEARCH_CONTENT -> WRITE,1
5,NAVIGATE -> READ -> SEARCH_CONTENT -> WRITE -> WRITE,1
5,WRITE -> TEST -> TEST -> TEST -> BUILD,1
5,TEST -> TEST -> TEST -> BUILD -> WRITE,1
5,TEST -> TEST -> BUILD -> WRITE -> BUILD,1
5,TEST -> BUILD -> WRITE -> BUILD -> BUILD,1
5,BUILD -> TEST -> WRITE -> READ -> BUILD,1
5,TEST -> WRITE -> READ -> BUILD -> TEST,1
5,READ -> BUILD -> TEST -> READ -> SEARCH_FILES,1
5,BUILD -> TEST -> READ -> SEARCH_FILES -> NAVIGATE,1
5,TEST -> READ -> SEARCH_FILES -> NAVIGATE -> BUILD,1
5,READ -> SEARCH_FILES -> NAVIGATE -> BUILD -> WRITE,1
5,SEARCH_FILES -> NAVIGATE -> BUILD -> WRITE -> BUILD,1
5,WRITE -> BUILD -> TEST -> TEST -> FILE_OPS,1
5,BUILD -> TEST -> TEST -> FILE_OPS -> VCS,1
5,TEST -> TEST -> FILE_OPS -> VCS -> VCS,1
5,TEST -> FILE_OPS -> VCS -> VCS -> VCS,1
5,FILE_OPS -> VCS -> VCS -> VCS -> VCS,1
5,TEST -> TEST -> READ -> READ -> TEST,1
5,SEARCH_CONTENT -> READ -> BUILD -> TEST -> READ,1
5,READ -> SEARCH_CONTENT -> NAVIGATE -> BUILD -> VCS,1
5,SEARCH_CONTENT -> NAVIGATE -> BUILD -> VCS -> SEARCH_CONTENT,1
5,NAVIGATE -> BUILD -> VCS -> SEARCH_CONTENT -> READ,1
5,BUILD -> VCS -> SEARCH_CONTENT -> READ -> SEARCH_CONTENT,1
5,VCS -> SEARCH_CONTENT -> READ -> SEARCH_CONTENT -> READ,1
5,TEST -> TEST -> TEST -> BUILD -> SEARCH_CONTENT,1
5,TEST -> BUILD -> SEARCH_CONTENT -> READ -> READ,1
5,SEARCH_CONTENT -> READ -> TEST -> READ -> NAVIGATE,1
5,READ -> TEST -> READ -> NAVIGATE -> BUILD,1
5,TEST -> READ -> NAVIGATE -> BUILD -> SEARCH_FILES,1
5,READ -> NAVIGATE -> BUILD -> SEARCH_FILES -> SEARCH_CONTENT,1
5,NAVIGATE -> BUILD -> SEARCH_FILES -> SEARCH_CONTENT -> SEARCH_FILES,1
5,BUILD -> SEARCH_FILES -> SEARCH_CONTENT -> SEARCH_FILES -> READ,1
5,SEARCH_FILES -> SEARCH_CONTENT -> SEARCH_FILES -> READ -> SEARCH_CONTENT,1
5,SEARCH_CONTENT -> READ -> SEARCH_CONTENT -> READ -> SEARCH_FILES,1
5,SEARCH_CONTENT -> READ -> SEARCH_FILES -> SEARCH_CONTENT -> WRITE,1
5,READ -> SEARCH_FILES -> SEARCH_CONTENT -> WRITE -> SEARCH_CONTENT,1
5,SEARCH_FILES -> SEARCH_CONTENT -> WRITE -> SEARCH_CONTENT -> READ,1
5,SEARCH_CONTENT -> WRITE -> SEARCH_CONTENT -> READ -> SEARCH_CONTENT,1
5,WRITE -> TEST -> BUILD -> NAVIGATE -> BUILD,1
5,TEST -> BUILD -> NAVIGATE -> BUILD -> WRITE,1
5,WRITE -> WRITE -> BUILD -> TEST -> SEARCH_CONTENT,1
5,READ -> WRITE -> TEST -> READ -> UTIL,1
5,WRITE -> TEST -> READ -> UTIL -> NAVIGATE,1
5,TEST -> READ -> UTIL -> NAVIGATE -> VCS,1
5,READ -> UTIL -> NAVIGATE -> VCS -> NAVIGATE,1
5,READ -> TEST -> READ -> SEARCH_CONTENT -> SEARCH_FILES,1
5,TEST -> NAVIGATE -> TEST -> SEARCH_CONTENT -> SEARCH_CONTENT,1
5,NAVIGATE -> TEST -> SEARCH_CONTENT -> SEARCH_CONTENT -> READ,1
5,SEARCH_CONTENT -> SEARCH_CONTENT -> READ -> SEARCH_CONTENT -> SEARCH_FILES,1
5,SEARCH_CONTENT -> SEARCH_FILES -> READ -> WRITE -> WRITE,1
5,BUILD -> TEST -> READ -> READ -> WRITE,1
5,READ -> SEARCH_CONTENT -> NAVIGATE -> SEARCH_CONTENT -> SEARCH_FILES,1
5,NAVIGATE -> SEARCH_CONTENT -> SEARCH_FILES -> READ -> BUILD,1
5,SEARCH_CONTENT -> SEARCH_FILES -> READ -> BUILD -> NAVIGATE,1
5,SEARCH_FILES -> READ -> BUILD -> NAVIGATE -> SEARCH_CONTENT,1
5,READ -> BUILD -> NAVIGATE -> SEARCH_CONTENT -> SEARCH_FILES,1
5,BUILD -> NAVIGATE -> SEARCH_CONTENT -> SEARCH_FILES -> NAVIGATE,1
5,NAVIGATE -> SEARCH_CONTENT -> SEARCH_FILES -> NAVIGATE -> SEARCH_CONTENT,1
5,SEARCH_CONTENT -> SEARCH_FILES -> NAVIGATE -> SEARCH_CONTENT -> READ,1
5,SEARCH_FILES -> NAVIGATE -> SEARCH_CONTENT -> READ -> NAVIGATE,1
5,NAVIGATE -> SEARCH_CONTENT -> NAVIGATE -> SEARCH_FILES -> SEARCH_FILES,1
5,SEARCH_CONTENT -> NAVIGATE -> SEARCH_FILES -> SEARCH_FILES -> NAVIGATE,1
5,NAVIGATE -> SEARCH_FILES -> SEARCH_FILES -> NAVIGATE -> SEARCH_CONTENT,1
5,SEARCH_FILES -> SEARCH_FILES -> NAVIGATE -> SEARCH_CONTENT -> NAVIGATE,1
5,SEARCH_CONTENT -> NAVIGATE -> SEARCH_CONTENT -> NAVIGATE -> BUILD,1
5,NAVIGATE -> SEARCH_CONTENT -> NAVIGATE -> BUILD -> OTHER,1
5,SEARCH_CONTENT -> NAVIGATE -> BUILD -> OTHER -> WRITE,1
5,NAVIGATE -> BUILD -> OTHER -> WRITE -> NAVIGATE,1
5,BUILD -> OTHER -> WRITE -> NAVIGATE -> BUILD,1
5,OTHER -> WRITE -> NAVIGATE -> BUILD -> WRITE,1
5,BUILD -> WRITE -> READ -> WRITE -> TEST,1
5,READ -> WRITE -> TEST -> TEST -> READ,1
5,WRITE -> TEST -> TEST -> READ -> READ,1
5,TEST -> READ -> READ -> WRITE -> TEST,1
5,READ -> READ -> WRITE -> TEST -> NAVIGATE,1
5,READ -> WRITE -> TEST -> NAVIGATE -> SEARCH_CONTENT,1
5,WRITE -> TEST -> NAVIGATE -> SEARCH_CONTENT -> WRITE,1
5,TEST -> NAVIGATE -> SEARCH_CONTENT -> WRITE -> BUILD,1
5,SEARCH_CONTENT -> WRITE -> BUILD -> NAVIGATE -> SEARCH_CONTENT,1
5,WRITE -> BUILD -> NAVIGATE -> SEARCH_CONTENT -> WRITE,1
5,BUILD -> NAVIGATE -> SEARCH_CONTENT -> WRITE -> TEST,1
5,NAVIGATE -> SEARCH_CONTENT -> WRITE -> TEST -> TEST,1
5,READ -> WRITE -> WRITE -> TEST -> VCS,1
5,WRITE -> WRITE -> TEST -> VCS -> VCS,1
5,WRITE -> TEST -> VCS -> VCS -> VCS,1
5,TEST -> VCS -> VCS -> VCS -> VCS,1
5,VCS -> VCS -> VCS -> VCS -> WRITE,1
5,VCS -> VCS -> VCS -> WRITE -> TEST,1
5,TEST -> TEST -> TEST -> READ -> BUILD,1
5,TEST -> READ -> BUILD -> SEARCH_FILES -> SEARCH_FILES,1
5,READ -> BUILD -> SEARCH_FILES -> SEARCH_FILES -> SEARCH_FILES,1
5,BUILD -> SEARCH_FILES -> SEARCH_FILES -> SEARCH_FILES -> READ,1
5,READ -> READ -> WRITE -> SEARCH_CONTENT -> SEARCH_FILES,1
5,READ -> WRITE -> SEARCH_CONTENT -> SEARCH_FILES -> READ,1
5,READ -> READ -> BUILD -> TEST -> NAVIGATE,1
5,READ -> BUILD -> TEST -> NAVIGATE -> BUILD,1
5,BUILD -> TEST -> NAVIGATE -> BUILD -> SEARCH_CONTENT,1
5,TEST -> NAVIGATE -> BUILD -> SEARCH_CONTENT -> SEARCH_CONTENT,1
5,BUILD -> SEARCH_CONTENT -> SEARCH_CONTENT -> SEARCH_CONTENT -> READ,1
5,READ -> SEARCH_CONTENT -> SEARCH_CONTENT -> SEARCH_CONTENT -> NAVIGATE,1
5,SEARCH_CONTENT -> SEARCH_CONTENT -> SEARCH_CONTENT -> NAVIGATE -> SEARCH_CONTENT,1
5,SEARCH_CONTENT -> SEARCH_CONTENT -> NAVIGATE -> SEARCH_CONTENT -> SEARCH_FILES,1
5,SEARCH_CONTENT -> NAVIGATE -> SEARCH_CONTENT -> SEARCH_FILES -> NAVIGATE,1
5,NAVIGATE -> SEARCH_CONTENT -> SEARCH_FILES -> NAVIGATE -> SEARCH_FILES,1
5,SEARCH_CONTENT -> SEARCH_FILES -> NAVIGATE -> SEARCH_FILES -> NAVIGATE,1
5,SEARCH_FILES -> NAVIGATE -> SEARCH_FILES -> NAVIGATE -> SEARCH_CONTENT,1
5,SEARCH_CONTENT -> NAVIGATE -> SEARCH_CONTENT -> SEARCH_CONTENT -> READ,1
5,READ -> WRITE -> TEST -> TEST -> NAVIGATE,1
5,TEST -> TEST -> NAVIGATE -> BUILD -> BUILD,1
5,TEST -> NAVIGATE -> BUILD -> BUILD -> READ,1
5,BUILD -> READ -> WRITE -> NAVIGATE -> SEARCH_CONTENT,1
5,WRITE -> NAVIGATE -> SEARCH_CONTENT -> NAVIGATE -> SEARCH_CONTENT,1
5,NAVIGATE -> SEARCH_CONTENT -> NAVIGATE -> SEARCH_CONTENT -> SEARCH_FILES,1
5,NAVIGATE -> SEARCH_CONTENT -> SEARCH_FILES -> READ -> NAVIGATE,1
5,SEARCH_FILES -> READ -> NAVIGATE -> SEARCH_CONTENT -> NAVIGATE,1
5,NAVIGATE -> SEARCH_CONTENT -> WRITE -> NAVIGATE -> SEARCH_FILES,1
5,SEARCH_CONTENT -> WRITE -> NAVIGATE -> SEARCH_FILES -> READ,1
5,WRITE -> NAVIGATE -> SEARCH_FILES -> READ -> NAVIGATE,1
5,NAVIGATE -> SEARCH_FILES -> READ -> NAVIGATE -> VCS,1
5,SEARCH_FILES -> READ -> NAVIGATE -> VCS -> BUILD,1
5,READ -> NAVIGATE -> VCS -> BUILD -> TEST,1
5,NAVIGATE -> VCS -> BUILD -> TEST -> NAVIGATE,1
5,VCS -> BUILD -> TEST -> NAVIGATE -> VCS,1
5,VCS -> NAVIGATE -> VCS -> TEST -> NAVIGATE,1
5,NAVIGATE -> VCS -> TEST -> NAVIGATE -> SEARCH_CONTENT,1
5,VCS -> TEST -> NAVIGATE -> SEARCH_CONTENT -> READ,1
5,SEARCH_CONTENT -> READ -> READ -> NAVIGATE -> SEARCH_CONTENT,1
5,SEARCH_CONTENT -> READ -> NAVIGATE -> SEARCH_CONTENT -> WRITE,1
5,NAVIGATE -> BUILD -> SEARCH_CONTENT -> WRITE -> NAVIGATE,1
5,BUILD -> SEARCH_CONTENT -> WRITE -> NAVIGATE -> VCS,1
5,SEARCH_CONTENT -> WRITE -> NAVIGATE -> VCS -> WRITE,1
5,READ -> READ -> SEARCH_FILES -> SEARCH_FILES -> BUILD,1
5,READ -> SEARCH_FILES -> SEARCH_FILES -> BUILD -> TEST,1
5,SEARCH_FILES -> SEARCH_FILES -> BUILD -> TEST -> TEST,1
5,SEARCH_FILES -> BUILD -> TEST -> TEST -> SEARCH_CONTENT,1
5,BUILD -> TEST -> TEST -> SEARCH_CONTENT -> READ,1
5,BUILD -> TEST -> READ -> WRITE -> TEST,1
5,READ -> WRITE -> TEST -> READ -> TEST,1
5,WRITE -> TEST -> READ -> TEST -> SEARCH_CONTENT,1
5,TEST -> READ -> TEST -> SEARCH_CONTENT -> WRITE,1
5,READ -> TEST -> SEARCH_CONTENT -> WRITE -> BUILD,1
5,BUILD -> TEST -> WRITE -> SEARCH_CONTENT -> SEARCH_FILES,1
5,TEST -> WRITE -> SEARCH_CONTENT -> SEARCH_FILES -> SEARCH_CONTENT,1
5,WRITE -> SEARCH_CONTENT -> SEARCH_FILES -> SEARCH_CONTENT -> BUILD,1
5,SEARCH_CONTENT -> SEARCH_FILES -> SEARCH_CONTENT -> BUILD -> TEST,1
5,SEARCH_FILES -> SEARCH_CONTENT -> BUILD -> TEST -> WRITE,1
5,SEARCH_CONTENT -> BUILD -> TEST -> WRITE -> BUILD,1
5,BUILD -> TEST -> WRITE -> SEARCH_CONTENT -> TEST,1
5,TEST -> READ -> SEARCH_FILES -> SEARCH_FILES -> TEST,1
5,READ -> SEARCH_FILES -> SEARCH_FILES -> TEST -> READ,1
5,SEARCH_FILES -> SEARCH_FILES -> TEST -> READ -> SEARCH_CONTENT,1
5,SEARCH_FILES -> TEST -> READ -> SEARCH_CONTENT -> SEARCH_CONTENT,1
5,SEARCH_CONTENT -> READ -> READ -> BUILD -> SEARCH_CONTENT,1
5,READ -> READ -> BUILD -> SEARCH_CONTENT -> READ,1
5,READ -> BUILD -> SEARCH_CONTENT -> READ -> READ,1
5,BUILD -> SEARCH_CONTENT -> READ -> READ -> TEST,1
5,SEARCH_CONTENT -> READ -> READ -> TEST -> WRITE,1
5,READ -> TEST -> WRITE -> READ -> READ,1
5,BUILD -> TEST -> TEST -> READ -> BUILD,1
5,TEST -> TEST -> READ -> BUILD -> TEST,1
5,BUILD -> TEST -> BUILD -> WRITE -> READ,1
5,TEST -> BUILD -> WRITE -> READ -> WRITE,1
5,SEARCH_CONTENT -> SEARCH_CONTENT -> READ -> READ -> TEST,1
5,SEARCH_CONTENT -> READ -> READ -> TEST -> BUILD,1
5,READ -> READ -> TEST -> BUILD -> BUILD,1
5,READ -> TEST -> BUILD -> BUILD -> SEARCH_CONTENT,1
5,TEST -> BUILD -> BUILD -> SEARCH_CONTENT -> READ,1
5,BUILD -> SEARCH_CONTENT -> READ -> READ -> SEARCH_CONTENT,1
5,SEARCH_CONTENT -> READ -> BUILD -> WRITE -> WRITE,1
5,READ -> BUILD -> WRITE -> WRITE -> BUILD,1
5,WRITE -> WRITE -> BUILD -> BUILD -> SEARCH_CONTENT,1
5,WRITE -> TEST -> WRITE -> BUILD -> VCS,1
5,TEST -> WRITE -> BUILD -> VCS -> VCS,1
5,WRITE -> BUILD -> VCS -> VCS -> VCS,1
5,BUILD -> VCS -> VCS -> VCS -> WRITE,1
5,VCS -> VCS -> VCS -> WRITE -> BUILD,1
5,VCS -> VCS -> WRITE -> BUILD -> TEST,1
5,VCS -> WRITE -> BUILD -> TEST -> VCS,1
5,BUILD -> TEST -> WRITE -> BUILD -> VCS,1
5,TEST -> READ -> TEST -> BUILD -> TEST,1
5,READ -> TEST -> BUILD -> TEST -> SEARCH_CONTENT,1
5,TEST -> BUILD -> TEST -> SEARCH_CONTENT -> SEARCH_CONTENT,1
5,BUILD -> TEST -> SEARCH_CONTENT -> SEARCH_CONTENT -> SEARCH_FILES,1
5,TEST -> READ -> SEARCH_CONTENT -> TEST -> NAVIGATE,1
5,READ -> SEARCH_CONTENT -> TEST -> NAVIGATE -> BUILD,1
5,SEARCH_CONTENT -> TEST -> NAVIGATE -> BUILD -> NAVIGATE,1
5,BUILD -> NAVIGATE -> BUILD -> SEARCH_CONTENT -> READ,1
5,READ -> READ -> READ -> SEARCH_FILES -> WRITE,1
5,READ -> READ -> SEARCH_FILES -> WRITE -> READ,1
5,READ -> SEARCH_FILES -> WRITE -> READ -> NAVIGATE,1
5,SEARCH_FILES -> WRITE -> READ -> NAVIGATE -> TEST,1
5,TEST -> WRITE -> NAVIGATE -> BUILD -> SEARCH_CONTENT,1
5,WRITE -> NAVIGATE -> BUILD -> SEARCH_CONTENT -> SEARCH_CONTENT,1
5,NAVIGATE -> BUILD -> SEARCH_CONTENT -> SEARCH_CONTENT -> WRITE,1
5,BUILD -> SEARCH_CONTENT -> SEARCH_CONTENT -> WRITE -> READ,1
5,SEARCH_CONTENT -> SEARCH_CONTENT -> WRITE -> READ -> READ,1
5,SEARCH_CONTENT -> WRITE -> READ -> READ -> WRITE,1
5,WRITE -> NAVIGATE -> BUILD -> SEARCH_CONTENT -> SEARCH_FILES,1
5,NAVIGATE -> BUILD -> SEARCH_CONTENT -> SEARCH_FILES -> WRITE,1
5,BUILD -> SEARCH_CONTENT -> SEARCH_FILES -> WRITE -> READ,1
5,SEARCH_CONTENT -> SEARCH_FILES -> WRITE -> READ -> WRITE,1
5,SEARCH_FILES -> WRITE -> READ -> WRITE -> NAVIGATE,1
5,VCS -> NAVIGATE -> TEST -> WRITE -> READ,1
5,TEST -> WRITE -> WRITE -> WRITE -> BUILD,1
5,WRITE -> WRITE -> READ -> WRITE -> TEST,1
5,READ -> WRITE -> TEST -> NAVIGATE -> SEARCH_FILES,1
5,WRITE -> TEST -> NAVIGATE -> SEARCH_FILES -> SEARCH_CONTENT,1
5,TEST -> NAVIGATE -> SEARCH_FILES -> SEARCH_CONTENT -> NAVIGATE,1
5,NAVIGATE -> SEARCH_FILES -> SEARCH_CONTENT -> NAVIGATE -> VCS,1
5,SEARCH_FILES -> SEARCH_CONTENT -> NAVIGATE -> VCS -> NAVIGATE,1
5,READ -> WRITE -> TEST -> BUILD -> READ,1
5,WRITE -> TEST -> BUILD -> READ -> SEARCH_CONTENT,1
5,TEST -> BUILD -> READ -> SEARCH_CONTENT -> READ,1
5,BUILD -> TEST -> WRITE -> TEST -> SEARCH_CONTENT,1
5,TEST -> WRITE -> TEST -> SEARCH_CONTENT -> WRITE,1
5,WRITE -> TEST -> SEARCH_CONTENT -> WRITE -> BUILD,1
5,SEARCH_CONTENT -> WRITE -> BUILD -> WRITE -> SEARCH_CONTENT,1
5,WRITE -> BUILD -> WRITE -> SEARCH_CONTENT -> WRITE,1
5,BUILD -> WRITE -> SEARCH_CONTENT -> WRITE -> BUILD,1
5,TEST -> TEST -> WRITE -> TEST -> READ,1
5,TEST -> WRITE -> TEST -> READ -> WRITE,1
5,TEST -> TEST -> READ -> READ -> SEARCH_CONTENT,1
5,TEST -> READ -> READ -> SEARCH_CONTENT -> SEARCH_FILES,1
5,TEST -> BUILD -> SEARCH_FILES -> SEARCH_FILES -> READ,1
5,BUILD -> SEARCH_FILES -> SEARCH_FILES -> READ -> READ,1
5,READ -> TEST -> SEARCH_FILES -> READ -> TEST,1
5,READ -> VCS -> TEST -> READ -> TEST,1
5,VCS -> TEST -> READ -> TEST -> READ,1
5,READ -> NAVIGATE -> WRITE -> WRITE -> BUILD,1
5,NAVIGATE -> WRITE -> WRITE -> BUILD -> TEST,1
5,BUILD -> TEST -> VCS -> VCS -> VCS,1
5,VCS -> VCS -> VCS -> WRITE -> READ,1
5,VCS -> VCS -> WRITE -> READ -> WRITE,1
5,READ -> WRITE -> WRITE -> READ -> BUILD,1
5,READ -> BUILD -> TEST -> VCS -> TEST,1
5,BUILD -> TEST -> VCS -> TEST -> TEST,1
5,TEST -> VCS -> TEST -> TEST -> VCS,1
5,READ -> SEARCH_CONTENT -> READ -> SEARCH_FILES -> SEARCH_FILES,1
5,SEARCH_CONTENT -> READ -> SEARCH_FILES -> SEARCH_FILES -> SEARCH_CONTENT,1
5,READ -> SEARCH_FILES -> SEARCH_FILES -> SEARCH_CONTENT -> SEARCH_CONTENT,1
5,SEARCH_FILES -> SEARCH_FILES -> SEARCH_CONTENT -> SEARCH_CONTENT -> SEARCH_CONTENT,1
5,SEARCH_FILES -> READ -> SEARCH_CONTENT -> SEARCH_CONTENT -> SEARCH_FILES,1
5,READ -> SEARCH_CONTENT -> SEARCH_CONTENT -> SEARCH_FILES -> SEARCH_CONTENT,1
5,SEARCH_CONTENT -> SEARCH_CONTENT -> SEARCH_FILES -> SEARCH_CONTENT -> READ,1
5,SEARCH_FILES -> SEARCH_CONTENT -> READ -> SEARCH_FILES -> TEST,1
5,SEARCH_CONTENT -> READ -> SEARCH_FILES -> TEST -> SEARCH_CONTENT,1
5,READ -> SEARCH_FILES -> TEST -> SEARCH_CONTENT -> READ,1
5,SEARCH_FILES -> TEST -> SEARCH_CONTENT -> READ -> SEARCH_CONTENT,1
5,TEST -> SEARCH_CONTENT -> READ -> SEARCH_CONTENT -> NAVIGATE,1
5,SEARCH_CONTENT -> READ -> SEARCH_CONTENT -> NAVIGATE -> SEARCH_FILES,1
5,READ -> SEARCH_CONTENT -> NAVIGATE -> SEARCH_FILES -> READ,1
5,SEARCH_CONTENT -> NAVIGATE -> SEARCH_FILES -> READ -> READ,1
5,PATCH -> WRITE -> NAVIGATE -> PATCH -> NAVIGATE,1
5,NAVIGATE -> PATCH -> NAVIGATE -> BUILD -> NAVIGATE,1
5,PATCH -> NAVIGATE -> BUILD -> NAVIGATE -> TEST,1
5,READ -> TEST -> SEARCH_CONTENT -> SEARCH_CONTENT -> SEARCH_CONTENT,1
5,SEARCH_CONTENT -> SEARCH_CONTENT -> READ -> TEST -> TEST,1
5,READ -> TEST -> TEST -> SEARCH_CONTENT -> WRITE,1
5,TEST -> SEARCH_CONTENT -> SEARCH_CONTENT -> READ -> WRITE,1
5,TEST -> READ -> TEST -> READ -> WRITE,1
5,READ -> TEST -> READ -> WRITE -> TEST,1
5,SEARCH_CONTENT -> READ -> SEARCH_FILES -> READ -> SEARCH_CONTENT,1
5,SEARCH_CONTENT -> SEARCH_CONTENT -> SEARCH_CONTENT -> READ -> TEST,1
5,SEARCH_CONTENT -> READ -> TEST -> READ -> READ,1
5,READ -> TEST -> READ -> READ -> SEARCH_CONTENT,1
5,SEARCH_CONTENT -> SEARCH_CONTENT -> SEARCH_CONTENT -> SEARCH_FILES -> SEARCH_FILES,1
5,SEARCH_CONTENT -> SEARCH_CONTENT -> SEARCH_FILES -> SEARCH_FILES -> READ,1
5,SEARCH_CONTENT -> SEARCH_FILES -> SEARCH_FILES -> READ -> SEARCH_CONTENT,1
5,SEARCH_FILES -> SEARCH_FILES -> READ -> SEARCH_CONTENT -> SEARCH_CONTENT,1
5,READ -> SEARCH_CONTENT -> SEARCH_CONTENT -> SEARCH_CONTENT -> BUILD,1
5,SEARCH_CONTENT -> SEARCH_CONTENT -> SEARCH_CONTENT -> BUILD -> READ,1
5,SEARCH_CONTENT -> SEARCH_CONTENT -> BUILD -> READ -> WRITE,1
5,SEARCH_CONTENT -> BUILD -> READ -> WRITE -> BUILD,1
5,WRITE -> BUILD -> TEST -> TEST -> SEARCH_CONTENT,1
5,BUILD -> TEST -> TEST -> SEARCH_CONTENT -> WRITE,1
5,WRITE -> BUILD -> TEST -> SEARCH_CONTENT -> SEARCH_CONTENT,1
5,BUILD -> TEST -> SEARCH_CONTENT -> SEARCH_CONTENT -> WRITE,1
5,SEARCH_CONTENT -> WRITE -> BUILD -> SEARCH_CONTENT -> WRITE,1
5,WRITE -> BUILD -> SEARCH_CONTENT -> WRITE -> BUILD,1
5,BUILD -> SEARCH_CONTENT -> WRITE -> BUILD -> WRITE,1
5,TEST -> TEST -> VCS -> VCS -> BUILD,1
5,TEST -> VCS -> VCS -> BUILD -> READ,1
5,VCS -> VCS -> BUILD -> READ -> TEST,1
5,VCS -> BUILD -> READ -> TEST -> WRITE,1
5,BUILD -> READ -> TEST -> WRITE -> BUILD,1
5,READ -> TEST -> WRITE -> BUILD -> VCS,1
5,TEST -> WRITE -> BUILD -> VCS -> WRITE,1
5,WRITE -> BUILD -> VCS -> WRITE -> BUILD,1
5,BUILD -> VCS -> WRITE -> BUILD -> TEST,1
5,BUILD -> TEST -> TEST -> VCS -> WRITE,1
5,SEARCH_CONTENT -> READ -> READ -> TEST -> READ,1
5,SEARCH_CONTENT -> READ -> READ -> WRITE -> SEARCH_CONTENT,1
5,TEST -> READ -> WRITE -> VCS -> WRITE,1
5,READ -> WRITE -> VCS -> WRITE -> READ,1
5,WRITE -> VCS -> WRITE -> READ -> WRITE,1
5,VCS -> WRITE -> READ -> WRITE -> BUILD,1
5,TEST -> READ -> VCS -> WRITE -> BUILD,1
5,READ -> VCS -> WRITE -> BUILD -> WRITE,1
5,VCS -> WRITE -> BUILD -> WRITE -> READ,1
5,READ -> READ -> BUILD -> TEST -> READ,1
5,READ -> BUILD -> TEST -> READ -> NAVIGATE,1
5,BUILD -> TEST -> READ -> NAVIGATE -> BUILD,1
5,NAVIGATE -> BUILD -> SEARCH_CONTENT -> SEARCH_CONTENT -> SEARCH_FILES,1
5,BUILD -> SEARCH_CONTENT -> SEARCH_CONTENT -> SEARCH_FILES -> READ,1
5,SEARCH_CONTENT -> SEARCH_CONTENT -> READ -> WRITE -> SEARCH_FILES,1
5,SEARCH_CONTENT -> READ -> WRITE -> SEARCH_FILES -> READ,1
5,READ -> WRITE -> SEARCH_FILES -> READ -> WRITE,1
5,WRITE -> SEARCH_FILES -> READ -> WRITE -> SEARCH_CONTENT,1
5,SEARCH_FILES -> READ -> WRITE -> SEARCH_CONTENT -> READ,1
5,READ -> WRITE -> SEARCH_CONTENT -> READ -> NAVIGATE,1
5,WRITE -> SEARCH_CONTENT -> READ -> NAVIGATE -> TEST,1
5,SEARCH_CONTENT -> READ -> NAVIGATE -> TEST -> UTIL,1
5,TEST -> READ -> READ -> TEST -> SEARCH_CONTENT,1
5,READ -> READ -> TEST -> SEARCH_CONTENT -> SEARCH_CONTENT,1
5,READ -> SEARCH_FILES -> READ -> SEARCH_CONTENT -> BUILD,1
5,SEARCH_FILES -> READ -> SEARCH_CONTENT -> BUILD -> SEARCH_CONTENT,1
5,READ -> SEARCH_CONTENT -> BUILD -> SEARCH_CONTENT -> SEARCH_CONTENT,1
5,SEARCH_CONTENT -> BUILD -> SEARCH_CONTENT -> SEARCH_CONTENT -> SEARCH_CONTENT,1
5,BUILD -> SEARCH_CONTENT -> SEARCH_CONTENT -> SEARCH_CONTENT -> TEST,1
5,SEARCH_CONTENT -> SEARCH_CONTENT -> SEARCH_CONTENT -> TEST -> READ,1
5,SEARCH_CONTENT -> SEARCH_CONTENT -> TEST -> READ -> SEARCH_FILES,1
5,SEARCH_CONTENT -> TEST -> READ -> SEARCH_FILES -> SEARCH_CONTENT,1
5,TEST -> READ -> WRITE -> VCS -> SEARCH_FILES,1
5,READ -> WRITE -> VCS -> SEARCH_FILES -> WRITE,1
5,WRITE -> VCS -> SEARCH_FILES -> WRITE -> BUILD,1
5,VCS -> SEARCH_FILES -> WRITE -> BUILD -> TEST,1
5,BUILD -> NAVIGATE -> DEFECTS4J_OTHER -> NAVIGATE -> TEST,1
5,NAVIGATE -> DEFECTS4J_OTHER -> NAVIGATE -> TEST -> READ,1
5,DEFECTS4J_OTHER -> NAVIGATE -> TEST -> READ -> NAVIGATE,1
5,WRITE -> NAVIGATE -> SEARCH_CONTENT -> NAVIGATE -> FILE_OPS,1
5,NAVIGATE -> SEARCH_CONTENT -> NAVIGATE -> FILE_OPS -> NAVIGATE,1
5,SEARCH_CONTENT -> NAVIGATE -> FILE_OPS -> NAVIGATE -> WRITE,1
5,NAVIGATE -> FILE_OPS -> NAVIGATE -> WRITE -> FILE_OPS,1
5,FILE_OPS -> NAVIGATE -> WRITE -> FILE_OPS -> READ,1
5,NAVIGATE -> WRITE -> FILE_OPS -> READ -> NAVIGATE,1
5,WRITE -> FILE_OPS -> READ -> NAVIGATE -> WRITE,1
5,FILE_OPS -> READ -> NAVIGATE -> WRITE -> NAVIGATE,1
5,READ -> NAVIGATE -> WRITE -> NAVIGATE -> SEARCH_CONTENT,1
5,NAVIGATE -> WRITE -> NAVIGATE -> SEARCH_CONTENT -> READ,1
5,NAVIGATE -> SEARCH_CONTENT -> READ -> NAVIGATE -> FILE_OPS,1
5,SEARCH_CONTENT -> READ -> NAVIGATE -> FILE_OPS -> NAVIGATE,1
5,READ -> NAVIGATE -> FILE_OPS -> NAVIGATE -> SEARCH_CONTENT,1
5,NAVIGATE -> FILE_OPS -> NAVIGATE -> SEARCH_CONTENT -> READ,1
5,FILE_OPS -> NAVIGATE -> SEARCH_CONTENT -> READ -> READ,1
5,NAVIGATE -> BUILD -> NAVIGATE -> FILE_OPS -> NAVIGATE,1
5,FILE_OPS -> NAVIGATE -> WRITE -> NAVIGATE -> SEARCH_CONTENT,1
5,SEARCH_FILES -> READ -> TEST -> WRITE -> BUILD,1
5,SEARCH_FILES -> READ -> READ -> NAVIGATE -> BUILD,1
5,READ -> TEST -> TEST -> BUILD -> SEARCH_CONTENT,1
5,READ -> TEST -> TEST -> SEARCH_CONTENT -> SEARCH_FILES,1
5,TEST -> TEST -> SEARCH_CONTENT -> SEARCH_FILES -> TEST,1
5,TEST -> SEARCH_CONTENT -> SEARCH_FILES -> TEST -> READ,1
5,SEARCH_CONTENT -> SEARCH_FILES -> TEST -> READ -> READ,1
5,READ -> READ -> WRITE -> SEARCH_CONTENT -> BUILD,1
5,READ -> WRITE -> SEARCH_CONTENT -> BUILD -> SEARCH_CONTENT,1
5,WRITE -> SEARCH_CONTENT -> BUILD -> SEARCH_CONTENT -> READ,1
5,SEARCH_CONTENT -> BUILD -> SEARCH_CONTENT -> READ -> READ,1
5,WRITE -> READ -> READ -> NAVIGATE -> TEST,1
5,TEST -> READ -> WRITE -> NAVIGATE -> TEST,1
5,NAVIGATE -> BUILD -> SEARCH_CONTENT -> NAVIGATE -> VCS,1
5,BUILD -> SEARCH_CONTENT -> NAVIGATE -> VCS -> NAVIGATE,1
5,SEARCH_CONTENT -> NAVIGATE -> VCS -> NAVIGATE -> TEST,1
5,WRITE -> BUILD -> READ -> SEARCH_CONTENT -> SEARCH_CONTENT,1
5,BUILD -> READ -> SEARCH_CONTENT -> SEARCH_CONTENT -> WRITE,1
5,READ -> SEARCH_CONTENT -> SEARCH_CONTENT -> WRITE -> BUILD,1
5,SEARCH_CONTENT -> WRITE -> BUILD -> SEARCH_CONTENT -> READ,1
5,TEST -> TEST -> WRITE -> TEST -> TEST,1
5,TEST -> WRITE -> TEST -> TEST -> READ,1
5,TEST -> WRITE -> BUILD -> TEST -> VCS,1
5,READ -> BUILD -> TEST -> READ -> TEST,1
5,READ -> SEARCH_FILES -> TEST -> READ -> READ,1
5,SEARCH_FILES -> TEST -> READ -> READ -> SEARCH_FILES,1
5,READ -> SEARCH_FILES -> READ -> TEST -> BUILD,1
5,SEARCH_FILES -> READ -> TEST -> BUILD -> WRITE,1
5,READ -> TEST -> BUILD -> WRITE -> SEARCH_CONTENT,1
5,TEST -> BUILD -> WRITE -> SEARCH_CONTENT -> READ,1
5,BUILD -> WRITE -> SEARCH_CONTENT -> READ -> WRITE,1
5,WRITE -> SEARCH_CONTENT -> READ -> WRITE -> BUILD,1
5,TEST -> TEST -> BUILD -> NAVIGATE -> SEARCH_FILES,1
5,TEST -> BUILD -> NAVIGATE -> SEARCH_FILES -> WRITE,1
5,NAVIGATE -> SEARCH_FILES -> WRITE -> BUILD -> TEST,1
5,SEARCH_FILES -> WRITE -> BUILD -> TEST -> TEST,1
5,BUILD -> BUILD -> NAVIGATE -> FILE_OPS -> NAVIGATE,1
5,BUILD -> NAVIGATE -> FILE_OPS -> NAVIGATE -> TEST,1
5,NAVIGATE -> TEST -> READ -> NAVIGATE -> UTIL,1
5,TEST -> READ -> NAVIGATE -> UTIL -> TEST,1
5,READ -> NAVIGATE -> UTIL -> TEST -> SEARCH_CONTENT,1
5,NAVIGATE -> UTIL -> TEST -> SEARCH_CONTENT -> NAVIGATE,1
5,UTIL -> TEST -> SEARCH_CONTENT -> NAVIGATE -> VCS,1
5,SEARCH_CONTENT -> NAVIGATE -> VCS -> NAVIGATE -> FILE_OPS,1
5,SEARCH_CONTENT -> WRITE -> READ -> WRITE -> BUILD,1
5,TEST -> TEST -> BUILD -> NAVIGATE -> TEST,1
5,TEST -> BUILD -> NAVIGATE -> TEST -> SEARCH_CONTENT,1
5,WRITE -> BUILD -> TEST -> READ -> SEARCH_CONTENT,1
5,BUILD -> TEST -> READ -> SEARCH_CONTENT -> READ,1
5,VCS -> WRITE -> WRITE -> NAVIGATE -> SEARCH_CONTENT,1
5,WRITE -> WRITE -> NAVIGATE -> SEARCH_CONTENT -> WRITE,1
5,NAVIGATE -> SEARCH_CONTENT -> WRITE -> NAVIGATE -> PATCH,1
5,SEARCH_CONTENT -> WRITE -> NAVIGATE -> PATCH -> READ,1
5,PATCH -> READ -> WRITE -> NAVIGATE -> BUILD,1
5,TEST -> SEARCH_CONTENT -> NAVIGATE -> TEST -> NAVIGATE,1
5,TEST -> READ -> NAVIGATE -> BUILD -> SEARCH_CONTENT,1
5,READ -> NAVIGATE -> BUILD -> SEARCH_CONTENT -> READ,1
5,NAVIGATE -> FILE_OPS -> NAVIGATE -> BUILD -> TEST,1
5,FILE_OPS -> NAVIGATE -> BUILD -> TEST -> NAVIGATE,1
5,BUILD -> TEST -> NAVIGATE -> FILE_OPS -> WRITE,1
5,TEST -> NAVIGATE -> FILE_OPS -> WRITE -> NAVIGATE,1
5,NAVIGATE -> FILE_OPS -> WRITE -> NAVIGATE -> BUILD,1
5,BUILD -> TEST -> NAVIGATE -> FILE_OPS -> NAVIGATE,1
5,NAVIGATE -> FILE_OPS -> NAVIGATE -> VCS -> WRITE,1
5,FILE_OPS -> NAVIGATE -> VCS -> WRITE -> NAVIGATE,1
5,WRITE -> NAVIGATE -> PATCH -> NAVIGATE -> FILE_OPS,1
5,NAVIGATE -> PATCH -> NAVIGATE -> FILE_OPS -> NAVIGATE,1
5,PATCH -> NAVIGATE -> FILE_OPS -> NAVIGATE -> TEST,1
5,WRITE -> NAVIGATE -> WRITE -> WRITE -> WRITE,1
5,NAVIGATE -> SEARCH_FILES -> NAVIGATE -> TEST -> SEARCH_CONTENT,1
5,SEARCH_FILES -> NAVIGATE -> TEST -> SEARCH_CONTENT -> NAVIGATE,1
5,TEST -> SEARCH_CONTENT -> NAVIGATE -> SEARCH_CONTENT -> READ,1
5,READ -> NAVIGATE -> WRITE -> NAVIGATE -> TEST,1
5,NAVIGATE -> WRITE -> NAVIGATE -> TEST -> READ,1
5,WRITE -> NAVIGATE -> FILE_OPS -> NAVIGATE -> WRITE,1
5,FILE_OPS -> NAVIGATE -> WRITE -> NAVIGATE -> READ,1
5,WRITE -> NAVIGATE -> READ -> NAVIGATE -> WRITE,1
5,NAVIGATE -> READ -> NAVIGATE -> WRITE -> NAVIGATE,1
5,READ -> NAVIGATE -> WRITE -> NAVIGATE -> BUILD,1
5,READ -> READ -> TEST -> WRITE -> WRITE,1
5,READ -> TEST -> WRITE -> WRITE -> READ,1
5,TEST -> WRITE -> WRITE -> READ -> BUILD,1
5,WRITE -> WRITE -> READ -> BUILD -> WRITE,1
5,WRITE -> READ -> BUILD -> WRITE -> WRITE,1
5,READ -> BUILD -> WRITE -> WRITE -> TEST,1
5,WRITE -> WRITE -> TEST -> TEST -> WRITE,1
5,WRITE -> TEST -> TEST -> WRITE -> WRITE,1
5,TEST -> WRITE -> WRITE -> WRITE -> TEST,1
5,WRITE -> WRITE -> TEST -> WRITE -> BUILD,1
5,TEST -> WRITE -> TEST -> TEST -> WRITE,1
5,WRITE -> TEST -> TEST -> WRITE -> TEST,1
5,TEST -> WRITE -> TEST -> WRITE -> NAVIGATE,1
5,WRITE -> TEST -> WRITE -> NAVIGATE -> VCS,1
5,BUILD -> TEST -> TEST -> TEST -> UTIL,1
5,TEST -> TEST -> TEST -> UTIL -> WRITE,1
5,TEST -> SEARCH_CONTENT -> READ -> SEARCH_FILES -> SEARCH_FILES,1
5,SEARCH_CONTENT -> READ -> SEARCH_FILES -> SEARCH_FILES -> READ,1
5,READ -> TEST -> READ -> WRITE -> WRITE,1
5,READ -> WRITE -> WRITE -> WRITE -> TEST,1
5,WRITE -> WRITE -> WRITE -> TEST -> BUILD,1
5,WRITE -> WRITE -> TEST -> BUILD -> READ,1
5,WRITE -> TEST -> BUILD -> READ -> TEST,1
5,TEST -> BUILD -> READ -> TEST -> TEST,1
5,BUILD -> READ -> TEST -> TEST -> READ,1
5,SEARCH_CONTENT -> READ -> TEST -> TEST -> UTIL,1
5,READ -> TEST -> TEST -> UTIL -> UTIL,1
5,TEST -> TEST -> UTIL -> UTIL -> TEST,1
5,TEST -> UTIL -> UTIL -> TEST -> READ,1
5,UTIL -> UTIL -> TEST -> READ -> VCS,1
5,UTIL -> TEST -> READ -> VCS -> VCS,1
5,VCS -> VCS -> READ -> READ -> NAVIGATE,1
5,VCS -> READ -> READ -> NAVIGATE -> TEST,1
5,READ -> READ -> NAVIGATE -> TEST -> TEST,1
5,READ -> NAVIGATE -> TEST -> TEST -> BUILD,1
5,NAVIGATE -> TEST -> TEST -> BUILD -> TEST,1
5,BUILD -> TEST -> SEARCH_CONTENT -> READ -> SEARCH_CONTENT,1
5,SEARCH_FILES -> TEST -> READ -> TEST -> TEST,1
5,READ -> TEST -> TEST -> SEARCH_FILES -> SEARCH_FILES,1
5,TEST -> TEST -> WRITE -> WRITE -> READ,1
5,BUILD -> NAVIGATE -> SEARCH_FILES -> WRITE -> FILE_OPS,1
5,NAVIGATE -> SEARCH_FILES -> WRITE -> FILE_OPS -> WRITE,1
5,SEARCH_FILES -> WRITE -> FILE_OPS -> WRITE -> READ,1
5,WRITE -> FILE_OPS -> WRITE -> READ -> WRITE,1
5,FILE_OPS -> WRITE -> READ -> WRITE -> TEST,1
5,WRITE -> READ -> WRITE -> TEST -> BUILD,1
5,WRITE -> TEST -> BUILD -> NAVIGATE -> SCRIPT,1
5,TEST -> BUILD -> NAVIGATE -> SCRIPT -> WRITE,1
5,SEARCH_CONTENT -> READ -> BUILD -> WRITE -> TEST,1
5,READ -> BUILD -> WRITE -> TEST -> WRITE,1
5,BUILD -> TEST -> TEST -> SEARCH_FILES -> BUILD,1
5,TEST -> SEARCH_FILES -> BUILD -> WRITE -> TEST,1
5,SEARCH_FILES -> BUILD -> WRITE -> TEST -> VCS,1
5,BUILD -> WRITE -> TEST -> VCS -> VCS,1
5,WRITE -> TEST -> VCS -> VCS -> WRITE,1
5,TEST -> VCS -> VCS -> WRITE -> WRITE,1
5,VCS -> VCS -> WRITE -> WRITE -> TEST,1
5,VCS -> WRITE -> WRITE -> TEST -> WRITE,1
5,WRITE -> WRITE -> TEST -> WRITE -> TEST,1
5,WRITE -> TEST -> WRITE -> TEST -> WRITE,1
5,WRITE -> TEST -> WRITE -> TEST -> UTIL,1
5,TEST -> WRITE -> TEST -> UTIL -> UTIL,1
5,WRITE -> TEST -> UTIL -> UTIL -> WRITE,1
5,TEST -> UTIL -> UTIL -> WRITE -> BUILD,1
5,UTIL -> UTIL -> WRITE -> BUILD -> TEST,1
5,UTIL -> WRITE -> BUILD -> TEST -> WRITE,1
5,WRITE -> WRITE -> BUILD -> BUILD -> READ,1
5,BUILD -> READ -> READ -> WRITE -> BUILD,1
5,BUILD -> BUILD -> TEST -> WRITE -> WRITE,1
5,READ -> SEARCH_FILES -> READ -> SEARCH_CONTENT -> TEST,1
5,SEARCH_FILES -> READ -> SEARCH_CONTENT -> TEST -> TEST,1
5,SEARCH_CONTENT -> TEST -> TEST -> READ -> SEARCH_FILES,1
5,TEST -> READ -> SEARCH_FILES -> SEARCH_FILES -> READ,1
5,READ -> READ -> READ -> SEARCH_FILES -> UTIL,1
5,READ -> READ -> SEARCH_FILES -> UTIL -> SEARCH_FILES,1
5,READ -> SEARCH_FILES -> UTIL -> SEARCH_FILES -> SEARCH_CONTENT,1
5,SEARCH_FILES -> UTIL -> SEARCH_FILES -> SEARCH_CONTENT -> WRITE,1
5,UTIL -> SEARCH_FILES -> SEARCH_CONTENT -> WRITE -> WRITE,1
5,SEARCH_FILES -> SEARCH_CONTENT -> WRITE -> WRITE -> BUILD,1
5,READ -> WRITE -> BUILD -> WRITE -> TEST,1
5,WRITE -> BUILD -> WRITE -> TEST -> TEST,1
5,BUILD -> WRITE -> TEST -> TEST -> WRITE,1
5,WRITE -> TEST -> TEST -> WRITE -> NAVIGATE,1
5,NAVIGATE -> BUILD -> NAVIGATE -> VCS -> FILE_OPS,1
5,TEST -> TEST -> SEARCH_CONTENT -> SEARCH_CONTENT -> SEARCH_CONTENT,1
5,WRITE -> READ -> WRITE -> WRITE -> SEARCH_CONTENT,1
5,READ -> WRITE -> WRITE -> SEARCH_CONTENT -> WRITE,1
5,WRITE -> WRITE -> SEARCH_CONTENT -> WRITE -> SEARCH_CONTENT,1
5,WRITE -> SEARCH_CONTENT -> SEARCH_CONTENT -> READ -> SEARCH_CONTENT,1
5,SEARCH_CONTENT -> READ -> SEARCH_CONTENT -> WRITE -> SEARCH_FILES,1
5,READ -> SEARCH_CONTENT -> WRITE -> SEARCH_FILES -> BUILD,1
5,SEARCH_CONTENT -> WRITE -> SEARCH_FILES -> BUILD -> WRITE,1
5,WRITE -> SEARCH_FILES -> BUILD -> WRITE -> TEST,1
5,SEARCH_FILES -> BUILD -> WRITE -> TEST -> WRITE,1
5,BUILD -> WRITE -> TEST -> WRITE -> WRITE,1
5,WRITE -> TEST -> WRITE -> WRITE -> WRITE,1
5,WRITE -> WRITE -> WRITE -> WRITE -> TEST,1
5,TEST -> READ -> READ -> NAVIGATE -> VCS,1
5,SEARCH_CONTENT -> SEARCH_CONTENT -> WRITE -> WRITE -> BUILD,1
5,READ -> SEARCH_FILES -> READ -> READ -> BUILD,1
5,READ -> BUILD -> TEST -> TEST -> WRITE,1
5,TEST -> TEST -> WRITE -> BUILD -> SEARCH_CONTENT,1
5,BUILD -> TEST -> TEST -> BUILD -> BUILD,1
5,TEST -> TEST -> BUILD -> BUILD -> FILE_OPS,1
5,TEST -> BUILD -> BUILD -> FILE_OPS -> WRITE,1
5,TEST -> NAVIGATE -> TEST -> NAVIGATE -> READ,1
5,NAVIGATE -> TEST -> NAVIGATE -> READ -> SEARCH_FILES,1
5,TEST -> NAVIGATE -> READ -> SEARCH_FILES -> SEARCH_FILES,1
5,NAVIGATE -> READ -> SEARCH_FILES -> SEARCH_FILES -> SEARCH_FILES,1
5,TEST -> WRITE -> READ -> NAVIGATE -> FILE_OPS,1
5,NAVIGATE -> FILE_OPS -> WRITE -> NAVIGATE -> FILE_OPS,1
5,FILE_OPS -> WRITE -> NAVIGATE -> FILE_OPS -> NAVIGATE,1
5,FILE_OPS -> NAVIGATE -> BUILD -> NAVIGATE -> TEST,1
5,BUILD -> BUILD -> NAVIGATE -> FILE_OPS -> READ,1
5,BUILD -> NAVIGATE -> FILE_OPS -> READ -> WRITE,1
5,FILE_OPS -> READ -> WRITE -> NAVIGATE -> WRITE,1
5,READ -> WRITE -> NAVIGATE -> WRITE -> OTHER,1
5,WRITE -> NAVIGATE -> WRITE -> OTHER -> OTHER,1
5,NAVIGATE -> WRITE -> OTHER -> OTHER -> NAVIGATE,1
5,WRITE -> OTHER -> OTHER -> NAVIGATE -> SCRIPT,1
5,OTHER -> OTHER -> NAVIGATE -> SCRIPT -> NAVIGATE,1
5,OTHER -> NAVIGATE -> SCRIPT -> NAVIGATE -> BUILD,1
5,NAVIGATE -> SCRIPT -> NAVIGATE -> BUILD -> WRITE,1
5,SCRIPT -> NAVIGATE -> BUILD -> WRITE -> NAVIGATE,1
5,READ -> SEARCH_FILES -> TEST -> READ -> SEARCH_FILES,1
5,SEARCH_FILES -> TEST -> READ -> SEARCH_FILES -> READ,1
5,BUILD -> BUILD -> WRITE -> WRITE -> WRITE,1
5,NAVIGATE -> BUILD -> BUILD -> BUILD -> TEST,1
5,TEST -> READ -> TEST -> READ -> NAVIGATE,1
5,READ -> TEST -> READ -> NAVIGATE -> TEST,1
5,TEST -> SEARCH_CONTENT -> NAVIGATE -> SEARCH_CONTENT -> NAVIGATE,1
5,NAVIGATE -> SEARCH_CONTENT -> NAVIGATE -> TEST -> READ,1
5,SEARCH_CONTENT -> NAVIGATE -> TEST -> READ -> WRITE,1
5,READ -> READ -> READ -> BUILD -> READ,1
5,READ -> READ -> BUILD -> READ -> READ,1
5,READ -> BUILD -> READ -> READ -> READ,1
5,SEARCH_CONTENT -> SEARCH_CONTENT -> WRITE -> WRITE -> WRITE,1
5,SEARCH_CONTENT -> WRITE -> WRITE -> WRITE -> TEST,1
5,WRITE -> WRITE -> WRITE -> TEST -> READ,1
5,WRITE -> WRITE -> TEST -> READ -> READ,1
5,WRITE -> TEST -> READ -> READ -> READ,1
5,READ -> WRITE -> BUILD -> TEST -> VCS,1
5,TEST -> VCS -> VCS -> WRITE -> SEARCH_CONTENT,1
5,VCS -> VCS -> WRITE -> SEARCH_CONTENT -> READ,1
5,VCS -> WRITE -> SEARCH_CONTENT -> READ -> TEST,1
5,WRITE -> SEARCH_CONTENT -> READ -> TEST -> SEARCH_CONTENT,1
5,READ -> TEST -> SEARCH_CONTENT -> READ -> WRITE,1
5,NAVIGATE -> PATCH -> NAVIGATE -> VCS -> WRITE,1
5,PATCH -> NAVIGATE -> VCS -> WRITE -> WRITE,1
5,TEST -> TEST -> TEST -> TEST -> UTIL,1
5,TEST -> TEST -> TEST -> UTIL -> UTIL,1
5,TEST -> TEST -> UTIL -> UTIL -> WRITE,1
5,READ -> WRITE -> WRITE -> TEST -> READ,1
5,WRITE -> WRITE -> TEST -> READ -> BUILD,1
5,WRITE -> TEST -> READ -> BUILD -> TEST,1
5,READ -> BUILD -> TEST -> BUILD -> TEST,1
5,BUILD -> TEST -> BUILD -> TEST -> TEST,1
5,BUILD -> BUILD -> READ -> WRITE -> SEARCH_CONTENT,1
5,BUILD -> READ -> WRITE -> SEARCH_CONTENT -> READ,1
5,BUILD -> TEST -> TEST -> NAVIGATE -> TEST,1
5,TEST -> TEST -> NAVIGATE -> TEST -> NAVIGATE,1
5,VCS -> NAVIGATE -> VCS -> NAVIGATE -> SEARCH_FILES,1
5,NAVIGATE -> VCS -> NAVIGATE -> SEARCH_FILES -> VCS,1
5,VCS -> NAVIGATE -> SEARCH_FILES -> VCS -> UTIL,1
5,TEST -> TEST -> TEST -> READ -> SEARCH_FILES,1
5,WRITE -> WRITE -> WRITE -> READ -> NAVIGATE,1
5,READ -> NAVIGATE -> WRITE -> NAVIGATE -> SCRIPT,1
5,NAVIGATE -> WRITE -> NAVIGATE -> SCRIPT -> NAVIGATE,1
5,WRITE -> NAVIGATE -> SCRIPT -> NAVIGATE -> WRITE,1
5,NAVIGATE -> SCRIPT -> NAVIGATE -> WRITE -> FILE_OPS,1
5,SCRIPT -> NAVIGATE -> WRITE -> FILE_OPS -> WRITE,1
5,NAVIGATE -> WRITE -> FILE_OPS -> WRITE -> BUILD,1
5,WRITE -> FILE_OPS -> WRITE -> BUILD -> FILE_OPS,1
5,FILE_OPS -> WRITE -> BUILD -> FILE_OPS -> NAVIGATE,1
5,WRITE -> BUILD -> FILE_OPS -> NAVIGATE -> WRITE,1
5,BUILD -> FILE_OPS -> NAVIGATE -> WRITE -> NAVIGATE,1
5,WRITE -> NAVIGATE -> WRITE -> NAVIGATE -> UTIL,1
5,NAVIGATE -> WRITE -> NAVIGATE -> UTIL -> OTHER,1
5,WRITE -> NAVIGATE -> UTIL -> OTHER -> NAVIGATE,1
5,NAVIGATE -> UTIL -> OTHER -> NAVIGATE -> READ,1
5,UTIL -> OTHER -> NAVIGATE -> READ -> READ,1
5,OTHER -> NAVIGATE -> READ -> READ -> WRITE,1
5,READ -> READ -> WRITE -> NAVIGATE -> FILE_OPS,1
5,FILE_OPS -> NAVIGATE -> TEST -> NAVIGATE -> FILE_OPS,1
5,TEST -> NAVIGATE -> FILE_OPS -> NAVIGATE -> SEARCH_CONTENT,1
5,NAVIGATE -> WRITE -> FILE_OPS -> NAVIGATE -> BUILD,1
5,WRITE -> FILE_OPS -> NAVIGATE -> BUILD -> NAVIGATE,1
5,FILE_OPS -> NAVIGATE -> BUILD -> NAVIGATE -> WRITE,1
5,NAVIGATE -> BUILD -> NAVIGATE -> WRITE -> FILE_OPS,1
5,BUILD -> NAVIGATE -> WRITE -> FILE_OPS -> NAVIGATE,1
5,NAVIGATE -> WRITE -> FILE_OPS -> NAVIGATE -> TEST,1
5,WRITE -> FILE_OPS -> NAVIGATE -> TEST -> NAVIGATE,1
5,NAVIGATE -> TEST -> READ -> NAVIGATE -> WRITE,1
5,TEST -> NAVIGATE -> WRITE -> NAVIGATE -> WRITE,1
5,NAVIGATE -> WRITE -> NAVIGATE -> FILE_OPS -> UTIL,1
5,WRITE -> NAVIGATE -> FILE_OPS -> UTIL -> WRITE,1
5,NAVIGATE -> FILE_OPS -> UTIL -> WRITE -> WRITE,1
5,FILE_OPS -> UTIL -> WRITE -> WRITE -> READ,1
5,WRITE -> WRITE -> READ -> NAVIGATE -> OTHER,1
5,WRITE -> READ -> NAVIGATE -> OTHER -> OTHER,1
5,READ -> NAVIGATE -> OTHER -> OTHER -> OTHER,1
5,NAVIGATE -> OTHER -> OTHER -> OTHER -> OTHER,1
5,OTHER -> OTHER -> OTHER -> NAVIGATE -> TEST,1
5,SEARCH_FILES -> SEARCH_FILES -> SEARCH_FILES -> SEARCH_FILES -> FILE_OPS,1
5,SEARCH_FILES -> SEARCH_FILES -> SEARCH_FILES -> FILE_OPS -> TEST,1
5,SEARCH_FILES -> SEARCH_FILES -> FILE_OPS -> TEST -> READ,1
5,SEARCH_FILES -> FILE_OPS -> TEST -> READ -> TEST,1
5,FILE_OPS -> TEST -> READ -> TEST -> TEST,1
5,BUILD -> TEST -> TEST -> SEARCH_FILES -> SEARCH_CONTENT,1
5,TEST -> SEARCH_FILES -> SEARCH_CONTENT -> READ -> SEARCH_CONTENT,1
5,BUILD -> TEST -> SEARCH_CONTENT -> READ -> NAVIGATE,1
5,TEST -> SEARCH_CONTENT -> READ -> NAVIGATE -> VCS,1
5,TEST -> SEARCH_FILES -> READ -> READ -> WRITE,1
5,NAVIGATE -> BUILD -> NAVIGATE -> TEST -> WEB,1
5,BUILD -> NAVIGATE -> TEST -> WEB -> WRITE,1
5,NAVIGATE -> TEST -> WEB -> WRITE -> READ,1
5,TEST -> WEB -> WRITE -> READ -> READ,1
5,WEB -> WRITE -> READ -> READ -> READ,1
5,SEARCH_CONTENT -> READ -> READ -> NAVIGATE -> UTIL,1
5,READ -> READ -> NAVIGATE -> UTIL -> SEARCH_CONTENT,1
5,READ -> NAVIGATE -> UTIL -> SEARCH_CONTENT -> READ,1
5,NAVIGATE -> UTIL -> SEARCH_CONTENT -> READ -> NAVIGATE,1
5,UTIL -> SEARCH_CONTENT -> READ -> NAVIGATE -> BUILD,1
5,BUILD -> SEARCH_CONTENT -> SEARCH_CONTENT -> SEARCH_CONTENT -> WRITE,1
5,SEARCH_CONTENT -> SEARCH_CONTENT -> SEARCH_CONTENT -> WRITE -> SEARCH_CONTENT,1
5,SEARCH_CONTENT -> SEARCH_CONTENT -> WRITE -> SEARCH_CONTENT -> SEARCH_CONTENT,1
5,BUILD -> BUILD -> NAVIGATE -> SEARCH_CONTENT -> WRITE,1
5,BUILD -> NAVIGATE -> SEARCH_CONTENT -> WRITE -> NAVIGATE,1
5,TEST -> WRITE -> NAVIGATE -> FILE_OPS -> WRITE,1
5,READ -> TEST -> READ -> READ -> BUILD,1
5,TEST -> READ -> READ -> BUILD -> SEARCH_FILES,1
5,READ -> BUILD -> SEARCH_FILES -> READ -> SEARCH_CONTENT,1
5,SEARCH_CONTENT -> READ -> SEARCH_FILES -> SEARCH_CONTENT -> READ,1
5,READ -> SEARCH_FILES -> SEARCH_CONTENT -> READ -> SEARCH_CONTENT,1
5,SEARCH_CONTENT -> READ -> TEST -> READ -> WRITE,1
5,WRITE -> READ -> WRITE -> BUILD -> SEARCH_CONTENT,1
5,READ -> WRITE -> BUILD -> SEARCH_CONTENT -> WRITE,1
5,WRITE -> BUILD -> SEARCH_CONTENT -> WRITE -> WRITE,1
5,BUILD -> SEARCH_CONTENT -> WRITE -> WRITE -> BUILD,1
5,WRITE -> NAVIGATE -> BUILD -> BUILD -> TEST,1
5,NAVIGATE -> BUILD -> BUILD -> TEST -> READ,1
5,TEST -> TEST -> SEARCH_CONTENT -> SEARCH_CONTENT -> TEST,1
5,TEST -> SEARCH_CONTENT -> SEARCH_CONTENT -> TEST -> WRITE,1
5,SEARCH_CONTENT -> SEARCH_CONTENT -> TEST -> WRITE -> NAVIGATE,1
5,SEARCH_CONTENT -> TEST -> WRITE -> NAVIGATE -> BUILD,1
5,BUILD -> BUILD -> SEARCH_CONTENT -> SEARCH_CONTENT -> TEST,1
5,BUILD -> SEARCH_CONTENT -> SEARCH_CONTENT -> TEST -> UTIL,1
5,SEARCH_CONTENT -> SEARCH_CONTENT -> TEST -> UTIL -> TEST,1
5,SEARCH_CONTENT -> TEST -> UTIL -> TEST -> UTIL,1
5,TEST -> UTIL -> TEST -> UTIL -> TEST,1
5,UTIL -> TEST -> UTIL -> TEST -> VCS,1
5,TEST -> UTIL -> TEST -> VCS -> VCS,1
5,UTIL -> TEST -> VCS -> VCS -> VCS,1
5,VCS -> VCS -> VCS -> WRITE -> FILE_OPS,1
5,VCS -> VCS -> WRITE -> FILE_OPS -> TEST,1
5,VCS -> WRITE -> FILE_OPS -> TEST -> WRITE,1
5,WRITE -> FILE_OPS -> TEST -> WRITE -> READ,1
5,FILE_OPS -> TEST -> WRITE -> READ -> TEST,1
5,TEST -> WRITE -> READ -> TEST -> WRITE,1
5,WRITE -> NAVIGATE -> BUILD -> READ -> SEARCH_CONTENT,1
5,NAVIGATE -> BUILD -> READ -> SEARCH_CONTENT -> SEARCH_CONTENT,1
5,BUILD -> READ -> SEARCH_CONTENT -> SEARCH_CONTENT -> READ,1
5,SEARCH_FILES -> SEARCH_FILES -> READ -> READ -> SEARCH_CONTENT,1
5,READ -> SEARCH_CONTENT -> SEARCH_FILES -> READ -> BUILD,1
5,SEARCH_CONTENT -> SEARCH_FILES -> READ -> BUILD -> READ,1
5,SEARCH_FILES -> READ -> BUILD -> READ -> READ,1
5,READ -> BUILD -> READ -> READ -> SEARCH_FILES,1
5,READ -> SEARCH_FILES -> READ -> WRITE -> UTIL,1
5,SEARCH_FILES -> READ -> WRITE -> UTIL -> WRITE,1
5,READ -> WRITE -> UTIL -> WRITE -> TEST,1
5,WRITE -> UTIL -> WRITE -> TEST -> WRITE,1
5,UTIL -> WRITE -> TEST -> WRITE -> SEARCH_CONTENT,1
5,WRITE -> TEST -> WRITE -> SEARCH_CONTENT -> TEST,1
5,TEST -> WRITE -> SEARCH_CONTENT -> TEST -> TEST,1
5,WRITE -> SEARCH_CONTENT -> TEST -> TEST -> READ,1
5,BUILD -> TEST -> TEST -> WRITE -> SEARCH_CONTENT,1
5,TEST -> TEST -> WRITE -> SEARCH_CONTENT -> WRITE,1
5,TEST -> WRITE -> SEARCH_CONTENT -> WRITE -> SEARCH_CONTENT,1
5,WRITE -> SEARCH_CONTENT -> WRITE -> SEARCH_CONTENT -> NAVIGATE,1
5,SEARCH_CONTENT -> WRITE -> SEARCH_CONTENT -> NAVIGATE -> BUILD,1
5,WRITE -> SEARCH_CONTENT -> NAVIGATE -> BUILD -> WRITE,1
5,VCS -> NAVIGATE -> VCS -> TEST -> BUILD,1
5,NAVIGATE -> VCS -> TEST -> BUILD -> TEST,1
5,READ -> READ -> BUILD -> TEST -> SEARCH_CONTENT,1
5,WRITE -> BUILD -> TEST -> SEARCH_CONTENT -> TEST,1
5,BUILD -> TEST -> SEARCH_CONTENT -> TEST -> NAVIGATE,1
5,TEST -> SEARCH_CONTENT -> TEST -> NAVIGATE -> BUILD,1
5,SEARCH_CONTENT -> TEST -> NAVIGATE -> BUILD -> READ,1
5,TEST -> NAVIGATE -> BUILD -> READ -> READ,1
5,NAVIGATE -> TEST -> SEARCH_FILES -> READ -> NAVIGATE,1
5,TEST -> SEARCH_FILES -> READ -> NAVIGATE -> TEST,1
5,READ -> SEARCH_FILES -> READ -> SEARCH_FILES -> SEARCH_CONTENT,1
5,SEARCH_FILES -> READ -> SEARCH_FILES -> SEARCH_CONTENT -> SEARCH_CONTENT,1
5,READ -> SEARCH_FILES -> SEARCH_CONTENT -> SEARCH_CONTENT -> SEARCH_CONTENT,1
5,VCS -> READ -> SEARCH_CONTENT -> SEARCH_CONTENT -> READ,1
5,VCS -> NAVIGATE -> TEST -> READ -> READ,1
5,VCS -> READ -> SEARCH_CONTENT -> SEARCH_CONTENT -> SEARCH_CONTENT,1
5,WRITE -> NAVIGATE -> UTIL -> WRITE -> WRITE,1
5,NAVIGATE -> UTIL -> WRITE -> WRITE -> READ,1
5,UTIL -> WRITE -> WRITE -> READ -> WRITE,1
5,NAVIGATE -> VCS -> NAVIGATE -> BUILD -> NAVIGATE,1
5,VCS -> NAVIGATE -> BUILD -> NAVIGATE -> VCS,1
5,NAVIGATE -> BUILD -> NAVIGATE -> VCS -> READ,1
5,BUILD -> NAVIGATE -> VCS -> READ -> WRITE,1
5,VCS -> READ -> WRITE -> WRITE -> NAVIGATE,1
5,READ -> WRITE -> WRITE -> NAVIGATE -> READ,1
5,WRITE -> WRITE -> NAVIGATE -> READ -> WRITE,1
5,WRITE -> NAVIGATE -> READ -> WRITE -> NAVIGATE,1
5,BUILD -> NAVIGATE -> TEST -> NAVIGATE -> FILE_OPS,1
5,NAVIGATE -> FILE_OPS -> NAVIGATE -> VCS -> NAVIGATE,1
5,FILE_OPS -> NAVIGATE -> VCS -> NAVIGATE -> TEST,1
5,READ -> WRITE -> WRITE -> WRITE -> FILE_OPS,1
5,WRITE -> WRITE -> WRITE -> FILE_OPS -> NAVIGATE,1
5,WRITE -> WRITE -> FILE_OPS -> NAVIGATE -> PATCH,1
5,WRITE -> FILE_OPS -> NAVIGATE -> PATCH -> NAVIGATE,1
5,FILE_OPS -> NAVIGATE -> PATCH -> NAVIGATE -> VCS,1
5,PATCH -> NAVIGATE -> VCS -> NAVIGATE -> VCS,1
5,VCS -> WRITE -> READ -> WRITE -> READ,1
5,NAVIGATE -> SEARCH_CONTENT -> NAVIGATE -> WRITE -> OTHER,1
5,SEARCH_CONTENT -> NAVIGATE -> WRITE -> OTHER -> OTHER,1
5,NAVIGATE -> WRITE -> OTHER -> OTHER -> OTHER,1
5,OTHER -> OTHER -> OTHER -> NAVIGATE -> READ,1
5,OTHER -> OTHER -> NAVIGATE -> READ -> WRITE,1
5,OTHER -> NAVIGATE -> READ -> WRITE -> NAVIGATE,1
5,BUILD -> WRITE -> NAVIGATE -> BUILD -> READ,1
5,WRITE -> NAVIGATE -> BUILD -> READ -> NAVIGATE,1
5,NAVIGATE -> BUILD -> READ -> NAVIGATE -> SEARCH_CONTENT,1
5,NAVIGATE -> SEARCH_CONTENT -> WRITE -> NAVIGATE -> WRITE,1
5,SEARCH_CONTENT -> WRITE -> NAVIGATE -> WRITE -> NAVIGATE,1
5,SEARCH_CONTENT -> NAVIGATE -> BUILD -> NAVIGATE -> SEARCH_CONTENT,1
5,BUILD -> NAVIGATE -> SEARCH_CONTENT -> NAVIGATE -> VCS,1
5,VCS -> WRITE -> NAVIGATE -> TEST -> WRITE,1
5,TEST -> SEARCH_FILES -> READ -> WRITE -> NAVIGATE,1
5,BUILD -> BUILD -> NAVIGATE -> SEARCH_FILES -> WRITE,1
5,BUILD -> NAVIGATE -> SEARCH_FILES -> WRITE -> NAVIGATE,1
5,SEARCH_FILES -> WRITE -> NAVIGATE -> TEST -> WRITE,1
5,BUILD -> NAVIGATE -> BUILD -> SEARCH_CONTENT -> SEARCH_FILES,1
5,NAVIGATE -> BUILD -> SEARCH_CONTENT -> SEARCH_FILES -> READ,1
5,BUILD -> SEARCH_CONTENT -> SEARCH_FILES -> READ -> SEARCH_CONTENT,1
5,NAVIGATE -> SEARCH_CONTENT -> READ -> READ -> SEARCH_FILES,1
5,SEARCH_CONTENT -> READ -> READ -> SEARCH_FILES -> SEARCH_FILES,1
5,SEARCH_FILES -> SEARCH_CONTENT -> NAVIGATE -> TEST -> READ,1
5,SEARCH_CONTENT -> NAVIGATE -> TEST -> READ -> SEARCH_CONTENT,1
5,TEST -> READ -> SEARCH_CONTENT -> NAVIGATE -> SEARCH_FILES,1
5,READ -> SEARCH_CONTENT -> NAVIGATE -> SEARCH_FILES -> NAVIGATE,1
5,NAVIGATE -> SEARCH_CONTENT -> NAVIGATE -> SEARCH_FILES -> UTIL,1
5,SEARCH_CONTENT -> NAVIGATE -> SEARCH_FILES -> UTIL -> WRITE,1
5,NAVIGATE -> SEARCH_FILES -> UTIL -> WRITE -> WRITE,1
5,SEARCH_FILES -> UTIL -> WRITE -> WRITE -> READ,1
5,NAVIGATE -> SEARCH_CONTENT -> READ -> NAVIGATE -> SEARCH_FILES,1
5,SEARCH_CONTENT -> READ -> NAVIGATE -> SEARCH_FILES -> READ,1
5,READ -> NAVIGATE -> SEARCH_FILES -> READ -> WRITE,1
5,NAVIGATE -> SEARCH_FILES -> READ -> WRITE -> NAVIGATE,1
5,SEARCH_FILES -> READ -> WRITE -> NAVIGATE -> VCS,1
5,NAVIGATE -> VCS -> WRITE -> READ -> READ,1
5,VCS -> WRITE -> READ -> READ -> NAVIGATE,1
5,READ -> NAVIGATE -> WRITE -> NAVIGATE -> UTIL,1
5,NAVIGATE -> WRITE -> NAVIGATE -> UTIL -> NAVIGATE,1
5,WRITE -> NAVIGATE -> UTIL -> NAVIGATE -> VCS,1
5,UTIL -> NAVIGATE -> VCS -> NAVIGATE -> TEST,1
5,TEST -> READ -> TEST -> BUILD -> SEARCH_CONTENT,1
5,READ -> TEST -> BUILD -> SEARCH_CONTENT -> READ,1
5,SEARCH_CONTENT -> SEARCH_FILES -> SEARCH_CONTENT -> READ -> NAVIGATE,1
5,VCS -> WRITE -> NAVIGATE -> VCS -> READ,1
5,VCS -> WRITE -> NAVIGATE -> VCS -> VCS,1
5,NAVIGATE -> TEST -> READ -> WRITE -> SEARCH_FILES,1
5,TEST -> READ -> WRITE -> SEARCH_FILES -> SEARCH_CONTENT,1
5,READ -> WRITE -> SEARCH_FILES -> SEARCH_CONTENT -> SEARCH_CONTENT,1
5,WRITE -> SEARCH_FILES -> SEARCH_CONTENT -> SEARCH_CONTENT -> SEARCH_FILES,1
5,SEARCH_FILES -> SEARCH_CONTENT -> SEARCH_CONTENT -> SEARCH_FILES -> SEARCH_FILES,1
5,SEARCH_CONTENT -> SEARCH_CONTENT -> SEARCH_FILES -> SEARCH_FILES -> SEARCH_CONTENT,1
5,SEARCH_CONTENT -> SEARCH_FILES -> SEARCH_FILES -> SEARCH_CONTENT -> NAVIGATE,1
5,SEARCH_FILES -> SEARCH_FILES -> SEARCH_CONTENT -> NAVIGATE -> SEARCH_FILES,1
5,SEARCH_FILES -> SEARCH_CONTENT -> NAVIGATE -> SEARCH_FILES -> NAVIGATE,1
5,NAVIGATE -> SEARCH_FILES -> NAVIGATE -> SEARCH_FILES -> NAVIGATE,1
5,SEARCH_FILES -> NAVIGATE -> SEARCH_FILES -> NAVIGATE -> SEARCH_FILES,1
5,SEARCH_FILES -> NAVIGATE -> SEARCH_FILES -> READ -> READ,1
5,SEARCH_FILES -> READ -> READ -> NAVIGATE -> SEARCH_FILES,1
5,READ -> READ -> NAVIGATE -> SEARCH_FILES -> NAVIGATE,1
5,READ -> NAVIGATE -> SEARCH_FILES -> NAVIGATE -> SEARCH_CONTENT,1
5,SEARCH_FILES -> NAVIGATE -> SEARCH_CONTENT -> NAVIGATE -> SEARCH_FILES,1
5,NAVIGATE -> SEARCH_FILES -> NAVIGATE -> SEARCH_FILES -> WRITE,1
5,SEARCH_FILES -> NAVIGATE -> SEARCH_FILES -> WRITE -> NAVIGATE,1
5,READ -> READ -> WRITE -> NAVIGATE -> READ,1
5,READ -> WRITE -> NAVIGATE -> READ -> WRITE,1
5,WRITE -> NAVIGATE -> READ -> WRITE -> WRITE,1
5,NAVIGATE -> READ -> WRITE -> WRITE -> NAVIGATE,1
5,BUILD -> WRITE -> READ -> READ -> NAVIGATE,1
5,WRITE -> READ -> READ -> NAVIGATE -> VCS,1
5,TEST -> WRITE -> READ -> NAVIGATE -> VCS,1
5,TEST -> SEARCH_CONTENT -> READ -> TEST -> TEST,1
5,WRITE -> WRITE -> READ -> SEARCH_CONTENT -> BUILD,1
5,WRITE -> READ -> SEARCH_CONTENT -> BUILD -> TEST,1
5,TEST -> NAVIGATE -> BUILD -> NAVIGATE -> DEFECTS4J_OTHER,1
5,NAVIGATE -> TEST -> NAVIGATE -> SEARCH_FILES -> WRITE,1
5,TEST -> NAVIGATE -> SEARCH_FILES -> WRITE -> NAVIGATE,1
5,BUILD -> NAVIGATE -> BUILD -> READ -> SEARCH_CONTENT,1
5,NAVIGATE -> BUILD -> READ -> SEARCH_CONTENT -> SEARCH_FILES,1
5,SEARCH_FILES -> READ -> NAVIGATE -> SEARCH_CONTENT -> READ,1
5,NAVIGATE -> SEARCH_CONTENT -> READ -> WRITE -> SEARCH_CONTENT,1
5,BUILD -> NAVIGATE -> BUILD -> WRITE -> READ,1
5,TEST -> WRITE -> NAVIGATE -> BUILD -> READ,1
5,WRITE -> NAVIGATE -> BUILD -> READ -> READ,1
5,NAVIGATE -> BUILD -> READ -> READ -> WRITE,1
5,READ -> READ -> WRITE -> NAVIGATE -> VCS,1
5,SEARCH_FILES -> READ -> READ -> READ -> BUILD,1
5,READ -> BUILD -> TEST -> TEST -> TEST,1
5,SEARCH_CONTENT -> READ -> WRITE -> SEARCH_CONTENT -> WRITE,1
5,READ -> WRITE -> SEARCH_CONTENT -> WRITE -> BUILD,1
5,BUILD -> NAVIGATE -> BUILD -> WRITE -> TEST,1
5,NAVIGATE -> BUILD -> WRITE -> TEST -> READ,1
5,BUILD -> WRITE -> TEST -> READ -> WRITE,1
5,WRITE -> WRITE -> WRITE -> READ -> BUILD,1
5,READ -> BUILD -> TEST -> VCS -> VCS,1
5,BUILD -> TEST -> VCS -> VCS -> FILE_OPS,1
5,TEST -> VCS -> VCS -> FILE_OPS -> FILE_OPS,1
5,VCS -> VCS -> FILE_OPS -> FILE_OPS -> BUILD,1
5,VCS -> FILE_OPS -> FILE_OPS -> BUILD -> TEST,1
5,FILE_OPS -> FILE_OPS -> BUILD -> TEST -> WRITE,1
5,FILE_OPS -> BUILD -> TEST -> WRITE -> READ,1
5,BUILD -> TEST -> WRITE -> READ -> WRITE,1
5,READ -> NAVIGATE -> TEST -> SEARCH_FILES -> READ,1
5,TEST -> SEARCH_FILES -> READ -> SEARCH_FILES -> SEARCH_FILES,1
5,SEARCH_FILES -> SEARCH_CONTENT -> SEARCH_FILES -> SEARCH_CONTENT -> SEARCH_CONTENT,1
5,READ -> NAVIGATE -> SEARCH_FILES -> NAVIGATE -> BUILD,1
5,SEARCH_FILES -> NAVIGATE -> BUILD -> NAVIGATE -> BUILD,1
5,BUILD -> WRITE -> NAVIGATE -> TEST -> SEARCH_CONTENT,1
5,TEST -> SEARCH_CONTENT -> READ -> WRITE -> WRITE,1
5,WRITE -> WRITE -> WRITE -> READ -> SEARCH_CONTENT,1
5,READ -> NAVIGATE -> TEST -> WRITE -> SEARCH_FILES,1
5,WRITE -> SEARCH_FILES -> READ -> READ -> READ,1
5,SEARCH_CONTENT -> READ -> SEARCH_CONTENT -> READ -> UTIL,1
5,READ -> SEARCH_CONTENT -> READ -> UTIL -> READ,1
5,SEARCH_CONTENT -> READ -> UTIL -> READ -> NAVIGATE,1
5,READ -> UTIL -> READ -> NAVIGATE -> TEST,1
5,TEST -> WRITE -> NAVIGATE -> TEST -> READ,1
5,TEST -> SEARCH_CONTENT -> NAVIGATE -> FILE_OPS -> WRITE,1
5,SEARCH_CONTENT -> NAVIGATE -> FILE_OPS -> WRITE -> READ,1
5,NAVIGATE -> FILE_OPS -> WRITE -> READ -> WRITE,1
5,FILE_OPS -> WRITE -> READ -> WRITE -> NAVIGATE,1
5,READ -> TEST -> READ -> SEARCH_FILES -> SEARCH_CONTENT,1
5,SEARCH_CONTENT -> NAVIGATE -> WRITE -> WRITE -> NAVIGATE,1
5,NAVIGATE -> WRITE -> WRITE -> NAVIGATE -> TEST,1
5,TEST -> READ -> WRITE -> NAVIGATE -> WRITE,1
5,NAVIGATE -> WRITE -> READ -> NAVIGATE -> BUILD,1
5,TEST -> READ -> NAVIGATE -> SEARCH_CONTENT -> NAVIGATE,1
5,SEARCH_CONTENT -> NAVIGATE -> WRITE -> NAVIGATE -> VCS,1
5,NAVIGATE -> WRITE -> NAVIGATE -> VCS -> WRITE,1
5,NAVIGATE -> VCS -> WRITE -> NAVIGATE -> SEARCH_CONTENT,1
5,VCS -> WRITE -> NAVIGATE -> SEARCH_CONTENT -> NAVIGATE,1
5,NAVIGATE -> SEARCH_CONTENT -> NAVIGATE -> WRITE -> READ,1
5,SEARCH_CONTENT -> NAVIGATE -> WRITE -> READ -> NAVIGATE,1
5,NAVIGATE -> WRITE -> READ -> NAVIGATE -> SEARCH_CONTENT,1
5,PATCH -> NAVIGATE -> WRITE -> NAVIGATE -> BUILD,1
5,TEST -> TEST -> SEARCH_FILES -> READ -> SEARCH_CONTENT,1
5,TEST -> SEARCH_FILES -> READ -> SEARCH_CONTENT -> SEARCH_CONTENT,1
5,TEST -> TEST -> WRITE -> BUILD -> NAVIGATE,1
5,TEST -> WRITE -> BUILD -> NAVIGATE -> BUILD,1
5,WRITE -> BUILD -> NAVIGATE -> BUILD -> TEST,1
5,BUILD -> TEST -> WRITE -> TEST -> SEARCH_FILES,1
5,TEST -> WRITE -> TEST -> SEARCH_FILES -> SEARCH_CONTENT,1
5,WRITE -> TEST -> SEARCH_FILES -> SEARCH_CONTENT -> BUILD,1
5,TEST -> SEARCH_FILES -> SEARCH_CONTENT -> BUILD -> TEST,1
5,SEARCH_FILES -> SEARCH_CONTENT -> BUILD -> TEST -> VCS,1
5,SEARCH_CONTENT -> BUILD -> TEST -> VCS -> WRITE,1
5,BUILD -> TEST -> VCS -> WRITE -> NAVIGATE,1
5,TEST -> VCS -> WRITE -> NAVIGATE -> BUILD,1
5,BUILD -> BUILD -> NAVIGATE -> BUILD -> UTIL,1
5,BUILD -> NAVIGATE -> BUILD -> UTIL -> TEST,1
5,NAVIGATE -> BUILD -> UTIL -> TEST -> SEARCH_CONTENT,1
5,BUILD -> UTIL -> TEST -> SEARCH_CONTENT -> NAVIGATE,1
5,UTIL -> TEST -> SEARCH_CONTENT -> NAVIGATE -> BUILD,1
5,NAVIGATE -> WRITE -> READ -> NAVIGATE -> VCS,1
5,VCS -> NAVIGATE -> SEARCH_CONTENT -> NAVIGATE -> SEARCH_CONTENT,1
5,SEARCH_CONTENT -> READ -> READ -> NAVIGATE -> WRITE,1
5,WRITE -> NAVIGATE -> WRITE -> READ -> TEST,1
5,NAVIGATE -> WRITE -> READ -> TEST -> BUILD,1
5,WRITE -> READ -> TEST -> BUILD -> TEST,1
5,READ -> TEST -> BUILD -> TEST -> TEST,1
5,TEST -> BUILD -> TEST -> TEST -> NAVIGATE,1
5,BUILD -> NAVIGATE -> BUILD -> READ -> NAVIGATE,1
5,NAVIGATE -> BUILD -> READ -> NAVIGATE -> VCS,1
5,BUILD -> READ -> NAVIGATE -> VCS -> NAVIGATE,1
5,VCS -> NAVIGATE -> VCS -> NAVIGATE -> READ,1
5,NAVIGATE -> VCS -> NAVIGATE -> READ -> READ,1
5,VCS -> NAVIGATE -> READ -> READ -> NAVIGATE,1
5,NAVIGATE -> READ -> READ -> NAVIGATE -> READ,1
5,READ -> READ -> NAVIGATE -> READ -> READ,1
5,READ -> NAVIGATE -> READ -> READ -> NAVIGATE,1
5,NAVIGATE -> READ -> READ -> NAVIGATE -> FILE_OPS,1
5,READ -> READ -> NAVIGATE -> FILE_OPS -> NAVIGATE,1
5,WRITE -> NAVIGATE -> WRITE -> NAVIGATE -> READ,1
5,NAVIGATE -> WRITE -> NAVIGATE -> READ -> READ,1
5,WRITE -> NAVIGATE -> READ -> READ -> WRITE,1
5,TEST -> NAVIGATE -> SEARCH_CONTENT -> NAVIGATE -> VCS,1
5,READ -> NAVIGATE -> SEARCH_FILES -> NAVIGATE -> SEARCH_FILES,1
5,SEARCH_FILES -> NAVIGATE -> SEARCH_FILES -> READ -> SEARCH_FILES,1
5,NAVIGATE -> SEARCH_FILES -> READ -> SEARCH_FILES -> SEARCH_FILES,1
5,READ -> SEARCH_FILES -> SEARCH_FILES -> SEARCH_FILES -> NAVIGATE,1
5,BUILD -> NAVIGATE -> SEARCH_FILES -> WRITE -> WRITE,1
5,NAVIGATE -> SEARCH_FILES -> WRITE -> WRITE -> READ,1
5,SEARCH_FILES -> WRITE -> WRITE -> READ -> NAVIGATE,1
5,TEST -> WRITE -> NAVIGATE -> FILE_OPS -> READ,1
5,WRITE -> NAVIGATE -> FILE_OPS -> READ -> WRITE,1
5,FILE_OPS -> READ -> WRITE -> NAVIGATE -> READ,1
5,READ -> WRITE -> NAVIGATE -> READ -> NAVIGATE,1
5,WRITE -> NAVIGATE -> READ -> NAVIGATE -> BUILD,1
5,NAVIGATE -> READ -> NAVIGATE -> BUILD -> TEST,1
5,BUILD -> TEST -> NAVIGATE -> TEST -> UTIL,1
5,TEST -> NAVIGATE -> TEST -> UTIL -> NAVIGATE,1
5,UTIL -> NAVIGATE -> TEST -> SEARCH_CONTENT -> WRITE,1
5,SEARCH_CONTENT -> SEARCH_CONTENT -> READ -> TEST -> SEARCH_CONTENT,1
5,TEST -> SEARCH_CONTENT -> READ -> READ -> BUILD,1
5,SEARCH_CONTENT -> READ -> READ -> BUILD -> SEARCH_FILES,1
5,READ -> BUILD -> SEARCH_FILES -> READ -> READ,1
5,BUILD -> SEARCH_FILES -> READ -> READ -> READ,1
5,BUILD -> WRITE -> READ -> WRITE -> SEARCH_FILES,1
5,WRITE -> READ -> WRITE -> SEARCH_FILES -> TEST,1
5,READ -> WRITE -> SEARCH_FILES -> TEST -> READ,1
5,WRITE -> SEARCH_FILES -> TEST -> READ -> WRITE,1
5,SEARCH_FILES -> TEST -> READ -> WRITE -> NAVIGATE,1
5,NAVIGATE -> VCS -> WRITE -> WRITE -> BUILD,1
5,TEST -> WRITE -> TEST -> WRITE -> WRITE,1
5,WRITE -> TEST -> WRITE -> WRITE -> NAVIGATE,1
5,TEST -> WRITE -> WRITE -> NAVIGATE -> VCS,1
5,WRITE -> WRITE -> NAVIGATE -> VCS -> READ,1
5,WRITE -> NAVIGATE -> VCS -> READ -> READ,1
5,NAVIGATE -> VCS -> READ -> READ -> READ,1
5,VCS -> READ -> READ -> READ -> WRITE,1
5,WRITE -> WRITE -> BUILD -> TEST -> NAVIGATE,1
5,TEST -> SEARCH_CONTENT -> READ -> SEARCH_FILES -> NAVIGATE,1
5,SEARCH_CONTENT -> READ -> SEARCH_FILES -> NAVIGATE -> VCS,1
5,READ -> SEARCH_FILES -> NAVIGATE -> VCS -> READ,1
5,SEARCH_FILES -> NAVIGATE -> VCS -> READ -> NAVIGATE,1
5,NAVIGATE -> VCS -> READ -> NAVIGATE -> VCS,1
5,VCS -> READ -> NAVIGATE -> VCS -> SEARCH_CONTENT,1
5,READ -> NAVIGATE -> VCS -> SEARCH_CONTENT -> READ,1
5,VCS -> SEARCH_CONTENT -> READ -> READ -> SEARCH_FILES,1
5,NAVIGATE -> BUILD -> SEARCH_CONTENT -> NAVIGATE -> SEARCH_CONTENT,1
5,BUILD -> SEARCH_CONTENT -> NAVIGATE -> SEARCH_CONTENT -> READ,1
5,NAVIGATE -> VCS -> READ -> NAVIGATE -> TEST,1
5,VCS -> READ -> NAVIGATE -> TEST -> READ,1
5,READ -> WRITE -> NAVIGATE -> FILE_OPS -> TEST,1
5,WRITE -> NAVIGATE -> FILE_OPS -> TEST -> WRITE,1
5,NAVIGATE -> FILE_OPS -> TEST -> WRITE -> NAVIGATE,1
5,FILE_OPS -> TEST -> WRITE -> NAVIGATE -> VCS,1
5,TEST -> WRITE -> NAVIGATE -> VCS -> WRITE,1
5,VCS -> WRITE -> NAVIGATE -> BUILD -> WRITE,1
5,TEST -> WRITE -> NAVIGATE -> SEARCH_FILES -> NAVIGATE,1
5,WRITE -> NAVIGATE -> SEARCH_FILES -> NAVIGATE -> VCS,1
5,NAVIGATE -> SEARCH_FILES -> NAVIGATE -> VCS -> NAVIGATE,1
5,SEARCH_FILES -> NAVIGATE -> VCS -> NAVIGATE -> VCS,1
5,NAVIGATE -> VCS -> NAVIGATE -> TEST -> UTIL,1
5,VCS -> NAVIGATE -> TEST -> UTIL -> NAVIGATE,1
5,TEST -> SEARCH_CONTENT -> NAVIGATE -> TEST -> READ,1
5,READ -> READ -> READ -> SEARCH_FILES -> BUILD,1
5,READ -> READ -> SEARCH_FILES -> BUILD -> WRITE,1
5,READ -> SEARCH_FILES -> BUILD -> WRITE -> READ,1
5,BUILD -> NAVIGATE -> BUILD -> TEST -> READ,1
5,NAVIGATE -> BUILD -> TEST -> READ -> WRITE,1
5,TEST -> READ -> WRITE -> WRITE -> SEARCH_FILES,1
5,READ -> WRITE -> WRITE -> SEARCH_FILES -> SEARCH_FILES,1
5,WRITE -> WRITE -> SEARCH_FILES -> SEARCH_FILES -> WRITE,1
5,WRITE -> SEARCH_FILES -> SEARCH_FILES -> WRITE -> SEARCH_CONTENT,1
5,SEARCH_FILES -> SEARCH_FILES -> WRITE -> SEARCH_CONTENT -> SEARCH_CONTENT,1
5,SEARCH_FILES -> WRITE -> SEARCH_CONTENT -> SEARCH_CONTENT -> READ,1
5,SEARCH_FILES -> READ -> SEARCH_CONTENT -> READ -> TEST,1
5,READ -> TEST -> TEST -> TEST -> WRITE,1
5,WRITE -> TEST -> WRITE -> BUILD -> WRITE,1
5,TEST -> WRITE -> BUILD -> WRITE -> READ,1
5,TEST -> READ -> SEARCH_FILES -> READ -> BUILD,1
5,SEARCH_FILES -> READ -> BUILD -> TEST -> TEST,1
5,READ -> READ -> READ -> NAVIGATE -> DEFECTS4J_OTHER,1
5,READ -> READ -> NAVIGATE -> DEFECTS4J_OTHER -> READ,1
5,READ -> NAVIGATE -> DEFECTS4J_OTHER -> READ -> NAVIGATE,1
5,DEFECTS4J_OTHER -> READ -> NAVIGATE -> TEST -> READ,1
5,NAVIGATE -> TEST -> READ -> NAVIGATE -> DEFECTS4J_OTHER,1
5,TEST -> READ -> NAVIGATE -> DEFECTS4J_OTHER -> NAVIGATE,1
5,READ -> NAVIGATE -> DEFECTS4J_OTHER -> NAVIGATE -> TEST,1
5,DEFECTS4J_OTHER -> NAVIGATE -> TEST -> NAVIGATE -> DEFECTS4J_OTHER,1
5,TEST -> NAVIGATE -> DEFECTS4J_OTHER -> NAVIGATE -> BUILD,1
5,DEFECTS4J_OTHER -> NAVIGATE -> BUILD -> NAVIGATE -> FILE_OPS,1
5,BUILD -> NAVIGATE -> FILE_OPS -> FILE_OPS -> SEARCH_CONTENT,1
5,NAVIGATE -> FILE_OPS -> FILE_OPS -> SEARCH_CONTENT -> READ,1
5,FILE_OPS -> FILE_OPS -> SEARCH_CONTENT -> READ -> SEARCH_CONTENT,1
5,FILE_OPS -> SEARCH_CONTENT -> READ -> SEARCH_CONTENT -> SEARCH_CONTENT,1
5,SEARCH_CONTENT -> READ -> NAVIGATE -> BUILD -> WRITE,1
5,READ -> NAVIGATE -> BUILD -> WRITE -> WRITE,1
5,READ -> NAVIGATE -> NAVIGATE -> SEARCH_FILES -> NAVIGATE,1
5,NAVIGATE -> NAVIGATE -> SEARCH_FILES -> NAVIGATE -> SEARCH_FILES,1
5,SEARCH_FILES -> NAVIGATE -> SEARCH_FILES -> READ -> NAVIGATE,1
5,SEARCH_FILES -> READ -> NAVIGATE -> SEARCH_FILES -> SEARCH_CONTENT,1
5,READ -> WRITE -> READ -> READ -> NAVIGATE,1
5,WRITE -> READ -> READ -> NAVIGATE -> BUILD,1
5,BUILD -> NAVIGATE -> SEARCH_FILES -> NAVIGATE -> DEFECTS4J_OTHER,1
5,SEARCH_FILES -> NAVIGATE -> DEFECTS4J_OTHER -> NAVIGATE -> DEFECTS4J_OTHER,1
5,NAVIGATE -> DEFECTS4J_OTHER -> NAVIGATE -> DEFECTS4J_OTHER -> READ,1
5,DEFECTS4J_OTHER -> NAVIGATE -> DEFECTS4J_OTHER -> READ -> NAVIGATE,1
5,DEFECTS4J_OTHER -> READ -> NAVIGATE -> TEST -> NAVIGATE,1
5,NAVIGATE -> TEST -> NAVIGATE -> READ -> NAVIGATE,1
5,TEST -> NAVIGATE -> READ -> NAVIGATE -> BUILD,1
5,NAVIGATE -> READ -> NAVIGATE -> BUILD -> NAVIGATE,1
5,NAVIGATE -> BUILD -> NAVIGATE -> SEARCH_FILES -> SEARCH_CONTENT,1
5,BUILD -> NAVIGATE -> SEARCH_FILES -> SEARCH_CONTENT -> READ,1
5,NAVIGATE -> WRITE -> READ -> WRITE -> WRITE,1
5,SEARCH_CONTENT -> READ -> SEARCH_CONTENT -> SEARCH_CONTENT -> WRITE,1
5,READ -> SEARCH_CONTENT -> SEARCH_CONTENT -> WRITE -> NAVIGATE,1
5,NAVIGATE -> BUILD -> SEARCH_CONTENT -> READ -> WRITE,1
5,BUILD -> SEARCH_CONTENT -> READ -> WRITE -> NAVIGATE,1
5,NAVIGATE -> BUILD -> BUILD -> NAVIGATE -> UTIL,1
5,BUILD -> BUILD -> NAVIGATE -> UTIL -> NAVIGATE,1
5,BUILD -> NAVIGATE -> UTIL -> NAVIGATE -> VCS,1
5,NAVIGATE -> VCS -> NAVIGATE -> VCS -> SEARCH_CONTENT,1
5,VCS -> NAVIGATE -> VCS -> SEARCH_CONTENT -> READ,1
5,NAVIGATE -> VCS -> READ -> NAVIGATE -> SEARCH_CONTENT,1
5,VCS -> READ -> NAVIGATE -> SEARCH_CONTENT -> SEARCH_CONTENT,1
5,READ -> NAVIGATE -> SEARCH_CONTENT -> SEARCH_CONTENT -> SEARCH_CONTENT,1
5,NAVIGATE -> SEARCH_CONTENT -> SEARCH_CONTENT -> SEARCH_CONTENT -> WRITE,1
5,SEARCH_CONTENT -> SEARCH_CONTENT -> SEARCH_CONTENT -> WRITE -> NAVIGATE,1
5,SEARCH_CONTENT -> WRITE -> NAVIGATE -> BUILD -> SEARCH_CONTENT,1
5,WRITE -> NAVIGATE -> BUILD -> SEARCH_CONTENT -> READ,1
5,NAVIGATE -> BUILD -> SEARCH_CONTENT -> READ -> SEARCH_CONTENT,1
5,BUILD -> SEARCH_CONTENT -> READ -> SEARCH_CONTENT -> READ,1
5,READ -> SEARCH_CONTENT -> READ -> NAVIGATE -> VCS,1
5,SEARCH_CONTENT -> READ -> NAVIGATE -> VCS -> NAVIGATE,1
5,NAVIGATE -> VCS -> NAVIGATE -> SEARCH_CONTENT -> READ,1
5,VCS -> NAVIGATE -> SEARCH_CONTENT -> READ -> READ,1
5,WRITE -> READ -> NAVIGATE -> SEARCH_CONTENT -> WRITE,1
5,VCS -> WRITE -> READ -> WRITE -> NAVIGATE,1
5,BUILD -> NAVIGATE -> BUILD -> BUILD -> TEST,1
5,SEARCH_FILES -> READ -> READ -> TEST -> READ,1
5,TEST -> NAVIGATE -> BUILD -> WRITE -> BUILD,1
5,VCS -> NAVIGATE -> VCS -> READ -> READ,1
5,NAVIGATE -> VCS -> READ -> READ -> WRITE,1
5,VCS -> READ -> READ -> WRITE -> BUILD,1
5,TEST -> TEST -> WRITE -> TEST -> NAVIGATE,1
5,TEST -> WRITE -> TEST -> NAVIGATE -> VCS,1
5,NAVIGATE -> PATCH -> READ -> WRITE -> READ,1
5,PATCH -> READ -> WRITE -> READ -> READ,1
5,WRITE -> READ -> READ -> READ -> SEARCH_CONTENT,1
5,WRITE -> TEST -> TEST -> TEST -> READ,1
5,TEST -> TEST -> READ -> NAVIGATE -> SEARCH_CONTENT,1
5,READ -> NAVIGATE -> SEARCH_CONTENT -> WRITE -> TEST,1
5,NAVIGATE -> SEARCH_CONTENT -> WRITE -> TEST -> WRITE,1
5,SEARCH_CONTENT -> WRITE -> TEST -> WRITE -> NAVIGATE,1
5,WRITE -> NAVIGATE -> PATCH -> WRITE -> TEST,1
5,NAVIGATE -> PATCH -> WRITE -> TEST -> TEST,1
5,READ -> NAVIGATE -> SEARCH_CONTENT -> WRITE -> READ,1
5,NAVIGATE -> SEARCH_CONTENT -> WRITE -> READ -> NAVIGATE,1
5,SEARCH_CONTENT -> WRITE -> READ -> NAVIGATE -> TEST,1
5,TEST -> READ -> WRITE -> SEARCH_CONTENT -> NAVIGATE,1
5,READ -> WRITE -> SEARCH_CONTENT -> NAVIGATE -> SEARCH_CONTENT,1
5,WRITE -> SEARCH_CONTENT -> NAVIGATE -> SEARCH_CONTENT -> READ,1
5,NAVIGATE -> BUILD -> NAVIGATE -> SEARCH_CONTENT -> READ,1
5,BUILD -> NAVIGATE -> SEARCH_CONTENT -> READ -> NAVIGATE,1
5,READ -> NAVIGATE -> WRITE -> NAVIGATE -> VCS,1
5,TEST -> WRITE -> NAVIGATE -> VCS -> READ,1
5,SEARCH_FILES -> SEARCH_FILES -> SEARCH_FILES -> READ -> WRITE,1
5,SEARCH_FILES -> SEARCH_FILES -> READ -> WRITE -> WRITE,1
5,SEARCH_FILES -> READ -> WRITE -> WRITE -> READ,1
5,READ -> WRITE -> NAVIGATE -> SEARCH_CONTENT -> WRITE,1
5,TEST -> WRITE -> READ -> NAVIGATE -> BUILD,1
5,SEARCH_CONTENT -> TEST -> TEST -> READ -> BUILD,1
5,TEST -> READ -> BUILD -> SEARCH_FILES -> READ,1
5,READ -> BUILD -> SEARCH_FILES -> READ -> SEARCH_FILES,1
5,SEARCH_FILES -> READ -> SEARCH_CONTENT -> NAVIGATE -> BUILD,1
5,SEARCH_CONTENT -> NAVIGATE -> BUILD -> WRITE -> BUILD,1
5,NAVIGATE -> BUILD -> WRITE -> BUILD -> WRITE,1
5,BUILD -> WRITE -> BUILD -> WRITE -> READ,1
5,READ -> READ -> WRITE -> BUILD -> NAVIGATE,1
5,TEST -> TEST -> READ -> SEARCH_CONTENT -> SEARCH_CONTENT,1
5,BUILD -> READ -> READ -> WRITE -> WRITE,1
5,READ -> WRITE -> WRITE -> BUILD -> NAVIGATE,1
5,NAVIGATE -> VCS -> WRITE -> BUILD -> WRITE,1
5,VCS -> WRITE -> BUILD -> WRITE -> WRITE,1
5,WRITE -> BUILD -> WRITE -> WRITE -> READ,1
5,BUILD -> BUILD -> WRITE -> READ -> SEARCH_CONTENT,1
5,BUILD -> WRITE -> READ -> SEARCH_CONTENT -> NAVIGATE,1
5,SEARCH_CONTENT -> NAVIGATE -> SEARCH_CONTENT -> NAVIGATE -> VCS,1
5,TEST -> WRITE -> READ -> READ -> READ,1
5,WRITE -> READ -> READ -> READ -> NAVIGATE,1
5,READ -> TEST -> TEST -> WRITE -> TEST,1
5,WRITE -> WRITE -> TEST -> TEST -> READ,1
5,WRITE -> TEST -> TEST -> READ -> VCS,1
5,TEST -> READ -> VCS -> VCS -> WRITE,1
5,READ -> VCS -> VCS -> WRITE -> WRITE,1
5,VCS -> VCS -> WRITE -> WRITE -> READ,1
5,VCS -> WRITE -> WRITE -> READ -> TEST,1
5,WRITE -> WRITE -> READ -> TEST -> BUILD,1
5,WRITE -> READ -> TEST -> BUILD -> BUILD,1
5,READ -> TEST -> BUILD -> BUILD -> WRITE,1
5,WRITE -> BUILD -> BUILD -> WRITE -> TEST,1
5,BUILD -> BUILD -> WRITE -> TEST -> WRITE,1
5,BUILD -> BUILD -> READ -> WRITE -> VCS,1
5,BUILD -> READ -> WRITE -> VCS -> TEST,1
5,READ -> WRITE -> VCS -> TEST -> TEST,1
5,WRITE -> VCS -> TEST -> TEST -> READ,1
5,VCS -> TEST -> TEST -> READ -> VCS,1
5,TEST -> TEST -> READ -> VCS -> TEST,1
5,TEST -> READ -> VCS -> TEST -> BUILD,1
5,READ -> VCS -> TEST -> BUILD -> BUILD,1
5,VCS -> TEST -> BUILD -> BUILD -> FILE_OPS,1
5,TEST -> BUILD -> BUILD -> FILE_OPS -> READ,1
5,BUILD -> BUILD -> FILE_OPS -> READ -> BUILD,1
5,BUILD -> FILE_OPS -> READ -> BUILD -> WRITE,1
5,FILE_OPS -> READ -> BUILD -> WRITE -> BUILD,1
5,READ -> BUILD -> WRITE -> BUILD -> BUILD,1
5,WRITE -> BUILD -> BUILD -> FILE_OPS -> VCS,1
5,SEARCH_FILES -> SEARCH_FILES -> SEARCH_FILES -> SEARCH_FILES -> TEST,1
5,SEARCH_FILES -> SEARCH_FILES -> SEARCH_FILES -> TEST -> READ,1
5,SEARCH_FILES -> SEARCH_FILES -> TEST -> READ -> READ,1
5,SEARCH_FILES -> READ -> SEARCH_CONTENT -> READ -> WRITE,1
5,TEST -> BUILD -> SEARCH_FILES -> SEARCH_FILES -> SEARCH_FILES,1
5,BUILD -> SEARCH_FILES -> SEARCH_FILES -> SEARCH_FILES -> SEARCH_FILES,1
5,WRITE -> READ -> SEARCH_CONTENT -> SEARCH_CONTENT -> SEARCH_CONTENT,1
5,WRITE -> WRITE -> WRITE -> WRITE -> SEARCH_CONTENT,1
5,WRITE -> WRITE -> WRITE -> SEARCH_CONTENT -> WRITE,1
5,WRITE -> WRITE -> SEARCH_CONTENT -> WRITE -> WRITE,1
5,SEARCH_CONTENT -> WRITE -> WRITE -> WRITE -> WRITE,1
5,TEST -> TEST -> TEST -> READ -> VCS,1
5,VCS -> VCS -> READ -> READ -> READ,1
5,VCS -> READ -> READ -> READ -> READ,1
5,READ -> READ -> WRITE -> WRITE -> FILE_OPS,1
5,READ -> WRITE -> WRITE -> FILE_OPS -> OTHER,1
5,WRITE -> WRITE -> FILE_OPS -> OTHER -> WRITE,1
5,WRITE -> FILE_OPS -> OTHER -> WRITE -> WRITE,1
5,FILE_OPS -> OTHER -> WRITE -> WRITE -> WRITE,1
5,OTHER -> WRITE -> WRITE -> WRITE -> WRITE,1
5,BUILD -> TEST -> READ -> READ -> FILE_OPS,1
5,TEST -> READ -> READ -> FILE_OPS -> FILE_OPS,1
5,READ -> READ -> FILE_OPS -> FILE_OPS -> WRITE,1
5,READ -> FILE_OPS -> FILE_OPS -> WRITE -> BUILD,1
5,FILE_OPS -> FILE_OPS -> WRITE -> BUILD -> BUILD,1
5,FILE_OPS -> WRITE -> BUILD -> BUILD -> SEARCH_CONTENT,1
5,WRITE -> BUILD -> BUILD -> SEARCH_CONTENT -> WRITE,1
5,BUILD -> BUILD -> SEARCH_CONTENT -> WRITE -> SEARCH_CONTENT,1
5,BUILD -> SEARCH_CONTENT -> WRITE -> SEARCH_CONTENT -> WRITE,1
5,SEARCH_CONTENT -> WRITE -> SEARCH_CONTENT -> WRITE -> SEARCH_CONTENT,1
5,SEARCH_CONTENT -> WRITE -> SEARCH_CONTENT -> SEARCH_CONTENT -> WRITE,1
5,WRITE -> SEARCH_CONTENT -> SEARCH_CONTENT -> WRITE -> BUILD,1
5,SEARCH_CONTENT -> SEARCH_CONTENT -> WRITE -> BUILD -> VCS,1
5,SEARCH_CONTENT -> WRITE -> BUILD -> VCS -> READ,1
5,VCS -> READ -> READ -> WRITE -> FILE_OPS,1
5,READ -> READ -> WRITE -> FILE_OPS -> WRITE,1
5,READ -> WRITE -> FILE_OPS -> WRITE -> FILE_OPS,1
5,WRITE -> FILE_OPS -> WRITE -> FILE_OPS -> BUILD,1
5,FILE_OPS -> WRITE -> FILE_OPS -> BUILD -> VCS,1
5,WRITE -> FILE_OPS -> BUILD -> VCS -> OTHER,1
5,FILE_OPS -> BUILD -> VCS -> OTHER -> OTHER,1
5,BUILD -> VCS -> OTHER -> OTHER -> OTHER,1
5,VCS -> OTHER -> OTHER -> OTHER -> WRITE,1
5,OTHER -> OTHER -> OTHER -> WRITE -> SEARCH_CONTENT,1
5,OTHER -> OTHER -> WRITE -> SEARCH_CONTENT -> SEARCH_CONTENT,1
5,OTHER -> WRITE -> SEARCH_CONTENT -> SEARCH_CONTENT -> VCS,1
5,WRITE -> SEARCH_CONTENT -> SEARCH_CONTENT -> VCS -> OTHER,1
5,SEARCH_CONTENT -> SEARCH_CONTENT -> VCS -> OTHER -> UTIL,1
5,SEARCH_CONTENT -> VCS -> OTHER -> UTIL -> UTIL,1
5,VCS -> OTHER -> UTIL -> UTIL -> OTHER,1
5,OTHER -> UTIL -> UTIL -> OTHER -> UTIL,1
5,UTIL -> UTIL -> OTHER -> UTIL -> TEST,1
5,UTIL -> OTHER -> UTIL -> TEST -> UTIL,1
5,SEARCH_FILES -> SEARCH_FILES -> SEARCH_CONTENT -> SEARCH_CONTENT -> NAVIGATE,1
5,SEARCH_FILES -> SEARCH_CONTENT -> SEARCH_CONTENT -> NAVIGATE -> TEST,1
5,SEARCH_CONTENT -> SEARCH_CONTENT -> NAVIGATE -> TEST -> READ,1
5,READ -> READ -> SEARCH_FILES -> SEARCH_FILES -> SEARCH_CONTENT,1
5,READ -> SEARCH_FILES -> SEARCH_FILES -> SEARCH_CONTENT -> NAVIGATE,1
5,TEST -> READ -> NAVIGATE -> BUILD -> READ,1
5,READ -> NAVIGATE -> BUILD -> READ -> WRITE,1
5,NAVIGATE -> BUILD -> BUILD -> READ -> SEARCH_CONTENT,1
5,BUILD -> BUILD -> READ -> SEARCH_CONTENT -> SEARCH_FILES,1
5,READ -> SEARCH_CONTENT -> SEARCH_FILES -> READ -> WEB,1
5,SEARCH_CONTENT -> SEARCH_FILES -> READ -> WEB -> NAVIGATE,1
5,SEARCH_FILES -> READ -> WEB -> NAVIGATE -> BUILD,1
5,READ -> WEB -> NAVIGATE -> BUILD -> BUILD,1
5,WEB -> NAVIGATE -> BUILD -> BUILD -> UTIL,1
5,NAVIGATE -> BUILD -> BUILD -> UTIL -> NAVIGATE,1
5,BUILD -> BUILD -> UTIL -> NAVIGATE -> SEARCH_CONTENT,1
5,BUILD -> UTIL -> NAVIGATE -> SEARCH_CONTENT -> WRITE,1
5,UTIL -> NAVIGATE -> SEARCH_CONTENT -> WRITE -> WRITE,1
5,NAVIGATE -> SEARCH_CONTENT -> WRITE -> WRITE -> WRITE,1
5,SEARCH_FILES -> WRITE -> NAVIGATE -> TEST -> NAVIGATE,1
5,SEARCH_FILES -> SEARCH_FILES -> READ -> TEST -> BUILD,1
5,SEARCH_FILES -> READ -> TEST -> BUILD -> SEARCH_FILES,1
5,READ -> TEST -> BUILD -> SEARCH_FILES -> READ,1
5,TEST -> READ -> READ -> TEST -> TEST,1
5,READ -> READ -> TEST -> TEST -> NAVIGATE,1
5,READ -> TEST -> TEST -> NAVIGATE -> BUILD,1
5,BUILD -> NAVIGATE -> BUILD -> READ -> READ,1
5,NAVIGATE -> BUILD -> READ -> READ -> READ,1
5,VCS -> NAVIGATE -> VCS -> NAVIGATE -> FILE_OPS,1
5,SEARCH_FILES -> TEST -> READ -> TEST -> READ,1
5,TEST -> READ -> READ -> READ -> TEST,1
5,READ -> READ -> TEST -> TEST -> BUILD,1
5,READ -> TEST -> TEST -> BUILD -> TEST,1
5,TEST -> TEST -> BUILD -> TEST -> NAVIGATE,1
5,TEST -> BUILD -> TEST -> NAVIGATE -> BUILD,1
5,WRITE -> BUILD -> TEST -> NAVIGATE -> DEFECTS4J_OTHER,1
5,BUILD -> TEST -> NAVIGATE -> DEFECTS4J_OTHER -> WRITE,1
5,READ -> NAVIGATE -> SEARCH_FILES -> NAVIGATE -> TEST,1
5,READ -> READ -> TEST -> TEST -> SEARCH_FILES,1
5,READ -> TEST -> TEST -> SEARCH_FILES -> BUILD,1
5,TEST -> SEARCH_FILES -> BUILD -> WRITE -> READ,1
5,WRITE -> BUILD -> TEST -> NAVIGATE -> SEARCH_FILES,1
5,BUILD -> TEST -> NAVIGATE -> SEARCH_FILES -> WRITE,1
5,TEST -> NAVIGATE -> SEARCH_FILES -> WRITE -> READ,1
5,NAVIGATE -> SEARCH_FILES -> WRITE -> READ -> VCS,1
5,SEARCH_FILES -> WRITE -> READ -> VCS -> WRITE,1
5,NAVIGATE -> BUILD -> TEST -> READ -> READ,1
5,TEST -> READ -> READ -> READ -> VCS,1
5,READ -> READ -> READ -> VCS -> WRITE,1
5,READ -> READ -> VCS -> WRITE -> BUILD,1
5,READ -> TEST -> READ -> READ -> SEARCH_FILES,1
5,TEST -> SEARCH_FILES -> READ -> READ -> SEARCH_FILES,1
5,BUILD -> BUILD -> BUILD -> NAVIGATE -> BUILD,1
5,BUILD -> BUILD -> WRITE -> WRITE -> UTIL,1
5,BUILD -> WRITE -> WRITE -> UTIL -> NAVIGATE,1
5,WRITE -> WRITE -> UTIL -> NAVIGATE -> BUILD,1
5,WRITE -> UTIL -> NAVIGATE -> BUILD -> WRITE,1
5,UTIL -> NAVIGATE -> BUILD -> WRITE -> READ,1
5,TEST -> WRITE -> NAVIGATE -> BUILD -> UTIL,1
5,SEARCH_CONTENT -> SEARCH_FILES -> SEARCH_CONTENT -> SEARCH_CONTENT -> SEARCH_FILES,1
5,SEARCH_FILES -> SEARCH_CONTENT -> SEARCH_CONTENT -> SEARCH_FILES -> READ,1
5,SEARCH_CONTENT -> SEARCH_FILES -> READ -> WRITE -> NAVIGATE,1
5,NAVIGATE -> SEARCH_FILES -> READ -> NAVIGATE -> BUILD,1
5,SEARCH_FILES -> READ -> NAVIGATE -> BUILD -> NAVIGATE,1
5,TEST -> NAVIGATE -> TEST -> SEARCH_CONTENT -> BUILD,1
5,NAVIGATE -> TEST -> SEARCH_CONTENT -> BUILD -> READ,1
5,TEST -> SEARCH_CONTENT -> BUILD -> READ -> READ,1
5,SEARCH_CONTENT -> BUILD -> READ -> READ -> READ,1
5,BUILD -> WRITE -> READ -> READ -> READ,1
5,SEARCH_CONTENT -> NAVIGATE -> SEARCH_CONTENT -> NAVIGATE -> WRITE,1
5,SEARCH_CONTENT -> NAVIGATE -> WRITE -> WRITE -> WRITE,1
5,NAVIGATE -> WRITE -> WRITE -> WRITE -> WRITE,1
5,TEST -> NAVIGATE -> BUILD -> NAVIGATE -> VCS,1
5,SEARCH_CONTENT -> READ -> READ -> READ -> BUILD,1
5,READ -> BUILD -> TEST -> TEST -> NAVIGATE,1
5,BUILD -> BUILD -> NAVIGATE -> SEARCH_FILES -> SEARCH_FILES,1
5,BUILD -> NAVIGATE -> SEARCH_FILES -> SEARCH_FILES -> SEARCH_FILES,1
5,NAVIGATE -> SEARCH_FILES -> SEARCH_FILES -> SEARCH_FILES -> READ,1
5,SEARCH_FILES -> SEARCH_FILES -> READ -> SEARCH_FILES -> SEARCH_CONTENT,1
5,SEARCH_FILES -> READ -> SEARCH_FILES -> SEARCH_CONTENT -> READ,1
5,TEST -> NAVIGATE -> TEST -> WRITE -> SEARCH_FILES,1
5,TEST -> WRITE -> SEARCH_FILES -> READ -> WRITE,1
5,WRITE -> SEARCH_FILES -> READ -> WRITE -> NAVIGATE,1
5,SEARCH_FILES -> READ -> WRITE -> NAVIGATE -> TEST,1
5,SEARCH_CONTENT -> READ -> SEARCH_FILES -> READ -> SEARCH_FILES,1
5,SEARCH_CONTENT -> SEARCH_CONTENT -> READ -> WRITE -> TEST,1
5,SEARCH_CONTENT -> READ -> WRITE -> TEST -> BUILD,1
5,WRITE -> TEST -> BUILD -> TEST -> TEST,1
5,WRITE -> BUILD -> BUILD -> READ -> NAVIGATE,1
5,NAVIGATE -> TEST -> SEARCH_CONTENT -> WRITE -> BUILD,1
5,TEST -> SEARCH_CONTENT -> WRITE -> BUILD -> BUILD,1
5,SEARCH_CONTENT -> WRITE -> BUILD -> BUILD -> SEARCH_FILES,1
5,WRITE -> BUILD -> BUILD -> SEARCH_FILES -> WRITE,1
5,BUILD -> BUILD -> SEARCH_FILES -> WRITE -> BUILD,1
5,BUILD -> SEARCH_FILES -> WRITE -> BUILD -> BUILD,1
5,SEARCH_FILES -> WRITE -> BUILD -> BUILD -> TEST,1
5,BUILD -> BUILD -> TEST -> TEST -> VCS,1
5,BUILD -> TEST -> TEST -> VCS -> FILE_OPS,1
5,BUILD -> BUILD -> SEARCH_CONTENT -> SEARCH_CONTENT -> SEARCH_CONTENT,1
5,SEARCH_CONTENT -> SEARCH_CONTENT -> SEARCH_CONTENT -> SEARCH_FILES -> NAVIGATE,1
5,SEARCH_CONTENT -> SEARCH_CONTENT -> SEARCH_FILES -> NAVIGATE -> SEARCH_CONTENT,1
5,SEARCH_CONTENT -> SEARCH_FILES -> NAVIGATE -> SEARCH_CONTENT -> NAVIGATE,1
5,BUILD -> BUILD -> READ -> NAVIGATE -> SEARCH_CONTENT,1
5,TEST -> WRITE -> WRITE -> READ -> READ,1
5,BUILD -> BUILD -> READ -> READ -> NAVIGATE,1
5,BUILD -> READ -> READ -> NAVIGATE -> SEARCH_CONTENT,1
5,BUILD -> TEST -> NAVIGATE -> TEST -> WRITE,1
5,SEARCH_CONTENT -> SEARCH_FILES -> READ -> READ -> BUILD,1
5,BUILD -> WRITE -> WRITE -> BUILD -> WRITE,1
5,WRITE -> BUILD -> WRITE -> BUILD -> BUILD,1
5,BUILD -> WRITE -> BUILD -> BUILD -> SEARCH_CONTENT,1
5,BUILD -> SEARCH_CONTENT -> READ -> WRITE -> WRITE,1
5,WRITE -> WRITE -> WRITE -> BUILD -> BUILD,1
5,BUILD -> WRITE -> BUILD -> TEST -> WRITE,1
5,NAVIGATE -> WRITE -> WRITE -> BUILD -> BUILD,1
5,BUILD -> BUILD -> WRITE -> TEST -> TEST,1
5,BUILD -> WRITE -> TEST -> TEST -> SEARCH_CONTENT,1
5,WRITE -> TEST -> TEST -> SEARCH_CONTENT -> SEARCH_CONTENT,1
5,TEST -> TEST -> SEARCH_CONTENT -> SEARCH_CONTENT -> WRITE,1
5,SEARCH_CONTENT -> SEARCH_CONTENT -> WRITE -> BUILD -> BUILD,1
5,BUILD -> BUILD -> WRITE -> WRITE -> READ,1
5,TEST -> WRITE -> BUILD -> BUILD -> BUILD,1
5,WRITE -> BUILD -> BUILD -> BUILD -> READ,1
5,BUILD -> BUILD -> BUILD -> READ -> WRITE,1
5,TEST -> BUILD -> SEARCH_FILES -> READ -> SEARCH_CONTENT,1
5,READ -> READ -> SEARCH_CONTENT -> SEARCH_FILES -> SEARCH_CONTENT,1
5,SEARCH_CONTENT -> SEARCH_FILES -> SEARCH_CONTENT -> SEARCH_CONTENT -> SEARCH_CONTENT,1
5,SEARCH_FILES -> SEARCH_CONTENT -> SEARCH_CONTENT -> SEARCH_CONTENT -> SEARCH_FILES,1
5,SEARCH_CONTENT -> SEARCH_CONTENT -> SEARCH_CONTENT -> SEARCH_FILES -> TEST,1
5,SEARCH_CONTENT -> SEARCH_CONTENT -> SEARCH_FILES -> TEST -> NAVIGATE,1
5,SEARCH_CONTENT -> SEARCH_FILES -> TEST -> NAVIGATE -> BUILD,1
5,SEARCH_FILES -> TEST -> NAVIGATE -> BUILD -> NAVIGATE,1
5,BUILD -> READ -> WRITE -> READ -> READ,1
5,READ -> WRITE -> READ -> WRITE -> FILE_OPS,1
5,WRITE -> READ -> WRITE -> FILE_OPS -> WRITE,1
5,READ -> WRITE -> FILE_OPS -> WRITE -> READ,1
5,WRITE -> FILE_OPS -> WRITE -> READ -> READ,1
5,FILE_OPS -> WRITE -> READ -> READ -> WRITE,1
5,WRITE -> READ -> WRITE -> WRITE -> FILE_OPS,1
5,READ -> WRITE -> WRITE -> FILE_OPS -> BUILD,1
5,WRITE -> WRITE -> FILE_OPS -> BUILD -> TEST,1
5,FILE_OPS -> BUILD -> TEST -> TEST -> NAVIGATE,1
5,NAVIGATE -> BUILD -> READ -> WRITE -> SEARCH_FILES,1
5,BUILD -> READ -> WRITE -> SEARCH_FILES -> SEARCH_FILES,1
5,READ -> WRITE -> SEARCH_FILES -> SEARCH_FILES -> READ,1
5,WRITE -> SEARCH_FILES -> SEARCH_FILES -> READ -> READ,1
5,BUILD -> TEST -> WRITE -> TEST -> UTIL,1
5,TEST -> WRITE -> TEST -> UTIL -> NAVIGATE,1
5,WRITE -> TEST -> UTIL -> NAVIGATE -> BUILD,1
5,TEST -> UTIL -> NAVIGATE -> BUILD -> SEARCH_CONTENT,1
5,UTIL -> NAVIGATE -> BUILD -> SEARCH_CONTENT -> BUILD,1
5,NAVIGATE -> BUILD -> SEARCH_CONTENT -> BUILD -> UTIL,1
5,BUILD -> SEARCH_CONTENT -> BUILD -> UTIL -> WRITE,1
5,BUILD -> NAVIGATE -> SEARCH_FILES -> READ -> READ,1
5,BUILD -> WRITE -> READ -> NAVIGATE -> SEARCH_CONTENT,1
5,BUILD -> BUILD -> WRITE -> NAVIGATE -> SEARCH_FILES,1
5,BUILD -> WRITE -> NAVIGATE -> SEARCH_FILES -> WRITE,1
5,SEARCH_FILES -> WRITE -> NAVIGATE -> BUILD -> WRITE,1
5,SEARCH_FILES -> SEARCH_FILES -> READ -> TEST -> TEST,1
5,SEARCH_FILES -> SEARCH_FILES -> SEARCH_FILES -> SEARCH_FILES -> BUILD,1
5,SEARCH_FILES -> SEARCH_FILES -> SEARCH_FILES -> BUILD -> TEST,1
5,SEARCH_FILES -> SEARCH_FILES -> BUILD -> TEST -> READ,1
5,READ -> READ -> TEST -> READ -> BUILD,1
5,READ -> BUILD -> TEST -> TEST -> SEARCH_FILES,1
5,BUILD -> TEST -> TEST -> SEARCH_FILES -> SEARCH_FILES,1
5,BUILD -> BUILD -> READ -> SEARCH_CONTENT -> SEARCH_CONTENT,1
5,BUILD -> READ -> SEARCH_CONTENT -> SEARCH_CONTENT -> NAVIGATE,1
5,READ -> SEARCH_CONTENT -> SEARCH_CONTENT -> NAVIGATE -> BUILD,1
5,SEARCH_CONTENT -> SEARCH_CONTENT -> NAVIGATE -> BUILD -> NAVIGATE,1
5,NAVIGATE -> SEARCH_FILES -> WRITE -> BUILD -> BUILD,1
5,SEARCH_FILES -> WRITE -> BUILD -> BUILD -> BUILD,1
5,BUILD -> BUILD -> WRITE -> TEST -> VCS,1
5,SEARCH_FILES -> READ -> NAVIGATE -> TEST -> SEARCH_CONTENT,1
5,TEST -> SEARCH_CONTENT -> READ -> NAVIGATE -> BUILD,1
5,SEARCH_CONTENT -> READ -> NAVIGATE -> BUILD -> TEST,1
5,READ -> NAVIGATE -> BUILD -> TEST -> WRITE,1
5,NAVIGATE -> BUILD -> TEST -> WRITE -> READ,1
5,TEST -> WRITE -> NAVIGATE -> TEST -> SEARCH_FILES,1
5,WRITE -> NAVIGATE -> TEST -> SEARCH_FILES -> NAVIGATE,1
5,NAVIGATE -> TEST -> SEARCH_FILES -> NAVIGATE -> TEST,1
5,TEST -> SEARCH_FILES -> NAVIGATE -> TEST -> NAVIGATE,1
5,SEARCH_FILES -> NAVIGATE -> TEST -> NAVIGATE -> READ,1
5,TEST -> NAVIGATE -> READ -> WRITE -> SEARCH_CONTENT,1
5,NAVIGATE -> READ -> WRITE -> SEARCH_CONTENT -> SEARCH_CONTENT,1
5,SEARCH_CONTENT -> SEARCH_CONTENT -> WRITE -> WRITE -> SEARCH_CONTENT,1
5,SEARCH_CONTENT -> WRITE -> WRITE -> SEARCH_CONTENT -> READ,1
5,WRITE -> SEARCH_CONTENT -> READ -> SEARCH_CONTENT -> NAVIGATE,1
5,NAVIGATE -> TEST -> WRITE -> READ -> SEARCH_CONTENT,1
5,TEST -> WRITE -> READ -> SEARCH_CONTENT -> NAVIGATE,1
5,WRITE -> READ -> SEARCH_CONTENT -> NAVIGATE -> TEST,1
5,SEARCH_CONTENT -> NAVIGATE -> TEST -> NAVIGATE -> VCS,1
5,NAVIGATE -> PATCH -> WRITE -> NAVIGATE -> BUILD,1
5,PATCH -> WRITE -> NAVIGATE -> BUILD -> TEST,1
5,NAVIGATE -> WRITE -> WRITE -> BUILD -> WRITE,1
5,TEST -> READ -> WRITE -> READ -> NAVIGATE,1
5,READ -> WRITE -> READ -> NAVIGATE -> VCS,1
5,BUILD -> BUILD -> READ -> READ -> READ,1
5,BUILD -> READ -> READ -> READ -> NAVIGATE,1
5,READ -> WRITE -> WRITE -> NAVIGATE -> VCS,1
5,VCS -> NAVIGATE -> SEARCH_CONTENT -> WRITE -> BUILD,1
5,SEARCH_CONTENT -> WRITE -> BUILD -> NAVIGATE -> BUILD,1
5,WRITE -> BUILD -> NAVIGATE -> BUILD -> BUILD,1
5,BUILD -> NAVIGATE -> VCS -> WRITE -> WRITE,1
5,READ -> WRITE -> BUILD -> WRITE -> READ,1
5,WRITE -> READ -> WRITE -> BUILD -> NAVIGATE,1
5,SEARCH_CONTENT -> READ -> READ -> BUILD -> BUILD,1
5,READ -> READ -> BUILD -> BUILD -> TEST,1
5,READ -> BUILD -> BUILD -> TEST -> TEST,1
5,BUILD -> TEST -> TEST -> TEST -> SEARCH_FILES,1
5,TEST -> TEST -> TEST -> SEARCH_FILES -> SEARCH_CONTENT,1
5,TEST -> SEARCH_FILES -> SEARCH_CONTENT -> READ -> READ,1
5,SEARCH_CONTENT -> READ -> READ -> SEARCH_CONTENT -> TEST,1
5,READ -> READ -> SEARCH_CONTENT -> TEST -> READ,1
5,READ -> SEARCH_CONTENT -> TEST -> READ -> SEARCH_CONTENT,1
5,SEARCH_CONTENT -> TEST -> READ -> SEARCH_CONTENT -> SEARCH_FILES,1
5,SEARCH_CONTENT -> SEARCH_FILES -> READ -> READ -> WRITE,1
5,WRITE -> BUILD -> BUILD -> READ -> SEARCH_FILES,1
5,BUILD -> BUILD -> READ -> SEARCH_FILES -> READ,1
5,BUILD -> READ -> SEARCH_FILES -> READ -> WRITE,1
5,SEARCH_FILES -> READ -> WRITE -> BUILD -> BUILD,1
5,BUILD -> BUILD -> READ -> SEARCH_CONTENT -> READ,1
5,READ -> SEARCH_CONTENT -> READ -> WRITE -> SEARCH_FILES,1
5,SEARCH_CONTENT -> READ -> WRITE -> SEARCH_FILES -> UTIL,1
5,READ -> WRITE -> SEARCH_FILES -> UTIL -> READ,1
5,WRITE -> SEARCH_FILES -> UTIL -> READ -> WRITE,1
5,SEARCH_FILES -> UTIL -> READ -> WRITE -> TEST,1
5,UTIL -> READ -> WRITE -> TEST -> TEST,1
5,READ -> WRITE -> TEST -> TEST -> VCS,1
5,WRITE -> TEST -> TEST -> VCS -> WRITE,1
5,TEST -> TEST -> VCS -> WRITE -> BUILD,1
5,VCS -> WRITE -> BUILD -> TEST -> DEFECTS4J_OTHER,1
5,WRITE -> BUILD -> TEST -> DEFECTS4J_OTHER -> TRANSFORM,1
5,BUILD -> TEST -> DEFECTS4J_OTHER -> TRANSFORM -> READ,1
5,TEST -> DEFECTS4J_OTHER -> TRANSFORM -> READ -> WRITE,1
5,DEFECTS4J_OTHER -> TRANSFORM -> READ -> WRITE -> BUILD,1
5,TRANSFORM -> READ -> WRITE -> BUILD -> BUILD,1
5,BUILD -> WRITE -> BUILD -> BUILD -> VCS,1
5,WRITE -> BUILD -> BUILD -> VCS -> VCS,1
5,BUILD -> BUILD -> VCS -> VCS -> VCS,1
5,TEST -> NAVIGATE -> BUILD -> WRITE -> SEARCH_CONTENT,1
5,NAVIGATE -> BUILD -> WRITE -> SEARCH_CONTENT -> WRITE,1
5,BUILD -> WRITE -> SEARCH_CONTENT -> WRITE -> NAVIGATE,1
5,WRITE -> SEARCH_CONTENT -> WRITE -> NAVIGATE -> BUILD,1
5,SEARCH_FILES -> SEARCH_FILES -> SEARCH_CONTENT -> READ -> TEST,1
5,SEARCH_FILES -> SEARCH_CONTENT -> READ -> TEST -> READ,1
5,READ -> TEST -> READ -> TEST -> DEFECTS4J_OTHER,1
5,TEST -> READ -> TEST -> DEFECTS4J_OTHER -> SEARCH_CONTENT,1
5,READ -> TEST -> DEFECTS4J_OTHER -> SEARCH_CONTENT -> READ,1
5,TEST -> DEFECTS4J_OTHER -> SEARCH_CONTENT -> READ -> READ,1
5,DEFECTS4J_OTHER -> SEARCH_CONTENT -> READ -> READ -> READ,1
5,TEST -> TEST -> READ -> SEARCH_CONTENT -> WRITE,1
5,TEST -> READ -> SEARCH_CONTENT -> WRITE -> TEST,1
5,SEARCH_CONTENT -> WRITE -> TEST -> TEST -> TEST,1
5,SEARCH_CONTENT -> READ -> SEARCH_CONTENT -> SEARCH_FILES -> TEST,1
5,READ -> SEARCH_CONTENT -> SEARCH_FILES -> TEST -> READ,1
5,SEARCH_CONTENT -> SEARCH_FILES -> TEST -> READ -> TEST,1
5,TEST -> READ -> TEST -> BUILD -> READ,1
5,READ -> TEST -> BUILD -> READ -> READ,1
5,TEST -> BUILD -> READ -> READ -> WRITE,1
5,BUILD -> READ -> READ -> WRITE -> SEARCH_CONTENT,1
5,SEARCH_CONTENT -> READ -> SEARCH_CONTENT -> WRITE -> BUILD,1
5,READ -> SEARCH_CONTENT -> WRITE -> BUILD -> TEST,1
5,TEST -> TEST -> TEST -> TEST -> SEARCH_CONTENT,1
5,READ -> NAVIGATE -> BUILD -> NAVIGATE -> UTIL,1
5,NAVIGATE -> BUILD -> NAVIGATE -> UTIL -> BUILD,1
5,BUILD -> NAVIGATE -> UTIL -> BUILD -> READ,1
5,NAVIGATE -> UTIL -> BUILD -> READ -> BUILD,1
5,UTIL -> BUILD -> READ -> BUILD -> TEST,1
5,BUILD -> READ -> BUILD -> TEST -> WRITE,1
5,SEARCH_FILES -> READ -> SEARCH_CONTENT -> SEARCH_FILES -> SEARCH_CONTENT,1
5,TEST -> READ -> READ -> SEARCH_CONTENT -> NAVIGATE,1
5,TEST -> NAVIGATE -> READ -> WRITE -> NAVIGATE,1
5,WRITE -> BUILD -> BUILD -> READ -> VCS,1
5,BUILD -> BUILD -> READ -> VCS -> BUILD,1
5,BUILD -> READ -> VCS -> BUILD -> BUILD,1
5,READ -> VCS -> BUILD -> BUILD -> BUILD,1
5,BUILD -> BUILD -> BUILD -> BUILD -> VCS,1
5,BUILD -> BUILD -> BUILD -> VCS -> BUILD,1
5,BUILD -> BUILD -> VCS -> BUILD -> BUILD,1
5,BUILD -> VCS -> BUILD -> BUILD -> BUILD,1
5,BUILD -> BUILD -> BUILD -> BUILD -> TEST,1
5,BUILD -> BUILD -> BUILD -> TEST -> READ,1
5,BUILD -> TEST -> READ -> TEST -> SEARCH_CONTENT,1
5,TEST -> READ -> TEST -> SEARCH_CONTENT -> VCS,1
5,READ -> TEST -> SEARCH_CONTENT -> VCS -> VCS,1
5,TEST -> SEARCH_CONTENT -> VCS -> VCS -> TEST,1
5,SEARCH_CONTENT -> VCS -> VCS -> TEST -> WRITE,1
5,VCS -> VCS -> TEST -> WRITE -> BUILD,1
5,VCS -> TEST -> WRITE -> BUILD -> BUILD,1
5,WRITE -> BUILD -> BUILD -> VCS -> WRITE,1
5,TEST -> SEARCH_CONTENT -> READ -> SEARCH_FILES -> SEARCH_CONTENT,1
5,SEARCH_CONTENT -> READ -> SEARCH_FILES -> SEARCH_CONTENT -> SEARCH_FILES,1
5,SEARCH_FILES -> SEARCH_CONTENT -> SEARCH_FILES -> SEARCH_FILES -> SEARCH_CONTENT,1
5,SEARCH_CONTENT -> SEARCH_FILES -> SEARCH_FILES -> SEARCH_CONTENT -> READ,1
5,BUILD -> READ -> WRITE -> NAVIGATE -> TEST,1
5,READ -> SEARCH_FILES -> SEARCH_FILES -> READ -> SEARCH_CONTENT,1
5,SEARCH_CONTENT -> READ -> SEARCH_FILES -> READ -> WRITE,1
5,READ -> SEARCH_FILES -> READ -> WRITE -> WRITE,1
5,SEARCH_FILES -> READ -> WRITE -> WRITE -> BUILD,1
5,TEST -> READ -> SEARCH_CONTENT -> SEARCH_CONTENT -> SEARCH_CONTENT,1
5,READ -> WRITE -> NAVIGATE -> FILE_OPS -> WRITE,1
5,WRITE -> NAVIGATE -> FILE_OPS -> WRITE -> WRITE,1
5,NAVIGATE -> FILE_OPS -> WRITE -> WRITE -> READ,1
5,FILE_OPS -> WRITE -> WRITE -> READ -> WRITE,1
5,BUILD -> BUILD -> NAVIGATE -> FILE_OPS -> BUILD,1
5,BUILD -> NAVIGATE -> FILE_OPS -> BUILD -> NAVIGATE,1
5,NAVIGATE -> FILE_OPS -> BUILD -> NAVIGATE -> FILE_OPS,1
5,FILE_OPS -> BUILD -> NAVIGATE -> FILE_OPS -> BUILD,1
5,BUILD -> NAVIGATE -> FILE_OPS -> BUILD -> READ,1
5,NAVIGATE -> FILE_OPS -> BUILD -> READ -> READ,1
5,FILE_OPS -> BUILD -> READ -> READ -> NAVIGATE,1
5,VCS -> NAVIGATE -> VCS -> VCS -> UTIL,1
5,NAVIGATE -> VCS -> VCS -> UTIL -> WRITE,1
5,BUILD -> WRITE -> WRITE -> WRITE -> READ,1
5,SEARCH_CONTENT -> READ -> READ -> NAVIGATE -> BUILD,1
5,READ -> READ -> NAVIGATE -> BUILD -> WRITE,1
5,READ -> NAVIGATE -> BUILD -> WRITE -> READ,1
5,READ -> WRITE -> BUILD -> TEST -> NAVIGATE,1
5,WRITE -> BUILD -> TEST -> NAVIGATE -> BUILD,1
5,BUILD -> READ -> WRITE -> NAVIGATE -> VCS,1
5,BUILD -> BUILD -> READ -> WRITE -> WRITE,1
5,BUILD -> READ -> WRITE -> WRITE -> NAVIGATE,1
5,NAVIGATE -> TEST -> NAVIGATE -> BUILD -> BUILD,1
5,TEST -> NAVIGATE -> BUILD -> BUILD -> BUILD,1
5,BUILD -> BUILD -> BUILD -> NAVIGATE -> TEST,1
5,READ -> SEARCH_CONTENT -> SEARCH_FILES -> SEARCH_FILES -> NAVIGATE,1
5,SEARCH_CONTENT -> SEARCH_FILES -> SEARCH_FILES -> NAVIGATE -> BUILD,1
5,SEARCH_FILES -> SEARCH_FILES -> NAVIGATE -> BUILD -> NAVIGATE,1
5,READ -> WRITE -> WRITE -> TEST -> WRITE,1
5,WRITE -> TEST -> WRITE -> WRITE -> TEST,1
5,TEST -> WRITE -> WRITE -> TEST -> WRITE,1
5,WRITE -> BUILD -> BUILD -> TEST -> READ,1
5,BUILD -> BUILD -> TEST -> READ -> WRITE,1
5,WRITE -> READ -> SEARCH_CONTENT -> READ -> SEARCH_CONTENT,1
5,SEARCH_CONTENT -> READ -> BUILD -> TEST -> WRITE,1
5,READ -> BUILD -> TEST -> WRITE -> TEST,1
5,WRITE -> TEST -> WRITE -> TEST -> BUILD,1
5,TEST -> WRITE -> TEST -> BUILD -> TEST,1
5,WRITE -> TEST -> BUILD -> TEST -> VCS,1
5,TEST -> BUILD -> TEST -> VCS -> VCS,1
5,BUILD -> WRITE -> READ -> WRITE -> SEARCH_CONTENT,1
5,WRITE -> READ -> WRITE -> SEARCH_CONTENT -> READ,1
5,READ -> WRITE -> WRITE -> BUILD -> VCS,1
5,WRITE -> WRITE -> BUILD -> VCS -> READ,1
5,VCS -> READ -> READ -> WRITE -> WRITE,1
5,BUILD -> BUILD -> BUILD -> NAVIGATE -> DEFECTS4J_OTHER,1
5,BUILD -> BUILD -> NAVIGATE -> DEFECTS4J_OTHER -> NAVIGATE,1
5,SEARCH_CONTENT -> READ -> TEST -> TEST -> SEARCH_FILES,1
5,TEST -> TEST -> SEARCH_FILES -> READ -> WRITE,1
5,TEST -> SEARCH_FILES -> READ -> WRITE -> READ,1
5,TEST -> WRITE -> BUILD -> BUILD -> SEARCH_CONTENT,1
5,NAVIGATE -> WRITE -> NAVIGATE -> SCRIPT -> OTHER,1
5,WRITE -> NAVIGATE -> SCRIPT -> OTHER -> OTHER,1
5,NAVIGATE -> SCRIPT -> OTHER -> OTHER -> OTHER,1
5,SCRIPT -> OTHER -> OTHER -> OTHER -> FILE_OPS,1
5,OTHER -> OTHER -> OTHER -> FILE_OPS -> WRITE,1
5,OTHER -> OTHER -> FILE_OPS -> WRITE -> BUILD,1
5,OTHER -> FILE_OPS -> WRITE -> BUILD -> BUILD,1
5,FILE_OPS -> WRITE -> BUILD -> BUILD -> BUILD,1
5,BUILD -> TEST -> TEST -> TEST -> FILE_OPS,1
5,TEST -> TEST -> TEST -> FILE_OPS -> SEARCH_CONTENT,1
5,TEST -> TEST -> FILE_OPS -> SEARCH_CONTENT -> WRITE,1
5,TEST -> FILE_OPS -> SEARCH_CONTENT -> WRITE -> BUILD,1
5,FILE_OPS -> SEARCH_CONTENT -> WRITE -> BUILD -> BUILD,1
5,BUILD -> BUILD -> FILE_OPS -> WRITE -> NAVIGATE,1
5,BUILD -> FILE_OPS -> WRITE -> NAVIGATE -> SCRIPT,1
5,FILE_OPS -> WRITE -> NAVIGATE -> SCRIPT -> WRITE,1
5,WRITE -> NAVIGATE -> VCS -> WRITE -> BUILD,1
5,TEST -> WRITE -> NAVIGATE -> TEST -> TEST,1
5,WRITE -> NAVIGATE -> TEST -> TEST -> UTIL,1
5,NAVIGATE -> TEST -> TEST -> UTIL -> UTIL,1
5,TEST -> TEST -> UTIL -> UTIL -> UTIL,1
5,TEST -> UTIL -> UTIL -> UTIL -> NAVIGATE,1
5,UTIL -> UTIL -> UTIL -> NAVIGATE -> TEST,1
5,UTIL -> UTIL -> NAVIGATE -> TEST -> WRITE,1
5,SEARCH_FILES -> READ -> READ -> SEARCH_FILES -> SEARCH_CONTENT,1
5,WRITE -> READ -> WRITE -> READ -> FILE_OPS,1
5,WRITE -> READ -> FILE_OPS -> WRITE -> SEARCH_CONTENT,1
5,READ -> FILE_OPS -> WRITE -> SEARCH_CONTENT -> WRITE,1
5,FILE_OPS -> WRITE -> SEARCH_CONTENT -> WRITE -> WRITE,1
5,SEARCH_CONTENT -> WRITE -> WRITE -> WRITE -> READ,1
5,WRITE -> WRITE -> WRITE -> READ -> FILE_OPS,1
5,WRITE -> WRITE -> READ -> FILE_OPS -> BUILD,1
5,WRITE -> READ -> FILE_OPS -> BUILD -> WRITE,1
5,READ -> FILE_OPS -> BUILD -> WRITE -> NAVIGATE,1
5,FILE_OPS -> BUILD -> WRITE -> NAVIGATE -> WRITE,1
5,BUILD -> WRITE -> NAVIGATE -> WRITE -> NAVIGATE,1
5,NAVIGATE -> WRITE -> NAVIGATE -> SCRIPT -> BUILD,1
5,WRITE -> NAVIGATE -> SCRIPT -> BUILD -> TEST,1
5,NAVIGATE -> SCRIPT -> BUILD -> TEST -> READ,1
5,SCRIPT -> BUILD -> TEST -> READ -> NAVIGATE,1
5,BUILD -> TEST -> READ -> NAVIGATE -> WRITE,1
5,NAVIGATE -> WRITE -> READ -> NAVIGATE -> FILE_OPS,1
5,NAVIGATE -> FILE_OPS -> WRITE -> NAVIGATE -> WRITE,1
5,FILE_OPS -> WRITE -> NAVIGATE -> WRITE -> NAVIGATE,1
5,TEST -> TEST -> READ -> NAVIGATE -> WRITE,1
5,TEST -> READ -> NAVIGATE -> WRITE -> TEST,1
5,READ -> NAVIGATE -> WRITE -> TEST -> VCS,1
5,NAVIGATE -> WRITE -> TEST -> VCS -> VCS,1
5,WRITE -> TEST -> VCS -> VCS -> NAVIGATE,1
5,TEST -> VCS -> VCS -> NAVIGATE -> FILE_OPS,1
5,VCS -> VCS -> NAVIGATE -> FILE_OPS -> WRITE,1
5,TEST -> BUILD -> TEST -> BUILD -> READ,1
5,BUILD -> TEST -> BUILD -> READ -> WRITE,1
5,TEST -> BUILD -> READ -> WRITE -> BUILD,1
5,READ -> WRITE -> BUILD -> TEST -> BUILD,1
5,WRITE -> BUILD -> TEST -> BUILD -> WRITE,1
5,BUILD -> TEST -> BUILD -> WRITE -> WRITE,1
5,TEST -> BUILD -> WRITE -> WRITE -> READ,1
5,BUILD -> WRITE -> WRITE -> READ -> BUILD,1
5,WRITE -> READ -> BUILD -> TEST -> WRITE,1
5,NAVIGATE -> BUILD -> NAVIGATE -> TEST -> UTIL,1
5,BUILD -> NAVIGATE -> TEST -> UTIL -> NAVIGATE,1
5,SEARCH_CONTENT -> NAVIGATE -> BUILD -> NAVIGATE -> DEFECTS4J_OTHER,1
5,NAVIGATE -> BUILD -> NAVIGATE -> DEFECTS4J_OTHER -> BUILD,1
5,BUILD -> NAVIGATE -> DEFECTS4J_OTHER -> BUILD -> WRITE,1
5,NAVIGATE -> DEFECTS4J_OTHER -> BUILD -> WRITE -> WRITE,1
5,DEFECTS4J_OTHER -> BUILD -> WRITE -> WRITE -> NAVIGATE,1
5,NAVIGATE -> VCS -> WRITE -> WRITE -> UTIL,1
5,SEARCH_FILES -> SEARCH_CONTENT -> READ -> READ -> NAVIGATE,1
5,SEARCH_FILES -> SEARCH_FILES -> SEARCH_CONTENT -> SEARCH_FILES -> SEARCH_FILES,1
5,WRITE -> NAVIGATE -> WRITE -> WRITE -> OTHER,1
5,NAVIGATE -> WRITE -> WRITE -> OTHER -> OTHER,1
5,WRITE -> WRITE -> OTHER -> OTHER -> OTHER,1
5,OTHER -> OTHER -> OTHER -> OTHER -> WRITE,1
5,OTHER -> OTHER -> OTHER -> WRITE -> NAVIGATE,1
5,OTHER -> OTHER -> WRITE -> NAVIGATE -> PATCH,1
5,OTHER -> WRITE -> NAVIGATE -> PATCH -> READ,1
5,NAVIGATE -> PATCH -> READ -> NAVIGATE -> FILE_OPS,1
5,PATCH -> READ -> NAVIGATE -> FILE_OPS -> NAVIGATE,1
5,NAVIGATE -> FILE_OPS -> NAVIGATE -> WRITE -> READ,1
5,FILE_OPS -> NAVIGATE -> WRITE -> READ -> READ,1
5,NAVIGATE -> WRITE -> READ -> READ -> WRITE,1
5,READ -> WRITE -> NAVIGATE -> PATCH -> FILE_OPS,1
5,WRITE -> NAVIGATE -> PATCH -> FILE_OPS -> FILE_OPS,1
5,NAVIGATE -> PATCH -> FILE_OPS -> FILE_OPS -> WRITE,1
5,PATCH -> FILE_OPS -> FILE_OPS -> WRITE -> FILE_OPS,1
5,FILE_OPS -> FILE_OPS -> WRITE -> FILE_OPS -> NAVIGATE,1
5,FILE_OPS -> WRITE -> FILE_OPS -> NAVIGATE -> VCS,1
5,WRITE -> FILE_OPS -> NAVIGATE -> VCS -> READ,1
5,FILE_OPS -> NAVIGATE -> VCS -> READ -> NAVIGATE,1
5,NAVIGATE -> VCS -> READ -> NAVIGATE -> FILE_OPS,1
5,VCS -> READ -> NAVIGATE -> FILE_OPS -> NAVIGATE,1
5,READ -> NAVIGATE -> FILE_OPS -> NAVIGATE -> FILE_OPS,1
5,NAVIGATE -> FILE_OPS -> NAVIGATE -> FILE_OPS -> WRITE,1
5,FILE_OPS -> NAVIGATE -> FILE_OPS -> WRITE -> READ,1
5,NAVIGATE -> FILE_OPS -> WRITE -> READ -> NAVIGATE,1
5,FILE_OPS -> WRITE -> READ -> NAVIGATE -> TEST,1
5,TEST -> NAVIGATE -> BUILD -> READ -> NAVIGATE,1
5,BUILD -> READ -> NAVIGATE -> BUILD -> WRITE,1
5,NAVIGATE -> BUILD -> READ -> WRITE -> WRITE,1
5,READ -> SEARCH_CONTENT -> READ -> TEST -> BUILD,1
5,SEARCH_CONTENT -> READ -> TEST -> BUILD -> TEST,1
5,READ -> TEST -> BUILD -> TEST -> READ,1
5,TEST -> BUILD -> TEST -> READ -> TEST,1
5,TEST -> READ -> TEST -> WRITE -> READ,1
5,NAVIGATE -> SEARCH_FILES -> NAVIGATE -> BUILD -> BUILD,1
5,WRITE -> READ -> READ -> SEARCH_CONTENT -> NAVIGATE,1
5,NAVIGATE -> WRITE -> WRITE -> NAVIGATE -> READ,1
5,WRITE -> WRITE -> NAVIGATE -> READ -> READ,1
5,WRITE -> NAVIGATE -> READ -> READ -> NAVIGATE,1
5,NAVIGATE -> READ -> READ -> NAVIGATE -> WRITE,1
5,WRITE -> NAVIGATE -> FILE_OPS -> NAVIGATE -> SEARCH_CONTENT,1
5,NAVIGATE -> WRITE -> FILE_OPS -> NAVIGATE -> WRITE,1
5,WRITE -> FILE_OPS -> NAVIGATE -> WRITE -> NAVIGATE,1
5,FILE_OPS -> NAVIGATE -> WRITE -> NAVIGATE -> SEARCH_FILES,1
5,NAVIGATE -> WRITE -> NAVIGATE -> SEARCH_FILES -> NAVIGATE,1
5,WRITE -> NAVIGATE -> SEARCH_FILES -> NAVIGATE -> UTIL,1
5,NAVIGATE -> SEARCH_FILES -> NAVIGATE -> UTIL -> NAVIGATE,1
5,SEARCH_FILES -> NAVIGATE -> UTIL -> NAVIGATE -> FILE_OPS,1
5,NAVIGATE -> UTIL -> NAVIGATE -> FILE_OPS -> NAVIGATE,1
5,UTIL -> NAVIGATE -> FILE_OPS -> NAVIGATE -> TEST,1
5,FILE_OPS -> NAVIGATE -> TEST -> WRITE -> NAVIGATE,1
5,BUILD -> NAVIGATE -> TEST -> NAVIGATE -> UTIL,1
5,NAVIGATE -> TEST -> NAVIGATE -> UTIL -> WRITE,1
5,TEST -> NAVIGATE -> UTIL -> WRITE -> NAVIGATE,1
5,NAVIGATE -> UTIL -> WRITE -> NAVIGATE -> UTIL,1
5,WRITE -> TEST -> READ -> WRITE -> READ,1
5,SEARCH_CONTENT -> READ -> WRITE -> READ -> FILE_OPS,1
5,WRITE -> READ -> FILE_OPS -> WRITE -> BUILD,1
5,READ -> FILE_OPS -> WRITE -> BUILD -> TEST,1
5,FILE_OPS -> WRITE -> BUILD -> TEST -> TEST,1
5,TEST -> TEST -> WRITE -> WRITE -> FILE_OPS,1
5,TEST -> WRITE -> WRITE -> FILE_OPS -> WRITE,1
5,WRITE -> WRITE -> FILE_OPS -> WRITE -> TEST,1
5,WRITE -> FILE_OPS -> WRITE -> TEST -> WRITE,1
5,FILE_OPS -> WRITE -> TEST -> WRITE -> NAVIGATE,1
5,PATCH -> WRITE -> NAVIGATE -> PATCH -> BUILD,1
5,WRITE -> NAVIGATE -> PATCH -> BUILD -> TEST,1
5,NAVIGATE -> PATCH -> BUILD -> TEST -> FILE_OPS,1
5,PATCH -> BUILD -> TEST -> FILE_OPS -> NAVIGATE,1
5,BUILD -> TEST -> FILE_OPS -> NAVIGATE -> BUILD,1
5,TEST -> FILE_OPS -> NAVIGATE -> BUILD -> BUILD,1
5,FILE_OPS -> NAVIGATE -> BUILD -> BUILD -> TEST,1
5,NAVIGATE -> BUILD -> BUILD -> TEST -> WRITE,1
5,READ -> SEARCH_CONTENT -> SEARCH_FILES -> SEARCH_FILES -> SEARCH_CONTENT,1
5,SEARCH_CONTENT -> SEARCH_FILES -> SEARCH_FILES -> SEARCH_CONTENT -> SEARCH_CONTENT,1
5,TEST -> TEST -> SEARCH_CONTENT -> READ -> WRITE,1
5,WRITE -> TEST -> READ -> WRITE -> WRITE,1
5,READ -> WRITE -> WRITE -> TEST -> NAVIGATE,1
5,WRITE -> WRITE -> TEST -> NAVIGATE -> BUILD,1
5,WRITE -> TEST -> NAVIGATE -> BUILD -> BUILD,1
5,TEST -> NAVIGATE -> BUILD -> BUILD -> WRITE,1
5,BUILD -> WRITE -> WRITE -> TEST -> READ,1
5,WRITE -> WRITE -> TEST -> READ -> NAVIGATE,1
5,WRITE -> TEST -> READ -> NAVIGATE -> BUILD,1
5,TEST -> READ -> NAVIGATE -> BUILD -> TEST,1
5,VCS -> WRITE -> READ -> WRITE -> TEST,1
5,WRITE -> TEST -> NAVIGATE -> VCS -> WRITE,1
5,TEST -> NAVIGATE -> VCS -> WRITE -> READ,1
5,NAVIGATE -> VCS -> WRITE -> READ -> NAVIGATE,1
5,VCS -> WRITE -> READ -> NAVIGATE -> VCS,1
5,READ -> NAVIGATE -> VCS -> TEST -> WRITE,1
5,NAVIGATE -> VCS -> TEST -> WRITE -> READ,1
5,VCS -> TEST -> WRITE -> READ -> WRITE,1
5,TEST -> WRITE -> READ -> WRITE -> TEST,1
5,WRITE -> TEST -> READ -> WRITE -> TEST,1
5,TEST -> READ -> WRITE -> TEST -> NAVIGATE,1
5,WRITE -> TEST -> NAVIGATE -> VCS -> NAVIGATE,1
5,NAVIGATE -> VCS -> NAVIGATE -> VCS -> BUILD,1
5,VCS -> NAVIGATE -> VCS -> BUILD -> UTIL,1
5,READ -> SEARCH_FILES -> TEST -> SEARCH_FILES -> READ,1
5,SEARCH_FILES -> TEST -> SEARCH_FILES -> READ -> READ,1
5,TEST -> SEARCH_FILES -> READ -> READ -> TEST,1
5,READ -> READ -> TEST -> TEST -> READ,1
5,NAVIGATE -> WRITE -> NAVIGATE -> WRITE -> FILE_OPS,1
5,WRITE -> NAVIGATE -> WRITE -> FILE_OPS -> BUILD,1
5,NAVIGATE -> WRITE -> FILE_OPS -> BUILD -> TEST,1
5,WRITE -> FILE_OPS -> BUILD -> TEST -> WRITE,1
5,FILE_OPS -> BUILD -> TEST -> WRITE -> FILE_OPS,1
5,BUILD -> TEST -> WRITE -> FILE_OPS -> WRITE,1
5,TEST -> WRITE -> FILE_OPS -> WRITE -> FILE_OPS,1
5,WRITE -> FILE_OPS -> WRITE -> FILE_OPS -> READ,1
5,FILE_OPS -> WRITE -> FILE_OPS -> READ -> BUILD,1
5,WRITE -> FILE_OPS -> READ -> BUILD -> FILE_OPS,1
5,FILE_OPS -> READ -> BUILD -> FILE_OPS -> BUILD,1
5,READ -> BUILD -> FILE_OPS -> BUILD -> SEARCH_CONTENT,1
5,BUILD -> FILE_OPS -> BUILD -> SEARCH_CONTENT -> FILE_OPS,1
5,FILE_OPS -> BUILD -> SEARCH_CONTENT -> FILE_OPS -> SEARCH_CONTENT,1
5,BUILD -> SEARCH_CONTENT -> FILE_OPS -> SEARCH_CONTENT -> WRITE,1
5,SEARCH_CONTENT -> FILE_OPS -> SEARCH_CONTENT -> WRITE -> WRITE,1
5,FILE_OPS -> SEARCH_CONTENT -> WRITE -> WRITE -> WRITE,1
5,WRITE -> WRITE -> NAVIGATE -> WRITE -> READ,1
5,WRITE -> NAVIGATE -> WRITE -> READ -> SEARCH_CONTENT,1
5,NAVIGATE -> WRITE -> READ -> SEARCH_CONTENT -> WRITE,1
5,WRITE -> READ -> SEARCH_CONTENT -> WRITE -> FILE_OPS,1
5,READ -> SEARCH_CONTENT -> WRITE -> FILE_OPS -> SCRIPT,1
5,SEARCH_CONTENT -> WRITE -> FILE_OPS -> SCRIPT -> READ,1
5,WRITE -> FILE_OPS -> SCRIPT -> READ -> BUILD,1
5,FILE_OPS -> SCRIPT -> READ -> BUILD -> FILE_OPS,1
5,SCRIPT -> READ -> BUILD -> FILE_OPS -> READ,1
5,READ -> BUILD -> FILE_OPS -> READ -> READ,1
5,BUILD -> FILE_OPS -> READ -> READ -> READ,1
5,FILE_OPS -> READ -> READ -> READ -> WRITE,1
5,READ -> READ -> READ -> WRITE -> FILE_OPS,1
5,READ -> READ -> WRITE -> FILE_OPS -> BUILD,1
5,READ -> WRITE -> FILE_OPS -> BUILD -> TEST,1
5,FILE_OPS -> BUILD -> TEST -> TEST -> TEST,1
5,SEARCH_FILES -> READ -> READ -> SEARCH_CONTENT -> NAVIGATE,1
5,TEST -> WRITE -> NAVIGATE -> PATCH -> NAVIGATE,1
5,PATCH -> NAVIGATE -> VCS -> NAVIGATE -> FILE_OPS,1
5,NAVIGATE -> VCS -> NAVIGATE -> FILE_OPS -> WRITE,1
5,VCS -> NAVIGATE -> FILE_OPS -> WRITE -> NAVIGATE,1
5,NAVIGATE -> FILE_OPS -> WRITE -> NAVIGATE -> TEST,1
5,FILE_OPS -> WRITE -> NAVIGATE -> TEST -> NAVIGATE,1
5,SEARCH_CONTENT -> WRITE -> NAVIGATE -> BUILD -> UTIL,1
5,WRITE -> NAVIGATE -> BUILD -> UTIL -> NAVIGATE,1
5,NAVIGATE -> BUILD -> UTIL -> NAVIGATE -> TEST,1
5,NAVIGATE -> VCS -> NAVIGATE -> BUILD -> WRITE,1
5,READ -> NAVIGATE -> SEARCH_FILES -> NAVIGATE -> DEFECTS4J_OTHER,1
5,SEARCH_FILES -> NAVIGATE -> DEFECTS4J_OTHER -> NAVIGATE -> BUILD,1
5,VCS -> NAVIGATE -> TEST -> WRITE -> WRITE,1
5,WRITE -> NAVIGATE -> PATCH -> NAVIGATE -> TEST,1
5,NAVIGATE -> PATCH -> NAVIGATE -> TEST -> NAVIGATE,1
5,PATCH -> NAVIGATE -> TEST -> NAVIGATE -> FILE_OPS,1
5,NAVIGATE -> TEST -> NAVIGATE -> FILE_OPS -> TEST,1
5,TEST -> NAVIGATE -> FILE_OPS -> TEST -> READ,1
5,NAVIGATE -> FILE_OPS -> TEST -> READ -> WRITE,1
5,NAVIGATE -> BUILD -> BUILD -> WRITE -> TEST,1
5,BUILD -> BUILD -> WRITE -> TEST -> NAVIGATE,1
5,BUILD -> WRITE -> TEST -> NAVIGATE -> BUILD,1
5,WRITE -> TEST -> NAVIGATE -> BUILD -> TEST,1
5,WRITE -> NAVIGATE -> TEST -> READ -> SEARCH_CONTENT,1
5,READ -> SEARCH_CONTENT -> SEARCH_CONTENT -> SEARCH_FILES -> SEARCH_FILES,1
5,SEARCH_CONTENT -> SEARCH_CONTENT -> SEARCH_FILES -> SEARCH_FILES -> UTIL,1
5,SEARCH_CONTENT -> SEARCH_FILES -> SEARCH_FILES -> UTIL -> READ,1
5,SEARCH_FILES -> SEARCH_FILES -> UTIL -> READ -> NAVIGATE,1
5,SEARCH_FILES -> UTIL -> READ -> NAVIGATE -> TEST,1
5,BUILD -> BUILD -> READ -> WRITE -> READ,1
5,BUILD -> READ -> WRITE -> READ -> NAVIGATE,1
5,TEST -> NAVIGATE -> SEARCH_CONTENT -> NAVIGATE -> SEARCH_FILES,1
5,TEST -> READ -> TEST -> READ -> BUILD,1
5,READ -> TEST -> READ -> BUILD -> SEARCH_CONTENT,1
5,TEST -> READ -> BUILD -> SEARCH_CONTENT -> SEARCH_CONTENT,1
5,READ -> BUILD -> SEARCH_CONTENT -> SEARCH_CONTENT -> VCS,1
5,BUILD -> SEARCH_CONTENT -> SEARCH_CONTENT -> VCS -> VCS,1
5,SEARCH_CONTENT -> SEARCH_CONTENT -> VCS -> VCS -> VCS,1
5,SEARCH_CONTENT -> VCS -> VCS -> VCS -> SEARCH_CONTENT,1
5,VCS -> VCS -> VCS -> SEARCH_CONTENT -> READ,1
5,VCS -> VCS -> SEARCH_CONTENT -> READ -> READ,1
5,WRITE -> READ -> WRITE -> READ -> TEST,1
5,READ -> WRITE -> READ -> TEST -> READ,1
5,WRITE -> READ -> TEST -> READ -> SEARCH_CONTENT,1
5,TEST -> READ -> SEARCH_CONTENT -> READ -> VCS,1
5,READ -> SEARCH_CONTENT -> READ -> VCS -> SEARCH_CONTENT,1
5,SEARCH_CONTENT -> READ -> VCS -> SEARCH_CONTENT -> VCS,1
5,READ -> VCS -> SEARCH_CONTENT -> VCS -> READ,1
5,VCS -> SEARCH_CONTENT -> VCS -> READ -> VCS,1
5,SEARCH_CONTENT -> VCS -> READ -> VCS -> WRITE,1
5,VCS -> READ -> VCS -> WRITE -> WRITE,1
5,READ -> VCS -> WRITE -> WRITE -> BUILD,1
5,WRITE -> BUILD -> TEST -> BUILD -> BUILD,1
5,BUILD -> TEST -> BUILD -> BUILD -> WRITE,1
5,BUILD -> BUILD -> WRITE -> BUILD -> UTIL,1
5,BUILD -> WRITE -> BUILD -> UTIL -> UTIL,1
5,READ -> TEST -> SEARCH_CONTENT -> SEARCH_CONTENT -> SEARCH_FILES,1
5,READ -> SEARCH_FILES -> READ -> TEST -> TEST,1
5,TEST -> READ -> WRITE -> BUILD -> WRITE,1
5,TEST -> TEST -> TEST -> VCS -> TEST,1
5,TEST -> VCS -> TEST -> VCS -> TEST,1
5,VCS -> TEST -> VCS -> TEST -> WRITE,1
5,TEST -> VCS -> TEST -> WRITE -> BUILD,1
5,VCS -> TEST -> WRITE -> BUILD -> TEST,1
5,TEST -> BUILD -> TEST -> BUILD -> WRITE,1
5,BUILD -> TEST -> BUILD -> WRITE -> BUILD,1
5,TEST -> BUILD -> WRITE -> BUILD -> TEST,1
5,TEST -> TEST -> VCS -> VCS -> WRITE,1
5,BUILD -> TEST -> NAVIGATE -> TEST -> NAVIGATE,1
5,BUILD -> READ -> SEARCH_CONTENT -> READ -> READ,1
5,SEARCH_CONTENT -> READ -> READ -> NAVIGATE -> SEARCH_FILES,1
5,READ -> READ -> NAVIGATE -> SEARCH_FILES -> WRITE,1
5,READ -> NAVIGATE -> SEARCH_FILES -> WRITE -> WRITE,1
5,NAVIGATE -> SEARCH_FILES -> WRITE -> WRITE -> WRITE,1
5,SEARCH_FILES -> WRITE -> WRITE -> WRITE -> READ,1
5,WRITE -> WRITE -> READ -> READ -> READ,1
5,SEARCH_CONTENT -> SEARCH_CONTENT -> READ -> READ -> NAVIGATE,1
5,NAVIGATE -> TEST -> SEARCH_CONTENT -> WRITE -> WRITE,1
5,TEST -> SEARCH_CONTENT -> WRITE -> WRITE -> NAVIGATE,1
5,SEARCH_CONTENT -> WRITE -> WRITE -> NAVIGATE -> TEST,1
5,TEST -> TEST -> TEST -> VCS -> BUILD,1
5,TEST -> TEST -> VCS -> BUILD -> TEST,1
5,TEST -> VCS -> BUILD -> TEST -> TEST,1
5,TEST -> TEST -> SEARCH_CONTENT -> READ -> TEST,1
5,NAVIGATE -> WRITE -> READ -> WRITE -> NAVIGATE,1
5,NAVIGATE -> VCS -> WRITE -> NAVIGATE -> WRITE,1
5,VCS -> WRITE -> NAVIGATE -> WRITE -> NAVIGATE,1
5,READ -> NAVIGATE -> WRITE -> NAVIGATE -> READ,1
5,WRITE -> NAVIGATE -> READ -> NAVIGATE -> FILE_OPS,1
5,NAVIGATE -> READ -> NAVIGATE -> FILE_OPS -> WRITE,1
5,READ -> NAVIGATE -> FILE_OPS -> WRITE -> TEST,1
5,NAVIGATE -> FILE_OPS -> WRITE -> TEST -> TEST,1
5,FILE_OPS -> WRITE -> TEST -> TEST -> NAVIGATE,1
5,TEST -> NAVIGATE -> DEFECTS4J_OTHER -> NAVIGATE -> VCS,1
5,NAVIGATE -> DEFECTS4J_OTHER -> NAVIGATE -> VCS -> NAVIGATE,1
5,DEFECTS4J_OTHER -> NAVIGATE -> VCS -> NAVIGATE -> VCS,1
5,VCS -> NAVIGATE -> VCS -> NAVIGATE -> WRITE,1
5,NAVIGATE -> WRITE -> READ -> NAVIGATE -> TEST,1
5,SEARCH_FILES -> SEARCH_FILES -> READ -> READ -> TEST,1
5,TEST -> READ -> WRITE -> WRITE -> SEARCH_CONTENT,1
5,WRITE -> SEARCH_CONTENT -> READ -> SEARCH_CONTENT -> SEARCH_CONTENT,1
5,TEST -> READ -> READ -> READ -> UTIL,1
5,READ -> READ -> READ -> UTIL -> WRITE,1
5,READ -> READ -> UTIL -> WRITE -> BUILD,1
5,READ -> UTIL -> WRITE -> BUILD -> TEST,1
5,WRITE -> BUILD -> TEST -> TEST -> UTIL,1
5,BUILD -> TEST -> TEST -> UTIL -> BUILD,1
5,TEST -> TEST -> UTIL -> BUILD -> WRITE,1
5,TEST -> UTIL -> BUILD -> WRITE -> NAVIGATE,1
5,UTIL -> BUILD -> WRITE -> NAVIGATE -> BUILD,1
5,BUILD -> WRITE -> WRITE -> READ -> TEST,1
5,WRITE -> WRITE -> READ -> TEST -> NAVIGATE,1
5,WRITE -> READ -> TEST -> NAVIGATE -> BUILD,1
5,READ -> TEST -> NAVIGATE -> BUILD -> SEARCH_CONTENT,1
5,BUILD -> SEARCH_CONTENT -> WRITE -> WRITE -> NAVIGATE,1
5,SEARCH_CONTENT -> WRITE -> WRITE -> NAVIGATE -> BUILD,1
5,WRITE -> NAVIGATE -> BUILD -> SEARCH_CONTENT -> WRITE,1
5,NAVIGATE -> BUILD -> SEARCH_CONTENT -> WRITE -> BUILD,1
5,BUILD -> SEARCH_CONTENT -> WRITE -> BUILD -> TEST,1
5,BUILD -> TEST -> WRITE -> BUILD -> UTIL,1
5,TEST -> WRITE -> BUILD -> UTIL -> TEST,1
5,WRITE -> BUILD -> UTIL -> TEST -> SEARCH_CONTENT,1
5,NAVIGATE -> BUILD -> UTIL -> WRITE -> NAVIGATE,1
5,BUILD -> UTIL -> WRITE -> NAVIGATE -> BUILD,1
5,UTIL -> WRITE -> NAVIGATE -> BUILD -> BUILD,1
5,SEARCH_CONTENT -> SEARCH_FILES -> READ -> SEARCH_FILES -> NAVIGATE,1
5,SEARCH_FILES -> READ -> SEARCH_FILES -> NAVIGATE -> TEST,1
5,TEST -> SEARCH_CONTENT -> NAVIGATE -> BUILD -> READ,1
5,SEARCH_CONTENT -> NAVIGATE -> BUILD -> READ -> READ,1
5,BUILD -> READ -> READ -> NAVIGATE -> VCS,1
5,NAVIGATE -> SEARCH_CONTENT -> WRITE -> NAVIGATE -> UTIL,1
5,SEARCH_CONTENT -> WRITE -> NAVIGATE -> UTIL -> BUILD,1
5,WRITE -> NAVIGATE -> UTIL -> BUILD -> BUILD,1
5,NAVIGATE -> UTIL -> BUILD -> BUILD -> WRITE,1
5,UTIL -> BUILD -> BUILD -> WRITE -> NAVIGATE,1
5,BUILD -> BUILD -> WRITE -> NAVIGATE -> PATCH,1
5,BUILD -> WRITE -> NAVIGATE -> PATCH -> NAVIGATE,1
5,PATCH -> NAVIGATE -> WRITE -> NAVIGATE -> SEARCH_CONTENT,1
5,READ -> NAVIGATE -> SEARCH_CONTENT -> NAVIGATE -> FILE_OPS,1
5,NAVIGATE -> SEARCH_CONTENT -> NAVIGATE -> FILE_OPS -> BUILD,1
5,SEARCH_CONTENT -> NAVIGATE -> FILE_OPS -> BUILD -> TEST,1
5,NAVIGATE -> FILE_OPS -> BUILD -> TEST -> WRITE,1
5,FILE_OPS -> BUILD -> TEST -> WRITE -> NAVIGATE,1
5,BUILD -> NAVIGATE -> SEARCH_CONTENT -> NAVIGATE -> TEST,1
5,SEARCH_CONTENT -> NAVIGATE -> TEST -> WRITE -> UTIL,1
5,READ -> NAVIGATE -> TEST -> SEARCH_FILES -> SEARCH_FILES,1
5,NAVIGATE -> TEST -> SEARCH_FILES -> SEARCH_FILES -> SEARCH_FILES,1
5,TEST -> SEARCH_FILES -> SEARCH_FILES -> SEARCH_FILES -> READ,1
5,SEARCH_FILES -> READ -> READ -> WRITE -> NAVIGATE,1
5,WRITE -> NAVIGATE -> PATCH -> WRITE -> SEARCH_CONTENT,1
5,NAVIGATE -> PATCH -> WRITE -> SEARCH_CONTENT -> READ,1
5,PATCH -> WRITE -> SEARCH_CONTENT -> READ -> WRITE,1
5,WRITE -> SEARCH_CONTENT -> READ -> WRITE -> NAVIGATE,1
5,TEST -> READ -> SEARCH_CONTENT -> NAVIGATE -> SEARCH_CONTENT,1
5,TEST -> READ -> NAVIGATE -> SEARCH_CONTENT -> READ,1
5,BUILD -> NAVIGATE -> BUILD -> TEST -> NAVIGATE,1
5,NAVIGATE -> BUILD -> TEST -> NAVIGATE -> BUILD,1
5,BUILD -> TEST -> NAVIGATE -> BUILD -> WRITE,1
5,NAVIGATE -> PATCH -> NAVIGATE -> BUILD -> BUILD,1
5,PATCH -> NAVIGATE -> BUILD -> BUILD -> WRITE,1
5,READ -> TEST -> READ -> TEST -> NAVIGATE,1
5,TEST -> READ -> TEST -> NAVIGATE -> BUILD,1
5,READ -> TEST -> NAVIGATE -> BUILD -> READ,1
5,BUILD -> READ -> SEARCH_CONTENT -> READ -> SEARCH_CONTENT,1
5,BUILD -> NAVIGATE -> SEARCH_FILES -> NAVIGATE -> TEST,1
5,NAVIGATE -> SEARCH_FILES -> NAVIGATE -> TEST -> NAVIGATE,1
5,TEST -> WRITE -> READ -> WRITE -> WRITE,1
5,READ -> TEST -> WRITE -> BUILD -> READ,1
5,TEST -> WRITE -> BUILD -> READ -> WRITE,1
5,BUILD -> READ -> WRITE -> READ -> TEST,1
5,READ -> WRITE -> READ -> TEST -> TEST,1
5,WRITE -> READ -> TEST -> TEST -> WRITE,1
5,READ -> TEST -> TEST -> WRITE -> WRITE,1
5,BUILD -> BUILD -> BUILD -> SEARCH_FILES -> BUILD,1
5,BUILD -> BUILD -> SEARCH_FILES -> BUILD -> TEST,1
5,BUILD -> SEARCH_FILES -> BUILD -> TEST -> READ,1
5,BUILD -> NAVIGATE -> BUILD -> READ -> SEARCH_FILES,1
5,NAVIGATE -> BUILD -> READ -> SEARCH_FILES -> NAVIGATE,1
5,BUILD -> READ -> SEARCH_FILES -> NAVIGATE -> BUILD,1
5,READ -> SEARCH_FILES -> SEARCH_FILES -> SEARCH_CONTENT -> SEARCH_FILES,1
5,SEARCH_FILES -> SEARCH_CONTENT -> SEARCH_FILES -> SEARCH_CONTENT -> READ,1
5,SEARCH_CONTENT -> READ -> READ -> TEST -> NAVIGATE,1
5,READ -> READ -> TEST -> NAVIGATE -> BUILD,1
5,TEST -> READ -> WRITE -> SEARCH_CONTENT -> SEARCH_CONTENT,1
5,SEARCH_FILES -> SEARCH_CONTENT -> READ -> SEARCH_CONTENT -> SEARCH_CONTENT,1
5,READ -> SEARCH_CONTENT -> NAVIGATE -> TEST -> READ,1
5,BUILD -> NAVIGATE -> SEARCH_FILES -> READ -> WRITE,1
5,BUILD -> NAVIGATE -> FILE_OPS -> FILE_OPS -> TEST,1
5,NAVIGATE -> FILE_OPS -> FILE_OPS -> TEST -> READ,1
5,FILE_OPS -> FILE_OPS -> TEST -> READ -> NAVIGATE,1
5,FILE_OPS -> TEST -> READ -> NAVIGATE -> TEST,1
5,NAVIGATE -> VCS -> NAVIGATE -> BUILD -> UTIL,1
5,NAVIGATE -> TEST -> READ -> SEARCH_FILES -> SEARCH_FILES,1
5,NAVIGATE -> TEST -> NAVIGATE -> SEARCH_FILES -> READ,1
5,TEST -> NAVIGATE -> SEARCH_FILES -> READ -> WRITE,1
5,READ -> SEARCH_CONTENT -> READ -> READ -> SEARCH_FILES,1
5,READ -> SEARCH_FILES -> SEARCH_CONTENT -> READ -> TEST,1
5,SEARCH_FILES -> SEARCH_CONTENT -> READ -> TEST -> WRITE,1
5,SEARCH_CONTENT -> READ -> TEST -> WRITE -> TEST,1
5,READ -> TEST -> WRITE -> TEST -> TEST,1
5,BUILD -> SEARCH_CONTENT -> WRITE -> WRITE -> READ,1
5,SEARCH_CONTENT -> WRITE -> WRITE -> READ -> SEARCH_CONTENT,1
5,TEST -> SEARCH_FILES -> READ -> WRITE -> WRITE,1
5,TEST -> NAVIGATE -> TEST -> NAVIGATE -> SEARCH_FILES,1
5,SEARCH_CONTENT -> SEARCH_CONTENT -> SEARCH_FILES -> READ -> SEARCH_FILES,1
5,SEARCH_FILES -> READ -> NAVIGATE -> BUILD -> READ,1
5,READ -> NAVIGATE -> BUILD -> READ -> NAVIGATE,1
5,BUILD -> READ -> NAVIGATE -> BUILD -> SEARCH_FILES,1
5,READ -> NAVIGATE -> BUILD -> SEARCH_FILES -> READ,1
5,NAVIGATE -> BUILD -> SEARCH_FILES -> READ -> SEARCH_FILES,1
5,BUILD -> SEARCH_FILES -> READ -> SEARCH_FILES -> WRITE,1
5,SEARCH_FILES -> READ -> SEARCH_FILES -> WRITE -> READ,1
5,READ -> SEARCH_FILES -> WRITE -> READ -> WRITE,1
5,SEARCH_FILES -> WRITE -> READ -> WRITE -> WRITE,1
5,WRITE -> BUILD -> READ -> SEARCH_CONTENT -> READ,1
5,READ -> WRITE -> TEST -> READ -> SEARCH_CONTENT,1
5,WRITE -> TEST -> READ -> SEARCH_CONTENT -> READ,1
5,SEARCH_CONTENT -> READ -> WRITE -> WRITE -> SEARCH_CONTENT,1
5,WRITE -> READ -> READ -> SEARCH_CONTENT -> WRITE,1
5,SEARCH_CONTENT -> WRITE -> READ -> WRITE -> WRITE,1
5,WRITE -> WRITE -> WRITE -> BUILD -> WRITE,1
5,BUILD -> TEST -> TEST -> WRITE -> VCS,1
5,TEST -> TEST -> WRITE -> VCS -> FILE_OPS,1
5,TEST -> WRITE -> VCS -> FILE_OPS -> VCS,1
5,WRITE -> VCS -> FILE_OPS -> VCS -> READ,1
5,VCS -> FILE_OPS -> VCS -> READ -> READ,1
5,FILE_OPS -> VCS -> READ -> READ -> TEST,1
5,VCS -> READ -> READ -> TEST -> SEARCH_CONTENT,1
5,READ -> READ -> TEST -> SEARCH_CONTENT -> WRITE,1
5,READ -> TEST -> SEARCH_CONTENT -> WRITE -> NAVIGATE,1
5,WRITE -> NAVIGATE -> BUILD -> TEST -> FILE_OPS,1
5,NAVIGATE -> BUILD -> TEST -> FILE_OPS -> BUILD,1
5,TEST -> FILE_OPS -> BUILD -> TEST -> WRITE,1
5,FILE_OPS -> BUILD -> TEST -> WRITE -> WRITE,1
5,BUILD -> TEST -> WRITE -> WRITE -> WRITE,1
5,VCS -> NAVIGATE -> VCS -> TEST -> WRITE,1
5,NAVIGATE -> VCS -> TEST -> WRITE -> WRITE,1
5,VCS -> TEST -> WRITE -> WRITE -> WRITE,1
5,BUILD -> BUILD -> NAVIGATE -> TEST -> READ,1
5,SEARCH_CONTENT -> NAVIGATE -> SEARCH_CONTENT -> SEARCH_CONTENT -> SEARCH_CONTENT,1
5,NAVIGATE -> SEARCH_CONTENT -> SEARCH_CONTENT -> SEARCH_CONTENT -> SEARCH_FILES,1
5,NAVIGATE -> SEARCH_CONTENT -> WRITE -> NAVIGATE -> SEARCH_CONTENT,1
5,SEARCH_CONTENT -> WRITE -> NAVIGATE -> SEARCH_CONTENT -> NAVIGATE,1
5,WRITE -> NAVIGATE -> SEARCH_CONTENT -> NAVIGATE -> READ,1
5,NAVIGATE -> SEARCH_CONTENT -> NAVIGATE -> READ -> READ,1
5,SEARCH_CONTENT -> NAVIGATE -> READ -> READ -> READ,1
5,NAVIGATE -> READ -> READ -> READ -> WRITE,1
5,NAVIGATE -> BUILD -> WRITE -> SEARCH_CONTENT -> NAVIGATE,1
5,BUILD -> WRITE -> SEARCH_CONTENT -> NAVIGATE -> BUILD,1
5,WRITE -> SEARCH_CONTENT -> NAVIGATE -> BUILD -> NAVIGATE,1
5,TEST -> SEARCH_CONTENT -> NAVIGATE -> TEST -> SEARCH_CONTENT,1
5,SEARCH_CONTENT -> NAVIGATE -> TEST -> SEARCH_CONTENT -> NAVIGATE,1
5,TEST -> SEARCH_CONTENT -> NAVIGATE -> FILE_OPS -> FILE_OPS,1
5,SEARCH_CONTENT -> NAVIGATE -> FILE_OPS -> FILE_OPS -> NAVIGATE,1
5,NAVIGATE -> FILE_OPS -> FILE_OPS -> NAVIGATE -> TEST,1
5,FILE_OPS -> FILE_OPS -> NAVIGATE -> TEST -> WRITE,1
5,WRITE -> NAVIGATE -> SEARCH_CONTENT -> READ -> SEARCH_CONTENT,1
5,BUILD -> NAVIGATE -> TEST -> NAVIGATE -> WRITE,1
5,NAVIGATE -> WRITE -> NAVIGATE -> FILE_OPS -> SEARCH_CONTENT,1
5,WRITE -> NAVIGATE -> FILE_OPS -> SEARCH_CONTENT -> SEARCH_FILES,1
5,NAVIGATE -> FILE_OPS -> SEARCH_CONTENT -> SEARCH_FILES -> WRITE,1
5,TEST -> READ -> TEST -> TEST -> DEFECTS4J_OTHER,1
5,READ -> TEST -> TEST -> DEFECTS4J_OTHER -> SEARCH_CONTENT,1
5,TEST -> TEST -> DEFECTS4J_OTHER -> SEARCH_CONTENT -> READ,1
5,TEST -> DEFECTS4J_OTHER -> SEARCH_CONTENT -> READ -> SEARCH_CONTENT,1
5,DEFECTS4J_OTHER -> SEARCH_CONTENT -> READ -> SEARCH_CONTENT -> READ,1
5,BUILD -> BUILD -> READ -> READ -> VCS,1
5,BUILD -> READ -> READ -> VCS -> VCS,1
5,READ -> READ -> VCS -> VCS -> TEST,1
5,READ -> VCS -> VCS -> TEST -> BUILD,1
5,VCS -> VCS -> TEST -> BUILD -> VCS,1
5,VCS -> TEST -> BUILD -> VCS -> READ,1
5,TEST -> BUILD -> VCS -> READ -> SEARCH_CONTENT,1
5,BUILD -> VCS -> READ -> SEARCH_CONTENT -> VCS,1
5,VCS -> READ -> SEARCH_CONTENT -> VCS -> WRITE,1
5,READ -> SEARCH_CONTENT -> VCS -> WRITE -> BUILD,1
5,SEARCH_CONTENT -> VCS -> WRITE -> BUILD -> BUILD,1
5,VCS -> WRITE -> BUILD -> BUILD -> TEST,1
5,READ -> WRITE -> BUILD -> BUILD -> VCS,1
5,WRITE -> BUILD -> BUILD -> VCS -> READ,1
5,BUILD -> BUILD -> VCS -> READ -> WRITE,1
5,BUILD -> VCS -> READ -> WRITE -> BUILD,1
5,VCS -> READ -> WRITE -> BUILD -> BUILD,1
5,READ -> WRITE -> BUILD -> BUILD -> TEST,1
5,WRITE -> BUILD -> BUILD -> VCS -> TEST,1
5,BUILD -> BUILD -> VCS -> TEST -> TEST,1
5,BUILD -> VCS -> TEST -> TEST -> FILE_OPS,1
5,BUILD -> NAVIGATE -> DEFECTS4J_OTHER -> NAVIGATE -> DEFECTS4J_OTHER,1
5,NAVIGATE -> DEFECTS4J_OTHER -> NAVIGATE -> DEFECTS4J_OTHER -> NAVIGATE,1
5,DEFECTS4J_OTHER -> NAVIGATE -> DEFECTS4J_OTHER -> NAVIGATE -> TEST,1
5,DEFECTS4J_OTHER -> NAVIGATE -> TEST -> NAVIGATE -> TEST,1
5,NAVIGATE -> BUILD -> TEST -> READ -> NAVIGATE,1
5,BUILD -> TEST -> READ -> NAVIGATE -> TEST,1
5,TEST -> READ -> NAVIGATE -> BUILD -> BUILD,1
5,READ -> NAVIGATE -> BUILD -> BUILD -> READ,1
5,BUILD -> READ -> NAVIGATE -> BUILD -> BUILD,1
5,READ -> NAVIGATE -> BUILD -> BUILD -> SEARCH_CONTENT,1
5,NAVIGATE -> BUILD -> BUILD -> SEARCH_CONTENT -> NAVIGATE,1
5,BUILD -> BUILD -> SEARCH_CONTENT -> NAVIGATE -> TEST,1
5,BUILD -> SEARCH_CONTENT -> NAVIGATE -> TEST -> WRITE,1
5,SEARCH_CONTENT -> NAVIGATE -> TEST -> WRITE -> NAVIGATE,1
5,TEST -> WRITE -> NAVIGATE -> FILE_OPS -> FILE_OPS,1
5,WRITE -> NAVIGATE -> FILE_OPS -> FILE_OPS -> WRITE,1
5,NAVIGATE -> FILE_OPS -> FILE_OPS -> WRITE -> NAVIGATE,1
5,FILE_OPS -> FILE_OPS -> WRITE -> NAVIGATE -> BUILD,1
5,BUILD -> TEST -> NAVIGATE -> TEST -> SEARCH_CONTENT,1
5,READ -> TEST -> TEST -> TEST -> NAVIGATE,1
5,TEST -> NAVIGATE -> BUILD -> TEST -> SEARCH_CONTENT,1
5,NAVIGATE -> BUILD -> TEST -> SEARCH_CONTENT -> SEARCH_CONTENT,1
5,BUILD -> TEST -> SEARCH_CONTENT -> SEARCH_CONTENT -> READ,1
5,SEARCH_CONTENT -> SEARCH_CONTENT -> SEARCH_CONTENT -> READ -> NAVIGATE,1
5,SEARCH_CONTENT -> READ -> NAVIGATE -> SEARCH_CONTENT -> SEARCH_FILES,1
5,READ -> NAVIGATE -> SEARCH_CONTENT -> SEARCH_FILES -> NAVIGATE,1
5,NAVIGATE -> SEARCH_CONTENT -> SEARCH_FILES -> NAVIGATE -> FILE_OPS,1
5,SEARCH_CONTENT -> SEARCH_FILES -> NAVIGATE -> FILE_OPS -> WRITE,1
5,SEARCH_FILES -> NAVIGATE -> FILE_OPS -> WRITE -> WRITE,1
5,NAVIGATE -> FILE_OPS -> WRITE -> WRITE -> WRITE,1
5,FILE_OPS -> WRITE -> WRITE -> WRITE -> SEARCH_CONTENT,1
5,WRITE -> WRITE -> WRITE -> SEARCH_CONTENT -> READ,1
5,WRITE -> WRITE -> READ -> NAVIGATE -> BUILD,1
5,SEARCH_FILES -> READ -> TEST -> READ -> SEARCH_FILES,1
5,SEARCH_CONTENT -> READ -> WRITE -> BUILD -> BUILD,1
5,WRITE -> BUILD -> BUILD -> FILE_OPS -> TEST,1
5,BUILD -> BUILD -> FILE_OPS -> TEST -> WRITE,1
5,READ -> NAVIGATE -> WRITE -> WRITE -> WRITE,1
5,SCRIPT -> WRITE -> WRITE -> READ -> WRITE,1
5,READ -> WRITE -> WRITE -> NAVIGATE -> SCRIPT,1
5,NAVIGATE -> TEST -> NAVIGATE -> UTIL -> SCRIPT,1
5,TEST -> NAVIGATE -> UTIL -> SCRIPT -> WRITE,1
5,UTIL -> SCRIPT -> WRITE -> WRITE -> NAVIGATE,1
5,SCRIPT -> WRITE -> WRITE -> NAVIGATE -> SCRIPT,1
5,NAVIGATE -> SCRIPT -> NAVIGATE -> TEST -> UTIL,1
5,SCRIPT -> NAVIGATE -> TEST -> UTIL -> WRITE,1
5,NAVIGATE -> TEST -> UTIL -> WRITE -> WRITE,1
5,TEST -> UTIL -> WRITE -> WRITE -> NAVIGATE,1
5,UTIL -> WRITE -> WRITE -> NAVIGATE -> SCRIPT,1
5,NAVIGATE -> TEST -> READ -> NAVIGATE -> SCRIPT,1
5,TEST -> READ -> NAVIGATE -> SCRIPT -> READ,1
5,READ -> NAVIGATE -> SCRIPT -> READ -> WRITE,1
5,SCRIPT -> WRITE -> NAVIGATE -> TEST -> WRITE,1
5,WRITE -> NAVIGATE -> VCS -> READ -> NAVIGATE,1
5,NAVIGATE -> VCS -> READ -> NAVIGATE -> SCRIPT,1
5,VCS -> READ -> NAVIGATE -> SCRIPT -> WRITE,1
5,SCRIPT -> NAVIGATE -> TEST -> WRITE -> READ,1
5,NAVIGATE -> SCRIPT -> NAVIGATE -> TEST -> SEARCH_CONTENT,1
5,SCRIPT -> NAVIGATE -> TEST -> SEARCH_CONTENT -> READ,1
5,TEST -> SEARCH_CONTENT -> READ -> NAVIGATE -> SCRIPT,1
5,READ -> NAVIGATE -> SCRIPT -> NAVIGATE -> VCS,1
5,NAVIGATE -> SCRIPT -> NAVIGATE -> VCS -> NAVIGATE,1
5,SCRIPT -> NAVIGATE -> VCS -> NAVIGATE -> VCS,1
5,WRITE -> NAVIGATE -> SCRIPT -> NAVIGATE -> VCS,1
5,SCRIPT -> NAVIGATE -> VCS -> WRITE -> NAVIGATE,1
5,VCS -> WRITE -> NAVIGATE -> TEST -> READ,1
5,WRITE -> NAVIGATE -> TEST -> WRITE -> SEARCH_FILES,1
5,WRITE -> SEARCH_FILES -> READ -> READ -> WRITE,1
5,SEARCH_CONTENT -> READ -> WRITE -> READ -> NAVIGATE,1
5,READ -> WRITE -> READ -> NAVIGATE -> SCRIPT,1
5,READ -> NAVIGATE -> SCRIPT -> WRITE -> READ,1
5,NAVIGATE -> SCRIPT -> WRITE -> READ -> NAVIGATE,1
5,SCRIPT -> WRITE -> READ -> NAVIGATE -> SCRIPT,1
5,READ -> NAVIGATE -> SCRIPT -> WRITE -> WRITE,1
5,SCRIPT -> WRITE -> WRITE -> READ -> READ,1
5,TEST -> WRITE -> WRITE -> NAVIGATE -> SCRIPT,1
5,WRITE -> WRITE -> NAVIGATE -> SCRIPT -> READ,1
5,WRITE -> NAVIGATE -> SCRIPT -> READ -> READ,1
5,NAVIGATE -> SCRIPT -> READ -> READ -> SEARCH_CONTENT,1
5,SCRIPT -> READ -> READ -> SEARCH_CONTENT -> READ,1
5,SCRIPT -> WRITE -> NAVIGATE -> TEST -> NAVIGATE,1
5,NAVIGATE -> SCRIPT -> READ -> NAVIGATE -> SCRIPT,1
5,SCRIPT -> READ -> NAVIGATE -> SCRIPT -> NAVIGATE,1
5,NAVIGATE -> SCRIPT -> WRITE -> WRITE -> WRITE,1
5,SCRIPT -> WRITE -> WRITE -> WRITE -> NAVIGATE,1
5,VCS -> NAVIGATE -> VCS -> READ -> WRITE,1
5,VCS -> READ -> WRITE -> NAVIGATE -> VCS,1
5,SEARCH_CONTENT -> READ -> READ -> NAVIGATE -> SCRIPT,1
5,READ -> READ -> NAVIGATE -> SCRIPT -> WRITE,1
5,READ -> NAVIGATE -> TEST -> NAVIGATE -> SCRIPT,1
5,SCRIPT -> NAVIGATE -> SCRIPT -> NAVIGATE -> SEARCH_CONTENT,1
5,NAVIGATE -> SCRIPT -> NAVIGATE -> SEARCH_CONTENT -> WRITE,1
5,SCRIPT -> NAVIGATE -> SEARCH_CONTENT -> WRITE -> WRITE,1
5,WRITE -> TEST -> SEARCH_FILES -> SEARCH_CONTENT -> READ,1
5,TEST -> SEARCH_FILES -> SEARCH_CONTENT -> READ -> SEARCH_FILES,1
5,READ -> SEARCH_FILES -> READ -> NAVIGATE -> SCRIPT,1
5,SEARCH_FILES -> READ -> NAVIGATE -> SCRIPT -> NAVIGATE,1
5,NAVIGATE -> SCRIPT -> NAVIGATE -> SCRIPT -> SEARCH_FILES,1
5,SCRIPT -> NAVIGATE -> SCRIPT -> SEARCH_FILES -> READ,1
5,NAVIGATE -> SCRIPT -> SEARCH_FILES -> READ -> READ,1
5,SCRIPT -> SEARCH_FILES -> READ -> READ -> READ,1
5,WRITE -> NAVIGATE -> SCRIPT -> READ -> SEARCH_CONTENT,1
5,NAVIGATE -> SCRIPT -> READ -> SEARCH_CONTENT -> READ,1
5,SCRIPT -> READ -> SEARCH_CONTENT -> READ -> SEARCH_CONTENT,1
5,NAVIGATE -> SCRIPT -> NAVIGATE -> SCRIPT -> SEARCH_CONTENT,1
5,SCRIPT -> NAVIGATE -> SCRIPT -> SEARCH_CONTENT -> WRITE,1
5,NAVIGATE -> SCRIPT -> SEARCH_CONTENT -> WRITE -> NAVIGATE,1
5,SCRIPT -> SEARCH_CONTENT -> WRITE -> NAVIGATE -> SCRIPT,1
5,SEARCH_CONTENT -> WRITE -> NAVIGATE -> SCRIPT -> READ,1
5,WRITE -> NAVIGATE -> VCS -> READ -> SEARCH_FILES,1
5,NAVIGATE -> VCS -> READ -> SEARCH_FILES -> READ,1
5,VCS -> READ -> SEARCH_FILES -> READ -> WRITE,1
5,SEARCH_FILES -> READ -> WRITE -> SEARCH_CONTENT -> WRITE,1
5,READ -> WRITE -> SEARCH_CONTENT -> WRITE -> WRITE,1
5,READ -> SEARCH_FILES -> SEARCH_FILES -> SEARCH_CONTENT -> READ,1
5,WRITE -> NAVIGATE -> SCRIPT -> NAVIGATE -> SEARCH_CONTENT,1
5,NAVIGATE -> SCRIPT -> NAVIGATE -> SEARCH_CONTENT -> READ,1
5,SCRIPT -> NAVIGATE -> SEARCH_CONTENT -> READ -> SEARCH_CONTENT,1
5,READ -> NAVIGATE -> VCS -> WRITE -> WRITE,1
5,VCS -> WRITE -> WRITE -> NAVIGATE -> SCRIPT,1
5,SCRIPT -> NAVIGATE -> TEST -> NAVIGATE -> SEARCH_CONTENT,1
5,TEST -> NAVIGATE -> SEARCH_CONTENT -> WRITE -> WRITE,1
5,WRITE -> NAVIGATE -> SCRIPT -> NAVIGATE -> OTHER,1
5,NAVIGATE -> SCRIPT -> NAVIGATE -> OTHER -> NAVIGATE,1
5,SCRIPT -> NAVIGATE -> OTHER -> NAVIGATE -> SCRIPT,1
5,WRITE -> SEARCH_FILES -> READ -> SEARCH_FILES -> SEARCH_FILES,1
5,TEST -> NAVIGATE -> TEST -> SEARCH_FILES -> NAVIGATE,1
5,NAVIGATE -> TEST -> SEARCH_FILES -> NAVIGATE -> SCRIPT,1
5,TEST -> SEARCH_FILES -> NAVIGATE -> SCRIPT -> NAVIGATE,1
5,SEARCH_FILES -> NAVIGATE -> SCRIPT -> NAVIGATE -> TEST,1
5,TEST -> SEARCH_CONTENT -> WRITE -> NAVIGATE -> FILE_OPS,1
5,WRITE -> SEARCH_FILES -> SEARCH_FILES -> SEARCH_FILES -> SEARCH_FILES,1
5,TEST -> WRITE -> NAVIGATE -> SCRIPT -> WRITE,1
5,WRITE -> NAVIGATE -> SCRIPT -> WRITE -> SEARCH_CONTENT,1
5,NAVIGATE -> SCRIPT -> WRITE -> SEARCH_CONTENT -> READ,1
5,SCRIPT -> WRITE -> SEARCH_CONTENT -> READ -> WRITE,1
5,SCRIPT -> NAVIGATE -> TEST -> READ -> WRITE,1
5,READ -> NAVIGATE -> SEARCH_FILES -> READ -> NAVIGATE,1
5,NAVIGATE -> SEARCH_FILES -> READ -> NAVIGATE -> SCRIPT,1
5,SEARCH_FILES -> READ -> NAVIGATE -> SCRIPT -> SEARCH_CONTENT,1
5,READ -> NAVIGATE -> SCRIPT -> SEARCH_CONTENT -> SEARCH_CONTENT,1
5,NAVIGATE -> SCRIPT -> SEARCH_CONTENT -> SEARCH_CONTENT -> READ,1
5,SCRIPT -> SEARCH_CONTENT -> SEARCH_CONTENT -> READ -> WRITE,1
5,SEARCH_CONTENT -> READ -> WRITE -> NAVIGATE -> VCS,1
5,VCS -> WRITE -> WRITE -> NAVIGATE -> VCS,1
5,VCS -> WRITE -> WRITE -> WRITE -> WRITE,1
5,WRITE -> NAVIGATE -> SCRIPT -> NAVIGATE -> SEARCH_FILES,1
5,SEARCH_FILES -> SEARCH_CONTENT -> READ -> NAVIGATE -> SCRIPT,1
5,SEARCH_CONTENT -> READ -> NAVIGATE -> SCRIPT -> SEARCH_FILES,1
5,READ -> NAVIGATE -> SCRIPT -> SEARCH_FILES -> NAVIGATE,1
5,NAVIGATE -> SCRIPT -> SEARCH_FILES -> NAVIGATE -> SEARCH_FILES,1
5,SCRIPT -> SEARCH_FILES -> NAVIGATE -> SEARCH_FILES -> READ,1
5,SEARCH_FILES -> NAVIGATE -> SEARCH_FILES -> READ -> SEARCH_CONTENT,1
5,READ -> SEARCH_CONTENT -> READ -> NAVIGATE -> SEARCH_FILES,1
5,READ -> NAVIGATE -> SEARCH_FILES -> SEARCH_CONTENT -> SEARCH_FILES,1
5,NAVIGATE -> SEARCH_FILES -> SEARCH_CONTENT -> SEARCH_FILES -> READ,1
5,SEARCH_FILES -> SEARCH_CONTENT -> SEARCH_FILES -> READ -> READ,1
5,READ -> SEARCH_FILES -> READ -> NAVIGATE -> SEARCH_FILES,1
5,SEARCH_FILES -> READ -> NAVIGATE -> SEARCH_FILES -> READ,1
5,READ -> NAVIGATE -> SEARCH_FILES -> READ -> SEARCH_CONTENT,1
5,READ -> READ -> READ -> NAVIGATE -> VCS,1
5,READ -> NAVIGATE -> VCS -> WRITE -> SEARCH_FILES,1
5,NAVIGATE -> VCS -> WRITE -> SEARCH_FILES -> READ,1
5,VCS -> WRITE -> SEARCH_FILES -> READ -> READ,1
5,WRITE -> SEARCH_FILES -> READ -> READ -> SEARCH_FILES,1
5,READ -> NAVIGATE -> SCRIPT -> NAVIGATE -> SEARCH_FILES,1
5,SEARCH_FILES -> SEARCH_CONTENT -> READ -> NAVIGATE -> SEARCH_FILES,1
5,NAVIGATE -> SEARCH_FILES -> SEARCH_CONTENT -> READ -> READ,1
5,SEARCH_CONTENT -> READ -> NAVIGATE -> SCRIPT -> WRITE,1
5,WRITE -> NAVIGATE -> VCS -> WRITE -> UTIL,1
5,NAVIGATE -> VCS -> WRITE -> UTIL -> NAVIGATE,1
5,VCS -> WRITE -> UTIL -> NAVIGATE -> VCS,1
5,WRITE -> UTIL -> NAVIGATE -> VCS -> WRITE,1
5,UTIL -> NAVIGATE -> VCS -> WRITE -> READ,1
5,WRITE -> WRITE -> WRITE -> NAVIGATE -> UTIL,1
5,READ -> NAVIGATE -> SEARCH_CONTENT -> READ -> SEARCH_FILES,1
5,NAVIGATE -> SEARCH_CONTENT -> READ -> SEARCH_FILES -> READ,1
5,READ -> SEARCH_FILES -> READ -> NAVIGATE -> SEARCH_CONTENT,1
5,SEARCH_FILES -> READ -> NAVIGATE -> SEARCH_CONTENT -> SEARCH_CONTENT,1
5,READ -> NAVIGATE -> SEARCH_CONTENT -> SEARCH_CONTENT -> READ,1
5,READ -> NAVIGATE -> SEARCH_CONTENT -> NAVIGATE -> SCRIPT,1
5,NAVIGATE -> SEARCH_CONTENT -> NAVIGATE -> SCRIPT -> NAVIGATE,1
5,SEARCH_CONTENT -> NAVIGATE -> SCRIPT -> NAVIGATE -> SEARCH_CONTENT,1
5,NAVIGATE -> SCRIPT -> NAVIGATE -> SEARCH_CONTENT -> SEARCH_FILES,1
5,SCRIPT -> NAVIGATE -> SEARCH_CONTENT -> SEARCH_FILES -> SEARCH_FILES,1
5,NAVIGATE -> SEARCH_CONTENT -> SEARCH_FILES -> SEARCH_FILES -> SEARCH_FILES,1
5,SEARCH_FILES -> SEARCH_FILES -> SEARCH_FILES -> NAVIGATE -> SCRIPT,1
5,SEARCH_FILES -> SEARCH_FILES -> NAVIGATE -> SCRIPT -> NAVIGATE,1
5,SEARCH_FILES -> NAVIGATE -> SCRIPT -> NAVIGATE -> SCRIPT,1
5,SCRIPT -> WRITE -> NAVIGATE -> TEST -> SEARCH_CONTENT,1
5,WRITE -> NAVIGATE -> TEST -> SEARCH_CONTENT -> WRITE,1
5,TEST -> SEARCH_CONTENT -> WRITE -> NAVIGATE -> SCRIPT,1
5,SEARCH_CONTENT -> WRITE -> NAVIGATE -> SCRIPT -> NAVIGATE,1
5,SCRIPT -> NAVIGATE -> UTIL -> SCRIPT -> NAVIGATE,1
5,NAVIGATE -> UTIL -> SCRIPT -> NAVIGATE -> TEST,1
5,UTIL -> SCRIPT -> NAVIGATE -> TEST -> WRITE,1
5,SCRIPT -> NAVIGATE -> UTIL -> SCRIPT -> WRITE,1
5,UTIL -> SCRIPT -> WRITE -> WRITE -> WRITE,1
5,SCRIPT -> WRITE -> WRITE -> WRITE -> WRITE,1
5,NAVIGATE -> TEST -> NAVIGATE -> SCRIPT -> READ,1
5,TEST -> NAVIGATE -> SCRIPT -> READ -> WRITE,1
5,SCRIPT -> READ -> WRITE -> NAVIGATE -> UTIL,1
5,READ -> WRITE -> NAVIGATE -> UTIL -> UTIL,1
5,WRITE -> NAVIGATE -> UTIL -> UTIL -> SEARCH_CONTENT,1
5,NAVIGATE -> UTIL -> UTIL -> SEARCH_CONTENT -> UTIL,1
5,UTIL -> UTIL -> SEARCH_CONTENT -> UTIL -> SEARCH_CONTENT,1
5,UTIL -> SEARCH_CONTENT -> UTIL -> SEARCH_CONTENT -> NAVIGATE,1
5,SEARCH_CONTENT -> UTIL -> SEARCH_CONTENT -> NAVIGATE -> READ,1
5,UTIL -> SEARCH_CONTENT -> NAVIGATE -> READ -> NAVIGATE,1
5,SEARCH_CONTENT -> NAVIGATE -> READ -> NAVIGATE -> SEARCH_CONTENT,1
5,NAVIGATE -> READ -> NAVIGATE -> SEARCH_CONTENT -> NAVIGATE,1
5,READ -> NAVIGATE -> SEARCH_CONTENT -> NAVIGATE -> UTIL,1
5,NAVIGATE -> SEARCH_CONTENT -> NAVIGATE -> UTIL -> TEST,1
5,SEARCH_CONTENT -> NAVIGATE -> UTIL -> TEST -> SEARCH_CONTENT,1
5,NAVIGATE -> UTIL -> TEST -> SEARCH_CONTENT -> UTIL,1
5,UTIL -> TEST -> SEARCH_CONTENT -> UTIL -> NAVIGATE,1
5,TEST -> SEARCH_CONTENT -> UTIL -> NAVIGATE -> VCS,1
5,READ -> SEARCH_CONTENT -> WRITE -> WRITE -> WRITE,1
5,WRITE -> NAVIGATE -> SCRIPT -> WRITE -> WRITE,1
5,NAVIGATE -> SCRIPT -> WRITE -> WRITE -> NAVIGATE,1
5,SCRIPT -> WRITE -> WRITE -> NAVIGATE -> TEST,1
5,NAVIGATE -> TEST -> SEARCH_CONTENT -> NAVIGATE -> SCRIPT,1
5,TEST -> SEARCH_CONTENT -> NAVIGATE -> SCRIPT -> READ,1
5,SEARCH_CONTENT -> NAVIGATE -> SCRIPT -> READ -> WRITE,1
5,WRITE -> NAVIGATE -> TEST -> READ -> READ,1
5,NAVIGATE -> SCRIPT -> WRITE -> NAVIGATE -> SEARCH_CONTENT,1
5,SCRIPT -> WRITE -> NAVIGATE -> SEARCH_CONTENT -> WRITE,1
5,WRITE -> NAVIGATE -> SEARCH_CONTENT -> WRITE -> READ,1
5,NAVIGATE -> SEARCH_CONTENT -> WRITE -> READ -> WRITE,1
5,SEARCH_CONTENT -> WRITE -> READ -> WRITE -> NAVIGATE,1
5,TEST -> WRITE -> NAVIGATE -> SCRIPT -> READ,1
5,SCRIPT -> NAVIGATE -> TEST -> READ -> NAVIGATE,1
5,NAVIGATE -> SCRIPT -> READ -> NAVIGATE -> VCS,1
5,SCRIPT -> READ -> NAVIGATE -> VCS -> NAVIGATE,1
5,READ -> NAVIGATE -> VCS -> NAVIGATE -> SCRIPT,1
5,VCS -> NAVIGATE -> SCRIPT -> NAVIGATE -> SCRIPT,1
5,SCRIPT -> NAVIGATE -> VCS -> WRITE -> WRITE,1
5,SCRIPT -> NAVIGATE -> TEST -> NAVIGATE -> TEST,1
5,TEST -> NAVIGATE -> SCRIPT -> NAVIGATE -> VCS,1
