bug,pass,test_fail,compile_fail,failed_tests,duration
Chart-2,No,Yes,No,org.jfree.data.general.junit.DatasetUtilitiesTests::testBug2849731_2; org.jfree.data.general.junit.DatasetUtilitiesTests::testBug2849731_3,N/A
Chart-4,No,Yes,No,org.jfree.chart.axis.junit.LogAxisTests::testXYAutoRange1; org.jfree.chart.axis.junit.LogAxisTests::testXYAutoRange2; org.jfree.chart.axis.junit.NumberAxisTests::testXYAutoRange1; org.jfree.chart.axis.junit.NumberAxisTests::testXYAutoRange2; org.jfree.chart.axis.junit.ValueAxisTests::testAxisMargins; org.jfree.chart.junit.JFreeChartTests::testSerialization4; org.jfree.chart.junit.ScatterPlotTests::testDrawWithNullInfo; org.jfree.chart.junit.ScatterPlotTests::testSetSeriesToolTipGenerator; org.jfree.chart.junit.ScatterPlotTests::testReplaceDataset; org.jfree.chart.junit.TimeSeriesChartTests::testDrawWithNullInfo; org.jfree.chart.junit.TimeSeriesChartTests::testSetSeriesToolTipGenerator; org.jfree.chart.junit.TimeSeriesChartTests::testReplaceDataset; org.jfree.chart.junit.XYAreaChartTests::testDrawWithNullInfo; org.jfree.chart.junit.XYAreaChartTests::testSetSeriesToolTipGenerator; org.jfree.chart.junit.XYAreaChartTests::testReplaceDataset; org.jfree.chart.junit.XYStepAreaChartTests::testDrawWithNullInfo; org.jfree.chart.junit.XYStepAreaChartTests::testSetSeriesToolTipGenerator; org.jfree.chart.junit.XYStepAreaChartTests::testReplaceDataset; org.jfree.chart.junit.XYStepChartTests::testDrawWithNullInfo; org.jfree.chart.junit.XYStepChartTests::testSetSeriesToolTipGenerator; org.jfree.chart.junit.XYStepChartTests::testReplaceDataset; org.jfree.chart.plot.junit.XYPlotTests::testDrawRangeGridlines,N/A
Chart-14,Yes,No,No,,N/A
Chart-15,Yes,No,No,,N/A
Chart-16,No,Yes,No,org.jfree.data.category.junit.DefaultIntervalCategoryDatasetTests::testGetCategoryIndex; org.jfree.data.category.junit.DefaultIntervalCategoryDatasetTests::testSetCategoryKeys; org.jfree.data.category.junit.DefaultIntervalCategoryDatasetTests::testGetSeriesIndex; org.jfree.data.category.junit.DefaultIntervalCategoryDatasetTests::testGetRowCount; org.jfree.data.category.junit.DefaultIntervalCategoryDatasetTests::testGetRowIndex; org.jfree.data.category.junit.DefaultIntervalCategoryDatasetTests::testGetColumnCount; org.jfree.data.category.junit.DefaultIntervalCategoryDatasetTests::testGetColumnIndex; org.jfree.data.category.junit.DefaultIntervalCategoryDatasetTests::testCloning2,N/A
Chart-18,No,Yes,No,org.jfree.data.junit.DefaultKeyedValues2DTests::testRemoveColumnByKey; org.jfree.data.junit.DefaultKeyedValuesTests::testRemoveValue,N/A
Chart-19,No,Yes,No,org.jfree.chart.plot.junit.CategoryPlotTests::testGetDomainAxisIndex,N/A
Chart-21,No,Yes,No,org.jfree.data.statistics.junit.DefaultBoxAndWhiskerCategoryDatasetTests::testGetRangeBounds,N/A
Chart-22,No,Yes,No,org.jfree.data.junit.KeyedObjects2DTests::testRemoveColumnByKey; org.jfree.data.junit.KeyedObjects2DTests::testRemoveValue; org.jfree.data.junit.KeyedObjects2DTests::testGetValueByKey; org.jfree.data.junit.KeyedObjects2DTests::testRemoveColumnByIndex; org.jfree.data.junit.KeyedObjects2DTests::testSetObject; org.jfree.data.junit.KeyedObjects2DTests::testRemoveRowByKey,N/A
Chart-25,Yes,No,No,,N/A
Cli-1,Yes,No,No,,N/A
Cli-7,No,Yes,No,org.apache.commons.cli2.bug.Bug27575Test::testRequiredOptions,N/A
Cli-10,Yes,No,No,,N/A
Cli-13,No,Yes,No,org.apache.commons.cli2.bug.BugLoopingOptionLookAlikeTest::testLoopingOptionLookAlike2,N/A
Cli-14,No,Yes,No,org.apache.commons.cli2.bug.BugCLI144Test::testFileValidator,N/A
Cli-16,No,Yes,No,org.apache.commons.cli2.bug.BugCLI123Test::testMultipleChildOptions; org.apache.commons.cli2.bug.BugCLI123Test::testParentOptionAndChildOption; org.apache.commons.cli2.bug.BugCLI123Test::testSingleChildOption; org.apache.commons.cli2.commandline.DefaultingCommandLineTest::testGetOptions_Order; org.apache.commons.cli2.commandline.PreferencesCommandLineTest::testGetOptions_Order; org.apache.commons.cli2.commandline.PropertiesCommandLineTest::testGetOptions_Order; org.apache.commons.cli2.commandline.WriteableCommandLineImplTest::testGetOptions_Order,N/A
Cli-18,Yes,No,No,,N/A
Cli-21,Yes,No,No,,N/A
Cli-22,No,Yes,No,org.apache.commons.cli.ApplicationTest::testGroovy; org.apache.commons.cli.PosixParserTest::testStopAtExpectedArg,N/A
Cli-23,Yes,No,No,,N/A
Cli-26,No,Yes,No,org.apache.commons.cli.OptionBuilderTest::testBuilderIsResettedAlways,N/A
Cli-30,No,No,Yes,,N/A
Cli-31,Yes,No,No,,N/A
Cli-33,No,Yes,No,org.apache.commons.cli.HelpFormatterTest::testIndentedHeaderAndFooter,N/A
Cli-34,No,No,Yes,,N/A
Cli-36,Yes,No,No,,N/A
Cli-39,Yes,No,No,,N/A
Closure-3,No,Yes,No,com.google.javascript.jscomp.FlowSensitiveInlineVariablesTest::testDoNotInlineCatchExpression1a; com.google.javascript.jscomp.FlowSensitiveInlineVariablesTest::testDoNotInlineCatchExpression1; com.google.javascript.jscomp.FlowSensitiveInlineVariablesTest::testDoNotInlineCatchExpression3,N/A
Closure-4,No,Yes,No,com.google.javascript.jscomp.TypeCheckTest::testImplementsExtendsLoop; com.google.javascript.jscomp.TypeCheckTest::testImplementsLoop; com.google.javascript.jscomp.TypeCheckTest::testConversionFromInterfaceToRecursiveConstructor,N/A
Closure-6,No,Yes,No,com.google.javascript.jscomp.LooseTypeCheckTest::testTypeRedefinition; com.google.javascript.jscomp.TypeCheckTest::testIssue635b; com.google.javascript.jscomp.TypeCheckTest::testTypeRedefinition,N/A
Closure-9,Yes,No,No,,N/A
Closure-16,No,Yes,No,com.google.javascript.jscomp.IntegrationTest::testIssue772; com.google.javascript.jscomp.ScopedAliasesTest::testIssue772,N/A
Closure-21,No,Yes,No,com.google.javascript.jscomp.CheckSideEffectsTest::testUselessCode,N/A
Closure-24,No,Yes,No,com.google.javascript.jscomp.ScopedAliasesTest::testNonAliasLocal,N/A
Closure-25,No,Yes,No,com.google.javascript.jscomp.TypeInferenceTest::testBackwardsInferenceNew,N/A
Closure-26,No,Yes,No,com.google.javascript.jscomp.CommandLineRunnerTest::testTransformAMDAndProcessCJS; com.google.javascript.jscomp.CommandLineRunnerTest::testProcessCJS; com.google.javascript.jscomp.ProcessCommonJSModulesTest::testExports; com.google.javascript.jscomp.ProcessCommonJSModulesTest::testModuleName; com.google.javascript.jscomp.ProcessCommonJSModulesTest::testDash; com.google.javascript.jscomp.ProcessCommonJSModulesTest::testVarRenaming; com.google.javascript.jscomp.ProcessCommonJSModulesTest::testWithoutExports,N/A
Closure-27,No,Yes,No,com.google.javascript.rhino.IRTest::testIssue727_1; com.google.javascript.rhino.IRTest::testIssue727_2; com.google.javascript.rhino.IRTest::testIssue727_3,N/A
Closure-29,No,Yes,No,com.google.javascript.jscomp.InlineObjectLiteralsTest::testObject10; com.google.javascript.jscomp.InlineObjectLiteralsTest::testObject12; com.google.javascript.jscomp.InlineObjectLiteralsTest::testObject22; com.google.javascript.jscomp.InlineObjectLiteralsTest::testIssue724; com.google.javascript.jscomp.IntegrationTest::testIssue724,N/A
Closure-30,No,Yes,No,com.google.javascript.jscomp.FlowSensitiveInlineVariablesTest::testInlineAcrossSideEffect1; com.google.javascript.jscomp.FlowSensitiveInlineVariablesTest::testCanInlineAcrossNoSideEffect; com.google.javascript.jscomp.FlowSensitiveInlineVariablesTest::testIssue698,N/A
Closure-32,No,Yes,No,com.google.javascript.jscomp.IntegrationTest::testIssue701; com.google.javascript.jscomp.parsing.JsDocInfoParserTest::testParseLicense; com.google.javascript.jscomp.parsing.JsDocInfoParserTest::testParsePreserve; com.google.javascript.jscomp.parsing.JsDocInfoParserTest::testParseLicenseAscii,N/A
Closure-34,No,Yes,No,com.google.javascript.jscomp.CodePrinterTest::testManyAdds,N/A
Closure-37,No,Yes,No,com.google.javascript.jscomp.IntegrationTest::testIncompleteFunction,N/A
Closure-39,No,Yes,No,com.google.javascript.rhino.jstype.RecordTypeTest::testRecursiveRecord; com.google.javascript.rhino.jstype.RecordTypeTest::testLongToString,N/A
Closure-41,No,Yes,No,com.google.javascript.jscomp.LooseTypeCheckTest::testMethodInference6; com.google.javascript.jscomp.TypeCheckTest::testIssue368; com.google.javascript.jscomp.TypeCheckTest::testMethodInference6,N/A
Closure-43,No,Yes,No,com.google.javascript.jscomp.TypeCheckTest::testLends10; com.google.javascript.jscomp.TypeCheckTest::testLends11,N/A
Closure-45,No,Yes,No,com.google.javascript.jscomp.RemoveUnusedVarsTest::testIssue618_1,N/A
Closure-47,No,Yes,No,com.google.debugging.sourcemap.SourceMapGeneratorV3Test::testParseSourceMetaMap; com.google.debugging.sourcemap.SourceMapGeneratorV3Test::testGoldenOutput0a; com.google.debugging.sourcemap.SourceMapGeneratorV3Test::testMultilineMapping; com.google.debugging.sourcemap.SourceMapGeneratorV3Test::testMultiFunctionMapping; com.google.debugging.sourcemap.SourceMapGeneratorV3Test::testLiteralMappingsGoldenOutput; com.google.debugging.sourcemap.SourceMapGeneratorV3Test::testMultilineMapping2; com.google.debugging.sourcemap.SourceMapGeneratorV3Test::testBasicMappingGoldenOutput; com.google.debugging.sourcemap.SourceMapGeneratorV3Test::testSourceMapMerging; com.google.debugging.sourcemap.SourceMapGeneratorV3Test::testLiteralMappings; com.google.debugging.sourcemap.SourceMapGeneratorV3Test::testBasicMapping1; com.google.debugging.sourcemap.SourceMapGeneratorV3Test::testBasicMapping2; com.google.debugging.sourcemap.SourceMapGeneratorV3Test::testGoldenOutput1; com.google.debugging.sourcemap.SourceMapGeneratorV3Test::testGoldenOutput2; com.google.debugging.sourcemap.SourceMapGeneratorV3Test::testGoldenOutput3; com.google.debugging.sourcemap.SourceMapGeneratorV3Test::testGoldenOutput4; com.google.debugging.sourcemap.SourceMapGeneratorV3Test::testGoldenOutput5,N/A
Closure-49,No,Yes,No,com.google.javascript.jscomp.FunctionInjectorTest::testInline19b; com.google.javascript.jscomp.FunctionInjectorTest::testInlineIntoLoop; com.google.javascript.jscomp.FunctionInjectorTest::testInline13; com.google.javascript.jscomp.FunctionInjectorTest::testInline14; com.google.javascript.jscomp.FunctionInjectorTest::testInline15; com.google.javascript.jscomp.FunctionInjectorTest::testInline16; com.google.javascript.jscomp.FunctionInjectorTest::testInline17; com.google.javascript.jscomp.FunctionInjectorTest::testInline18; com.google.javascript.jscomp.FunctionInjectorTest::testInline19; com.google.javascript.jscomp.FunctionInjectorTest::testBug1897706; com.google.javascript.jscomp.FunctionInjectorTest::testInlineFunctionWithInnerFunction5; com.google.javascript.jscomp.FunctionToBlockMutatorTest::testMutateWithParameters3; com.google.javascript.jscomp.FunctionToBlockMutatorTest::testMutateCallInLoopVars1; com.google.javascript.jscomp.FunctionToBlockMutatorTest::testMutateInitializeUninitializedVars1; com.google.javascript.jscomp.FunctionToBlockMutatorTest::testMutateInitializeUninitializedVars2; com.google.javascript.jscomp.FunctionToBlockMutatorTest::testMutateFunctionDefinition; com.google.javascript.jscomp.FunctionToBlockMutatorTest::testMutate8; com.google.javascript.jscomp.InlineFunctionsTest::testLoopWithFunctionWithFunction; com.google.javascript.jscomp.InlineFunctionsTest::testShadowVariables16; com.google.javascript.jscomp.InlineFunctionsTest::testShadowVariables18; com.google.javascript.jscomp.InlineFunctionsTest::testCostBasedInlining11; com.google.javascript.jscomp.InlineFunctionsTest::testMixedModeInliningCosting3; com.google.javascript.jscomp.InlineFunctionsTest::testInlineNeverMutateConstants; com.google.javascript.jscomp.InlineFunctionsTest::testInlineWithThis7; com.google.javascript.jscomp.InlineFunctionsTest::testAnonymous1; com.google.javascript.jscomp.InlineFunctionsTest::testAnonymous3; com.google.javascript.jscomp.InlineFunctionsTest::testShadowVariables1; com.google.javascript.jscomp.InlineFunctionsTest::testShadowVariables3; com.google.javascript.jscomp.InlineFunctionsTest::testShadowVariables6; com.google.javascript.jscomp.InlineFunctionsTest::testShadowVariables7; com.google.javascript.jscomp.InlineFunctionsTest::testFunctionExpressionCallInlining11b; com.google.javascript.jscomp.InlineFunctionsTest::testComplexInlineNoResultNoParamCall3; com.google.javascript.jscomp.InlineFunctionsTest::testCostBasedInlining9; com.google.javascript.jscomp.InlineFunctionsTest::testMethodWithFunctionWithFunction; com.google.javascript.jscomp.InlineFunctionsTest::testFunctionExpressionYCombinator; com.google.javascript.jscomp.InlineFunctionsTest::testComplexInlineVars7; com.google.javascript.jscomp.InlineFunctionsTest::testComplexFunctionWithFunctionDefinition2a; com.google.javascript.jscomp.InlineFunctionsTest::testComplexInline7; com.google.javascript.jscomp.InlineFunctionsTest::testFunctionExpressionOmega; com.google.javascript.jscomp.InlineFunctionsTest::testInlineFunctions15b; com.google.javascript.jscomp.InlineFunctionsTest::testInlineFunctions15d; com.google.javascript.jscomp.InlineFunctionsTest::testInlineFunctions16a; com.google.javascript.jscomp.InlineFunctionsTest::testBug4944818; com.google.javascript.jscomp.InlineFunctionsTest::testComplexSample; com.google.javascript.jscomp.InlineFunctionsTest::testNoInlineIfParametersModified1; com.google.javascript.jscomp.InlineFunctionsTest::testNoInlineIfParametersModified2; com.google.javascript.jscomp.InlineFunctionsTest::testNoInlineIfParametersModified3; com.google.javascript.jscomp.InlineFunctionsTest::testNoInlineIfParametersModified4; com.google.javascript.jscomp.InlineFunctionsTest::testNoInlineIfParametersModified5; com.google.javascript.jscomp.InlineFunctionsTest::testNoInlineIfParametersModified6; com.google.javascript.jscomp.InlineFunctionsTest::testNoInlineIfParametersModified7; com.google.javascript.jscomp.InlineFunctionsTest::testIssue423; com.google.javascript.jscomp.InlineFunctionsTest::testComplexFunctionWithFunctionDefinition2; com.google.javascript.jscomp.InlineFunctionsTest::testComplexFunctionWithFunctionDefinition3; com.google.javascript.jscomp.InlineFunctionsTest::testDecomposeFunctionExpressionInCall; com.google.javascript.jscomp.InlineFunctionsTest::testInlineNeverOverrideNewValues; com.google.javascript.jscomp.InlineFunctionsTest::testInlineBlockMutableArgs1; com.google.javascript.jscomp.InlineFunctionsTest::testInlineBlockMutableArgs2; com.google.javascript.jscomp.InlineFunctionsTest::testInlineBlockMutableArgs3; com.google.javascript.jscomp.InlineFunctionsTest::testInlineBlockMutableArgs4; com.google.javascript.jscomp.InlineFunctionsTest::testInlineFunctions10; com.google.javascript.jscomp.InlineFunctionsTest::testInlineFunctions13; com.google.javascript.jscomp.InlineFunctionsTest::testInlineFunctions22; com.google.javascript.jscomp.InlineFunctionsTest::testInlineFunctions23; com.google.javascript.jscomp.InlineFunctionsTest::testInlineFunctions9; com.google.javascript.jscomp.MakeDeclaredNamesUniqueTest::testMakeLocalNamesUniqueWithContext5,N/A
Closure-50,No,Yes,No,com.google.javascript.jscomp.PeepholeReplaceKnownMethodsTest::testStringJoinAddSparse; com.google.javascript.jscomp.PeepholeReplaceKnownMethodsTest::testStringJoinAdd,N/A
Closure-51,Yes,No,No,,N/A
Closure-53,Yes,No,No,,N/A
Closure-54,No,Yes,No,com.google.javascript.jscomp.TypeCheckTest::testIssue537a; com.google.javascript.jscomp.TypeCheckTest::testIssue537b; com.google.javascript.jscomp.TypedScopeCreatorTest::testPropertyOnUnknownSuperClass2,N/A
Closure-60,Yes,No,No,,604.34
Closure-64,No,No,Yes,,389.03
Closure-68,Yes,No,No,,379.89
Closure-72,Yes,No,No,,384.59
Closure-74,No,Yes,No,com.google.javascript.jscomp.PeepholeFoldConstantsTest::testFoldComparison3; com.google.javascript.jscomp.PeepholeFoldConstantsTest::testInvertibleOperators; com.google.javascript.jscomp.PeepholeFoldConstantsTest::testCommutativeOperators,636.74
Closure-75,No,Yes,No,com.google.javascript.jscomp.PeepholeFoldConstantsTest::testIEString,7.49
Closure-76,No,Yes,No,com.google.javascript.jscomp.DeadAssignmentsEliminationTest::testInExpression2; com.google.javascript.jscomp.DeadAssignmentsEliminationTest::testIssue384b; com.google.javascript.jscomp.DeadAssignmentsEliminationTest::testIssue384c; com.google.javascript.jscomp.DeadAssignmentsEliminationTest::testIssue384d,143.25
Closure-79,No,Yes,No,com.google.javascript.jscomp.NormalizeTest::testIssue; com.google.javascript.jscomp.VarCheckTest::testPropReferenceInExterns1; com.google.javascript.jscomp.VarCheckTest::testPropReferenceInExterns3; com.google.javascript.jscomp.VarCheckTest::testVarReferenceInExterns; com.google.javascript.jscomp.VarCheckTest::testCallInExterns,321.30
Closure-80,No,Yes,No,com.google.javascript.jscomp.NodeUtilTest::testIsBooleanResult; com.google.javascript.jscomp.NodeUtilTest::testLocalValue1,152.08
Closure-84,No,No,Yes,,529.88
Closure-85,No,Yes,No,com.google.javascript.jscomp.UnreachableCodeEliminationTest::testCascadedRemovalOfUnlessUnconditonalJumps; com.google.javascript.jscomp.UnreachableCodeEliminationTest::testIssue311,147.56
Closure-89,No,Yes,No,com.google.javascript.jscomp.CollapsePropertiesTest::testAddPropertyToChildOfUncollapsibleFunctionInLocalScope; com.google.javascript.jscomp.CollapsePropertiesTest::testAliasCreatedForFunctionDepth1_1; com.google.javascript.jscomp.CollapsePropertiesTest::testAliasCreatedForFunctionDepth1_2; com.google.javascript.jscomp.CollapsePropertiesTest::testAliasCreatedForFunctionDepth1_3; com.google.javascript.jscomp.CollapsePropertiesTest::testAddPropertyToUncollapsibleNamedCtorInLocalScopeDepth1; com.google.javascript.jscomp.CollapsePropertiesTest::testAddPropertyToUncollapsibleFunctionInLocalScopeDepth1; com.google.javascript.jscomp.CollapsePropertiesTest::testAddPropertyToUncollapsibleFunctionInLocalScopeDepth2; com.google.javascript.jscomp.CollapsePropertiesTest::testAliasCreatedForFunctionDepth2,554.90
Closure-90,No,Yes,No,com.google.javascript.jscomp.TypeCheckTest::testBackwardsTypedefUse3; com.google.javascript.jscomp.TypeCheckTest::testBackwardsTypedefUse8; com.google.javascript.jscomp.TypeCheckTest::testBackwardsTypedefUse9,674.23
Closure-98,No,Yes,No,com.google.javascript.jscomp.InlineVariablesTest::testNoInlineAliasesInLoop,166.73
Closure-99,No,Yes,No,com.google.javascript.jscomp.CheckGlobalThisTest::testPropertyOfMethod; com.google.javascript.jscomp.CheckGlobalThisTest::testMethod4; com.google.javascript.jscomp.CheckGlobalThisTest::testInterface1,150.33
Closure-100,No,Yes,No,com.google.javascript.jscomp.CheckGlobalThisTest::testStaticFunction6; com.google.javascript.jscomp.CheckGlobalThisTest::testStaticFunction7; com.google.javascript.jscomp.CheckGlobalThisTest::testStaticFunction8; com.google.javascript.jscomp.CheckGlobalThisTest::testGlobalThis7; com.google.javascript.jscomp.CheckGlobalThisTest::testStaticMethod2; com.google.javascript.jscomp.CheckGlobalThisTest::testStaticMethod3; com.google.javascript.jscomp.CheckGlobalThisTest::testInnerFunction1; com.google.javascript.jscomp.CheckGlobalThisTest::testInnerFunction2; com.google.javascript.jscomp.CheckGlobalThisTest::testInnerFunction3,155.46
Closure-103,Yes,No,No,,434.32
Closure-105,No,Yes,No,com.google.javascript.jscomp.FoldConstantsTest::testStringJoinAdd,7.73
Closure-106,No,Yes,No,com.google.javascript.jscomp.CheckSideEffectsTest::testJSDocComments; com.google.javascript.jscomp.CollapsePropertiesTest::testTwinReferenceCancelsChildCollapsing; com.google.javascript.jscomp.CollapsePropertiesTest::testCrashInNestedAssign; com.google.javascript.jscomp.CollapsePropertiesTest::testCrashInCommaOperator,370.44
Closure-108,Yes,No,No,,335.03
Closure-110,No,Yes,No,com.google.javascript.jscomp.ScopedAliasesTest::testHoistedFunctionDeclaration; com.google.javascript.jscomp.ScopedAliasesTest::testFunctionDeclaration,625.62
Closure-115,No,Yes,No,com.google.javascript.jscomp.InlineFunctionsTest::testBug4944818; com.google.javascript.jscomp.InlineFunctionsTest::testDoubleInlining1; com.google.javascript.jscomp.InlineFunctionsTest::testNoInlineIfParametersModified8; com.google.javascript.jscomp.InlineFunctionsTest::testNoInlineIfParametersModified9; com.google.javascript.jscomp.InlineFunctionsTest::testInlineFunctions6,119.94
Closure-116,No,Yes,No,com.google.javascript.jscomp.FunctionInjectorTest::testIssue1101a; com.google.javascript.jscomp.FunctionInjectorTest::testIssue1101b; com.google.javascript.jscomp.InlineFunctionsTest::testBug4944818; com.google.javascript.jscomp.InlineFunctionsTest::testDoubleInlining2; com.google.javascript.jscomp.InlineFunctionsTest::testIssue1101; com.google.javascript.jscomp.InlineFunctionsTest::testInlineIfParametersModified8; com.google.javascript.jscomp.InlineFunctionsTest::testInlineIfParametersModified9; com.google.javascript.jscomp.InlineFunctionsTest::testInlineFunctions6,269.42
Closure-117,No,Yes,No,com.google.javascript.jscomp.LooseTypeCheckTest::testMissingProperty7; com.google.javascript.jscomp.LooseTypeCheckTest::testMissingProperty14; com.google.javascript.jscomp.LooseTypeCheckTest::testMissingProperty16; com.google.javascript.jscomp.LooseTypeCheckTest::testMissingProperty23; com.google.javascript.jscomp.LooseTypeCheckTest::testMissingProperty28; com.google.javascript.jscomp.TypeCheckTest::testNonexistentPropertyAccessStructSubtype; com.google.javascript.jscomp.TypeCheckTest::testMissingProperty7; com.google.javascript.jscomp.TypeCheckTest::testIssue1047; com.google.javascript.jscomp.TypeCheckTest::testNonexistentPropertyAccessOnStruct; com.google.javascript.jscomp.TypeCheckTest::testIssue301; com.google.javascript.jscomp.TypeCheckTest::testIssue725; com.google.javascript.jscomp.TypeCheckTest::testIssue783; com.google.javascript.jscomp.TypeCheckTest::testIssue810; com.google.javascript.jscomp.TypeCheckTest::testLends3; com.google.javascript.jscomp.TypeCheckTest::testMissingProperty14; com.google.javascript.jscomp.TypeCheckTest::testMissingProperty16; com.google.javascript.jscomp.TypeCheckTest::testMissingProperty23; com.google.javascript.jscomp.TypeCheckTest::testMissingProperty28; com.google.javascript.jscomp.TypeCheckTest::testMissingProperty32; com.google.javascript.jscomp.TypeCheckTest::testNonexistentPropertyAccessOnExternStruct,927.28
Closure-134,No,Yes,No,com.google.javascript.jscomp.AmbiguatePropertiesTest::testImplementsAndExtends; com.google.javascript.jscomp.TypeCheckTest::testIssue86,467.31
Closure-135,No,Yes,No,com.google.javascript.jscomp.DevirtualizePrototypeMethodsTest::testRewritePrototypeMethods2; com.google.javascript.jscomp.TypeCheckTest::testGoodExtends9,440.81
Closure-136,No,Yes,No,com.google.javascript.jscomp.InlineGettersTest::testIssue2508576_1; com.google.javascript.jscomp.InlineGettersTest::testIssue2508576_3; com.google.javascript.jscomp.MethodCheckTest::testSeparateMethods; com.google.javascript.jscomp.RenameVarsTest::testDollarSignSuperExport2,7.58
Closure-137,No,Yes,No,com.google.javascript.jscomp.MakeDeclaredNamesUniqueTest::testOnlyInversion3; com.google.javascript.jscomp.MakeDeclaredNamesUniqueTest::testOnlyInversion4; com.google.javascript.jscomp.MakeDeclaredNamesUniqueTest::testArguments; com.google.javascript.jscomp.MakeDeclaredNamesUniqueTest::testMakeLocalNamesUniqueWithContext1; com.google.javascript.jscomp.NormalizeTest::testRemoveDuplicateVarDeclarations2,149.34
Closure-138,No,Yes,No,com.google.javascript.jscomp.ClosureReverseAbstractInterpreterTest::testGoogIsArrayOnNull; com.google.javascript.jscomp.ClosureReverseAbstractInterpreterTest::testGoogIsFunctionOnNull; com.google.javascript.jscomp.ClosureReverseAbstractInterpreterTest::testGoogIsObjectOnNull; com.google.javascript.jscomp.TypeCheckTest::testIssue124b; com.google.javascript.jscomp.TypeCheckTest::testIssue124,367.31
Closure-139,No,Yes,No,com.google.javascript.jscomp.NormalizeTest::testNormalizeFunctionDeclarations; com.google.javascript.jscomp.NormalizeTest::testRemoveDuplicateVarDeclarations3; com.google.javascript.jscomp.NormalizeTest::testMoveFunctions2,166.02
Closure-140,No,Yes,No,com.google.javascript.jscomp.CrossModuleCodeMotionTest::testEmptyModule,126.27
Closure-141,No,Yes,No,com.google.javascript.jscomp.ExpresssionDecomposerTest::testCanExposeExpression2; com.google.javascript.jscomp.ExpresssionDecomposerTest::testCanExposeExpression7; com.google.javascript.jscomp.InlineFunctionsTest::testDecomposeAnonymousInCall; com.google.javascript.jscomp.PureFunctionIdentifierTest::testCallFunctionFOrGViaHookWithSideEffects; com.google.javascript.jscomp.PureFunctionIdentifierTest::testCallFunctionForGorH; com.google.javascript.jscomp.PureFunctionIdentifierTest::testCallFunctionFOrG; com.google.javascript.jscomp.PureFunctionIdentifierTest::testCallFunctionFOrGViaHook; com.google.javascript.jscomp.PureFunctionIdentifierTest::testCallFunctionFOrGWithSideEffects,481.76
Closure-142,No,Yes,No,com.google.javascript.jscomp.CoalesceVariableNamesTest::testParameter4; com.google.javascript.jscomp.parsing.JsDocInfoParserTest::testParseLicenseWithAnnotation,719.04
Closure-143,No,Yes,No,com.google.javascript.jscomp.RemoveConstantExpressionsTest::testCall1; com.google.javascript.jscomp.RemoveConstantExpressionsTest::testNew1,483.52
Closure-144,No,Yes,No,com.google.javascript.jscomp.CodePrinterTest::testTypeAnnotationsAssign; com.google.javascript.jscomp.CodePrinterTest::testTypeAnnotationsMember; com.google.javascript.jscomp.CodePrinterTest::testOptionalTypesAnnotation; com.google.javascript.jscomp.CodePrinterTest::testTempConstructor; com.google.javascript.jscomp.CodePrinterTest::testTypeAnnotationsDispatcher1; com.google.javascript.jscomp.CodePrinterTest::testTypeAnnotationsDispatcher2; com.google.javascript.jscomp.CodePrinterTest::testTypeAnnotationsImplements; com.google.javascript.jscomp.CodePrinterTest::testTypeAnnotationsNamespace; com.google.javascript.jscomp.CodePrinterTest::testTypeAnnotations; com.google.javascript.jscomp.CodePrinterTest::testVariableArgumentsTypesAnnotation; com.google.javascript.jscomp.CodePrinterTest::testEmitUnknownParamTypesAsAllType; com.google.javascript.jscomp.CodePrinterTest::testTypeAnnotationsMemberSubclass; com.google.javascript.jscomp.DevirtualizePrototypeMethodsTest::testRewritePrototypeMethods2; com.google.javascript.jscomp.DisambiguatePropertiesTest::testStaticProperty; com.google.javascript.jscomp.ExternExportsPassTest::testExportDontEmitPrototypePathPrefix; com.google.javascript.jscomp.ExternExportsPassTest::testExportMultiple; com.google.javascript.jscomp.ExternExportsPassTest::testExportSymbolWithConstructor; com.google.javascript.jscomp.ExternExportsPassTest::testExportSymbolDefinedInVar; com.google.javascript.jscomp.ExternExportsPassTest::testExportSymbol; com.google.javascript.jscomp.ExternExportsPassTest::testExportMultiple2; com.google.javascript.jscomp.ExternExportsPassTest::testExportMultiple3; com.google.javascript.jscomp.ExternExportsPassTest::testExportProperty; com.google.javascript.jscomp.LooseTypeCheckTest::testNestedFunctionInference1; com.google.javascript.jscomp.LooseTypeCheckTest::testScoping10; com.google.javascript.jscomp.LooseTypeCheckTest::testDuplicateOldTypeDef; com.google.javascript.jscomp.LooseTypeCheckTest::testBadConstructorCall; com.google.javascript.jscomp.LooseTypeCheckTest::testDontAddMethodsIfNoConstructor; com.google.javascript.jscomp.LooseTypeCheckTest::testInterfaceInheritanceCheck11; com.google.javascript.jscomp.LooseTypeCheckTest::testErrorMismatchingPropertyOnInterface5; com.google.javascript.jscomp.LooseTypeCheckTest::testDuplicateTypeDef; com.google.javascript.jscomp.LooseTypeCheckTest::testBug911118; com.google.javascript.jscomp.LooseTypeCheckTest::testFunctionInference12; com.google.javascript.jscomp.LooseTypeCheckTest::testFunctionInference13; com.google.javascript.jscomp.LooseTypeCheckTest::testFunctionInference15; com.google.javascript.jscomp.LooseTypeCheckTest::testFunctionInference16; com.google.javascript.jscomp.LooseTypeCheckTest::testPrototypePropertyReference; com.google.javascript.jscomp.LooseTypeCheckTest::testGoodExtends7; com.google.javascript.jscomp.LooseTypeCheckTest::testTypeRedefinition; com.google.javascript.jscomp.LooseTypeCheckTest::testFunctionInference1; com.google.javascript.jscomp.LooseTypeCheckTest::testFunctionInference2; com.google.javascript.jscomp.LooseTypeCheckTest::testFunctionInference3; com.google.javascript.jscomp.LooseTypeCheckTest::testFunctionInference4; com.google.javascript.jscomp.LooseTypeCheckTest::testFunctionInference7; com.google.javascript.jscomp.LooseTypeCheckTest::testFunctionInference8; com.google.javascript.jscomp.LooseTypeCheckTest::testFunctionInference9; com.google.javascript.jscomp.LooseTypeCheckTest::testInterfaceInheritanceCheck7; com.google.javascript.jscomp.LooseTypeCheckTest::testDuplicateStaticMethodDecl1; com.google.javascript.jscomp.LooseTypeCheckTest::testDuplicateStaticMethodDecl5; com.google.javascript.jscomp.TypeCheckTest::testNestedFunctionInference1; com.google.javascript.jscomp.TypeCheckTest::testScoping10; com.google.javascript.jscomp.TypeCheckTest::testDuplicateOldTypeDef; com.google.javascript.jscomp.TypeCheckTest::testInferredReturn1; com.google.javascript.jscomp.TypeCheckTest::testInferredReturn2; com.google.javascript.jscomp.TypeCheckTest::testInferredReturn3; com.google.javascript.jscomp.TypeCheckTest::testInferredReturn4; com.google.javascript.jscomp.TypeCheckTest::testInferredReturn6; com.google.javascript.jscomp.TypeCheckTest::testBadConstructorCall; com.google.javascript.jscomp.TypeCheckTest::testDontAddMethodsIfNoConstructor; com.google.javascript.jscomp.TypeCheckTest::testInterfaceInheritanceCheck11; com.google.javascript.jscomp.TypeCheckTest::testErrorMismatchingPropertyOnInterface5; com.google.javascript.jscomp.TypeCheckTest::testDuplicateTypeDef; com.google.javascript.jscomp.TypeCheckTest::testBug911118; com.google.javascript.jscomp.TypeCheckTest::testFunctionInference12; com.google.javascript.jscomp.TypeCheckTest::testFunctionInference13; com.google.javascript.jscomp.TypeCheckTest::testFunctionInference15; com.google.javascript.jscomp.TypeCheckTest::testFunctionInference16; com.google.javascript.jscomp.TypeCheckTest::testPrototypePropertyReference; com.google.javascript.jscomp.TypeCheckTest::testGoodExtends7; com.google.javascript.jscomp.TypeCheckTest::testTypeRedefinition; com.google.javascript.jscomp.TypeCheckTest::testFunctionInference1; com.google.javascript.jscomp.TypeCheckTest::testFunctionInference2; com.google.javascript.jscomp.TypeCheckTest::testFunctionInference3; com.google.javascript.jscomp.TypeCheckTest::testFunctionInference4; com.google.javascript.jscomp.TypeCheckTest::testFunctionInference7; com.google.javascript.jscomp.TypeCheckTest::testFunctionInference8; com.google.javascript.jscomp.TypeCheckTest::testFunctionInference9; com.google.javascript.jscomp.TypeCheckTest::testInterfaceInheritanceCheck7; com.google.javascript.jscomp.TypeCheckTest::testDuplicateStaticMethodDecl1; com.google.javascript.jscomp.TypeCheckTest::testDuplicateStaticMethodDecl5; com.google.javascript.jscomp.TypedScopeCreatorTest::testConstructorNode; com.google.javascript.jscomp.TypedScopeCreatorTest::testPropertiesOnInterface; com.google.javascript.jscomp.TypedScopeCreatorTest::testMethodBeforeFunction; com.google.javascript.jscomp.TypedScopeCreatorTest::testConstructorProperty; com.google.javascript.jscomp.TypedScopeCreatorTest::testReturnTypeInference1,7.85
Closure-147,No,Yes,No,com.google.javascript.jscomp.CheckGlobalThisTest::testIssue182a; com.google.javascript.jscomp.CheckGlobalThisTest::testIssue182b; com.google.javascript.jscomp.RuntimeTypeCheckTest::testValueWithInnerFn,213.29
Closure-148,No,Yes,No,com.google.javascript.jscomp.PeepholeFoldConstantsTest::testFoldTypeof; com.google.javascript.jscomp.SourceMapTest::testGoldenOutput0; com.google.javascript.jscomp.SourceMapTest::testGoldenOutput1; com.google.javascript.jscomp.SourceMapTest::testGoldenOutput2; com.google.javascript.jscomp.SourceMapTest::testGoldenOutput3; com.google.javascript.jscomp.SourceMapTest::testGoldenOutput4,526.39
Closure-149,No,Yes,No,com.google.javascript.jscomp.CommandLineRunnerTest::testCharSetExpansion,10.76
Closure-151,Yes,No,No,,846.27
Closure-153,No,Yes,No,com.google.javascript.jscomp.NormalizeTest::testDuplicateVarInExterns; com.google.javascript.jscomp.NormalizeTest::testMakeLocalNamesUnique,174.97
Closure-154,No,Yes,No,com.google.javascript.jscomp.TypeCheckTest::testInterfaceInheritanceCheck12,62.47
Closure-155,No,Yes,No,com.google.javascript.jscomp.InlineVariablesTest::testArgumentsModifiedInInnerFunction; com.google.javascript.jscomp.InlineVariablesTest::testArgumentsModifiedInOuterFunction; com.google.javascript.jscomp.InlineVariablesTest::testIssue378ModifiedArguments1; com.google.javascript.jscomp.InlineVariablesTest::testIssue378ModifiedArguments2; com.google.javascript.jscomp.InlineVariablesTest::testIssue378EscapedArguments1; com.google.javascript.jscomp.InlineVariablesTest::testIssue378EscapedArguments2; com.google.javascript.jscomp.InlineVariablesTest::testIssue378EscapedArguments4,148.20
Closure-156,No,Yes,No,com.google.javascript.jscomp.CollapsePropertiesTest::testAliasedTopLevelEnum; com.google.javascript.jscomp.CollapsePropertiesTest::testIssue389,8.46
Closure-157,No,Yes,No,com.google.javascript.jscomp.CodePrinterTest::testObjectLit2; com.google.javascript.jscomp.CodePrinterTest::testObjectLit3; com.google.javascript.jscomp.CodePrinterTest::testGetter; com.google.javascript.jscomp.CodePrinterTest::testSetter; com.google.javascript.jscomp.FunctionNamesTest::testFunctionsNamesAndIds; com.google.javascript.jscomp.RenamePropertiesTest::testPrototypePropertiesAsObjLitKeys2; com.google.javascript.jscomp.RenamePropertiesTest::testPrototypePropertiesAsObjLitKeys3; com.google.javascript.jscomp.SimpleDefinitionFinderTest::testDefineNumber; com.google.javascript.jscomp.parsing.IRFactoryTest::testObjectLiteral6; com.google.javascript.jscomp.parsing.IRFactoryTest::testObjectLiteral7; com.google.javascript.jscomp.parsing.IRFactoryTest::testObjectLiteral8; com.google.javascript.jscomp.parsing.ParserTest::testObjectLiteralDoc1,678.31
Closure-158,No,Yes,No,com.google.javascript.jscomp.CommandLineRunnerTest::testWarningGuardOrdering2; com.google.javascript.jscomp.CommandLineRunnerTest::testWarningGuardOrdering4,693.90
Closure-160,No,Yes,No,com.google.javascript.jscomp.CommandLineRunnerTest::testCheckSymbolsOverrideForQuiet; com.google.javascript.jscomp.CommandLineRunnerTest::testQuietMode,617.89
Closure-162,No,Yes,No,com.google.javascript.jscomp.ScopedAliasesTest::testForwardJsDoc,143.03
Closure-163,No,Yes,No,com.google.javascript.jscomp.CrossModuleMethodMotionTest::testIssue600b; com.google.javascript.jscomp.CrossModuleMethodMotionTest::testIssue600e; com.google.javascript.jscomp.CrossModuleMethodMotionTest::testIssue600,146.11
Closure-164,No,Yes,No,com.google.javascript.jscomp.LooseTypeCheckTest::testMethodInference7; com.google.javascript.jscomp.TypeCheckTest::testMethodInference7; com.google.javascript.rhino.jstype.FunctionTypeTest::testSupAndInfOfReturnTypesWithNumOfParams,362.27
Closure-165,No,Yes,No,com.google.javascript.jscomp.TypeCheckTest::testIssue725,11.48
Closure-167,No,Yes,No,com.google.javascript.jscomp.TypeCheckTest::testIssue783; com.google.javascript.jscomp.TypeCheckTest::testMissingProperty20; com.google.javascript.rhino.jstype.JSTypeTest::testRestrictedTypeGivenToBoolean,576.55
Closure-169,No,Yes,No,com.google.javascript.jscomp.TypeCheckTest::testIssue791; com.google.javascript.rhino.jstype.RecordTypeTest::testSubtypeWithUnknowns2,480.68
Closure-171,No,Yes,No,com.google.javascript.jscomp.TypeCheckTest::testIssue1023; com.google.javascript.jscomp.TypedScopeCreatorTest::testMethodBeforeFunction2; com.google.javascript.jscomp.TypedScopeCreatorTest::testPropertiesOnInterface2,617.99
Closure-173,No,Yes,No,com.google.javascript.jscomp.CodePrinterTest::testPrint; com.google.javascript.jscomp.CodePrinterTest::testIssue1062; com.google.javascript.jscomp.PeepholeSubstituteAlternateSyntaxTest::testAssocitivity,730.84
Closure-174,No,Yes,No,com.google.javascript.jscomp.ScopedAliasesTest::testIssue1103a; com.google.javascript.jscomp.ScopedAliasesTest::testIssue1103b; com.google.javascript.jscomp.ScopedAliasesTest::testIssue1103c,2742.07
Closure-175,No,Yes,No,com.google.javascript.jscomp.FunctionInjectorTest::testIssue1101a; com.google.javascript.jscomp.InlineFunctionsTest::testCostBasedInlining10; com.google.javascript.jscomp.InlineFunctionsTest::testFunctionExpressionInlining3; com.google.javascript.jscomp.InlineFunctionsTest::testFunctionExpressionInlining4; com.google.javascript.jscomp.InlineFunctionsTest::testInlineCall; com.google.javascript.jscomp.InlineFunctionsTest::testInlineFunctions16b; com.google.javascript.jscomp.InlineFunctionsTest::testBug4944818; com.google.javascript.jscomp.InlineFunctionsTest::test6671158; com.google.javascript.jscomp.InlineFunctionsTest::testDoubleInlining2; com.google.javascript.jscomp.InlineFunctionsTest::testIssue1101; com.google.javascript.jscomp.InlineFunctionsTest::testInlineIfParametersModified8; com.google.javascript.jscomp.InlineFunctionsTest::testInlineIfParametersModified9; com.google.javascript.jscomp.InlineFunctionsTest::testInlineMutableArgsReferencedOnce; com.google.javascript.jscomp.InlineFunctionsTest::testFunctionExpressionCallInlining3; com.google.javascript.jscomp.InlineFunctionsTest::testFunctionExpressionCallInlining4; com.google.javascript.jscomp.InlineFunctionsTest::testFunctionExpressionCallInlining5; com.google.javascript.jscomp.InlineFunctionsTest::testFunctionExpressionCallInlining6; com.google.javascript.jscomp.InlineFunctionsTest::testInlineWithClosureContainingThis; com.google.javascript.jscomp.InlineFunctionsTest::testCrossModuleInlining2; com.google.javascript.jscomp.InlineFunctionsTest::testCrossModuleInlining3; com.google.javascript.jscomp.InlineFunctionsTest::testInlineFunctions6; com.google.javascript.jscomp.MultiPassTest::testInlineFunctionsAndPeephole; com.google.javascript.jscomp.SpecializeModuleTest::testSpecializeCascadedInline,888.58
Closure-176,Yes,No,No,,464.10
Codec-1,Yes,No,No,,274.49
Codec-6,No,Yes,No,org.apache.commons.codec.binary.Base64InputStreamTest::testCodec98NPE; org.apache.commons.codec.binary.Base64InputStreamTest::testBase64InputStreamByChunk; org.apache.commons.codec.binary.Base64InputStreamTest::testCodec101; org.apache.commons.codec.binary.Base64InputStreamTest::testBase64InputStreamByteByByte,652.88
Codec-8,No,Yes,No,org.apache.commons.codec.binary.Base64InputStreamTest::testCodec105,471.54
Codec-11,No,Yes,No,org.apache.commons.codec.net.QuotedPrintableCodecTest::testSkipNotEncodedCRLF; org.apache.commons.codec.net.QuotedPrintableCodecTest::testSoftLineBreakEncode; org.apache.commons.codec.net.QuotedPrintableCodecTest::testUltimateSoftBreak; org.apache.commons.codec.net.QuotedPrintableCodecTest::testTrailingSpecial,272.33
Codec-12,No,Yes,No,org.apache.commons.codec.binary.Base32InputStreamTest::testAvailable; org.apache.commons.codec.binary.Base64InputStreamTest::testAvailable,303.98
Codec-13,Yes,No,No,,186.52
Codec-14,Yes,No,No,,289.71
Collections-25,Yes,No,No,,128.09
Compress-2,No,Yes,No,org.apache.commons.compress.archivers.ArDebugTest::testArDeleteExact,530.02
Compress-3,No,Yes,No,org.apache.commons.compress.archivers.ArchiveOutputStreamTest::testFinish,7.62
Compress-4,No,Yes,No,org.apache.commons.compress.archivers.jar.JarArchiveOutputStreamTest::testJarMarker; org.apache.commons.compress.archivers.zip.UTF8ZipFilesTest::testCP437FileRoundtripImplicitUnicodeExtra; org.apache.commons.compress.archivers.zip.UTF8ZipFilesTest::testUtf8FileRoundtripImplicitUnicodeExtra; org.apache.commons.compress.archivers.zip.UTF8ZipFilesTest::testCP437FileRoundtripExplicitUnicodeExtra; org.apache.commons.compress.archivers.zip.UTF8ZipFilesTest::testUtf8FileRoundtripExplicitUnicodeExtra; org.apache.commons.compress.archivers.zip.UTF8ZipFilesTest::testASCIIFileRoundtripImplicitUnicodeExtra; org.apache.commons.compress.archivers.zip.UTF8ZipFilesTest::testUtf8FileRoundtripNoEFSImplicitUnicodeExtra; org.apache.commons.compress.archivers.zip.UTF8ZipFilesTest::testZipArchiveInputStreamReadsUnicodeFields; org.apache.commons.compress.archivers.zip.UTF8ZipFilesTest::testASCIIFileRoundtripExplicitUnicodeExtra; org.apache.commons.compress.archivers.zip.UTF8ZipFilesTest::testUtf8FileRoundtripNoEFSExplicitUnicodeExtra,513.04
Compress-6,Yes,No,No,,100.39
Compress-9,No,Yes,No,org.apache.commons.compress.archivers.tar.TarArchiveOutputStreamTest::testCount,426.68
Compress-10,No,Yes,No,org.apache.commons.compress.archivers.zip.UTF8ZipFilesTest::testReadWinZipArchive,287.66
Compress-11,Yes,No,No,,158.76
Compress-20,No,Yes,No,org.apache.commons.compress.archivers.cpio.CpioArchiveInputStreamTest::testCpioUnarchiveCreatedByRedlineRpm,341.96
Compress-22,No,Yes,No,org.apache.commons.compress.compressors.bzip2.PythonTruncatedBzip2Test::testPartialReadTruncatedData,196.02
Compress-29,No,Yes,No,org.apache.commons.compress.archivers.ArchiveStreamFactoryTest::testEncodingInputStream; org.apache.commons.compress.archivers.ArchiveStreamFactoryTest::testEncodingInputStreamAutodetect; org.apache.commons.compress.archivers.ArchiveStreamFactoryTest::testEncodingOutputStream,267.43
Compress-33,Yes,No,No,,233.98
Compress-34,No,Yes,No,org.apache.commons.compress.archivers.zip.X7875_NewUnixTest::testParseReparse,707.21
Compress-35,No,Yes,No,org.apache.commons.compress.DetectArchiverTestCase::testCOMPRESS335,348.25
Compress-39,Yes,No,No,,261.44
Compress-40,No,Yes,No,org.apache.commons.compress.utils.BitInputStreamTest::littleEndianWithOverflow; org.apache.commons.compress.utils.BitInputStreamTest::bigEndianWithOverflow,250.57
Compress-42,Yes,No,No,,204.16
Compress-43,No,Yes,No,org.apache.commons.compress.archivers.zip.DataDescriptorTest::doesntWriteDataDescriptorWhenAddingRawEntries,503.23
Compress-47,No,Yes,No,org.apache.commons.compress.compressors.DetectCompressorTestCase::testDetection; org.apache.commons.compress.compressors.DetectCompressorTestCase::testDetect; org.apache.commons.compress.compressors.zstandard.ZstdCompressorInputStreamTest::testTurningOnCachingReEvaluatesAvailability; org.apache.commons.compress.compressors.zstandard.ZstdCompressorInputStreamTest::testCanTurnOffCaching; org.apache.commons.compress.compressors.zstandard.ZstdCompressorInputStreamTest::singleByteReadWorksAsExpected; org.apache.commons.compress.compressors.zstandard.ZstdCompressorInputStreamTest::singleByteReadReturnsMinusOneAtEof; org.apache.commons.compress.compressors.zstandard.ZstdCompressorInputStreamTest::testZstdDecode; org.apache.commons.compress.compressors.zstandard.ZstdCompressorInputStreamTest::testCachingIsEnabledByDefaultAndZstdUtilsPresent; org.apache.commons.compress.compressors.zstandard.ZstdCompressorInputStreamTest::shouldBeAbleToSkipAByte; org.apache.commons.compress.compressors.zstandard.ZstdCompressorInputStreamTest::testZstandardUnarchive; org.apache.commons.compress.compressors.zstandard.ZstdRoundtripTest::directRoundtrip; org.apache.commons.compress.compressors.zstandard.ZstdRoundtripTest::factoryRoundtrip; org.apache.commons.compress.compressors.zstandard.ZstdUtilsTest::testMatchesSkippableFrame; org.apache.commons.compress.compressors.zstandard.ZstdUtilsTest::testMatchesZstandardFrame,442.22
Csv-7,Yes,No,No,,348.45
Csv-8,Yes,No,No,,114.96
Csv-13,No,Yes,No,org.apache.commons.csv.CSVPrinterTest::testMySqlNullOutput; org.apache.commons.csv.CSVPrinterTest::testMySqlNullStringDefault,343.22
Csv-16,No,Yes,No,org.apache.commons.csv.CSVParserTest::testIteratorSequenceBreaking,440.37
Gson-1,No,Yes,No,com.google.gson.functional.DefaultTypeAdaptersTest::testDefaultDateDeserialization; com.google.gson.functional.DefaultTypeAdaptersTest::testDefaultJavaSqlTimestampDeserialization; com.google.gson.functional.DefaultTypeAdaptersTest::testDefaultJavaSqlTimestampSerialization,516.09
Gson-3,Yes,No,No,,359.55
Gson-4,No,Yes,No,com.google.gson.stream.JsonReaderTest::testTopLevelValueTypes; com.google.gson.stream.JsonReaderTest::testStrictNonExecutePrefixWithSkipValue; com.google.gson.stream.JsonReaderTest::testStrictNonExecutePrefix,471.94
Gson-7,Yes,No,No,,223.61
Gson-8,Yes,No,No,,566.00
Gson-9,No,Yes,No,com.google.gson.stream.JsonWriterTest::testBoxedBooleans,441.11
Gson-14,No,Yes,No,com.google.gson.internal.bind.RecursiveTypesResolveTest::testDoubleSupertype; com.google.gson.internal.bind.RecursiveTypesResolveTest::testIssue440WeakReference; com.google.gson.internal.bind.RecursiveTypesResolveTest::testSubSupertype; com.google.gson.internal.bind.RecursiveTypesResolveTest::testDoubleSubtype; com.google.gson.internal.bind.RecursiveTypesResolveTest::testIssue603PrintStream; com.google.gson.internal.bind.RecursiveTypesResolveTest::testSuperSubtype; com.google.gson.internal.bind.RecursiveTypesResolveTest::testRecursiveResolveSimple,8.41
JacksonCore-1,No,No,Yes,,506.41
JacksonCore-2,No,Yes,No,com.fasterxml.jackson.core.json.TestParserErrorHandling::testMangledNumbersBytes,680.80
JacksonCore-9,Yes,No,No,,87.71
JacksonCore-10,No,Yes,No,com.fasterxml.jackson.core.sym.TestByteBasedSymbols::testIssue207; com.fasterxml.jackson.core.sym.TestSymbolTables::testCollisionsWithBytesNew187b; com.fasterxml.jackson.core.sym.TestSymbolTables::testSyntheticWithBytesNew; com.fasterxml.jackson.core.sym.TestSymbolTables::testShortNameCollisionsDirectNew,443.84
JacksonCore-12,Yes,No,No,,233.53
JacksonCore-16,No,Yes,No,com.fasterxml.jackson.core.json.ParserSequenceTest::testInitialized,308.17
JacksonCore-17,No,Yes,No,com.fasterxml.jackson.core.json.RawValueWithSurrogatesTest::testRawWithSurrogatesString,312.92
JacksonCore-18,No,Yes,No,com.fasterxml.jackson.core.json.TestJsonGeneratorFeatures::testTooBigBigDecimal,554.17
JacksonCore-19,Yes,No,No,,457.22
JacksonCore-21,No,Yes,No,com.fasterxml.jackson.core.filter.JsonPointerParserFilteringTest::testSimpleNoPath; com.fasterxml.jackson.core.filter.TokenVerifyingParserFiltering330Test::testTokensSingleMatchWithPath; com.fasterxml.jackson.core.filter.TokenVerifyingParserFiltering330Test::testBasicSingleMatchFilteringWithPath; com.fasterxml.jackson.core.filter.TokenVerifyingParserFiltering330Test::testSkippingForSingleWithPath,327.13
JacksonCore-22,No,Yes,No,com.fasterxml.jackson.core.filter.BasicParserFilteringTest::testNotAllowMultipleMatchesWithoutPath2,330.05
JacksonCore-24,No,Yes,No,com.fasterxml.jackson.core.json.async.AsyncNumberCoercionTest::testToLongFailing; com.fasterxml.jackson.core.json.async.AsyncNumberCoercionTest::testToIntFailing; com.fasterxml.jackson.core.read.NumberCoercionTest::testToLongFailing; com.fasterxml.jackson.core.read.NumberCoercionTest::testToIntFailing; com.fasterxml.jackson.core.read.NumberOverflowTest::testMaliciousLongOverflow; com.fasterxml.jackson.core.read.NumberOverflowTest::testSimpleLongOverflow; com.fasterxml.jackson.core.read.NumberOverflowTest::testMaliciousIntOverflow; com.fasterxml.jackson.core.read.NumberParsingTest::testSimpleLong,226.66
JacksonDatabind-3,Yes,No,No,,239.92
JacksonDatabind-4,No,Yes,No,com.fasterxml.jackson.databind.deser.TestCollectionDeserialization::testArrayIndexForExceptions,444.82
JacksonDatabind-6,No,Yes,No,com.fasterxml.jackson.databind.deser.TestDateDeserialization::testISO8601MissingSeconds; com.fasterxml.jackson.databind.deser.TestDateDeserialization::test8601DateTimeNoMilliSecs,830.17
JacksonDatabind-8,No,Yes,No,com.fasterxml.jackson.databind.deser.TestJdkTypes::testStringBuilder,122.59
JacksonDatabind-10,No,No,Yes,,550.54
JacksonDatabind-13,No,Yes,No,com.fasterxml.jackson.databind.struct.TestObjectIdDeserialization::testNullObjectId,303.90
JacksonDatabind-14,Yes,No,No,,305.71
JacksonDatabind-15,Yes,No,No,,171.26
JacksonDatabind-18,No,Yes,No,com.fasterxml.jackson.databind.seq.ReadRecoveryTest::testSimpleRootRecovery; com.fasterxml.jackson.databind.seq.ReadRecoveryTest::testRootBeans; com.fasterxml.jackson.databind.seq.ReadRecoveryTest::testSimpleArrayRecovery,412.39
JacksonDatabind-20,No,Yes,No,com.fasterxml.jackson.databind.introspect.TestNamingStrategyStd::testNamingWithObjectNode,274.91
JacksonDatabind-21,Yes,No,No,,543.79
JacksonDatabind-22,No,Yes,No,com.fasterxml.jackson.databind.ser.TestJsonValue::testJsonValueWithCustomOverride,8.95
JacksonDatabind-23,No,Yes,No,com.fasterxml.jackson.databind.ser.TestJsonSerialize2::testEmptyInclusionScalars,137.72
JacksonDatabind-25,No,Yes,No,com.fasterxml.jackson.databind.deser.TestArrayDeserialization::testByteArrayTypeOverride890,1194.03
JacksonDatabind-29,No,Yes,No,com.fasterxml.jackson.databind.jsontype.TestExternalId::testExternalTypeIdWithNull,710.27
JacksonDatabind-30,No,Yes,No,com.fasterxml.jackson.databind.jsontype.TestExternalId::testBigDecimal965,718.39
JacksonDatabind-31,No,Yes,No,com.fasterxml.jackson.databind.util.TestTokenBuffer::testOutputContext,143.67
JacksonDatabind-32,No,Yes,No,com.fasterxml.jackson.databind.deser.TestUntypedDeserialization::testNestedUntyped989,150.11
JacksonDatabind-36,Yes,No,No,,237.22
JacksonDatabind-38,No,Yes,No,com.fasterxml.jackson.databind.interop.DeprecatedTypeHandling1102Test::testExplicitMapType; com.fasterxml.jackson.databind.interop.DeprecatedTypeHandling1102Test::testExplicitCollectionType; com.fasterxml.jackson.databind.interop.DeprecatedTypeHandling1102Test::testPOJOSubType,786.39
JacksonDatabind-41,No,Yes,No,com.fasterxml.jackson.databind.interop.DeprecatedTypeHandling1102Test::testDeprecatedTypeResolution,666.85
JacksonDatabind-43,No,Yes,No,com.fasterxml.jackson.databind.objectid.TestObjectIdSerialization::testNullStringPropertyId,101.78
JacksonDatabind-48,No,Yes,No,com.fasterxml.jackson.databind.introspect.TestMixinMerging::testDisappearingMixins515; com.fasterxml.jackson.databind.ser.TestFeatures::testPerClassAutoDetection; com.fasterxml.jackson.databind.ser.TestFeatures::testVisibilityFeatures,399.39
JacksonDatabind-50,No,Yes,No,com.fasterxml.jackson.databind.objectid.ObjectWithCreator1261Test::testObjectIds1261,146.82
JacksonDatabind-52,No,Yes,No,com.fasterxml.jackson.databind.jsontype.ext.ExternalTypeId999Test::testExternalTypeId,569.07
JacksonDatabind-53,No,Yes,No,com.fasterxml.jackson.databind.jsontype.TypeRefinementForMap1215Test::testMapRefinement,739.12
JacksonDatabind-54,No,Yes,No,com.fasterxml.jackson.databind.deser.TestJDKAtomicTypes::testEmpty1256,601.90
JacksonDatabind-55,No,Yes,No,com.fasterxml.jackson.databind.ser.TestEnumSerialization::testEnumsWithJsonPropertyAsKey,99.53
JacksonDatabind-56,No,Yes,No,com.fasterxml.jackson.databind.deser.TestJdkTypes::testLocale,9.21
JacksonDatabind-59,Yes,No,No,,746.46
JacksonDatabind-60,No,Yes,No,com.fasterxml.jackson.databind.jsontype.TestDefaultWithCreators::testWithCreatorAndJsonValue; com.fasterxml.jackson.databind.jsontype.ext.ExternalTypeIdTest::testWithAsValue,191.23
JacksonDatabind-61,Yes,No,No,,389.83
JacksonDatabind-65,No,Yes,No,com.fasterxml.jackson.databind.deser.KeyDeser1429Test::testDeserializeKeyViaFactory,124.13
JacksonDatabind-66,Yes,No,No,,436.59
JacksonDatabind-68,No,Yes,No,com.fasterxml.jackson.databind.struct.SingleValueAsArrayTest::testSuccessfulDeserializationOfObjectWithChainedArrayCreators; com.fasterxml.jackson.databind.struct.SingleValueAsArrayTest::testWithSingleString,458.24
JacksonDatabind-69,No,Yes,No,com.fasterxml.jackson.databind.creators.Creator1476Test::testConstructorChoice,428.37
JacksonDatabind-72,No,Yes,No,com.fasterxml.jackson.databind.creators.InnerClassCreatorTest::testIssue1501,341.49
JacksonDatabind-73,No,Yes,No,com.fasterxml.jackson.databind.deser.ReadOrWriteOnlyTest::testReadOnlyAndWriteOnly; com.fasterxml.jackson.databind.deser.ReadOrWriteOnlyTest::testReadOnly935,932.94
JacksonDatabind-75,No,Yes,No,com.fasterxml.jackson.databind.struct.EnumFormatShapeTest::testEnumPropertyAsNumber,165.36
JacksonDatabind-77,Yes,No,No,,439.15
JacksonDatabind-78,Yes,No,No,,516.98
JacksonDatabind-79,Yes,No,No,,504.18
JacksonDatabind-80,No,Yes,No,com.fasterxml.jackson.databind.ObjectWriterTest::testViewSettings; com.fasterxml.jackson.databind.jsontype.TestTypeNames::testBaseTypeId1616,174.47
JacksonDatabind-81,No,Yes,No,com.fasterxml.jackson.databind.ObjectWriterTest::testViewSettings; com.fasterxml.jackson.databind.introspect.TypeCoercion1592Test::testTypeCoercion1592,182.18
JacksonDatabind-87,Yes,No,No,,148.29
JacksonDatabind-90,Yes,No,No,,137.00
JacksonDatabind-94,Yes,No,No,,350.79
JacksonDatabind-95,No,Yes,No,com.fasterxml.jackson.databind.type.TestTypeFactory::testCanonicalNames,524.22
JacksonDatabind-103,No,Yes,No,com.fasterxml.jackson.databind.ObjectWriterTest::testViewSettings; com.fasterxml.jackson.databind.exc.BasicExceptionTest::testLocationAddition,710.21
JacksonDatabind-104,No,Yes,No,com.fasterxml.jackson.databind.ObjectWriterTest::testViewSettings; com.fasterxml.jackson.databind.ser.jdk.DateSerializationTest::testDateISO8601_10k; com.fasterxml.jackson.databind.ser.jdk.DateSerializationTest::testDateISO8601_BCE; com.fasterxml.jackson.databind.ser.jdk.TestDateSerialization::testDatePaddingWithLargeYears,308.86
JacksonDatabind-105,No,Yes,No,com.fasterxml.jackson.databind.ObjectWriterTest::testViewSettings,765.57
JacksonDatabind-108,No,Yes,No,com.fasterxml.jackson.databind.ObjectWriterTest::testViewSettings; com.fasterxml.jackson.databind.node.EmptyContentAsTreeTest::testNullFromEOFWithParserAndReader,126.32
JacksonDatabind-109,No,Yes,No,com.fasterxml.jackson.databind.ObjectWriterTest::testViewSettings; com.fasterxml.jackson.databind.ser.jdk.BigDecimalPlain2230Test::testBigIntegerAsPlainTest,213.59
JacksonDatabind-110,No,Yes,No,com.fasterxml.jackson.databind.ObjectWriterTest::testViewSettings; com.fasterxml.jackson.databind.deser.jdk.UtilCollectionsTypesTest::testUnmodifiableNonRandomAccessList,395.79
JacksonDatabind-111,No,Yes,No,com.fasterxml.jackson.databind.ObjectWriterTest::testViewSettings; com.fasterxml.jackson.databind.deser.jdk.JDKAtomicTypesDeserTest::testNullWithinNested,655.22
JacksonXml-1,No,Yes,No,com.fasterxml.jackson.dataformat.xml.lists.NestedUnwrappedListsTest::testNestedWithEmpty2; com.fasterxml.jackson.dataformat.xml.lists.NestedUnwrappedListsTest::testNestedWithEmpty; com.fasterxml.jackson.dataformat.xml.lists.UnwrappedListsTest::testDefaultWrappingWithEmptyLists,341.26
JacksonXml-2,No,Yes,No,com.fasterxml.jackson.dataformat.xml.misc.XmlTextTest::testMixedContent,372.15
JacksonXml-6,No,Yes,No,com.fasterxml.jackson.dataformat.xml.ser.TestBinaryStreamToXMLSerialization::testWith0Bytes; com.fasterxml.jackson.dataformat.xml.ser.TestBinaryStreamToXMLSerialization::testWith2Bytes; com.fasterxml.jackson.dataformat.xml.ser.TestBinaryStreamToXMLSerialization::testWith3Bytes; com.fasterxml.jackson.dataformat.xml.ser.TestBinaryStreamToXMLSerialization::testWith4Bytes; com.fasterxml.jackson.dataformat.xml.ser.TestBinaryStreamToXMLSerialization::testWith1Byte,7.99
Jsoup-3,No,Yes,No,org.jsoup.nodes.ElementTest::testAppendRowToTable; org.jsoup.nodes.ElementTest::testPrependRowToTable; org.jsoup.parser.ParserTest::handlesNestedImplicitTable,13.81
Jsoup-4,No,Yes,No,org.jsoup.nodes.EntitiesTest::caseSensitive,197.58
Jsoup-7,No,Yes,No,org.jsoup.nodes.DocumentTest::testNormalisesStructure,908.52
Jsoup-11,No,Yes,No,org.jsoup.select.SelectorTest::notAll; org.jsoup.select.SelectorTest::testPseudoHas; org.jsoup.select.SelectorTest::notClass; org.jsoup.select.SelectorTest::notParas,352.82
Jsoup-12,No,Yes,No,org.jsoup.select.SelectorTest::testByAttributeRegexCombined,599.51
Jsoup-14,No,Yes,No,org.jsoup.parser.ParserTest::parsesUnterminatedTextarea; org.jsoup.parser.ParserTest::handlesUnclosedTitle,1047.97
Jsoup-16,No,Yes,No,org.jsoup.nodes.DocumentTypeTest::outerHtmlGeneration; org.jsoup.nodes.DocumentTypeTest::constructorValidationThrowsExceptionOnBlankName,454.93
Jsoup-18,No,Yes,No,org.jsoup.parser.CharacterReaderTest::handleCarriageReturnAsLineFeed; org.jsoup.parser.CharacterReaderTest::consumeToEnd; org.jsoup.parser.ParserTest::handlesNewlinesAndWhitespaceInTag,688.39
Jsoup-21,No,Yes,No,org.jsoup.select.SelectorTest::testGroupOr; org.jsoup.select.SelectorTest::mixCombinatorGroup,280.88
Jsoup-22,No,Yes,No,org.jsoup.nodes.ElementTest::elementIsNotASiblingOfItself; org.jsoup.nodes.NodeTest::nodeIsNotASiblingOfItself; org.jsoup.nodes.NodeTest::orphanNodeReturnsNullForSiblingElements,655.05
Jsoup-23,Yes,No,No,,196.11
Jsoup-28,No,Yes,No,org.jsoup.nodes.EntitiesTest::unescape; org.jsoup.nodes.EntitiesTest::noSpuriousDecodes; org.jsoup.parser.AttributeParseTest::moreAttributeUnescapes; org.jsoup.parser.AttributeParseTest::strictAttributeUnescapes; org.jsoup.parser.HtmlParserTest::doesNotFindShortestMatchingEntity; org.jsoup.parser.HtmlParserTest::relaxedBaseEntityMatchAndStrictExtendedMatch,391.45
Jsoup-29,Yes,No,No,,458.92
Jsoup-30,No,Yes,No,org.jsoup.safety.CleanerTest::testIsValid,8.50
Jsoup-31,No,Yes,No,org.jsoup.parser.XmlTreeBuilderTest::handlesXmlDeclarationAsDeclaration,110.09
Jsoup-36,No,Yes,No,org.jsoup.helper.DataUtilTest::shouldCorrectCharsetForDuplicateCharsetString; org.jsoup.helper.DataUtilTest::shouldNotThrowExceptionOnEmptyCharset; org.jsoup.helper.DataUtilTest::testQuotedCharset; org.jsoup.helper.DataUtilTest::shouldSelectFirstCharsetOnWeirdMultileCharsetsInMetaTags; org.jsoup.helper.DataUtilTest::shouldReturnNullForIllegalCharsetNames,583.24
Jsoup-42,No,Yes,No,org.jsoup.nodes.FormElementTest::createsFormData; org.jsoup.nodes.FormElementTest::usesOnForCheckboxValueIfNoValueSet,8.83
Jsoup-50,No,Yes,No,org.jsoup.helper.DataUtilTest::supportsBOMinFiles,1256.85
Jsoup-52,No,Yes,No,org.jsoup.nodes.DocumentTest::testMetaCharsetUpdateXmlNoCharset; org.jsoup.nodes.DocumentTest::testMetaCharsetUpdateXmlIso8859; org.jsoup.nodes.DocumentTest::testMetaCharsetUpdateXmlUtf8; org.jsoup.nodes.DocumentTest::testMetaCharsetUpdateXmlDisabledNoChanges; org.jsoup.parser.XmlTreeBuilderTest::handlesXmlDeclarationAsDeclaration; org.jsoup.parser.XmlTreeBuilderTest::testDetectCharsetEncodingDeclaration; org.jsoup.parser.XmlTreeBuilderTest::testParseDeclarationAttributes,710.09
Jsoup-56,No,Yes,No,org.jsoup.nodes.DocumentTypeTest::testRoundTrip,9.80
Jsoup-58,No,Yes,No,org.jsoup.safety.CleanerTest::testIsValidBodyHtml; org.jsoup.safety.CleanerTest::testIsValidDocument,7.38
Jsoup-59,No,Yes,No,org.jsoup.parser.HtmlParserTest::handlesControlCodeInAttributeName; org.jsoup.safety.CleanerTest::handlesControlCharactersAfterTagName,365.91
Jsoup-60,No,Yes,No,org.jsoup.select.QueryParserTest::exceptionOnUncloseAttribute,648.44
Jsoup-63,No,Yes,No,org.jsoup.parser.HtmlParserTest::selfClosingOnNonvoidIsError; org.jsoup.parser.HtmlParserTest::selfClosingVoidIsNotAnError; org.jsoup.parser.HtmlParserTest::tracksErrorsWhenRequested,527.64
Jsoup-65,No,Yes,No,org.jsoup.parser.HtmlParserTest::testTemplateInsideTable,344.01
Jsoup-66,No,Yes,No,org.jsoup.nodes.ElementTest::testNextElementSiblingAfterClone,871.27
Jsoup-67,Yes,No,No,,786.26
Jsoup-71,No,Yes,No,org.jsoup.select.SelectorTest::splitOnBr; org.jsoup.select.SelectorTest::textAsElements,697.30
Jsoup-73,Yes,No,No,,589.78
Jsoup-74,No,Yes,No,org.jsoup.nodes.ElementTest::testNormalizesInvisiblesInText,686.89
Jsoup-78,No,Yes,No,org.jsoup.helper.DataUtilTest::firstMetaElementWithCharsetShouldBeUsedForDecoding; org.jsoup.helper.DataUtilTest::secondMetaElementWithContentTypeContainsCharsetParameter; org.jsoup.helper.DataUtilTest::discardsSpuriousByteOrderMarkWhenNoCharsetSet; org.jsoup.helper.DataUtilTest::discardsSpuriousByteOrderMark; org.jsoup.helper.DataUtilTest::supportsBOMinFiles; org.jsoup.helper.DataUtilTest::wrongMetaCharsetFallback; org.jsoup.helper.StringUtilTest::normaliseWhiteSpaceHandlesHighSurrogates; org.jsoup.helper.W3CDomTest::simpleConversion; org.jsoup.helper.W3CDomTest::namespacePreservation; org.jsoup.helper.W3CDomTest::convertsGoogleLocation; org.jsoup.helper.W3CDomTest::handlesInvalidAttributeNames; org.jsoup.helper.W3CDomTest::convertsGoogle; org.jsoup.integration.ConnectTest::multipleParsesOkAfterBufferUp; org.jsoup.integration.ConnectTest::bodyAndBytesAvailableBeforeParse; org.jsoup.integration.ConnectTest::parseParseThrowsValidates; org.jsoup.integration.ConnectTest::fetchURIWithWihtespace; org.jsoup.integration.ConnectTest::handlesEmptyStreamDuringParseRead; org.jsoup.integration.ConnectTest::sendsRequestBodyWithUrlParams; org.jsoup.integration.ConnectTest::fetchURl; org.jsoup.integration.ConnectTest::sendsRequestBody; org.jsoup.integration.ConnectTest::bodyAfterParseThrowsValidationError; org.jsoup.integration.ConnectTest::doesPost; org.jsoup.integration.ConnectTest::supportsDeflate; org.jsoup.integration.ConnectTest::sendsRequestBodyJsonWithoutData; org.jsoup.integration.ConnectTest::sendsRequestBodyJsonWithData; org.jsoup.integration.ConnectTest::canConnectToLocalServer; org.jsoup.integration.ConnectTest::doesGet; org.jsoup.integration.ConnectTest::doesPut; org.jsoup.integration.ConnectTest::postFiles; org.jsoup.integration.ParseTest::testYahooJp; org.jsoup.integration.ParseTest::testBaiduVariant; org.jsoup.integration.ParseTest::testGoogleSearchIpod; org.jsoup.integration.ParseTest::testBaidu; org.jsoup.integration.ParseTest::testSmhBizArticle; org.jsoup.integration.ParseTest::testYahooArticle; org.jsoup.integration.ParseTest::testBrokenHtml5CharsetWithASingleDoubleQuote; org.jsoup.integration.ParseTest::testNytArticle; org.jsoup.integration.ParseTest::testLowercaseUtf8Charset; org.jsoup.integration.ParseTest::testBinary; org.jsoup.integration.ParseTest::testNewsHomepage; org.jsoup.integration.ParseTest::testHtml5Charset; org.jsoup.nodes.AttributeTest::testWithSupplementaryCharacterInAttributeKeyAndValue; org.jsoup.nodes.AttributeTest::html; org.jsoup.nodes.AttributesTest::html; org.jsoup.nodes.DocumentTest::testOutputEncoding; org.jsoup.nodes.DocumentTest::testMetaCharsetUpdateDisabledNoChanges; org.jsoup.nodes.DocumentTest::testHtmlAppendable; org.jsoup.nodes.DocumentTest::testLocation; org.jsoup.nodes.DocumentTest::testClonesDeclarations; org.jsoup.nodes.DocumentTest::testClone; org.jsoup.nodes.DocumentTest::testShiftJisRoundtrip; org.jsoup.nodes.DocumentTest::testNormalisesStructure; org.jsoup.nodes.DocumentTest::testXhtmlReferences; org.jsoup.nodes.DocumentTest::testMetaCharsetUpdateXmlNoCharset; org.jsoup.nodes.DocumentTest::testMetaCharsetUpdateUtf8; org.jsoup.nodes.DocumentTest::testMetaCharsetUpdateEnabledAfterCharsetChange; org.jsoup.nodes.DocumentTest::testMetaCharsetUpdateDisabled; org.jsoup.nodes.DocumentTest::testMetaCharsetUpdateXmlDisabled; org.jsoup.nodes.DocumentTest::testMetaCharsetUpdateCleanup; org.jsoup.nodes.DocumentTest::DocumentsWithSameContentAreEqual; org.jsoup.nodes.DocumentTest::testMetaCharsetUpdatedDisabledPerDefault; org.jsoup.nodes.DocumentTest::testMetaCharsetUpdateXmlIso8859; org.jsoup.nodes.DocumentTest::parseAndHtmlOnDifferentThreads; org.jsoup.nodes.DocumentTest::testMetaCharsetUpdateNoCharset; org.jsoup.nodes.DocumentTest::DocumentsWithSameContentAreVerifialbe; org.jsoup.nodes.DocumentTest::setTextPreservesDocumentStructure; org.jsoup.nodes.DocumentTest::htmlParseDefaultsToHtmlOutputSyntax; org.jsoup.nodes.DocumentTest::testMetaCharsetUpdateIso8859; org.jsoup.nodes.DocumentTest::testMetaCharsetUpdateXmlUtf8; org.jsoup.nodes.DocumentTest::testHtmlAndXmlSyntax; org.jsoup.nodes.DocumentTest::testTitles; org.jsoup.nodes.DocumentTest::testMetaCharsetUpdateXmlDisabledNoChanges; org.jsoup.nodes.DocumentTypeTest::outerHtmlGeneration; org.jsoup.nodes.DocumentTypeTest::testRoundTrip; org.jsoup.nodes.ElementTest::testFormatOutline; org.jsoup.nodes.ElementTest::parentlessToString; org.jsoup.nodes.ElementTest::insertChildrenArgumentValidation; org.jsoup.nodes.ElementTest::testPrependElement; org.jsoup.nodes.ElementTest::testOuterHtml; org.jsoup.nodes.ElementTest::testClonesClassnames; org.jsoup.nodes.ElementTest::appendMustCorrectlyMoveChildrenInsideOneParentElement; org.jsoup.nodes.ElementTest::before; org.jsoup.nodes.ElementTest::testRemoveBeforeIndex; org.jsoup.nodes.ElementTest::testChainedRemoveAttributes; org.jsoup.nodes.ElementTest::booleanAttributeOutput; org.jsoup.nodes.ElementTest::testAddNewHtml; org.jsoup.nodes.ElementTest::testAddNewText; org.jsoup.nodes.ElementTest::testGetElementById; org.jsoup.nodes.ElementTest::testClone; org.jsoup.nodes.ElementTest::testHtmlContainsOuter; org.jsoup.nodes.ElementTest::testClassDomMethods; org.jsoup.nodes.ElementTest::testWrap; org.jsoup.nodes.ElementTest::testNamespacedElements; org.jsoup.nodes.ElementTest::testClassNames; org.jsoup.nodes.ElementTest::testElementSiblingIndex; org.jsoup.nodes.ElementTest::testIs; org.jsoup.nodes.ElementTest::testEmptyElementFormatHtml; org.jsoup.nodes.ElementTest::testLoopedRemoveAttributes; org.jsoup.nodes.ElementTest::testShadowElementsAreUpdated; org.jsoup.nodes.ElementTest::testKeepsPreTextAtDepth; org.jsoup.nodes.ElementTest::testGetElementsWithAttribute; org.jsoup.nodes.ElementTest::testNoIndentOnScriptAndStyle; org.jsoup.nodes.ElementTest::testAppendRowToTable; org.jsoup.nodes.ElementTest::testGetElementsWithClass; org.jsoup.nodes.ElementTest::testShallowClone; org.jsoup.nodes.ElementTest::testWrapWithRemainder; org.jsoup.nodes.ElementTest::testKeepsPreTextInCode; org.jsoup.nodes.ElementTest::testGetParents; org.jsoup.nodes.ElementTest::testGetText; org.jsoup.nodes.ElementTest::getElementsByTagName; org.jsoup.nodes.ElementTest::testFormatHtml; org.jsoup.nodes.ElementTest::testGetElementsWithAttributeValue; org.jsoup.nodes.ElementTest::testWholeText; org.jsoup.nodes.ElementTest::testGetElementsWithAttributeDash; org.jsoup.nodes.ElementTest::testManipulateTextNodes; org.jsoup.nodes.ElementTest::testChildThrowsIndexOutOfBoundsOnMissing; org.jsoup.nodes.ElementTest::testPrependRowToTable; org.jsoup.nodes.ElementTest::testGetTextNodes; org.jsoup.nodes.ElementTest::after; org.jsoup.nodes.ElementTest::testContainerOutput; org.jsoup.nodes.ElementTest::testInnerHtml; org.jsoup.nodes.ElementTest::testHasText; org.jsoup.nodes.ElementTest::testGetDataNodes; org.jsoup.nodes.ElementTest::testCssPath; org.jsoup.nodes.ElementTest::testSetHtmlTitle; org.jsoup.nodes.ElementTest::testChildrenElements; org.jsoup.nodes.ElementTest::moveByAppend; org.jsoup.nodes.ElementTest::testNormalisesText; org.jsoup.nodes.ElementTest::testClassUpdates; org.jsoup.nodes.ElementTest::testAddNewElement; org.jsoup.nodes.ElementTest::testHashAndEqualsAndValue; org.jsoup.nodes.ElementTest::testElementSiblingIndexSameContent; org.jsoup.nodes.ElementTest::testGetChildText; org.jsoup.nodes.ElementTest::testRelativeUrls; org.jsoup.nodes.ElementTest::testSetIndent; org.jsoup.nodes.ElementTest::testThrowsOnAddNullText; org.jsoup.nodes.ElementTest::testGetSiblingsWithDuplicateContent; org.jsoup.nodes.ElementTest::testNormalizesInvisiblesInText; org.jsoup.nodes.ElementTest::insertChildrenAsCopy; org.jsoup.nodes.ElementTest::testTagNameSet; org.jsoup.nodes.ElementTest::dataset; org.jsoup.nodes.ElementTest::testPrependText; org.jsoup.nodes.ElementTest::testNormalizesNbspInText; org.jsoup.nodes.ElementTest::testRemoveAfterIndex; org.jsoup.nodes.ElementTest::testThrowsOnPrependNullText; org.jsoup.nodes.ElementTest::testGetSiblings; org.jsoup.nodes.ElementTest::testSetHtml; org.jsoup.nodes.ElementTest::testSetText; org.jsoup.nodes.ElementTest::testAddBooleanAttribute; org.jsoup.nodes.ElementTest::textHasSpaceAfterBlockTags; org.jsoup.nodes.ElementTest::classNamesAndAttributeNameIsCaseInsensitive; org.jsoup.nodes.ElementTest::testPrependNewHtml; org.jsoup.nodes.ElementTest::testRemovingEmptyClassAttributeWhenLastClassRemoved; org.jsoup.nodes.ElementTest::testBrHasSpace; org.jsoup.nodes.ElementTest::testKeepsPreText; org.jsoup.nodes.ElementTest::testNotPretty; org.jsoup.nodes.ElementTest::testNextElementSiblingAfterClone; org.jsoup.nodes.ElementTest::testAppendTo; org.jsoup.nodes.ElementTest::getNamespacedElementsByTag; org.jsoup.nodes.ElementTest::insertChildrenAtPosition; org.jsoup.nodes.ElementTest::elementIsNotASiblingOfItself; org.jsoup.nodes.EntitiesTest::strictUnescape; org.jsoup.nodes.EntitiesTest::escapeSupplementaryCharacter; org.jsoup.nodes.EntitiesTest::escapesGtInXmlAttributesButNotInHtml; org.jsoup.nodes.EntitiesTest::escape; org.jsoup.nodes.EntitiesTest::unescape; org.jsoup.nodes.EntitiesTest::caseSensitive; org.jsoup.nodes.EntitiesTest::noSpuriousDecodes; org.jsoup.nodes.EntitiesTest::notMissingMultis; org.jsoup.nodes.EntitiesTest::xhtml; org.jsoup.nodes.EntitiesTest::getByName; org.jsoup.nodes.EntitiesTest::notMissingSupplementals; org.jsoup.nodes.EntitiesTest::escapedSupplemtary; org.jsoup.nodes.EntitiesTest::quoteReplacements; org.jsoup.nodes.EntitiesTest::letterDigitEntities; org.jsoup.nodes.EntitiesTest::unescapeMultiChars; org.jsoup.nodes.FormElementTest::createsFormData; org.jsoup.nodes.FormElementTest::actionWithNoValue; org.jsoup.nodes.FormElementTest::removeFormElement; org.jsoup.nodes.FormElementTest::formsAddedAfterParseAreFormElements; org.jsoup.nodes.FormElementTest::createsSubmitableConnection; org.jsoup.nodes.FormElementTest::controlsAddedAfterParseAreLinkedWithForms; org.jsoup.nodes.FormElementTest::adoptedFormsRetainInputs; org.jsoup.nodes.FormElementTest::usesOnForCheckboxValueIfNoValueSet; org.jsoup.nodes.FormElementTest::hasAssociatedControls; org.jsoup.nodes.FormElementTest::actionWithNoBaseUri; org.jsoup.nodes.NodeTest::handlesAbsOnProtocolessAbsoluteUris; org.jsoup.nodes.NodeTest::setBaseUriIsRecursive; org.jsoup.nodes.NodeTest::ownerDocument; org.jsoup.nodes.NodeTest::before; org.jsoup.nodes.NodeTest::handleAbsOnLocalhostFileUris; org.jsoup.nodes.NodeTest::unwrap; org.jsoup.nodes.NodeTest::absHandlesDotFromIndex; org.jsoup.nodes.NodeTest::supportsClone; org.jsoup.nodes.NodeTest::root; org.jsoup.nodes.NodeTest::after; org.jsoup.nodes.NodeTest::absHandlesRelativeQuery; org.jsoup.nodes.NodeTest::unwrapNoChildren; org.jsoup.nodes.NodeTest::literalAbsPrefix; org.jsoup.nodes.NodeTest::handlesAbsOnImage; org.jsoup.nodes.NodeTest::nodeIsNotASiblingOfItself; org.jsoup.nodes.NodeTest::handleAbsOnFileUris; org.jsoup.nodes.NodeTest::testReplace; org.jsoup.nodes.NodeTest::handlesAbsPrefixOnHasAttr; org.jsoup.nodes.NodeTest::childNodesCopy; org.jsoup.nodes.NodeTest::changingAttributeValueShouldReplaceExistingAttributeCaseInsensitive; org.jsoup.nodes.NodeTest::traverse; org.jsoup.nodes.NodeTest::handlesAbsPrefix; org.jsoup.nodes.NodeTest::testRemove; org.jsoup.nodes.TextNodeTest::testWithSupplementaryCharacter; org.jsoup.nodes.TextNodeTest::testTextBean; org.jsoup.nodes.TextNodeTest::testSplitText; org.jsoup.nodes.TextNodeTest::testSplitAnEmbolden; org.jsoup.parser.AttributeParseTest::dropsSlashFromAttributeName; org.jsoup.parser.AttributeParseTest::moreAttributeUnescapes; org.jsoup.parser.AttributeParseTest::parsesBooleanAttributes; org.jsoup.parser.AttributeParseTest::handlesNewLinesAndReturns; org.jsoup.parser.AttributeParseTest::canStartWithEq; org.jsoup.parser.AttributeParseTest::parsesRoughAttributeString; org.jsoup.parser.AttributeParseTest::strictAttributeUnescapes; org.jsoup.parser.AttributeParseTest::parsesEmptyString; org.jsoup.parser.CharacterReaderTest::unconsume; org.jsoup.parser.CharacterReaderTest::nextIndexOfChar; org.jsoup.parser.CharacterReaderTest::consumeToEnd; org.jsoup.parser.CharacterReaderTest::consumeToNonexistentEndWhenAtAnd; org.jsoup.parser.CharacterReaderTest::mark; org.jsoup.parser.CharacterReaderTest::empty; org.jsoup.parser.CharacterReaderTest::nextIndexOfString; org.jsoup.parser.CharacterReaderTest::matches; org.jsoup.parser.CharacterReaderTest::consume; org.jsoup.parser.CharacterReaderTest::matchesIgnoreCase; org.jsoup.parser.HtmlParserTest::normalisesHeadlessBody; org.jsoup.parser.HtmlParserTest::parsesUnterminatedOption; org.jsoup.parser.HtmlParserTest::handlesProtocolRelativeUrl; org.jsoup.parser.HtmlParserTest::dropsUnterminatedTag; org.jsoup.parser.HtmlParserTest::canPreserveAttributeCase; org.jsoup.parser.HtmlParserTest::handlesNullInComments; org.jsoup.parser.HtmlParserTest::handlesTextAfterData; org.jsoup.parser.HtmlParserTest::dropsUnterminatedAttribute; org.jsoup.parser.HtmlParserTest::testNormalisesIsIndex; org.jsoup.parser.HtmlParserTest::noTableDirectInTable; org.jsoup.parser.HtmlParserTest::testSupportsPartiallyNonAsciiTags; org.jsoup.parser.HtmlParserTest::testSpaceAfterTag; org.jsoup.parser.HtmlParserTest::handlesXmlDeclarationAsBogusComment; org.jsoup.parser.HtmlParserTest::normalisesDocument; org.jsoup.parser.HtmlParserTest::createsStructureFromBodySnippet; org.jsoup.parser.HtmlParserTest::canPreserveTagCase; org.jsoup.parser.HtmlParserTest::preservesSpaceInScript; org.jsoup.parser.HtmlParserTest::testHtmlLowerCase; org.jsoup.parser.HtmlParserTest::handlesDeepStack; org.jsoup.parser.HtmlParserTest::parsesSimpleDocument; org.jsoup.parser.HtmlParserTest::doesNotCreateImplicitLists; org.jsoup.parser.HtmlParserTest::parsesUnterminatedTextarea; org.jsoup.parser.HtmlParserTest::testSupportsNonAsciiTags; org.jsoup.parser.HtmlParserTest::handlesWhatWgExpensesTableExample; org.jsoup.parser.HtmlParserTest::handlesImplicitCaptionClose; org.jsoup.parser.HtmlParserTest::handlesQuotesInCommentsInScripts; org.jsoup.parser.HtmlParserTest::handlesInputInTable; org.jsoup.parser.HtmlParserTest::handlesInvalidStartTags; org.jsoup.parser.HtmlParserTest::handlesEscapedData; org.jsoup.parser.HtmlParserTest::reconstructFormattingElements; org.jsoup.parser.HtmlParserTest::createsDocumentStructure; org.jsoup.parser.HtmlParserTest::handlesCdataInScript; org.jsoup.parser.HtmlParserTest::handlesUnclosedTitle; org.jsoup.parser.HtmlParserTest::caseInsensitiveParseTree; org.jsoup.parser.HtmlParserTest::handleNullContextInParseFragment; org.jsoup.parser.HtmlParserTest::parsesUnterminatedComments; org.jsoup.parser.HtmlParserTest::emptyTdTag; org.jsoup.parser.HtmlParserTest::caseSensitiveParseTree; org.jsoup.parser.HtmlParserTest::testFragment; org.jsoup.parser.HtmlParserTest::handlesUnclosedScriptAtEof; org.jsoup.parser.HtmlParserTest::handlesNewlinesAndWhitespaceInTag; org.jsoup.parser.HtmlParserTest::handlesDataOnlyTags; org.jsoup.parser.HtmlParserTest::normalizesDiscordantTags; org.jsoup.parser.HtmlParserTest::handlesCdataAcrossBuffer; org.jsoup.parser.HtmlParserTest::noImplicitFormForTextAreas; org.jsoup.parser.HtmlParserTest::commentBeforeHtml; org.jsoup.parser.HtmlParserTest::handlesUnclosedCdataAtEOF; org.jsoup.parser.HtmlParserTest::handlesCdata; org.jsoup.parser.HtmlParserTest::handlesKnownEmptyBlocks; org.jsoup.parser.HtmlParserTest::createsFormElements; org.jsoup.parser.HtmlParserTest::noErrorsByDefault; org.jsoup.parser.HtmlParserTest::testHeaderContents; org.jsoup.parser.HtmlParserTest::testRelaxedTags; org.jsoup.parser.HtmlParserTest::handlesKnownEmptyStyle; org.jsoup.parser.HtmlParserTest::handlesKnownEmptyTitle; org.jsoup.parser.HtmlParserTest::preservesSpaceInTextArea; org.jsoup.parser.HtmlParserTest::handlesUnexpectedMarkupInTables; org.jsoup.parser.HtmlParserTest::handlesKnownEmptyIframe; org.jsoup.parser.HtmlParserTest::testTemplateInsideTable; org.jsoup.parser.HtmlParserTest::cdataNodesAreTextNodes; org.jsoup.parser.HtmlParserTest::ignoresContentAfterFrameset; org.jsoup.parser.HtmlParserTest::handlesBaseTags; org.jsoup.parser.HtmlParserTest::testSpanContents; org.jsoup.parser.HtmlParserTest::handles0CharacterAsText; org.jsoup.parser.HtmlParserTest::handlesFrames; org.jsoup.parser.HtmlParserTest::handlesJavadocFont; org.jsoup.parser.HtmlParserTest::testReinsertionModeForThCelss; org.jsoup.parser.HtmlParserTest::handlesControlCodeInAttributeName; org.jsoup.parser.HtmlParserTest::handlesInvalidDoctypes; org.jsoup.parser.HtmlParserTest::handlesTagsInTextarea; org.jsoup.parser.HtmlParserTest::handlesCommentsInTable; org.jsoup.parser.HtmlParserTest::handlesEscapedScript; org.jsoup.parser.HtmlParserTest::testInvalidTableContents; org.jsoup.parser.HtmlParserTest::handlesUnknownTags; org.jsoup.parser.HtmlParserTest::ignoresDupeEndTrTag; org.jsoup.parser.HtmlParserTest::associatedFormControlsWithDisjointForms; org.jsoup.parser.HtmlParserTest::handlesTbodyTable; org.jsoup.parser.HtmlParserTest::normalisedBodyAfterContent; org.jsoup.parser.HtmlParserTest::handlesSpanInTbody; org.jsoup.parser.HtmlParserTest::handlesUnclosedTitleAtEof; org.jsoup.parser.HtmlParserTest::handlesSolidusAtAttributeEnd; org.jsoup.parser.HtmlParserTest::handlesUnknownNamespaceTags; org.jsoup.parser.HtmlParserTest::handlesKnownEmptyNoFrames; org.jsoup.parser.HtmlParserTest::roundTripsCdata; org.jsoup.parser.HtmlParserTest::handlesManyChildren; org.jsoup.parser.HtmlParserTest::handlesTextArea; org.jsoup.parser.HtmlParserTest::convertsImageToImg; org.jsoup.parser.HtmlParserTest::preSkipsFirstNewline; org.jsoup.parser.HtmlParserTest::commentAtEnd; org.jsoup.parser.HtmlParserTest::selfClosingOnNonvoidIsError; org.jsoup.parser.HtmlParserTest::handlesNestedImplicitTable; org.jsoup.parser.HtmlParserTest::parsesRoughAttributes; org.jsoup.parser.HtmlParserTest::testUsingSingleQuotesInQueries; org.jsoup.parser.HtmlParserTest::handlesUnclosedDefinitionLists; org.jsoup.parser.HtmlParserTest::handlesWhitespaceInoDocType; org.jsoup.parser.HtmlParserTest::reconstructFormattingElementsInTable; org.jsoup.parser.HtmlParserTest::selfClosingVoidIsNotAnError; org.jsoup.parser.HtmlParserTest::testNoImagesInNoScriptInHead; org.jsoup.parser.HtmlParserTest::handlesBaseWithoutHref; org.jsoup.parser.HtmlParserTest::handlesUnclosedRawtextAtEof; org.jsoup.parser.HtmlParserTest::tracksLimitedErrorsWhenRequested; org.jsoup.parser.HtmlParserTest::doesNotFindShortestMatchingEntity; org.jsoup.parser.HtmlParserTest::tracksErrorsWhenRequested; org.jsoup.parser.HtmlParserTest::handlesUnclosedAnchors; org.jsoup.parser.HtmlParserTest::parsesBodyFragment; org.jsoup.parser.HtmlParserTest::handlesUnknownInlineTags; org.jsoup.parser.HtmlParserTest::testSelectWithOption; org.jsoup.parser.HtmlParserTest::normalisesEmptyDocument; org.jsoup.parser.HtmlParserTest::relaxedBaseEntityMatchAndStrictExtendedMatch; org.jsoup.parser.HtmlParserTest::handlesUnclosedFormattingElements; org.jsoup.parser.HtmlParserTest::handlesSolidusInA; org.jsoup.parser.HtmlParserTest::testHgroup; org.jsoup.parser.HtmlParserTest::discardsNakedTds; org.jsoup.parser.HtmlParserTest::parsesComments; org.jsoup.parser.HtmlParserTest::testFontFlowContents; org.jsoup.parser.HtmlParserTest::handlesMisnestedTagsBI; org.jsoup.parser.HtmlParserTest::handlesMisnestedTagsBP; org.jsoup.parser.HtmlParserTest::canPreserveBothCase; org.jsoup.parser.HtmlParserTest::testHandlesDeepSpans; org.jsoup.parser.HtmlParserTest::handleCDataInText; org.jsoup.parser.HtmlParserTest::findsCharsetInMalformedMeta; org.jsoup.parser.HtmlParserTest::handlesMultiClosingBody; org.jsoup.parser.HtmlParserTest::handlesBlocksInDefinitions; org.jsoup.parser.HtmlParserTest::testAFlowContents; org.jsoup.parser.HtmlParserTest::handlesNullInData; org.jsoup.parser.HtmlParserTest::parsesQuiteRoughAttributes; org.jsoup.parser.TokenQueueTest::testNestedQuotes; org.jsoup.parser.TokeniserStateTest::testEndTagOpen; org.jsoup.parser.TokeniserStateTest::testPublicIdentifiersWithWhitespace; org.jsoup.parser.TokeniserStateTest::testRCDATAEndTagName; org.jsoup.parser.TokeniserStateTest::testCharacterReferenceInRcdata; org.jsoup.parser.TokeniserStateTest::testRcdataLessthanSign; org.jsoup.parser.TokeniserStateTest::testCommentEndCoverage; org.jsoup.parser.TokeniserStateTest::testBeforeTagName; org.jsoup.parser.TokeniserStateTest::testPublicAndSystemIdentifiersWithWhitespace; org.jsoup.parser.TokeniserStateTest::testSystemIdentifiersWithWhitespace; org.jsoup.parser.TokeniserStateTest::testCommentEndBangCoverage; org.jsoup.parser.TokeniserTest::handleLargeComment; org.jsoup.parser.TokeniserTest::handleLargeCdata; org.jsoup.parser.TokeniserTest::handleLargeTitle; org.jsoup.parser.TokeniserTest::bufferUpInAttributeVal; org.jsoup.parser.TokeniserTest::handleSuperLargeTagNames; org.jsoup.parser.TokeniserTest::handleSuperLargeAttributeName; org.jsoup.parser.TokeniserTest::handleLargeText; org.jsoup.parser.XmlTreeBuilderTest::testPopToClose; org.jsoup.parser.XmlTreeBuilderTest::handlesXmlDeclarationAsDeclaration; org.jsoup.parser.XmlTreeBuilderTest::caseSensitiveDeclaration; org.jsoup.parser.XmlTreeBuilderTest::testSupplyParserToJsoupClass; org.jsoup.parser.XmlTreeBuilderTest::normalizesDiscordantTags; org.jsoup.parser.XmlTreeBuilderTest::testDoesNotForceSelfClosingKnownTags; org.jsoup.parser.XmlTreeBuilderTest::testCommentAndDocType; org.jsoup.parser.XmlTreeBuilderTest::testSimpleXmlParse; org.jsoup.parser.XmlTreeBuilderTest::xmlFragment; org.jsoup.parser.XmlTreeBuilderTest::testDetectCharsetEncodingDeclaration; org.jsoup.parser.XmlTreeBuilderTest::roundTripsCdata; org.jsoup.parser.XmlTreeBuilderTest::canNormalizeCase; org.jsoup.parser.XmlTreeBuilderTest::cdataPreservesWhiteSpace; org.jsoup.parser.XmlTreeBuilderTest::preservesCaseByDefault; org.jsoup.parser.XmlTreeBuilderTest::testParseDeclarationAttributes; org.jsoup.parser.XmlTreeBuilderTest::testSupplyParserToDataStream; org.jsoup.parser.XmlTreeBuilderTest::xmlParseDefaultsToHtmlOutputSyntax; org.jsoup.parser.XmlTreeBuilderTest::testCreatesValidProlog; org.jsoup.parser.XmlTreeBuilderTest::testDoesHandleEOFInTag; org.jsoup.safety.CleanerTest::testHandlesEmptyAttributes; org.jsoup.safety.CleanerTest::basicBehaviourTest; org.jsoup.safety.CleanerTest::handlesCustomProtocols; org.jsoup.safety.CleanerTest::testIsValidBodyHtml; org.jsoup.safety.CleanerTest::preservesRelativeLinksIfConfigured; org.jsoup.safety.CleanerTest::testCleanAnchorProtocol; org.jsoup.safety.CleanerTest::testDropScript; org.jsoup.safety.CleanerTest::testRemoveTags; org.jsoup.safety.CleanerTest::testRemoveAttributes; org.jsoup.safety.CleanerTest::testRemoveEnforcedAttributes; org.jsoup.safety.CleanerTest::testRelaxed; org.jsoup.safety.CleanerTest::resolvesRelativeLinks; org.jsoup.safety.CleanerTest::testDropComments; org.jsoup.safety.CleanerTest::handlesFramesets; org.jsoup.safety.CleanerTest::handlesControlCharactersAfterTagName; org.jsoup.safety.CleanerTest::simpleBehaviourTest2; org.jsoup.safety.CleanerTest::testRemoveProtocols; org.jsoup.safety.CleanerTest::testDropImageScript; org.jsoup.safety.CleanerTest::simpleBehaviourTest; org.jsoup.safety.CleanerTest::handlesAttributesWithNoValue; org.jsoup.safety.CleanerTest::dropsUnresolvableRelativeLinks; org.jsoup.safety.CleanerTest::testScriptTagInWhiteList; org.jsoup.safety.CleanerTest::addsTagOnAttributesIfNotSet; org.jsoup.safety.CleanerTest::testDropsUnknownTags; org.jsoup.safety.CleanerTest::testCleanJavascriptHref; org.jsoup.safety.CleanerTest::basicWithImagesTest; org.jsoup.safety.CleanerTest::whitelistedProtocolShouldBeRetained; org.jsoup.safety.CleanerTest::testDropXmlProc; org.jsoup.safety.CleanerTest::testIsValidDocument; org.jsoup.safety.CleanerTest::handlesAllPseudoTag; org.jsoup.safety.CleanerTest::supplyOutputSettings; org.jsoup.safety.CleanerTest::cleansInternationalText; org.jsoup.select.CssTest::nthLastOfType_advanced; org.jsoup.select.CssTest::nthChild_advanced; org.jsoup.select.CssTest::nthOfType_advanced; org.jsoup.select.CssTest::nthOfType_simple; org.jsoup.select.CssTest::firstOfType; org.jsoup.select.CssTest::firstChild; org.jsoup.select.CssTest::nthLastOfType_simple; org.jsoup.select.CssTest::root; org.jsoup.select.CssTest::onlyOfType; org.jsoup.select.CssTest::nthLastChild_simple; org.jsoup.select.CssTest::empty; org.jsoup.select.CssTest::onlyChild; org.jsoup.select.CssTest::nthChild_simple; org.jsoup.select.CssTest::nthLastChild_advanced; org.jsoup.select.CssTest::lastOfType; org.jsoup.select.CssTest::lastChild; org.jsoup.select.CssTest::nthOfType_unknownTag; org.jsoup.select.ElementsTest::classWithHyphen; org.jsoup.select.ElementsTest::before; org.jsoup.select.ElementsTest::filter; org.jsoup.select.ElementsTest::eachAttr; org.jsoup.select.ElementsTest::eachText; org.jsoup.select.ElementsTest::absAttr; org.jsoup.select.ElementsTest::remove; org.jsoup.select.ElementsTest::unwrap; org.jsoup.select.ElementsTest::parents; org.jsoup.select.ElementsTest::unwrapP; org.jsoup.select.ElementsTest::unwrapKeepsSpace; org.jsoup.select.ElementsTest::eq; org.jsoup.select.ElementsTest::is; org.jsoup.select.ElementsTest::not; org.jsoup.select.ElementsTest::val; org.jsoup.select.ElementsTest::attr; org.jsoup.select.ElementsTest::html; org.jsoup.select.ElementsTest::text; org.jsoup.select.ElementsTest::wrap; org.jsoup.select.ElementsTest::hasClassCaseInsensitive; org.jsoup.select.ElementsTest::after; org.jsoup.select.ElementsTest::empty; org.jsoup.select.ElementsTest::forms; org.jsoup.select.ElementsTest::siblings; org.jsoup.select.ElementsTest::attributes; org.jsoup.select.ElementsTest::hasAttr; org.jsoup.select.ElementsTest::hasText; org.jsoup.select.ElementsTest::hasAbsAttr; org.jsoup.select.ElementsTest::classes; org.jsoup.select.ElementsTest::traverse; org.jsoup.select.ElementsTest::wrapDiv; org.jsoup.select.ElementsTest::outerHtml; org.jsoup.select.ElementsTest::tagNameSet; org.jsoup.select.ElementsTest::setHtml; org.jsoup.select.SelectorTest::containsData; org.jsoup.select.SelectorTest::testByAttributeStarting; org.jsoup.select.SelectorTest::deeperDescendant; org.jsoup.select.SelectorTest::selectSameElements; org.jsoup.select.SelectorTest::testPseudoEquals; org.jsoup.select.SelectorTest::testByClassCaseInsensitive; org.jsoup.select.SelectorTest::testByAttributeRegexCharacterClass; org.jsoup.select.SelectorTest::testAllWithClass; org.jsoup.select.SelectorTest::testByTag; org.jsoup.select.SelectorTest::testById; org.jsoup.select.SelectorTest::findBetweenSpan; org.jsoup.select.SelectorTest::descendant; org.jsoup.select.SelectorTest::handlesCommasInSelector; org.jsoup.select.SelectorTest::notAll; org.jsoup.select.SelectorTest::testByAttribute; org.jsoup.select.SelectorTest::selectClassWithSpace; org.jsoup.select.SelectorTest::notAdjacent; org.jsoup.select.SelectorTest::testCombinedWithContains; org.jsoup.select.SelectorTest::containsWithQuote; org.jsoup.select.SelectorTest::testPseudoGreaterThan; org.jsoup.select.SelectorTest::testAllElements; org.jsoup.select.SelectorTest::testByAttributeRegex; org.jsoup.select.SelectorTest::mixCombinator; org.jsoup.select.SelectorTest::testRelaxedTags; org.jsoup.select.SelectorTest::testPseudoBetween; org.jsoup.select.SelectorTest::testPseudoLessThan; org.jsoup.select.SelectorTest::testGroupOr; org.jsoup.select.SelectorTest::testByClass; org.jsoup.select.SelectorTest::and; org.jsoup.select.SelectorTest::attributeWithBrackets; org.jsoup.select.SelectorTest::testPsuedoContainsWithParentheses; org.jsoup.select.SelectorTest::testGroupOrAttribute; org.jsoup.select.SelectorTest::caseInsensitive; org.jsoup.select.SelectorTest::selectFirst; org.jsoup.select.SelectorTest::containsOwn; org.jsoup.select.SelectorTest::testCharactersInIdAndClass; org.jsoup.select.SelectorTest::splitOnBr; org.jsoup.select.SelectorTest::multiChildDescent; org.jsoup.select.SelectorTest::adjacentSiblingsWithId; org.jsoup.select.SelectorTest::testMatches; org.jsoup.select.SelectorTest::matchText; org.jsoup.select.SelectorTest::selectFirstWithOr; org.jsoup.select.SelectorTest::matchTextAttributes; org.jsoup.select.SelectorTest::parentWithClassChild; org.jsoup.select.SelectorTest::generalSiblings; org.jsoup.select.SelectorTest::parentChildStar; org.jsoup.select.SelectorTest::testPseudoCombined; org.jsoup.select.SelectorTest::testPseudoContains; org.jsoup.select.SelectorTest::testPseudoHas; org.jsoup.select.SelectorTest::notClass; org.jsoup.select.SelectorTest::notParas; org.jsoup.select.SelectorTest::selectSupplementaryCharacter; org.jsoup.select.SelectorTest::adjacentSiblings; org.jsoup.select.SelectorTest::testNamespacedTag; org.jsoup.select.SelectorTest::testNestedHas; org.jsoup.select.SelectorTest::parentChildElement; org.jsoup.select.SelectorTest::testByAttributeRegexCombined; org.jsoup.select.SelectorTest::matchesOwn; org.jsoup.select.SelectorTest::testSupportsLeadingCombinator; org.jsoup.select.SelectorTest::mixCombinatorGroup; org.jsoup.select.SelectorTest::testWildcardNamespacedTag; org.jsoup.select.SelectorTest::selectFirstWithAnd; org.jsoup.select.TraversorTest::filterStop; org.jsoup.select.TraversorTest::filterVisit; org.jsoup.select.TraversorTest::filterSkipChildren; org.jsoup.select.TraversorTest::filterSkipEntirely; org.jsoup.select.TraversorTest::filterRemove,166.83
Jsoup-79,No,Yes,No,org.jsoup.nodes.TextNodeTest::testLeadNodesHaveNoChildren,8.55
Jsoup-81,Yes,No,No,,225.46
Jsoup-83,No,Yes,No,org.jsoup.parser.HtmlParserTest::parsesQuiteRoughAttributes; org.jsoup.parser.TokeniserStateTest::handlesLessInTagThanAsNewTag,356.31
Jsoup-87,No,Yes,No,org.jsoup.parser.HtmlParserTest::preservedCaseLinksCantNest,546.37
Jsoup-91,No,Yes,No,org.jsoup.integration.ConnectTest::testBinaryThrowsExceptionWhenTypeIgnored; org.jsoup.integration.ConnectTest::testBinaryResultThrows; org.jsoup.integration.ParseTest::testBinaryThrowsException,11.19
Jsoup-92,No,Yes,No,org.jsoup.parser.HtmlParserTest::retainsAttributesOfDifferentCaseIfSensitive; org.jsoup.parser.HtmlParserTest::dropsDuplicateAttributes; org.jsoup.parser.XmlTreeBuilderTest::dropsDuplicateAttributes,797.50
JxPath-1,No,Yes,No,org.apache.commons.jxpath.ri.model.dom.DOMModelTest::testGetNode; org.apache.commons.jxpath.ri.model.jdom.JDOMModelTest::testGetNode,438.72
JxPath-2,Yes,No,No,,323.08
JxPath-3,No,Yes,No,org.apache.commons.jxpath.ri.model.beans.BadlyImplementedFactoryTest::testBadFactoryImplementation,328.07
JxPath-4,No,Yes,No,org.apache.commons.jxpath.ri.model.XMLSpaceTest::testPreserveDOM; org.apache.commons.jxpath.ri.model.XMLSpaceTest::testNestedJDOM; org.apache.commons.jxpath.ri.model.XMLSpaceTest::testNestedWithCommentsJDOM; org.apache.commons.jxpath.ri.model.XMLSpaceTest::testNestedDOM; org.apache.commons.jxpath.ri.model.XMLSpaceTest::testNestedWithCommentsDOM,700.00
JxPath-7,No,No,Yes,,195.48
JxPath-9,No,Yes,No,org.apache.commons.jxpath.ri.compiler.CoreOperationTest::testNan,240.44
JxPath-11,No,Yes,No,org.apache.commons.jxpath.ri.model.dom.DOMModelTest::testNamespaceMapping; org.apache.commons.jxpath.ri.model.jdom.JDOMModelTest::testNamespaceMapping,538.23
JxPath-13,Yes,No,No,,181.14
JxPath-15,No,Yes,No,org.apache.commons.jxpath.ri.model.dom.DOMModelTest::testUnion; org.apache.commons.jxpath.ri.model.jdom.JDOMModelTest::testUnion,9.83
JxPath-16,Yes,No,No,,206.96
JxPath-17,No,Yes,No,org.apache.commons.jxpath.ri.model.jdom.JDOMModelTest::testAxisAttribute,257.34
JxPath-18,No,Yes,No,org.apache.commons.jxpath.ri.model.dom.DOMModelTest::testAxisAttribute,300.01
JxPath-19,No,Yes,No,org.apache.commons.jxpath.ri.model.AliasedNamespaceIterationTest::testIterateJDOM,310.67
JxPath-20,No,Yes,No,org.apache.commons.jxpath.ri.compiler.CoreOperationTest::testNodeSetOperations; org.apache.commons.jxpath.ri.model.beans.BeanModelTest::testBooleanPredicate; org.apache.commons.jxpath.ri.model.dynabeans.DynaBeanModelTest::testBooleanPredicate,486.98
Lang-4,Yes,No,No,,228.98
Lang-5,No,Yes,No,org.apache.commons.lang3.LocaleUtilsTest::testLang328,583.81
Lang-7,Yes,No,No,,159.41
Lang-8,No,Yes,No,org.apache.commons.lang3.time.FastDateFormat_PrinterTest::testCalendarTimezoneRespected; org.apache.commons.lang3.time.FastDatePrinterTest::testCalendarTimezoneRespected,7.21
Lang-13,No,Yes,No,org.apache.commons.lang3.SerializationUtilsTest::testPrimitiveTypeClassSerialization,9.18
Lang-15,No,Yes,No,org.apache.commons.lang3.reflect.TypeUtilsTest::testIsAssignable,324.39
Lang-19,No,Yes,No,org.apache.commons.lang3.text.translate.NumericEntityUnescaperTest::testUnfinishedEntity; org.apache.commons.lang3.text.translate.NumericEntityUnescaperTest::testOutOfBounds,372.86
Lang-20,Yes,No,No,,118.23
Lang-23,Yes,No,No,,187.94
Lang-27,No,Yes,No,org.apache.commons.lang3.math.NumberUtilsTest::testCreateNumber,11.77
Lang-30,No,Yes,No,org.apache.commons.lang3.StringUtilsEqualsIndexOfTest::testContainsNone_CharArrayWithSupplementaryChars; org.apache.commons.lang3.StringUtilsEqualsIndexOfTest::testContainsNone_StringWithSupplementaryChars; org.apache.commons.lang3.StringUtilsEqualsIndexOfTest::testContainsAny_StringCharArrayWithBadSupplementaryChars; org.apache.commons.lang3.StringUtilsEqualsIndexOfTest::testIndexOfAnyBut_StringStringWithSupplementaryChars; org.apache.commons.lang3.StringUtilsEqualsIndexOfTest::testContainsAny_StringWithBadSupplementaryChars; org.apache.commons.lang3.StringUtilsEqualsIndexOfTest::testIndexOfAny_StringCharArrayWithSupplementaryChars; org.apache.commons.lang3.StringUtilsEqualsIndexOfTest::testIndexOfAnyBut_StringCharArrayWithSupplementaryChars; org.apache.commons.lang3.StringUtilsEqualsIndexOfTest::testContainsNone_StringWithBadSupplementaryChars; org.apache.commons.lang3.StringUtilsEqualsIndexOfTest::testIndexOfAny_StringStringWithSupplementaryChars; org.apache.commons.lang3.StringUtilsEqualsIndexOfTest::testContainsNone_CharArrayWithBadSupplementaryChars,385.32
Lang-32,No,Yes,No,org.apache.commons.lang3.builder.HashCodeBuilderTest::testReflectionObjectCycle,409.65
Lang-34,No,Yes,No,org.apache.commons.lang3.builder.ToStringBuilderTest::testObjectCycle; org.apache.commons.lang3.builder.ToStringBuilderTest::testReflectionHierarchy; org.apache.commons.lang3.builder.ToStringBuilderTest::testSelfInstanceTwoVarsReflectionObjectCycle; org.apache.commons.lang3.builder.ToStringBuilderTest::testReflectionArrayCycle; org.apache.commons.lang3.builder.ToStringBuilderTest::testReflectionLongArrayArray; org.apache.commons.lang3.builder.ToStringBuilderTest::testReflectionArrayArrayCycle; org.apache.commons.lang3.builder.ToStringBuilderTest::testReflectionFloatArray; org.apache.commons.lang3.builder.ToStringBuilderTest::testReflectionDoubleArrayArray; org.apache.commons.lang3.builder.ToStringBuilderTest::testReflectionBooleanArray; org.apache.commons.lang3.builder.ToStringBuilderTest::testReflectionyteArray; org.apache.commons.lang3.builder.ToStringBuilderTest::testReflectionDoubleArray; org.apache.commons.lang3.builder.ToStringBuilderTest::testReflectionIntArrayArray; org.apache.commons.lang3.builder.ToStringBuilderTest::testReflectionLongArray; org.apache.commons.lang3.builder.ToStringBuilderTest::testReflectionhortArrayArray; org.apache.commons.lang3.builder.ToStringBuilderTest::testReflectionObjectArray; org.apache.commons.lang3.builder.ToStringBuilderTest::testReflectionObjectCycle; org.apache.commons.lang3.builder.ToStringBuilderTest::testReflectionBooleanArrayArray; org.apache.commons.lang3.builder.ToStringBuilderTest::testSimpleReflectionObjectCycle; org.apache.commons.lang3.builder.ToStringBuilderTest::testReflectionByteArrayArray; org.apache.commons.lang3.builder.ToStringBuilderTest::testReflectionArrayCycleLevel2; org.apache.commons.lang3.builder.ToStringBuilderTest::testReflectionArrayAndObjectCycle; org.apache.commons.lang3.builder.ToStringBuilderTest::testReflectionCharArrayArray; org.apache.commons.lang3.builder.ToStringBuilderTest::testReflectionShortArray; org.apache.commons.lang3.builder.ToStringBuilderTest::testSelfInstanceVarReflectionObjectCycle; org.apache.commons.lang3.builder.ToStringBuilderTest::testReflectionIntArray; org.apache.commons.lang3.builder.ToStringBuilderTest::testReflectionCharArray; org.apache.commons.lang3.builder.ToStringBuilderTest::testReflectionFloatArrayArray,376.82
Lang-35,No,Yes,No,org.apache.commons.lang3.ArrayUtilsAddTest::testLANG571,304.76
Lang-36,No,Yes,No,org.apache.commons.lang3.math.NumberUtilsTest::testCreateNumber; org.apache.commons.lang3.math.NumberUtilsTest::testIsNumber,9.93
Lang-41,Yes,No,No,,293.85
Lang-46,No,Yes,No,org.apache.commons.lang.StringEscapeUtilsTest::testEscapeJavaWithSlash,479.39
Lang-47,No,Yes,No,org.apache.commons.lang.text.StrBuilderTest::testLang412Left; org.apache.commons.lang.text.StrBuilderTest::testLang412Right,374.91
Lang-50,No,Yes,No,org.apache.commons.lang.text.ExtendedMessageFormatBaselineTest::testLongTime; org.apache.commons.lang.text.ExtendedMessageFormatBaselineTest::testFullTime; org.apache.commons.lang.text.MessageFormatExtensionTest::testLongTime; org.apache.commons.lang.text.MessageFormatExtensionTest::testFullTime; org.apache.commons.lang.text.MessageFormatTest::testLongTime; org.apache.commons.lang.text.MessageFormatTest::testFullTime; org.apache.commons.lang.time.FastDateFormatTest::test_changeDefault_Locale_DateInstance; org.apache.commons.lang.time.FastDateFormatTest::test_changeDefault_Locale_DateTimeInstance,8.77
Lang-56,Yes,No,No,,278.29
Lang-60,Yes,No,No,,216.08
Lang-62,No,Yes,No,org.apache.commons.lang.EntitiesTest::testNumberOverflow,372.45
Lang-63,No,Yes,No,org.apache.commons.lang.time.DurationFormatUtilsTest::testJiraLang281,586.62
Lang-64,Yes,No,No,,389.50
Lang-65,No,Yes,No,org.apache.commons.lang.time.DateUtilsTest::testTruncateLang59,616.73
Math-1,No,Yes,No,org.apache.commons.math3.fraction.BigFractionTest::testDigitLimitConstructor; org.apache.commons.math3.fraction.FractionTest::testDigitLimitConstructor,412.38
Math-4,Yes,No,No,,565.94
Math-6,No,Yes,No,org.apache.commons.math3.optim.nonlinear.scalar.gradient.NonLinearConjugateGradientOptimizerTest::testTrivial; org.apache.commons.math3.optim.nonlinear.scalar.noderiv.CMAESOptimizerTest::testConstrainedRosen; org.apache.commons.math3.optim.nonlinear.scalar.noderiv.CMAESOptimizerTest::testElliRotated; org.apache.commons.math3.optim.nonlinear.scalar.noderiv.CMAESOptimizerTest::testEllipse; org.apache.commons.math3.optim.nonlinear.scalar.noderiv.CMAESOptimizerTest::testTwoAxes; org.apache.commons.math3.optim.nonlinear.scalar.noderiv.CMAESOptimizerTest::testCigar; org.apache.commons.math3.optim.nonlinear.scalar.noderiv.CMAESOptimizerTest::testRosen; org.apache.commons.math3.optim.nonlinear.scalar.noderiv.CMAESOptimizerTest::testRastrigin; org.apache.commons.math3.optim.nonlinear.scalar.noderiv.CMAESOptimizerTest::testDiagonalRosen; org.apache.commons.math3.optim.nonlinear.scalar.noderiv.CMAESOptimizerTest::testSsDiffPow; org.apache.commons.math3.optim.nonlinear.scalar.noderiv.CMAESOptimizerTest::testMaximize; org.apache.commons.math3.optim.nonlinear.scalar.noderiv.CMAESOptimizerTest::testAckley; org.apache.commons.math3.optim.nonlinear.scalar.noderiv.CMAESOptimizerTest::testCigTab; org.apache.commons.math3.optim.nonlinear.scalar.noderiv.CMAESOptimizerTest::testDiffPow; org.apache.commons.math3.optim.nonlinear.scalar.noderiv.CMAESOptimizerTest::testSphere; org.apache.commons.math3.optim.nonlinear.scalar.noderiv.CMAESOptimizerTest::testTablet; org.apache.commons.math3.optim.nonlinear.scalar.noderiv.CMAESOptimizerTest::testCigarWithBoundaries; org.apache.commons.math3.optim.nonlinear.scalar.noderiv.PowellOptimizerTest::testSumSinc; org.apache.commons.math3.optim.nonlinear.scalar.noderiv.SimplexOptimizerMultiDirectionalTest::testMaximize1; org.apache.commons.math3.optim.nonlinear.scalar.noderiv.SimplexOptimizerMultiDirectionalTest::testMaximize2; org.apache.commons.math3.optim.nonlinear.scalar.noderiv.SimplexOptimizerMultiDirectionalTest::testMinimize1; org.apache.commons.math3.optim.nonlinear.scalar.noderiv.SimplexOptimizerMultiDirectionalTest::testMinimize2; org.apache.commons.math3.optim.nonlinear.scalar.noderiv.SimplexOptimizerNelderMeadTest::testMaximize1; org.apache.commons.math3.optim.nonlinear.scalar.noderiv.SimplexOptimizerNelderMeadTest::testMaximize2; org.apache.commons.math3.optim.nonlinear.scalar.noderiv.SimplexOptimizerNelderMeadTest::testMinimize1; org.apache.commons.math3.optim.nonlinear.scalar.noderiv.SimplexOptimizerNelderMeadTest::testMinimize2; org.apache.commons.math3.optim.nonlinear.vector.jacobian.GaussNewtonOptimizerTest::testGetIterations; org.apache.commons.math3.optim.nonlinear.vector.jacobian.LevenbergMarquardtOptimizerTest::testGetIterations,859.44
Math-7,No,Yes,No,org.apache.commons.math3.ode.nonstiff.EulerIntegratorTest::testDecreasingSteps,1221.83
Math-12,No,Yes,No,org.apache.commons.math3.distribution.GammaDistributionTest::testDistributionClone; org.apache.commons.math3.distribution.LogNormalDistributionTest::testDistributionClone; org.apache.commons.math3.distribution.NormalDistributionTest::testDistributionClone,9.21
Math-14,No,Yes,No,org.apache.commons.math3.fitting.PolynomialFitterTest::testLargeSample,974.41
Math-15,Yes,No,No,,308.01
Math-16,No,Yes,No,org.apache.commons.math3.util.FastMathTest::testMath905LargePositive; org.apache.commons.math3.util.FastMathTest::testMath905LargeNegative,796.89
Math-18,No,Yes,No,org.apache.commons.math3.optimization.direct.CMAESOptimizerTest::testFitAccuracyDependsOnBoundary,707.72
Math-21,No,Yes,No,org.apache.commons.math3.linear.RectangularCholeskyDecompositionTest::testMath789; org.apache.commons.math3.linear.RectangularCholeskyDecompositionTest::testFullRank,842.84
Math-22,Yes,No,No,,821.41
Math-23,Yes,No,No,,448.39
Math-24,No,Yes,No,org.apache.commons.math3.optimization.univariate.BrentOptimizerTest::testBoundaries; org.apache.commons.math3.optimization.univariate.BrentOptimizerTest::testQuinticMax,675.38
Math-26,No,Yes,No,org.apache.commons.math3.fraction.FractionTest::testIntegerOverflow,625.05
Math-28,No,Yes,No,org.apache.commons.math3.optimization.linear.SimplexSolverTest::testMath828Cycle,555.87
Math-29,Yes,No,No,,539.79
Math-31,No,Yes,No,org.apache.commons.math3.distribution.BinomialDistributionTest::testMath718; org.apache.commons.math3.distribution.FDistributionTest::testMath785,9.53
Math-35,Yes,No,No,,222.77
Math-36,Yes,No,No,,1263.95
Math-37,No,Yes,No,org.apache.commons.math.complex.ComplexTest::testTanhInf; org.apache.commons.math.complex.ComplexTest::testTan; org.apache.commons.math.complex.ComplexTest::testTanh; org.apache.commons.math.complex.ComplexTest::testTanInf,142.96
Math-38,No,Yes,No,org.apache.commons.math.optimization.direct.BOBYQAOptimizerTest::testConstrainedRosenWithMoreInterpolationPoints,525.49
Math-44,No,Yes,No,org.apache.commons.math.ode.events.EventStateTest::testIssue695,542.74
Math-46,Yes,No,No,,562.96
Math-47,Yes,No,No,,311.49
Math-49,Yes,No,No,,199.43
Math-52,Yes,No,No,,219.33
Math-54,No,Yes,No,org.apache.commons.math.dfp.DfpTest::testIssue567,797.63
Math-55,Yes,No,No,,566.09
Math-61,No,Yes,No,org.apache.commons.math.distribution.PoissonDistributionTest::testMean,457.44
Math-62,No,Yes,No,org.apache.commons.math.optimization.univariate.MultiStartUnivariateRealOptimizerTest::testQuinticMin,13.42
Math-64,No,Yes,No,org.apache.commons.math.optimization.general.MinpackTest::testMinpackJennrichSampson; org.apache.commons.math.optimization.general.MinpackTest::testMinpackFreudensteinRoth,9.43
Math-65,Yes,No,No,,88.70
Math-66,Yes,No,No,,962.04
Math-68,No,Yes,No,org.apache.commons.math.optimization.fitting.HarmonicFitterTest::testInitialGuess; org.apache.commons.math.optimization.fitting.HarmonicFitterTest::testUnsorted; org.apache.commons.math.optimization.fitting.HarmonicFitterTest::testNoError; org.apache.commons.math.optimization.fitting.PolynomialFitterTest::testNoError; org.apache.commons.math.optimization.general.LevenbergMarquardtOptimizerTest::testTwoSets; org.apache.commons.math.optimization.general.LevenbergMarquardtOptimizerTest::testMoreEstimatedParametersUnsorted; org.apache.commons.math.optimization.general.LevenbergMarquardtOptimizerTest::testIllConditioned; org.apache.commons.math.optimization.general.LevenbergMarquardtOptimizerTest::testCircleFitting; org.apache.commons.math.optimization.general.LevenbergMarquardtOptimizerTest::testControlParameters; org.apache.commons.math.optimization.general.LevenbergMarquardtOptimizerTest::testCircleFittingBadInit; org.apache.commons.math.optimization.general.MinpackTest::testMinpackLinearRank1; org.apache.commons.math.optimization.general.MinpackTest::testMinpackBrownDennis; org.apache.commons.math.optimization.general.MinpackTest::testMinpackJennrichSampson; org.apache.commons.math.optimization.general.MinpackTest::testMinpackHelicalValley; org.apache.commons.math.optimization.general.MinpackTest::testMinpackMeyer; org.apache.commons.math.optimization.general.MinpackTest::testMinpackLinearFullRank; org.apache.commons.math.optimization.general.MinpackTest::testMinpackFreudensteinRoth; org.apache.commons.math.optimization.general.MinpackTest::testMinpackOsborne1; org.apache.commons.math.optimization.general.MinpackTest::testMinpackOsborne2; org.apache.commons.math.optimization.general.MinpackTest::testMinpackWatson; org.apache.commons.math.optimization.general.MinpackTest::testMinpackKowalikOsborne; org.apache.commons.math.optimization.general.MinpackTest::testMinpackChebyquad; org.apache.commons.math.optimization.general.MinpackTest::testMinpackLinearRank1ZeroColsAndRows; org.apache.commons.math.optimization.general.MinpackTest::testMinpackBard; org.apache.commons.math.optimization.general.MinpackTest::testMinpackBrownAlmostLinear,384.77
Math-71,No,Yes,No,org.apache.commons.math.ode.nonstiff.ClassicalRungeKuttaIntegratorTest::testMissedEndEvent,260.09
Math-72,No,Yes,No,org.apache.commons.math.analysis.solvers.BrentSolverTest::testRootEndpoints,143.92
Math-76,No,Yes,No,org.apache.commons.math.linear.SingularValueSolverTest::testMath320A; org.apache.commons.math.linear.SingularValueSolverTest::testMath320B,578.06
Math-77,Yes,No,No,,258.72
Math-78,Yes,No,No,,131.53
Math-81,No,Yes,No,org.apache.commons.math.linear.EigenDecompositionImplTest::testMath308,10.16
Math-83,No,Yes,No,org.apache.commons.math.optimization.linear.SimplexSolverTest::testMath286,536.17
Math-84,Yes,No,No,,103.01
Math-86,Yes,No,No,,145.23
Math-90,Yes,No,No,,241.41
Math-92,No,Yes,No,org.apache.commons.math.util.MathUtilsTest::testBinomialCoefficientLarge; org.apache.commons.math.util.MathUtilsTest::testBinomialCoefficientFail,677.35
Math-93,No,Yes,No,org.apache.commons.math.util.MathUtilsTest::testFactorial,250.05
Math-98,No,Yes,No,org.apache.commons.math.linear.BigMatrixImplTest::testMath209; org.apache.commons.math.linear.RealMatrixImplTest::testMath209,436.65
Math-99,No,Yes,No,org.apache.commons.math.fraction.FractionTest::testDivide; org.apache.commons.math.fraction.FractionTest::testMultiply; org.apache.commons.math.fraction.FractionTest::testNegate; org.apache.commons.math.util.MathUtilsTest::testLcm,650.57
Math-100,Yes,No,No,,766.58
Math-106,Yes,No,No,,720.04
Mockito-2,Yes,No,No,,437.08
Mockito-3,No,Yes,No,org.mockitousage.matchers.CapturingArgumentsTest::captures_correctly_when_captor_used_on_pure_vararg_method,610.81
Mockito-4,Yes,No,No,,364.44
Mockito-6,No,Yes,No,org.mockitousage.matchers.AnyXMatchersAcceptNullsTest::shouldNotAcceptNullInAllAnyPrimitiveWrapperMatchers; org.mockitousage.matchers.AnyXMatchersAcceptNullsTest::shouldNotAcceptNullInAnyXMatchers,1135.59
Mockito-9,No,Yes,No,org.mockitousage.constructor.CreatingMocksWithConstructorTest::abstractMethodStubbed; org.mockitousage.constructor.CreatingMocksWithConstructorTest::testCallsRealInterfaceMethod; org.mockitousage.constructor.CreatingMocksWithConstructorTest::abstractMethodReturnsDefault,8.17
Mockito-10,No,Yes,No,org.mockitousage.serialization.DeepStubsSerializableTest::should_serialize_and_deserialize_parameterized_class_mocked_with_deep_stubs; org.mockitousage.serialization.DeepStubsSerializableTest::should_discard_generics_metadata_when_serialized_then_disabling_deep_stubs_with_generics,543.09
Mockito-14,No,Yes,No,org.mockitousage.bugs.VerifyingWithAnExtraCallToADifferentMockTest::shouldAllowVerifyingWhenOtherMockCallIsInTheSameLine,22.66
Mockito-15,No,Yes,No,broken test input org.mockitousage.bugs.InjectMocksShouldTryPropertySettersFirstBeforeFieldAccessTestorg.mockito.exceptions.base.MockitoException; org.mockitousage.annotation.DeprecatedAnnotationEngineApiTest::shouldInjectMocksIfThereIsNoUserDefinedEngine; org.mockitousage.annotation.SpyInjectionTest::shouldDoStuff,306.77
Mockito-16,No,Yes,No,org.mockitousage.bugs.StubbingMocksThatAreConfiguredToReturnMocksTest::shouldAllowStubbingMocksConfiguredWithRETURNS_MOCKS,105.14
Mockito-17,No,No,Yes,,207.90
Mockito-19,No,Yes,No,org.mockitousage.annotation.MockInjectionUsingSetterOrPropertyTest::shouldInsertFieldWithCorrectNameWhenMultipleTypesAvailable,569.74
Mockito-20,No,Yes,No,org.mockitousage.annotation.SpyAnnotationTest::should_spy_inner_class; org.mockitousage.annotation.SpyAnnotationTest::should_report_when_constructor_is_explosive; org.mockitousage.constructor.CreatingMocksWithConstructorTest::can_spy_abstract_classes; org.mockitousage.constructor.CreatingMocksWithConstructorTest::exception_message_when_constructor_not_found; org.mockitousage.constructor.CreatingMocksWithConstructorTest::can_create_mock_with_constructor; org.mockitousage.constructor.CreatingMocksWithConstructorTest::can_mock_inner_classes; org.mockitousage.constructor.CreatingMocksWithConstructorTest::mocking_inner_classes_with_wrong_outer_instance; org.mockitousage.constructor.CreatingMocksWithConstructorTest::can_mock_abstract_classes,938.50
Mockito-21,Yes,No,No,,459.17
Mockito-23,No,Yes,No,org.mockitousage.stubbing.DeepStubsSerializableTest::should_serialize_and_deserialize_mock_created_by_deep_stubs,496.20
Mockito-25,No,Yes,No,org.mockito.internal.stubbing.defaultanswers.ReturnsGenericDeepStubsTest::will_return_default_value_on_non_mockable_nested_generic; org.mockito.internal.stubbing.defaultanswers.ReturnsGenericDeepStubsTest::can_create_mock_from_multiple_type_variable_bounds_when_return_type_of_parameterized_method_is_a_typevar_that_is_referencing_a_typevar_on_class; org.mockito.internal.stubbing.defaultanswers.ReturnsGenericDeepStubsTest::can_create_mock_from_return_types_declared_with_a_bounded_wildcard; org.mockito.internal.stubbing.defaultanswers.ReturnsGenericDeepStubsTest::can_create_mock_from_multiple_type_variable_bounds_when_return_type_of_parameterized_method_is_a_parameterizedtype_that_is_referencing_a_typevar_on_class; org.mockito.internal.stubbing.defaultanswers.ReturnsGenericDeepStubsTest::generic_deep_mock_frenzy__look_at_these_chained_calls; org.mockito.internal.stubbing.defaultanswers.ReturnsGenericDeepStubsTest::can_create_mock_from_multiple_type_variable_bounds_when_method_return_type_is_referencing_a_typevar_on_class; org.mockitousage.bugs.ConcurrentModificationExceptionOnMultiThreadedVerificationTest::testInvocationConcurrently,504.45
Mockito-30,No,Yes,No,org.mockitousage.stubbing.SmartNullsStubbingTest::shouldSmartNPEPointToUnstubbedCall,377.35
Mockito-31,No,Yes,No,org.mockito.internal.stubbing.defaultanswers.ReturnsSmartNullsTest::shouldPrintTheParametersWhenCallingAMethodWithArgs,437.84
Mockito-32,Yes,No,No,,430.46
Mockito-35,No,Yes,No,org.mockitousage.bugs.NPEWithCertainMatchersTest::shouldNotThrowNPEWhenIntPassed; org.mockitousage.bugs.NPEWithCertainMatchersTest::shouldNotThrowNPEWhenIntegerPassed; org.mockitousage.bugs.NPEWithCertainMatchersTest::shouldNotThrowNPEWhenIntegerPassedToEq; org.mockitousage.bugs.NPEWithCertainMatchersTest::shouldNotThrowNPEWhenIntegerPassedToSame,384.18
Mockito-36,No,Yes,No,org.mockito.internal.invocation.InvocationTest::shouldScreamWhenCallingRealMethodOnInterface; org.mockitousage.spies.SpyingOnInterfacesTest::shouldFailInRuntimeWhenCallingRealMethodOnInterface,7.73
Time-1,No,Yes,No,org.joda.time.TestPartial_Constructors::testConstructorEx7_TypeArray_intArray,189.78
Time-2,No,Yes,No,org.joda.time.TestPartial_Basics::testWith_baseAndArgHaveNoRange,298.12
Time-3,Yes,No,No,,367.80
Time-6,No,Yes,No,org.joda.time.chrono.TestGJDate::test_cutoverPreZero; org.joda.time.chrono.TestGJDate::test_plusWeekyears_positiveToNegative_crossCutover; org.joda.time.chrono.TestGJDate::test_plusYears_positiveToNegative_crossCutover; org.joda.time.chrono.TestGJDate::test_plusWeekyears_positiveToZero_crossCutover,421.37
Time-9,Yes,No,No,,146.17
Time-10,No,Yes,No,org.joda.time.TestDays::testFactory_daysBetween_RPartial_MonthDay; org.joda.time.TestMonths::testFactory_monthsBetween_RPartial_MonthDay,298.18
Time-12,No,Yes,No,org.joda.time.TestLocalDateTime_Constructors::testFactory_fromDateFields_beforeYearZero1; org.joda.time.TestLocalDateTime_Constructors::testFactory_fromDateFields_beforeYearZero3; org.joda.time.TestLocalDateTime_Constructors::testFactory_fromCalendarFields_beforeYearZero1; org.joda.time.TestLocalDateTime_Constructors::testFactory_fromCalendarFields_beforeYearZero3; org.joda.time.TestLocalDate_Constructors::testFactory_fromDateFields_beforeYearZero1; org.joda.time.TestLocalDate_Constructors::testFactory_fromDateFields_beforeYearZero3; org.joda.time.TestLocalDate_Constructors::testFactory_fromCalendarFields_beforeYearZero1; org.joda.time.TestLocalDate_Constructors::testFactory_fromCalendarFields_beforeYearZero3,965.72
Time-13,Yes,No,No,,456.61
Time-23,No,Yes,No,org.joda.time.TestDateTimeZone::testForID_String_old,524.41
Time-26,No,Yes,No,org.joda.time.TestDateTimeZoneCutover::testWithSecondOfMinuteInDstChange; org.joda.time.TestDateTimeZoneCutover::testWithMinuteOfHourInDstChange; org.joda.time.TestDateTimeZoneCutover::testWithMinuteOfHourInDstChange_mockZone; org.joda.time.TestDateTimeZoneCutover::testBug2182444_usCentral; org.joda.time.TestDateTimeZoneCutover::testWithMillisOfSecondInDstChange_Paris_summer; org.joda.time.TestDateTimeZoneCutover::testWithMillisOfSecondInDstChange_NewYork_winter; org.joda.time.TestDateTimeZoneCutover::testBug2182444_ausNSW,839.14
