bug,pass,test_fail,compile_fail,failed_tests
Math-93,Yes,No,No,
Closure-75,No,Yes,No,com.google.javascript.jscomp.PeepholeFoldConstantsTest::testIEString; com.google.javascript.jscomp.PeepholeFoldConstantsTest::testIEString
Chart-25,Yes,No,No,
JacksonDatabind-20,No,Yes,No,com.fasterxml.jackson.databind.failing.TestPropertyNamingStrategyIssue20::reproducer; com.fasterxml.jackson.databind.failing.TestPropertyNamingStrategyIssue20::reproducer; com.fasterxml.jackson.databind.introspect.TestNamingStrategyStd::testNamingWithObjectNode
JacksonCore-10,Yes,No,No,
Gson-1,Yes,No,No,
Closure-108,No,Yes,No,com.google.javascript.jscomp.ScopedAliasesTest::testIssue1144
Closure-68,Yes,No,No,
Mockito-21,Yes,No,No,
Lang-62,Yes,No,No,Closure-21,No,Yes,No,com.google.javascript.jscomp.CheckSideEffectsTest::testUselessCode; com.google.javascript.jscomp.CheckSideEffectsTest::testUselessCodeInFor
Lang-27,Yes,No,No,
JacksonCore-21,Yes,No,No,
Cli-23,Yes,No,No,
Cli-14,Yes,No,No,
Time-23,No,Yes,No,org.joda.time.TestDateTimeZone::testForID_String_old; org.joda.time.TestMonthDay_Properties::testPropertyGetMonthOfYear; org.joda.time.convert.TestCalendarConverter::testGetChronology_Object_nullChronology
Closure-53,Yes,No,No,
Closure-99,No,Yes,No,com.google.javascript.jscomp.CheckGlobalThisTest::testPropertyOfMethod; com.google.javascript.jscomp.CheckGlobalThisTest::testMethod4
Jsoup-42,Yes,No,No,
Lang-65,No,Yes,No,org.apache.commons.lang.time.DateUtilsTest::testTruncateLang59
Cli-31,Yes,No,No,
Closure-162,No,No,Yes,
Jsoup-31,No,Yes,No,org.jsoup.parser.HtmlParserTest::handlesXmlDeclarationAsBogusComment; org.jsoup.parser.XmlTreeBuilderTest::handlesXmlDeclarationAsDeclaration
Closure-169,No,Yes,No,com.google.javascript.jscomp.CleanupPassesTest; com.google.javascript.jscomp.CheckMissingReturnTest::testKnownConditions; com.google.javascript.jscomp.CheckMissingReturnTest::testReturnNotMissing; com.google.javascript.jscomp.CheckMissingReturnTest::testMultiConditions; com.google.javascript.jscomp.CheckMissingReturnTest::testFinallyStatements; com.google.javascript.jscomp.CheckMissingReturnTest::testMissingReturn; com.google.javascript.jscomp.CheckMissingReturnTest::testKnownWhileLoop; com.google.javascript.jscomp.CheckMissingReturnTest::testIssue779; com.google.javascript.jscomp.CheckProvidesTest::testGoogProvideMissingConstructorIsOkForNow; com.google.javascript.jscomp.CheckProvidesTest::testIgnorePrivatelyAnnotatedConstructor; com.google.javascript.jscomp.CheckProvidesTest::testIgnorePrivateConstructor; com.google.javascript.jscomp.CheckProvidesTest::testMissingGoogProvide; com.google.javascript.jscomp.CheckProvidesTest::testIrrelevant; com.google.javascript.jscomp.CheckProvidesTest::testMissingGoogProvideWithNamespace; com.google.javascript.jscomp.CheckProvidesTest::testHarmlessProcedural; com.google.javascript.jscomp.CheckProvidesTest::testNoProvideInnerClass; com.google.javascript.jscomp.CheckProvidesTest::testHarmless; com.google.javascript.jscomp.CheckProvidesTest::testGoogProvideInWrongFileShouldCreateWarning; com.google.javascript.jscomp.CheckRegExpTest::testRegExp; com.google.javascript.jscomp.CheckRequiresForConstructorsTest::testFailWithLocalVariableInMoreThanOneFile; com.google.javascript.jscomp.CheckRequiresForConstructorsTest::testCanStillCallNumberWithoutNewOperator; com.google.javascript.jscomp.CheckRequiresForConstructorsTest::testBug2062487; com.google.javascript.jscomp.CheckRequiresForConstructorsTest::testShouldWarnWhenInstantiatingObjectsDefinedInGlobalScope; com.google.javascript.jscomp.CheckRequiresForConstructorsTest::testPassWithOneNewOuterClassWithUpperPrefix; com.google.javascript.jscomp.CheckRequiresForConstructorsTest::testNoWarningsForThisConstructor; com.google.javascript.jscomp.CheckRequiresForConstructorsTest::testRequiresAreCaughtBeforeProcessed; com.google.javascript.jscomp.CheckRequiresForConstructorsTest::testFailWithOneNew; com.google.javascript.jscomp.CheckRequiresForConstructorsTest::testShouldWarnWhenInstantiatingGlobalClassesFromGlobalScope; com.google.javascript.jscomp.CheckRequiresForConstructorsTest::testPassWithLocalFunctions; com.google.javascript.jscomp.CheckRequiresForConstructorsTest::testPassWithTwoNewNodes; com.google.javascript.jscomp.CheckRequiresForConstructorsTest::testPassWithLocalVariables; com.google.javascript.jscomp.CheckRequiresForConstructorsTest::testPassWithNestedNewNodes; com.google.javascript.jscomp.CheckRequiresForConstructorsTest::testPassWithOneNew; com.google.javascript.jscomp.CheckRequiresForConstructorsTest::testNewNodesMetaTraditionalFunctionForm; com.google.javascript.jscomp.CheckRequiresForConstructorsTest::testFailWithNestedNewNodes; com.google.javascript.jscomp.CheckRequiresForConstructorsTest::testIgnoresNativeObject; com.google.javascript.jscomp.CheckRequiresForConstructorsTest::testFailWithWarningsAndMultipleFiles; com.google.javascript.jscomp.CheckRequiresForConstructorsTest::testNewNodesMeta; com.google.javascript.jscomp.CheckRequiresForConstructorsTest::testIgnoreDuplicateWarningsForSingleClasses; com.google.javascript.jscomp.CheckRequiresForConstructorsTest::testPassWithoutWarningsAndMultipleFiles; com.google.javascript.jscomp.CheckRequiresForConstructorsTest::testPassWithOneNewOuterClass; com.google.javascript.jscomp.CheckRequiresForConstructorsTest::testPassWithNoNewNodes; com.google.javascript.jscomp.CheckRequiresForConstructorsTest::testNewNodesWithMoreThanOneFile; com.google.javascript.jscomp.CheckSideEffectsTest::testUselessCode; com.google.javascript.jscomp.CheckSideEffectsTest::testUselessCodeInFor; com.google.javascript.jscomp.CheckSideEffectsTest::testTypeAnnotations; com.google.javascript.jscomp.CheckSideEffectsTest::testJSDocComments; com.google.javascript.jscomp.CheckSideEffectsTest::testIssue80; com.google.javascript.jscomp.CheckSideEffectsTest::testIsue504; com.google.javascript.jscomp.CheckUnreachableCodeTest::testVarDeclaration; com.google.javascript.jscomp.CheckUnreachableCodeTest::testUncheckedWhileInDo; com.google.javascript.jscomp.CheckUnreachableCodeTest::testSpuriousBreak; com.google.javascript.jscomp.CheckUnreachableCodeTest::testInfiniteLoop; com.google.javascript.jscomp.CheckUnreachableCodeTest::testIncorrectSimple; com.google.javascript.jscomp.CheckUnreachableCodeTest::testInCorrectLoopBreaksAndContinues; com.google.javascript.jscomp.CheckUnreachableCodeTest::testUnreachableLoop; com.google.javascript.jscomp.CheckUnreachableCodeTest::testUnreachableCatch; com.google.javascript.jscomp.CheckUnreachableCodeTest::testFalseCondition; com.google.javascript.jscomp.CheckUnreachableCodeTest::testCorrectSwitchReturn; com.google.javascript.jscomp.CheckUnreachableCodeTest::testSuppression; com.google.javascript.jscomp.CheckUnreachableCodeTest::testCorrectLoopBreaksAndContinues; com.google.javascript.jscomp.CheckUnreachableCodeTest::testReachableTryCatchFinally; com.google.javascript.jscomp.CheckUnreachableCodeTest::testFunctionDeclaration; com.google.javascript.jscomp.CheckUnreachableCodeTest::testInstanceOfThrowsException; com.google.javascript.jscomp.CheckUnreachableCodeTest::testInCorrectIfReturns; com.google.javascript.jscomp.CheckUnreachableCodeTest::testCorrectSimple; com.google.javascript.jscomp.CheckUnreachableCodeTest::testUncheckedConditionInFor; com.google.javascript.jscomp.CheckUnreachableCodeTest::testInCorrectSwitchReturn; com.google.javascript.jscomp.CheckUnreachableCodeTest::testCorrectIfReturns; com.google.javascript.jscomp.ClosureCodeRemovalTest::testDoNotRemoveNonQualifiedName; com.google.javascript.jscomp.ClosureCodeRemovalTest::testRemoveAbstract; com.google.javascript.jscomp.ClosureCodeRemovalTest::testDoNotRemoveOverride; com.google.javascript.jscomp.ClosureCodeRemovalTest::testStopRemovalAtNonQualifiedName; com.google.javascript.jscomp.ClosureCodeRemovalTest::testDoNotRemoveNormal; com.google.javascript.jscomp.ClosureCodeRemovalTest::testAssertionRemoval1; com.google.javascript.jscomp.ClosureCodeRemovalTest::testAssertionRemoval2; com.google.javascript.jscomp.ClosureCodeRemovalTest::testAssertionRemoval3; com.google.javascript.jscomp.ClosureCodeRemovalTest::testAssertionRemoval4; com.google.javascript.jscomp.ClosureCodeRemovalTest::testRemoveMultiplySetAbstract; com.google.javascript.jscomp.ClosureCodingConventionTest::testObjectLiteralCast; com.google.javascript.jscomp.ClosureCodingConventionTest::testInheritanceDetection1; com.google.javascript.jscomp.ClosureCodingConventionTest::testInheritanceDetection2; com.google.javascript.jscomp.ClosureCodingConventionTest::testInheritanceDetection3; com.google.javascript.jscomp.ClosureCodingConventionTest::testInheritanceDetection4; com.google.javascript.jscomp.ClosureCodingConventionTest::testInheritanceDetection5; com.google.javascript.jscomp.ClosureCodingConventionTest::testInheritanceDetection6; com.google.javascript.jscomp.ClosureCodingConventionTest::testInheritanceDetection7; com.google.javascript.jscomp.ClosureCodingConventionTest::testInheritanceDetection8; com.google.javascript.jscomp.ClosureCodingConventionTest::testInheritanceDetection9; com.google.javascript.jscomp.ClosureCodingConventionTest::testInheritanceDetectionPostCollapseProperties; com.google.javascript.jscomp.ClosureCodingConventionTest::testRequire; com.google.javascript.jscomp.ClosureCodingConventionTest::testFunctionBind; com.google.javascript.jscomp.ClosureCodingConventionTest::testInheritanceDetection10; com.google.javascript.jscomp.ClosureCodingConventionTest::testInheritanceDetection11; com.google.javascript.jscomp.ClosureCodingConventionTest::testInheritanceDetection12; com.google.javascript.jscomp.ClosureCodingConventionTest::testInheritanceDetection13; com.google.javascript.jscomp.ClosureCodingConventionTest::testInheritanceDetection14; com.google.javascript.jscomp.ClosureOptimizePrimitivesTest::testObjectCreateOddParams; com.google.javascript.jscomp.ClosureOptimizePrimitivesTest::testObjectCreate1; com.google.javascript.jscomp.ClosureOptimizePrimitivesTest::testObjectCreate2; com.google.javascript.jscomp.ClosureOptimizePrimitivesTest::testObjectCreate3; com.google.javascript.jscomp.ClosureOptimizePrimitivesTest::testObjectCreate4; com.google.javascript.jscomp.ClosureOptimizePrimitivesTest::testObjectCreate5; com.google.javascript.jscomp.ClosureOptimizePrimitivesTest::testObjectCreateNonConstKey; com.google.javascript.jscomp.ClosureReverseAbstractInterpreterTest::testGoogIsArrayOnNull; com.google.javascript.jscomp.ClosureReverseAbstractInterpreterTest::testGoogIsDefAndNotNull1; com.google.javascript.jscomp.ClosureReverseAbstractInterpreterTest::testGoogIsDefAndNotNull2; com.google.javascript.jscomp.ClosureReverseAbstractInterpreterTest::testGoogIsDefAndNotNull3; com.google.javascript.jscomp.ClosureReverseAbstractInterpreterTest::testGoogIsArray; com.google.javascript.jscomp.ClosureReverseAbstractInterpreterTest::testGoogIsNull1; com.google.javascript.jscomp.ClosureReverseAbstractInterpreterTest::testGoogIsNull2; com.google.javascript.jscomp.ClosureReverseAbstractInterpreterTest::testGoogIsFunction; com.google.javascript.jscomp.ClosureReverseAbstractInterpreterTest::testGoogIsFunctionOnNull; com.google.javascript.jscomp.ClosureReverseAbstractInterpreterTest::testGoogIsObjectOnNull; com.google.javascript.jscomp.ClosureReverseAbstractInterpreterTest::testGoogIsBoolean1; com.google.javascript.jscomp.ClosureReverseAbstractInterpreterTest::testGoogIsBoolean2; com.google.javascript.jscomp.ClosureReverseAbstractInterpreterTest::testGoogIsFunction2; com.google.javascript.jscomp.ClosureReverseAbstractInterpreterTest::testGoogIsFunction3; com.google.javascript.jscomp.ClosureReverseAbstractInterpreterTest::testGoogIsDef1; com.google.javascript.jscomp.ClosureReverseAbstractInterpreterTest::testGoogIsDef2; com.google.javascript.jscomp.ClosureReverseAbstractInterpreterTest::testGoogIsNumber; com.google.javascript.jscomp.ClosureReverseAbstractInterpreterTest::testGoogIsString1; com.google.javascript.jscomp.ClosureReverseAbstractInterpreterTest::testGoogIsString2; com.google.javascript.jscomp.ClosureRewriteClassTest::testInnerClass1; com.google.javascript.jscomp.ClosureRewriteClassTest::testComplete1; com.google.javascript.jscomp.ClosureRewriteClassTest::testComplete2; com.google.javascript.jscomp.ClosureRewriteClassTest::testClassWithStaticInitFn; com.google.javascript.jscomp.ClosureRewriteClassTest::testBasic1; com.google.javascript.jscomp.ClosureRewriteClassTest::testBasic2; com.google.javascript.jscomp.ClosureRewriteClassTest::testBasic3; com.google.javascript.jscomp.ClosureRewriteClassTest::testInvalid1; com.google.javascript.jscomp.ClosureRewriteClassTest::testInvalid2; com.google.javascript.jscomp.ClosureRewriteClassTest::testInvalid3; com.google.javascript.jscomp.ClosureRewriteClassTest::testInvalid4; com.google.javascript.jscomp.ClosureRewriteClassTest::testInvalid5; com.google.javascript.jscomp.ClosureRewriteClassTest::testInvalid6; com.google.javascript.jscomp.CoalesceVariableNamesTest::testEscaped; com.google.javascript.jscomp.CoalesceVariableNamesTest::testParameter; com.google.javascript.jscomp.CoalesceVariableNamesTest::testTryCatch; com.google.javascript.jscomp.CoalesceVariableNamesTest::testCannotReuseAnyParamsBug; com.google.javascript.jscomp.CoalesceVariableNamesTest::testFor; com.google.javascript.jscomp.CoalesceVariableNamesTest::testForIn; com.google.javascript.jscomp.CoalesceVariableNamesTest::testLoops; com.google.javascript.jscomp.CoalesceVariableNamesTest::testSwitchCase; com.google.javascript.jscomp.CoalesceVariableNamesTest::testDeadAssignment; com.google.javascript.jscomp.CoalesceVariableNamesTest::testForInWithAssignment; com.google.javascript.jscomp.CoalesceVariableNamesTest::testParameter2; com.google.javascript.jscomp.CoalesceVariableNamesTest::testParameter3; com.google.javascript.jscomp.CoalesceVariableNamesTest::testParameter4; com.google.javascript.jscomp.CoalesceVariableNamesTest::testDifferentBlock; com.google.javascript.jscomp.CoalesceVariableNamesTest::testMaxVars; com.google.javascript.jscomp.CoalesceVariableNamesTest::testMergeThreeVarNames; com.google.javascript.jscomp.CoalesceVariableNamesTest::testDuplicatedVar; com.google.javascript.jscomp.CoalesceVariableNamesTest::testParameter4b; com.google.javascript.jscomp.CoalesceVariableNamesTest::testDeterministic; com.google.javascript.jscomp.CoalesceVariableNamesTest::testVarLiveRangeCross; com.google.javascript.jscomp.CoalesceVariableNamesTest::testLoopInductionVar; com.google.javascript.jscomp.CoalesceVariableNamesTest::testBug1401831; com.google.javascript.jscomp.CoalesceVariableNamesTest::testUsePseduoNames; com.google.javascript.jscomp.CoalesceVariableNamesTest::testBug1445366; com.google.javascript.jscomp.CoalesceVariableNamesTest::testLiveRangeChangeWithinCfgNode2; com.google.javascript.jscomp.CoalesceVariableNamesTest::testSimple; com.google.javascript.jscomp.CoalesceVariableNamesTest::testLiveRangeChangeWithinCfgNode; com.google.javascript.jscomp.CodePrinterTest::testTypeAnnotationsAssign; com.google.javascript.jscomp.CodePrinterTest::testTypeAnnotationsMember; com.google.javascript.jscomp.CodePrinterTest::testTypeAnnotationsTypeDef; com.google.javascript.jscomp.CodePrinterTest::testFunctionSafariCompatiblity; com.google.javascript.jscomp.CodePrinterTest::testOptionalTypesAnnotation; com.google.javascript.jscomp.CodePrinterTest::testPrint; com.google.javascript.jscomp.CodePrinterTest::testNegCollapse; com.google.javascript.jscomp.CodePrinterTest::testTempConstructor; com.google.javascript.jscomp.CodePrinterTest::testLineBreak; com.google.javascript.jscomp.CodePrinterTest::testHook; com.google.javascript.jscomp.CodePrinterTest::testZero; com.google.javascript.jscomp.CodePrinterTest::testTypeAnnotationsInterface; com.google.javascript.jscomp.CodePrinterTest::testLineLength; com.google.javascript.jscomp.CodePrinterTest::testPrettyPrinter2; com.google.javascript.jscomp.CodePrinterTest::testPrettyPrinter3; com.google.javascript.jscomp.CodePrinterTest::testPrettyPrinter4; com.google.javascript.jscomp.CodePrinterTest::testParsePrintParse; com.google.javascript.jscomp.CodePrinterTest::testObjectLit; com.google.javascript.jscomp.DisambiguatePropertiesTest::testSkipNativeObjectMethod; com.google.javascript.jscomp.DisambiguatePropertiesTest::testSkipNativeObjectMethod; com.google.javascript.jscomp.LooseTypeCheckTest::testOptionalNullableArgFunctionParam; com.google.javascript.jscomp.LooseTypeCheckTest::testAbstractMethodHandling1; com.google.javascript.jscomp.LooseTypeCheckTest::testAbstractMethodHandling2; com.google.javascript.jscomp.LooseTypeCheckTest::testAbstractMethodHandling3; com.google.javascript.jscomp.LooseTypeCheckTest::testAbstractMethodHandling4; com.google.javascript.jscomp.LooseTypeCheckTest::testAbstractMethodHandling5; com.google.javascript.jscomp.LooseTypeCheckTest::testAbstractMethodHandling6; com.google.javascript.jscomp.LooseTypeCheckTest::testDuplicateStaticPropertyDecl1; com.google.javascript.jscomp.LooseTypeCheckTest::testDuplicateStaticPropertyDecl2; com.google.javascript.jscomp.LooseTypeCheckTest::testDuplicateStaticPropertyDecl3; com.google.javascript.jscomp.LooseTypeCheckTest::testDuplicateStaticPropertyDecl6; com.google.javascript.jscomp.LooseTypeCheckTest::testDuplicateStaticPropertyDecl7; com.google.javascript.jscomp.LooseTypeCheckTest::testDuplicateStaticPropertyDecl8; com.google.javascript.jscomp.LooseTypeCheckTest::testDuplicateStaticPropertyDecl9; com.google.javascript.jscomp.LooseTypeCheckTest::testDoubleNestedInterface; com.google.javascript.jscomp.LooseTypeCheckTest::testNoForwardTypeDeclarationAndNoBraces; com.google.javascript.jscomp.LooseTypeCheckTest::testInheritanceCheck10_1; com.google.javascript.jscomp.LooseTypeCheckTest::testInheritanceCheck10_2; com.google.javascript.jscomp.LooseTypeCheckTest::testInheritanceCheck10_3; com.google.javascript.jscomp.LooseTypeCheckTest::testOptionalNullableArgFunctionParam2; com.google.javascript.jscomp.LooseTypeCheckTest::testOptionalNullableArgFunctionParam3; com.google.javascript.jscomp.LooseTypeCheckTest::testAliasedEnum1; com.google.javascript.jscomp.LooseTypeCheckTest::testAliasedEnum2; com.google.javascript.jscomp.LooseTypeCheckTest::testAliasedEnum3; com.google.javascript.jscomp.LooseTypeCheckTest::testAliasedEnum4; com.google.javascript.jscomp.LooseTypeCheckTest::testAliasedEnum5; com.google.javascript.jscomp.LooseTypeCheckTest::testNestedFunctionInference1; com.google.javascript.jscomp.LooseTypeCheckTest::testOptionalArgFunctionParam2; com.google.javascript.jscomp.LooseTypeCheckTest::testOptionalArgFunctionParam3; com.google.javascript.jscomp.LooseTypeCheckTest::testOptionalArgFunctionParam4; com.google.javascript.jscomp.LooseTypeCheckTest::testForwardPropertyReference; com.google.javascript.jscomp.LooseTypeCheckTest::testBooleanReduction1; com.google.javascript.jscomp.LooseTypeCheckTest::testBooleanReduction2; com.google.javascript.jscomp.LooseTypeCheckTest::testBooleanReduction3; com.google.javascript.jscomp.LooseTypeCheckTest::testBooleanReduction4; com.google.javascript.jscomp.LooseTypeCheckTest::testBooleanReduction5; com.google.javascript.jscomp.LooseTypeCheckTest::testBooleanReduction6; com.google.javascript.jscomp.LooseTypeCheckTest::testBooleanReduction7; com.google.javascript.jscomp.LooseTypeCheckTest::testOptionalArgFunctionReturn; com.google.javascript.jscomp.LooseTypeCheckTest::testBug2335992; com.google.javascript.jscomp.LooseTypeCheckTest::testBug2341812; com.google.javascript.jscomp.LooseTypeCheckTest::testFunctionMasksVariableBug; com.google.javascript.jscomp.LooseTypeCheckTest::testStaticDataPropertyOnNestedInterface; com.google.javascript.jscomp.LooseTypeCheckTest::testPropAccess2; com.google.javascript.jscomp.LooseTypeCheckTest::testPropAccess3; com.google.javascript.jscomp.LooseTypeCheckTest::testPropAccess4; com.google.javascript.jscomp.LooseTypeCheckTest::testBackwardsEnumUse1; com.google.javascript.jscomp.LooseTypeCheckTest::testBackwardsEnumUse2; com.google.javascript.jscomp.LooseTypeCheckTest::testBackwardsEnumUse3; com.google.javascript.jscomp.LooseTypeCheckTest::testBackwardsEnumUse4; com.google.javascript.jscomp.LooseTypeCheckTest::testBackwardsEnumUse5; com.google.javascript.jscomp.LooseTypeCheckTest::testGetprop1; com.google.javascript.jscomp.LooseTypeCheckTest::testArrayAccess1; com.google.javascript.jscomp.LooseTypeCheckTest::testArrayAccess2; com.google.javascript.jscomp.LooseTypeCheckTest::testArrayAccess3; com.google.javascript.jscomp.LooseTypeCheckTest::testArrayAccess4; com.google.javascript.jscomp.LooseTypeCheckTest::testArrayAccess6; com.google.javascript.jscomp.LooseTypeCheckTest::testArrayAccess7; com.google.javascript.jscomp.LooseTypeCheckTest::testArrayAccess8; com.google.javascript.jscomp.LooseTypeCheckTest::testScoping11; com.google.javascript.jscomp.LooseTypeCheckTest::testObjectPropertyTypeInferredInLocalScope1; com.google.javascript.jscomp.LooseTypeCheckTest::testObjectPropertyTypeInferredInLocalScope2; com.google.javascript.jscomp.LooseTypeCheckTest::testObjectPropertyTypeInferredInLocalScope3; com.google.javascript.jscomp.LooseTypeCheckTest::testGlobalThis1; com.google.javascript.jscomp.LooseTypeCheckTest::testGlobalThis2; com.google.javascript.jscomp.LooseTypeCheckTest::testGlobalThis3; com.google.javascript.jscomp.LooseTypeCheckTest::testGlobalThis4; com.google.javascript.jscomp.LooseTypeCheckTest::testGlobalThis5; com.google.javascript.jscomp.LooseTypeCheckTest::testGlobalThis6; com.google.javascript.jscomp.LooseTypeCheckTest::testBadImplementsNonInterfaceType; com.google.javascript.jscomp.LooseTypeCheckTest::testWhileRestrictsType1; com.google.javascript.jscomp.LooseTypeCheckTest::testWhileRestrictsType2; com.google.javascript.jscomp.LooseTypeCheckTest::testPrintFunctionName1; com.google.javascript.jscomp.LooseTypeCheckTest::testPrintFunctionName2; com.google.javascript.jscomp.LooseTypeCheckTest::testBadImplementsAConstructor; com.google.javascript.jscomp.LooseTypeCheckTest::testOptionalParameterComparedToUndefined; com.google.javascript.jscomp.LooseTypeCheckTest::testIn1; com.google.javascript.jscomp.LooseTypeCheckTest::testIn2; com.google.javascript.jscomp.LooseTypeCheckTest::testIn3; com.google.javascript.jscomp.LooseTypeCheckTest::testIn4; com.google.javascript.jscomp.LooseTypeCheckTest::testIn5; com.google.javascript.jscomp.LooseTypeCheckTest::testIn6; com.google.javascript.jscomp.LooseTypeCheckTest::testIn7; com.google.javascript.jscomp.LooseTypeCheckTest::testOr1; com.google.javascript.jscomp.LooseTypeCheckTest::testOr2; com.google.javascript.jscomp.LooseTypeCheckTest::testOr3; com.google.javascript.jscomp.LooseTypeCheckTest::testOr4; com.google.javascript.jscomp.LooseTypeCheckTest::testOr5; com.google.javascript.jscomp.LooseTypeCheckTest::testOptionalAllType; com.google.javascript.jscomp.LooseTypeCheckTest::testAnonymousType1; com.google.javascript.jscomp.LooseTypeCheckTest::testAnonymousType2; com.google.javascript.jscomp.LooseTypeCheckTest::testAnonymousType3; com.google.javascript.jscomp.LooseTypeCheckTest::testHookRestrictsType1; com.google.javascript.jscomp.LooseTypeCheckTest::testHookRestrictsType2; com.google.javascript.jscomp.LooseTypeCheckTest::testHookRestrictsType3; com.google.javascript.jscomp.LooseTypeCheckTest::testHookRestrictsType4; com.google.javascript.jscomp.LooseTypeCheckTest::testHookRestrictsType5; com.google.javascript.jscomp.LooseTypeCheckTest::testHookRestrictsType6; com.google.javascript.jscomp.LooseTypeCheckTest::testHookRestrictsType7; com.google.javascript.jscomp.LooseTypeCheckTest::testConstructorType1; com.google.javascript.jscomp.LooseTypeCheckTest::testConstructorType2; com.google.javascript.jscomp.LooseTypeCheckTest::testConstructorType3; com.google.javascript.jscomp.LooseTypeCheckTest::testConstructorType4; com.google.javascript.jscomp.LooseTypeCheckTest::testConstructorType5; com.google.javascript.jscomp.LooseTypeCheckTest::testConstructorType6; com.google.javascript.jscomp.LooseTypeCheckTest::testInheritanceCheck1; com.google.javascript.jscomp.LooseTypeCheckTest::testInheritanceCheck2; com.google.javascript.jscomp.LooseTypeCheckTest::testInheritanceCheck3; com.google.javascript.jscomp.LooseTypeCheckTest::testInheritanceCheck4; com.google.javascript.jscomp.LooseTypeCheckTest::testInheritanceCheck5; com.google.javascript.jscomp.LooseTypeCheckTest::testInheritanceCheck6; com.google.javascript.jscomp.LooseTypeCheckTest::testInheritanceCheck7; com.google.javascript.jscomp.LooseTypeCheckTest::testInheritanceCheck8; com.google.javascript.jscomp.LooseTypeCheckTest::testNoPersistentTypeInferenceForFunctionProperties; com.google.javascript.jscomp.LooseTypeCheckTest::testAdd10; com.google.javascript.jscomp.LooseTypeCheckTest::testAdd11; com.google.javascript.jscomp.LooseTypeCheckTest::testAdd12; com.google.javascript.jscomp.LooseTypeCheckTest::testAdd13; com.google.javascript.jscomp.LooseTypeCheckTest::testAdd14; com.google.javascript.jscomp.LooseTypeCheckTest::testAdd15; com.google.javascript.jscomp.LooseTypeCheckTest::testAdd16; com.google.javascript.jscomp.LooseTypeCheckTest::testAdd17; com.google.javascript.jscomp.LooseTypeCheckTest::testAdd18; com.google.javascript.jscomp.LooseTypeCheckTest::testAdd19; com.google.javascript.jscomp.LooseTypeCheckTest::testAdd20; com.google.javascript.jscomp.LooseTypeCheckTest::testAdd21; com.google.javascript.jscomp.LooseTypeCheckTest::testBang1; com.google.javascript.jscomp.LooseTypeCheckTest::testBang2; com.google.javascript.jscomp.LooseTypeCheckTest::testBang3; com.google.javascript.jscomp.LooseTypeCheckTest::testBang4; com.google.javascript.jscomp.LooseTypeCheckTest::testBang5; com.google.javascript.jscomp.LooseTypeCheckTest::testBang6; com.google.javascript.jscomp.LooseTypeCheckTest::testBang7; com.google.javascript.jscomp.LooseTypeCheckTest::testCall1; com.google.javascript.jscomp.LooseTypeCheckTest::testCall2; com.google.javascript.jscomp.LooseTypeCheckTest::testCall3; com.google.javascript.jscomp.LooseTypeCheckTest::testCall4; com.google.javascript.jscomp.LooseTypeCheckTest::testCall5; com.google.javascript.jscomp.LooseTypeCheckTest::testCall6; com.google.javascript.jscomp.LooseTypeCheckTest::testCall7; com.google.javascript.jscomp.LooseTypeCheckTest::testCall8; com.google.javascript.jscomp.LooseTypeCheckTest::testCall9; com.google.javascript.jscomp.LooseTypeCheckTest::testCast2; com.google.javascript.jscomp.LooseTypeCheckTest::testCast3; com.google.javascript.jscomp.LooseTypeCheckTest::testCast4; com.google.javascript.jscomp.LooseTypeCheckTest::testCast5; com.google.javascript.jscomp.LooseTypeCheckTest::testCast6; com.google.javascript.jscomp.LooseTypeCheckTest::testCast7; com.google.javascript.jscomp.LooseTypeCheckTest::testCast8; com.google.javascript.jscomp.LooseTypeCheckTest::testCast9; com.google.javascript.jscomp.LooseTypeCheckTest::testFunctionArguments1; com.google.javascript.jscomp.LooseTypeCheckTest::testFunctionArguments2; com.google.javascript.jscomp.LooseTypeCheckTest::testFunctionArguments3; com.google.javascript.jscomp.LooseTypeCheckTest::testFunctionArguments4; com.google.javascript.jscomp.LooseTypeCheckTest::testFunctionArguments5; com.google.javascript.jscomp.LooseTypeCheckTest::testFunctionArguments6; com.google.javascript.jscomp.LooseTypeCheckTest::testFunctionArguments7; com.google.javascript.jscomp.LooseTypeCheckTest::testFunctionArguments8; com.google.javascript.jscomp.LooseTypeCheckTest::testFunctionArguments9; com.google.javascript.jscomp.LooseTypeCheckTest::testDfa10; com.google.javascript.jscomp.LooseTypeCheckTest::testDfa11; com.google.javascript.jscomp.LooseTypeCheckTest::testDfa12; com.google.javascript.jscomp.LooseTypeCheckTest::testDfa13; com.google.javascript.jscomp.LooseTypeCheckTest::testEnum1; com.google.javascript.jscomp.LooseTypeCheckTest::testEnum2; com.google.javascript.jscomp.LooseTypeCheckTest::testEnum3; com.google.javascript.jscomp.LooseTypeCheckTest::testEnum4; com.google.javascript.jscomp.LooseTypeCheckTest::testEnum5; com.google.javascript.jscomp.LooseTypeCheckTest::testEnum6; com.google.javascript.jscomp.LooseTypeCheckTest::testEnum7; com.google.javascript.jscomp.LooseTypeCheckTest::testNew10; com.google.javascript.jscomp.LooseTypeCheckTest::testNew11; com.google.javascript.jscomp.LooseTypeCheckTest::testNew16; com.google.javascript.jscomp.LooseTypeCheckTest::testThis1; com.google.javascript.jscomp.LooseTypeCheckTest::testThis2; com.google.javascript.jscomp.LooseTypeCheckTest::testThis3; com.google.javascript.jscomp.LooseTypeCheckTest::testThis4; com.google.javascript.jscomp.LooseTypeCheckTest::testThis5; com.google.javascript.jscomp.LooseTypeCheckTest::testThis6; com.google.javascript.jscomp.LooseTypeCheckTest::testThis7; com.google.javascript.jscomp.LooseTypeCheckTest::testThis8; com.google.javascript.jscomp.LooseTypeCheckTest::testThis9; com.google.javascript.jscomp.LooseTypeCheckTest::testVar10; com.google.javascript.jscomp.LooseTypeCheckTest::testVar11; com.google.javascript.jscomp.LooseTypeCheckTest::testVar13; com.google.javascript.jscomp.LooseTypeCheckTest::testVar14; com.google.javascript.jscomp.LooseTypeCheckTest::testVar15; com.google.javascript.jscomp.LooseTypeCheckTest::testAdd1; com.google.javascript.jscomp.LooseTypeCheckTest::testAdd2; com.google.javascript.jscomp.LooseTypeCheckTest::testAdd3; com.google.javascript.jscomp.LooseTypeCheckTest::testAdd4; com.google.javascript.jscomp.LooseTypeCheckTest::testAdd5; com.google.javascript.jscomp.LooseTypeCheckTest::testAdd6; com.google.javascript.jscomp.LooseTypeCheckTest::testAdd7; com.google.javascript.jscomp.LooseTypeCheckTest::testAdd8; com.google.javascript.jscomp.LooseTypeCheckTest::testAdd9; com.google.javascript.jscomp.LooseTypeCheckTest::testAnd1; com.google.javascript.jscomp.LooseTypeCheckTest::testAnd2; com.google.javascript.jscomp.LooseTypeCheckTest::testAnd3; com.google.javascript.jscomp.LooseTypeCheckTest::testAnd4; com.google.javascript.jscomp.LooseTypeCheckTest::testAnd5; com.google.javascript.jscomp.LooseTypeCheckTest::testAnd6; com.google.javascript.jscomp.LooseTypeCheckTest::testAnd7; com.google.javascript.jscomp.LooseTypeCheckTest::testDfa1; com.google.javascript.jscomp.LooseTypeCheckTest::testDfa2; com.google.javascript.jscomp.LooseTypeCheckTest::testDfa3; com.google.javascript.jscomp.LooseTypeCheckTest::testDfa4; com.google.javascript.jscomp.LooseTypeCheckTest::testDfa5; com.google.javascript.jscomp.LooseTypeCheckTest::testDfa6; com.google.javascript.jscomp.LooseTypeCheckTest::testDfa7; com.google.javascript.jscomp.LooseTypeCheckTest::testDfa8; com.google.javascript.jscomp.LooseTypeCheckTest::testDfa9; com.google.javascript.jscomp.LooseTypeCheckTest::testHook; com.google.javascript.jscomp.LooseTypeCheckTest::testNew1; com.google.javascript.jscomp.LooseTypeCheckTest::testNew2; com.google.javascript.jscomp.LooseTypeCheckTest::testNew3; com.google.javascript.jscomp.LooseTypeCheckTest::testNew4; com.google.javascript.jscomp.LooseTypeCheckTest::testNew5; com.google.javascript.jscomp.LooseTypeCheckTest::testNew7; com.google.javascript.jscomp.LooseTypeCheckTest::testNew8; com.google.javascript.jscomp.LooseTypeCheckTest::testNew9; com.google.javascript.jscomp.LooseTypeCheckTest::testVar2; com.google.javascript.jscomp.LooseTypeCheckTest::testVar5; com.google.javascript.jscomp.LooseTypeCheckTest::testVar6; com.google.javascript.jscomp.LooseTypeCheckTest::testVar7; com.google.javascript.jscomp.LooseTypeCheckTest::testVar8; com.google.javascript.jscomp.LooseTypeCheckTest::testVar9; com.google.javascript.jscomp.LooseTypeCheckTest::testInterfacePropertyNotImplemented; com.google.javascript.jscomp.LooseTypeCheckTest::testMinimalConstructorAnnotation; com.google.javascript.jscomp.LooseTypeCheckTest::testAssign1; com.google.javascript.jscomp.LooseTypeCheckTest::testAssign2; com.google.javascript.jscomp.LooseTypeCheckTest::testAssign3; com.google.javascript.jscomp.LooseTypeCheckTest::testAssign4; com.google.javascript.jscomp.LooseTypeCheckTest::testComparison2; com.google.javascript.jscomp.LooseTypeCheckTest::testComparison3; com.google.javascript.jscomp.LooseTypeCheckTest::testComparison4; com.google.javascript.jscomp.LooseTypeCheckTest::testComparison5; com.google.javascript.jscomp.LooseTypeCheckTest::testComparison6; com.google.javascript.jscomp.LooseTypeCheckTest::testComparison7; com.google.javascript.jscomp.LooseTypeCheckTest::testComparison8; com.google.javascript.jscomp.LooseTypeCheckTest::testComparison9; com.google.javascript.jscomp.LooseTypeCheckTest::testOptionalUnknownNamedType; com.google.javascript.jscomp.LooseTypeCheckTest::testConstructorAlias1; com.google.javascript.jscomp.LooseTypeCheckTest::testConstructorAlias2; com.google.javascript.jscomp.LooseTypeCheckTest::testConstructorAlias3; com.google.javascript.jscomp.LooseTypeCheckTest::testConstructorAlias4; com.google.javascript.jscomp.LooseTypeCheckTest::testConstructorAlias5; com.google.javascript.jscomp.LooseTypeCheckTest::testConstructorAlias6; com.google.javascript.jscomp.LooseTypeCheckTest::testConstructorAlias7; com.google.javascript.jscomp.LooseTypeCheckTest::testConstructorAlias8; com.google.javascript.jscomp.LooseTypeCheckTest::testConstructorAlias9; com.google.javascript.jscomp.LooseTypeCheckTest::testTypeInferenceWithClosure1; com.google.javascript.jscomp.LooseTypeCheckTest::testTypeInferenceWithClosure2; com.google.javascript.jscomp.LooseTypeCheckTest::testUnknownPrototypeChain; com.google.javascript.jscomp.LooseTypeCheckTest::testInterfacePropertyNotImplemented2; com.google.javascript.jscomp.LooseTypeCheckTest::testInterfaceAssignment1; com.google.javascript.jscomp.LooseTypeCheckTest::testInterfaceAssignment2; com.google.javascript.jscomp.LooseTypeCheckTest::testInterfaceAssignment3; com.google.javascript.jscomp.LooseTypeCheckTest::testInterfaceAssignment4; com.google.javascript.jscomp.LooseTypeCheckTest::testInterfaceAssignment5; com.google.javascript.jscomp.LooseTypeCheckTest::testInterfaceAssignment6; com.google.javascript.jscomp.LooseTypeCheckTest::testInterfaceAssignment7; com.google.javascript.jscomp.LooseTypeCheckTest::testInterfaceAssignment8; com.google.javascript.jscomp.LooseTypeCheckTest::testInterfaceAssignment9; com.google.javascript.jscomp.LooseTypeCheckTest::testPropertyInferredPropagation; com.google.javascript.jscomp.LooseTypeCheckTest::testBitOperation1; com.google.javascript.jscomp.LooseTypeCheckTest::testBitOperation2; com.google.javascript.jscomp.LooseTypeCheckTest::testBitOperation3; com.google.javascript.jscomp.LooseTypeCheckTest::testBitOperation4; com.google.javascript.jscomp.LooseTypeCheckTest::testBitOperation5; com.google.javascript.jscomp.LooseTypeCheckTest::testBitOperation6; com.google.javascript.jscomp.LooseTypeCheckTest::testBitOperation7; com.google.javascript.jscomp.LooseTypeCheckTest::testBitOperation8; com.google.javascript.jscomp.LooseTypeCheckTest::testBitOperation9; com.google.javascript.jscomp.LooseTypeCheckTest::testBadConstructorCall; com.google.javascript.jscomp.LooseTypeCheckTest::testPropertyUsedBeforeDefinition1; com.google.javascript.jscomp.LooseTypeCheckTest::testPropertyUsedBeforeDefinition2; com.google.javascript.jscomp.LooseTypeCheckTest::testTypeCheck16a; com.google.javascript.jscomp.LooseTypeCheckTest::testTypeCheck16b; com.google.javascript.jscomp.LooseTypeCheckTest::testStubFunctionDeclaration10; com.google.javascript.jscomp.LooseTypeCheckTest::testBooleanUnboxing; com.google.javascript.jscomp.LooseTypeCheckTest::testAnnotatedPropertyOnInterface1; com.google.javascript.jscomp.LooseTypeCheckTest::testAnnotatedPropertyOnInterface2; com.google.javascript.jscomp.LooseTypeCheckTest::testAnnotatedPropertyOnInterface3; com.google.javascript.jscomp.LooseTypeCheckTest::testAnnotatedPropertyOnInterface4; com.google.javascript.jscomp.LooseTypeCheckTest::testSuperClassDefinedAfterSubClass1; com.google.javascript.jscomp.LooseTypeCheckTest::testSuperClassDefinedAfterSubClass2; com.google.javascript.jscomp.LooseTypeCheckTest::testBooleanAutoboxing; com.google.javascript.jscomp.LooseTypeCheckTest::testTypeCheckCustomExterns; com.google.javascript.jscomp.LooseTypeCheckTest::testBadImplementsNonObjectType; com.google.javascript.jscomp.LooseTypeCheckTest::testStringAutoboxing; com.google.javascript.jscomp.LooseTypeCheckTest::testDirectPrototypeAssignment1; com.google.javascript.jscomp.LooseTypeCheckTest::testDirectPrototypeAssignment2; com.google.javascript.jscomp.LooseTypeCheckTest::testDefinePropertyOnNullableObject1; com.google.javascript.jscomp.LooseTypeCheckTest::testDefinePropertyOnNullableObject2; com.google.javascript.jscomp.LooseTypeCheckTest::testFunctionCall1; com.google.javascript.jscomp.LooseTypeCheckTest::testFunctionCall2; com.google.javascript.jscomp.LooseTypeCheckTest::testFunctionCall3; com.google.javascript.jscomp.LooseTypeCheckTest::testFunctionCall4; com.google.javascript.jscomp.LooseTypeCheckTest::testFunctionCall5; com.google.javascript.jscomp.LooseTypeCheckTest::testFunctionCall6; com.google.javascript.jscomp.LooseTypeCheckTest::testFunctionCall7; com.google.javascript.jscomp.LooseTypeCheckTest::testFunctionCall8; com.google.javascript.jscomp.LooseTypeCheckTest::testBadExtends1; com.google.javascript.jscomp.LooseTypeCheckTest::testBadExtends2; com.google.javascript.jscomp.LooseTypeCheckTest::testBadExtends3; com.google.javascript.jscomp.LooseTypeCheckTest::testTypeCheckBasicDowncast; com.google.javascript.jscomp.LooseTypeCheckTest::testParameterizedObject1; com.google.javascript.jscomp.LooseTypeCheckTest::testParameterizedObject2; com.google.javascript.jscomp.LooseTypeCheckTest::testParameterizedObject3; com.google.javascript.jscomp.LooseTypeCheckTest::testParameterizedObject4; com.google.javascript.jscomp.LooseTypeCheckTest::testConstructorAlias10; com.google.javascript.jscomp.LooseTypeCheckTest::testOptionalArgFunctionParam; com.google.javascript.jscomp.LooseTypeCheckTest::testStubFunctionDeclaration1; com.google.javascript.jscomp.LooseTypeCheckTest::testStubFunctionDeclaration3; com.google.javascript.jscomp.LooseTypeCheckTest::testStubFunctionDeclaration4; com.google.javascript.jscomp.LooseTypeCheckTest::testStubFunctionDeclaration5; com.google.javascript.jscomp.LooseTypeCheckTest::testStubFunctionDeclaration6; com.google.javascript.jscomp.LooseTypeCheckTest::testStubFunctionDeclaration7; com.google.javascript.jscomp.LooseTypeCheckTest::testStubFunctionDeclaration8; com.google.javascript.jscomp.LooseTypeCheckTest::testStubFunctionDeclaration9; com.google.javascript.jscomp.LooseTypeCheckTest::testWarnDataPropertyOnInterface3; com.google.javascript.jscomp.LooseTypeCheckTest::testWarnDataPropertyOnInterface4; com.google.javascript.jscomp.LooseTypeCheckTest::testInterfaceInheritanceCheck11; com.google.javascript.jscomp.LooseTypeCheckTest::testQualifiedNameReduction1; com.google.javascript.jscomp.LooseTypeCheckTest::testQualifiedNameReduction2; com.google.javascript.jscomp.LooseTypeCheckTest::testQualifiedNameReduction3; com.google.javascript.jscomp.LooseTypeCheckTest::testEnumStaticMethod1; com.google.javascript.jscomp.LooseTypeCheckTest::testEnumStaticMethod2; com.google.javascript.jscomp.LooseTypeCheckTest::testMissingProperty1; com.google.javascript.jscomp.LooseTypeCheckTest::testMissingProperty2; com.google.javascript.jscomp.LooseTypeCheckTest::testMissingProperty3; com.google.javascript.jscomp.LooseTypeCheckTest::testMissingProperty4; com.google.javascript.jscomp.LooseTypeCheckTest::testMissingProperty5; com.google.javascript.jscomp.LooseTypeCheckTest::testMissingProperty6; com.google.javascript.jscomp.LooseTypeCheckTest::testMissingProperty7; com.google.javascript.jscomp.LooseTypeCheckTest::testMissingProperty8; com.google.javascript.jscomp.LooseTypeCheckTest::testMissingProperty9; com.google.javascript.jscomp.LooseTypeCheckTest::testErrorMismatchingPropertyOnInterface4; com.google.javascript.jscomp.LooseTypeCheckTest::testErrorMismatchingPropertyOnInterface5; com.google.javascript.jscomp.LooseTypeCheckTest::testTypeDef1; com.google.javascript.jscomp.LooseTypeCheckTest::testTypeDef2; com.google.javascript.jscomp.LooseTypeCheckTest::testTypeDef3; com.google.javascript.jscomp.LooseTypeCheckTest::testDuplicateTypeDef; com.google.javascript.jscomp.LooseTypeCheckTest::testBadInterfaceExtends1; com.google.javascript.jscomp.LooseTypeCheckTest::testBadInterfaceExtends2; com.google.javascript.jscomp.LooseTypeCheckTest::testBadInterfaceExtends3; com.google.javascript.jscomp.LooseTypeCheckTest::testBadInterfaceExtends4; com.google.javascript.jscomp.LooseTypeCheckTest::testBadInterfaceExtends5; com.google.javascript.jscomp.LooseTypeCheckTest::testNumberAutoboxing; com.google.javascript.jscomp.LooseTypeCheckTest::testTypeCheckNoDowncastToNumber; com.google.javascript.jscomp.LooseTypeCheckTest::testBug592170; com.google.javascript.jscomp.LooseTypeCheckTest::testObjectLiteralDeclaration1; com.google.javascript.jscomp.LooseTypeCheckTest::testTypeInferenceWithCast1; com.google.javascript.jscomp.LooseTypeCheckTest::testTypeInferenceWithCast2; com.google.javascript.jscomp.LooseTypeCheckTest::testTypeInferenceWithCast3; com.google.javascript.jscomp.LooseTypeCheckTest::testTypeInferenceWithCast4; com.google.javascript.jscomp.LooseTypeCheckTest::testTypeInferenceWithCast5; com.google.javascript.jscomp.LooseTypeCheckTest::testGoodExtends10; com.google.javascript.jscomp.LooseTypeCheckTest::testGoodExtends11; com.google.javascript.jscomp.LooseTypeCheckTest::testInterfaceExtends; com.google.javascript.jscomp.LooseTypeCheckTest::testScoping1; com.google.javascript.jscomp.LooseTypeCheckTest::testScoping2; com.google.javascript.jscomp.LooseTypeCheckTest::testScoping3; com.google.javascript.jscomp.LooseTypeCheckTest::testScoping4; com.google.javascript.jscomp.LooseTypeCheckTest::testScoping5; com.google.javascript.jscomp.LooseTypeCheckTest::testScoping6; com.google.javascript.jscomp.LooseTypeCheckTest::testScoping7; com.google.javascript.jscomp.LooseTypeCheckTest::testScoping8; com.google.javascript.jscomp.LooseTypeCheckTest::testScoping9; com.google.javascript.jscomp.LooseTypeCheckTest::testSuperclassMatchWithMixin; com.google.javascript.jscomp.LooseTypeCheckTest::testBug901455; com.google.javascript.jscomp.LooseTypeCheckTest::testBug908625; com.google.javascript.jscomp.LooseTypeCheckTest::testBug908701; com.google.javascript.jscomp.LooseTypeCheckTest::testBug909000; com.google.javascript.jscomp.LooseTypeCheckTest::testBug911118; com.google.javascript.jscomp.LooseTypeCheckTest::testBug930117; com.google.javascript.jscomp.LooseTypeCheckTest::testScopedConstructors; com.google.javascript.jscomp.LooseTypeCheckTest::testValueOfComparison1; com.google.javascript.jscomp.LooseTypeCheckTest::testValueOfComparison2; com.google.javascript.jscomp.LooseTypeCheckTest::testValueOfComparison3; com.google.javascript.jscomp.LooseTypeCheckTest::testControlFlowRestrictsType2; com.google.javascript.jscomp.LooseTypeCheckTest::testControlFlowRestrictsType3; com.google.javascript.jscomp.LooseTypeCheckTest::testControlFlowRestrictsType4; com.google.javascript.jscomp.LooseTypeCheckTest::testControlFlowRestrictsType5; com.google.javascript.jscomp.LooseTypeCheckTest::testControlFlowRestrictsType6; com.google.javascript.jscomp.LooseTypeCheckTest::testControlFlowRestrictsType7; com.google.javascript.jscomp.LooseTypeCheckTest::testControlFlowRestrictsType8; com.google.javascript.jscomp.LooseTypeCheckTest::testControlFlowRestrictsType9; com.google.javascript.jscomp.LooseTypeCheckTest::testResolutionViaRegistry1; com.google.javascript.jscomp.LooseTypeCheckTest::testResolutionViaRegistry2; com.google.javascript.jscomp.LooseTypeCheckTest::testResolutionViaRegistry3; com.google.javascript.jscomp.LooseTypeCheckTest::testResolutionViaRegistry4; com.google.javascript.jscomp.LooseTypeCheckTest::testFunctionInference10; com.google.javascript.jscomp.LooseTypeCheckTest::testFunctionInference11; com.google.javascript.jscomp.LooseTypeCheckTest::testFunctionInference12; com.google.javascript.jscomp.LooseTypeCheckTest::testFunctionInference13; com.google.javascript.jscomp.LooseTypeCheckTest::testFunctionInference14; com.google.javascript.jscomp.LooseTypeCheckTest::testFunctionInference15; com.google.javascript.jscomp.LooseTypeCheckTest::testFunctionInference16; com.google.javascript.jscomp.LooseTypeCheckTest::testFunctionInference17; com.google.javascript.jscomp.LooseTypeCheckTest::testFunctionInference18; com.google.javascript.jscomp.LooseTypeCheckTest::testFunctionInference19; com.google.javascript.jscomp.LooseTypeCheckTest::testFunctionInference20; com.google.javascript.jscomp.LooseTypeCheckTest::testInterfaceInstantiation; com.google.javascript.jscomp.LooseTypeCheckTest::testNumericComparison1; com.google.javascript.jscomp.LooseTypeCheckTest::testNumericComparison2; com.google.javascript.jscomp.LooseTypeCheckTest::testNumericComparison3; com.google.javascript.jscomp.LooseTypeCheckTest::testNumericComparison4; com.google.javascript.jscomp.LooseTypeCheckTest::testNumericComparison5; com.google.javascript.jscomp.LooseTypeCheckTest::testNumericComparison6; com.google.javascript.jscomp.LooseTypeCheckTest::testBooleanPreservation1; com.google.javascript.jscomp.LooseTypeCheckTest::testBooleanPreservation2; com.google.javascript.jscomp.LooseTypeCheckTest::testBooleanPreservation3; com.google.javascript.jscomp.LooseTypeCheckTest::testBooleanPreservation4; com.google.javascript.jscomp.LooseTypeCheckTest::testInnerFunction1; com.google.javascript.jscomp.LooseTypeCheckTest::testInnerFunction2; com.google.javascript.jscomp.LooseTypeCheckTest::testInnerFunction3; com.google.javascript.jscomp.LooseTypeCheckTest::testInnerFunction4; com.google.javascript.jscomp.LooseTypeCheckTest::testInnerFunction5; com.google.javascript.jscomp.LooseTypeCheckTest::testInnerFunction9; com.google.javascript.jscomp.LooseTypeCheckTest::testNoTypeCheck1; com.google.javascript.jscomp.LooseTypeCheckTest::testNoTypeCheck2; com.google.javascript.jscomp.LooseTypeCheckTest::testNoTypeCheck3; com.google.javascript.jscomp.LooseTypeCheckTest::testNoTypeCheck4; com.google.javascript.jscomp.LooseTypeCheckTest::testNoTypeCheck5; com.google.javascript.jscomp.LooseTypeCheckTest::testNoTypeCheck6; com.google.javascript.jscomp.LooseTypeCheckTest::testNoTypeCheck7; com.google.javascript.jscomp.LooseTypeCheckTest::testNoTypeCheck8; com.google.javascript.jscomp.LooseTypeCheckTest::testOptionalArgFunctionReturn2; com.google.javascript.jscomp.LooseTypeCheckTest::testInheritanceCheck12; com.google.javascript.jscomp.LooseTypeCheckTest::testInheritanceCheck13; com.google.javascript.jscomp.LooseTypeCheckTest::testInheritanceCheck14; com.google.javascript.jscomp.LooseTypeCheckTest::testInheritanceCheck9_1; com.google.javascript.jscomp.LooseTypeCheckTest::testInheritanceCheck9_2; com.google.javascript.jscomp.LooseTypeCheckTest::testInheritanceCheck9_3; com.google.javascript.jscomp.LooseTypeCheckTest::testFunctionAssignement; com.google.javascript.jscomp.LooseTypeCheckTest::testReturn1; com.google.javascript.jscomp.LooseTypeCheckTest::testReturn2; com.google.javascript.jscomp.LooseTypeCheckTest::testReturn3; com.google.javascript.jscomp.LooseTypeCheckTest::testReturn4; com.google.javascript.jscomp.LooseTypeCheckTest::testReturn5; com.google.javascript.jscomp.LooseTypeCheckTest::testReturn6; com.google.javascript.jscomp.LooseTypeCheckTest::testReturn7; com.google.javascript.jscomp.LooseTypeCheckTest::testReturn8; com.google.javascript.jscomp.LooseTypeCheckTest::testStaticMethodDeclaration1; com.google.javascript.jscomp.LooseTypeCheckTest::testStaticMethodDeclaration2; com.google.javascript.jscomp.LooseTypeCheckTest::testStaticMethodDeclaration3; com.google.javascript.jscomp.LooseTypeCheckTest::testSuperclassMatch; com.google.javascript.jscomp.LooseTypeCheckTest::testDirectPrototypeAssign; com.google.javascript.jscomp.LooseTypeCheckTest::testOptionalArgFunctionParamError; com.google.javascript.jscomp.LooseTypeCheckTest::testTypeCheck10; com.google.javascript.jscomp.LooseTypeCheckTest::testTypeCheck11; com.google.javascript.jscomp.LooseTypeCheckTest::testTypeCheck12; com.google.javascript.jscomp.LooseTypeCheckTest::testTypeCheck13; com.google.javascript.jscomp.LooseTypeCheckTest::testTypeCheck14; com.google.javascript.jscomp.LooseTypeCheckTest::testTypeCheck15; com.google.javascript.jscomp.LooseTypeCheckTest::testTypeCheck17; com.google.javascript.jscomp.LooseTypeCheckTest::testTypeCheck18; com.google.javascript.jscomp.LooseTypeCheckTest::testTypeCheck19; com.google.javascript.jscomp.LooseTypeCheckTest::testTypeCheck20; com.google.javascript.jscomp.LooseTypeCheckTest::testTypeCheck21; com.google.javascript.jscomp.LooseTypeCheckTest::testTypeCheck22; com.google.javascript.jscomp.LooseTypeCheckTest::testTypeCheck23; com.google.javascript.jscomp.LooseTypeCheckTest::testTypeCheck24; com.google.javascript.jscomp.LooseTypeCheckTest::testMismatchingOverridingInferredPropertyBeforeDeclaredProperty1; com.google.javascript.jscomp.LooseTypeCheckTest::testMismatchingOverridingInferredPropertyBeforeDeclaredProperty2; com.google.javascript.jscomp.LooseTypeCheckTest::testMismatchingOverridingInferredPropertyBeforeDeclaredProperty3; com.google.javascript.jscomp.LooseTypeCheckTest::testMismatchingOverridingInferredPropertyBeforeDeclaredProperty4; com.google.javascript.jscomp.LooseTypeCheckTest::testParameterizedArray1; com.google.javascript.jscomp.LooseTypeCheckTest::testParameterizedArray2; com.google.javascript.jscomp.LooseTypeCheckTest::testParameterizedArray3; com.google.javascript.jscomp.LooseTypeCheckTest::testParameterizedArray4; com.google.javascript.jscomp.LooseTypeCheckTest::testParameterizedArray5; com.google.javascript.jscomp.LooseTypeCheckTest::testParameterizedArray6; com.google.javascript.jscomp.LooseTypeCheckTest::testParameterizedArray7; com.google.javascript.jscomp.LooseTypeCheckTest::testIssue124b; com.google.javascript.jscomp.LooseTypeCheckTest::testQualifiedNameInference1; com.google.javascript.jscomp.LooseTypeCheckTest::testQualifiedNameInference2; com.google.javascript.jscomp.LooseTypeCheckTest::testQualifiedNameInference3; com.google.javascript.jscomp.LooseTypeCheckTest::testQualifiedNameInference4; com.google.javascript.jscomp.LooseTypeCheckTest::testInterfaceNonEmptyFunction; com.google.javascript.jscomp.LooseTypeCheckTest::testUnknownConstructorInstanceType1; com.google.javascript.jscomp.LooseTypeCheckTest::testUnknownConstructorInstanceType2; com.google.javascript.jscomp.LooseTypeCheckTest::testUnknownConstructorInstanceType3; com.google.javascript.jscomp.LooseTypeCheckTest::testPropertyInference1; com.google.javascript.jscomp.LooseTypeCheckTest::testPropertyInference2; com.google.javascript.jscomp.LooseTypeCheckTest::testPropertyInference3; com.google.javascript.jscomp.LooseTypeCheckTest::testPropertyInference4; com.google.javascript.jscomp.LooseTypeCheckTest::testPropertyInference5; com.google.javascript.jscomp.LooseTypeCheckTest::testPropertyInference6; com.google.javascript.jscomp.LooseTypeCheckTest::testPropertyInference7; com.google.javascript.jscomp.LooseTypeCheckTest::testPropertyInference8; com.google.javascript.jscomp.LooseTypeCheckTest::testTypeOfReduction1; com.google.javascript.jscomp.LooseTypeCheckTest::testTypeOfReduction2; com.google.javascript.jscomp.LooseTypeCheckTest::testTypeOfReduction3; com.google.javascript.jscomp.LooseTypeCheckTest::testTypeOfReduction4; com.google.javascript.jscomp.LooseTypeCheckTest::testTypeOfReduction5; com.google.javascript.jscomp.LooseTypeCheckTest::testTypeOfReduction6; com.google.javascript.jscomp.LooseTypeCheckTest::testTypeOfReduction7; com.google.javascript.jscomp.LooseTypeCheckTest::testPropertyTypeOfUnionType; com.google.javascript.jscomp.LooseTypeCheckTest::testBackwardsConstructor1; com.google.javascript.jscomp.LooseTypeCheckTest::testBackwardsConstructor2; com.google.javascript.jscomp.LooseTypeCheckTest::testNativeCast1; com.google.javascript.jscomp.LooseTypeCheckTest::testNativeCast2; com.google.javascript.jscomp.LooseTypeCheckTest::testNativeCast3; com.google.javascript.jscomp.LooseTypeCheckTest::testNativeCast4; com.google.javascript.jscomp.LooseTypeCheckTest::testGoodImplements1; com.google.javascript.jscomp.LooseTypeCheckTest::testGoodImplements2; com.google.javascript.jscomp.LooseTypeCheckTest::testStringUnboxing; com.google.javascript.jscomp.LooseTypeCheckTest::testCircularTypeDef; com.google.javascript.jscomp.LooseTypeCheckTest::testPrototypePropertyReference; com.google.javascript.jscomp.LooseTypeCheckTest::testInstanceOfReduction1; com.google.javascript.jscomp.LooseTypeCheckTest::testInstanceOfReduction2; com.google.javascript.jscomp.LooseTypeCheckTest::testInstanceOfReduction3; com.google.javascript.jscomp.LooseTypeCheckTest::testCall10; com.google.javascript.jscomp.LooseTypeCheckTest::testCall11; com.google.javascript.jscomp.LooseTypeCheckTest::testCast10; com.google.javascript.jscomp.LooseTypeCheckTest::testCast11; com.google.javascript.jscomp.LooseTypeCheckTest::testCast12; com.google.javascript.jscomp.LooseTypeCheckTest::testCast15; com.google.javascript.jscomp.LooseTypeCheckTest::testCast16; com.google.javascript.jscomp.LooseTypeCheckTest::testComparison10; com.google.javascript.jscomp.LooseTypeCheckTest::testFunctionArguments10; com.google.javascript.jscomp.LooseTypeCheckTest::testFunctionArguments11; com.google.javascript.jscomp.LooseTypeCheckTest::testFunctionArguments12; com.google.javascript.jscomp.LooseTypeCheckTest::testFunctionArguments13; com.google.javascript.jscomp.LooseTypeCheckTest::testFunctionArguments14; com.google.javascript.jscomp.LooseTypeCheckTest::testFunctionArguments15; com.google.javascript.jscomp.LooseTypeCheckTest::testHigherOrderFunctions1; com.google.javascript.jscomp.LooseTypeCheckTest::testHigherOrderFunctions2; com.google.javascript.jscomp.LooseTypeCheckTest::testHigherOrderFunctions3; com.google.javascript.jscomp.LooseTypeCheckTest::testHigherOrderFunctions4; com.google.javascript.jscomp.LooseTypeCheckTest::testEnum10; com.google.javascript.jscomp.LooseTypeCheckTest::testEnum11; com.google.javascript.jscomp.LooseTypeCheckTest::testEnum12; com.google.javascript.jscomp.LooseTypeCheckTest::testEnum13; com.google.javascript.jscomp.LooseTypeCheckTest::testEnum14; com.google.javascript.jscomp.LooseTypeCheckTest::testEnum15; com.google.javascript.jscomp.LooseTypeCheckTest::testEnum16; com.google.javascript.jscomp.LooseTypeCheckTest::testEnum17; com.google.javascript.jscomp.LooseTypeCheckTest::testEnum18; com.google.javascript.jscomp.LooseTypeCheckTest::testEnum19; com.google.javascript.jscomp.LooseTypeCheckTest::testEnum20; com.google.javascript.jscomp.LooseTypeCheckTest::testEnum22; com.google.javascript.jscomp.LooseTypeCheckTest::testEnum23; com.google.javascript.jscomp.LooseTypeCheckTest::testEnum24; com.google.javascript.jscomp.LooseTypeCheckTest::testEnum25; com.google.javascript.jscomp.LooseTypeCheckTest::testEnum26; com.google.javascript.jscomp.LooseTypeCheckTest::testEnum27; com.google.javascript.jscomp.LooseTypeCheckTest::testEnum28; com.google.javascript.jscomp.LooseTypeCheckTest::testEnum29; com.google.javascript.jscomp.LooseTypeCheckTest::testEnum30; com.google.javascript.jscomp.LooseTypeCheckTest::testEnum31; com.google.javascript.jscomp.LooseTypeCheckTest::testEnum32; com.google.javascript.jscomp.LooseTypeCheckTest::testEnum34; com.google.javascript.jscomp.LooseTypeCheckTest::testEnum35; com.google.javascript.jscomp.LooseTypeCheckTest::testEnum36; com.google.javascript.jscomp.LooseTypeCheckTest::testEnum37; com.google.javascript.jscomp.LooseTypeCheckTest::testEnum38; com.google.javascript.jscomp.LooseTypeCheckTest::testEnum39; com.google.javascript.jscomp.LooseTypeCheckTest::testEnum40; com.google.javascript.jscomp.LooseTypeCheckTest::testControlFlowRestrictsType1a; com.google.javascript.jscomp.LooseTypeCheckTest::testControlFlowRestrictsType1b; com.google.javascript.jscomp.LooseTypeCheckTest::testControlFlowRestrictsType1c; com.google.javascript.jscomp.LooseTypeCheckTest::testGoodExtends1; com.google.javascript.jscomp.LooseTypeCheckTest::testGoodExtends2; com.google.javascript.jscomp.LooseTypeCheckTest::testGoodExtends3; com.google.javascript.jscomp.LooseTypeCheckTest::testGoodExtends5; com.google.javascript.jscomp.LooseTypeCheckTest::testGoodExtends6; com.google.javascript.jscomp.LooseTypeCheckTest::testGoodExtends7; com.google.javascript.jscomp.LooseTypeCheckTest::testGoodExtends8; com.google.javascript.jscomp.LooseTypeCheckTest::testGoodExtends9; com.google.javascript.jscomp.LooseTypeCheckTest::testTypeCheckDefaultExterns; com.google.javascript.jscomp.LooseTypeCheckTest::testTypeRedefinition; com.google.javascript.jscomp.LooseTypeCheckTest::testIssue124; com.google.javascript.jscomp.LooseTypeCheckTest::testBadImplements1; com.google.javascript.jscomp.LooseTypeCheckTest::testBadImplements2; com.google.javascript.jscomp.LooseTypeCheckTest::testBadImplements3; com.google.javascript.jscomp.LooseTypeCheckTest::testAssignInference; com.google.javascript.jscomp.LooseTypeCheckTest::testSwitchCase1; com.google.javascript.jscomp.LooseTypeCheckTest::testSwitchCase2; com.google.javascript.jscomp.LooseTypeCheckTest::testSwitchCase3; com.google.javascript.jscomp.LooseTypeCheckTest::testSwitchCase4; com.google.javascript.jscomp.LooseTypeCheckTest::testSwitchCase5; com.google.javascript.jscomp.LooseTypeCheckTest::testSwitchCase6; com.google.javascript.jscomp.LooseTypeCheckTest::testSwitchCase7; com.google.javascript.jscomp.LooseTypeCheckTest::testSwitchCase8; com.google.javascript.jscomp.LooseTypeCheckTest::testUnionOfFunctionAndType; com.google.javascript.jscomp.LooseTypeCheckTest::testNumberUnboxing; com.google.javascript.jscomp.LooseTypeCheckTest::testSuperclassMismatch1; com.google.javascript.jscomp.LooseTypeCheckTest::testSuperclassMismatch2; com.google.javascript.jscomp.LooseTypeCheckTest::testInstanceof1; com.google.javascript.jscomp.LooseTypeCheckTest::testInstanceof2; com.google.javascript.jscomp.LooseTypeCheckTest::testInstanceof3; com.google.javascript.jscomp.LooseTypeCheckTest::testInstanceof4; com.google.javascript.jscomp.LooseTypeCheckTest::testInstanceof5; com.google.javascript.jscomp.LooseTypeCheckTest::testInstanceof6; com.google.javascript.jscomp.LooseTypeCheckTest::testFunctionInference1; com.google.javascript.jscomp.LooseTypeCheckTest::testFunctionInference2; com.google.javascript.jscomp.LooseTypeCheckTest::testFunctionInference3; com.google.javascript.jscomp.LooseTypeCheckTest::testFunctionInference4; com.google.javascript.jscomp.LooseTypeCheckTest::testFunctionInference5; com.google.javascript.jscomp.LooseTypeCheckTest::testFunctionInference6; com.google.javascript.jscomp.LooseTypeCheckTest::testFunctionInference7; com.google.javascript.jscomp.LooseTypeCheckTest::testFunctionInference8; com.google.javascript.jscomp.LooseTypeCheckTest::testFunctionInference9; com.google.javascript.jscomp.LooseTypeCheckTest::testNullOr; com.google.javascript.jscomp.LooseTypeCheckTest::testPropAccess; com.google.javascript.jscomp.LooseTypeCheckTest::testBug1484445; com.google.javascript.jscomp.LooseTypeCheckTest::testTypeCheck1; com.google.javascript.jscomp.LooseTypeCheckTest::testTypeCheck2; com.google.javascript.jscomp.LooseTypeCheckTest::testTypeCheck4; com.google.javascript.jscomp.LooseTypeCheckTest::testTypeCheck5; com.google.javascript.jscomp.LooseTypeCheckTest::testTypeCheck6; com.google.javascript.jscomp.LooseTypeCheckTest::testTypeCheck8; com.google.javascript.jscomp.LooseTypeCheckTest::testTypeCheck9; com.google.javascript.jscomp.LooseTypeCheckTest::testIssue86; com.google.javascript.jscomp.LooseTypeCheckTest::testMethodInference1; com.google.javascript.jscomp.LooseTypeCheckTest::testMethodInference2; com.google.javascript.jscomp.LooseTypeCheckTest::testMethodInference3; com.google.javascript.jscomp.LooseTypeCheckTest::testMethodInference4; com.google.javascript.jscomp.LooseTypeCheckTest::testMethodInference5; com.google.javascript.jscomp.LooseTypeCheckTest::testMethodInference6; com.google.javascript.jscomp.LooseTypeCheckTest::testMethodInference7; com.google.javascript.jscomp.LooseTypeCheckTest::testMethodInference8; com.google.javascript.jscomp.LooseTypeCheckTest::testMethodInference9; com.google.javascript.jscomp.LooseTypeCheckTest::testThis10; com.google.javascript.jscomp.LooseTypeCheckTest::testTypeof; com.google.javascript.jscomp.LooseTypeCheckTest::testBug1859535; com.google.javascript.jscomp.LooseTypeCheckTest::testBooleanType; com.google.javascript.jscomp.LooseTypeCheckTest::testBug1940591; com.google.javascript.jscomp.LooseTypeCheckTest::testBug1940769; com.google.javascript.jscomp.LooseTypeCheckTest::testBug1942972; com.google.javascript.jscomp.LooseTypeCheckTest::testBug1943776; com.google.javascript.jscomp.LooseTypeCheckTest::testBug1987544; com.google.javascript.jscomp.LooseTypeCheckTest::testInterfaceAssignment10; com.google.javascript.jscomp.LooseTypeCheckTest::testInterfaceAssignment11; com.google.javascript.jscomp.LooseTypeCheckTest::testInterfaceAssignment12; com.google.javascript.jscomp.LooseTypeCheckTest::testInterfaceAssignment13; com.google.javascript.jscomp.LooseTypeCheckTest::testNestedCasts; com.google.javascript.jscomp.LooseTypeCheckTest::testNullAnd; com.google.javascript.jscomp.LooseTypeCheckTest::testGenericRelationalExpression; com.google.javascript.jscomp.LooseTypeCheckTest::testStringComparison1; com.google.javascript.jscomp.LooseTypeCheckTest::testStringComparison2; com.google.javascript.jscomp.LooseTypeCheckTest::testStringComparison3; com.google.javascript.jscomp.LooseTypeCheckTest::testStringComparison4; com.google.javascript.jscomp.LooseTypeCheckTest::testStringComparison5; com.google.javascript.jscomp.LooseTypeCheckTest::testStringComparison6; com.google.javascript.jscomp.LooseTypeCheckTest::testTypeOfReduction12; com.google.javascript.jscomp.LooseTypeCheckTest::testMissingProperty10; com.google.javascript.jscomp.LooseTypeCheckTest::testMissingProperty11; com.google.javascript.jscomp.LooseTypeCheckTest::testMissingProperty12; com.google.javascript.jscomp.LooseTypeCheckTest::testMissingProperty13; com.google.javascript.jscomp.LooseTypeCheckTest::testMissingProperty14; com.google.javascript.jscomp.LooseTypeCheckTest::testMissingProperty15; com.google.javascript.jscomp.LooseTypeCheckTest::testMissingProperty16; com.google.javascript.jscomp.LooseTypeCheckTest::testMissingProperty17; com.google.javascript.jscomp.LooseTypeCheckTest::testMissingProperty18; com.google.javascript.jscomp.LooseTypeCheckTest::testMissingProperty19; com.google.javascript.jscomp.LooseTypeCheckTest::testMissingProperty21; com.google.javascript.jscomp.LooseTypeCheckTest::testMissingProperty22; com.google.javascript.jscomp.LooseTypeCheckTest::testMissingProperty23; com.google.javascript.jscomp.LooseTypeCheckTest::testMissingProperty25; com.google.javascript.jscomp.LooseTypeCheckTest::testMissingProperty26; com.google.javascript.jscomp.LooseTypeCheckTest::testMissingProperty28; com.google.javascript.jscomp.LooseTypeCheckTest::testWarnUnannotatedPropertyOnInterface5; com.google.javascript.jscomp.LooseTypeCheckTest::testWarnUnannotatedPropertyOnInterface6; com.google.javascript.jscomp.LooseTypeCheckTest::testNoForwardTypeDeclaration; com.google.javascript.jscomp.LooseTypeCheckTest::testLateExtends; com.google.javascript.jscomp.LooseTypeCheckTest::testInterfaceInheritanceCheck1; com.google.javascript.jscomp.LooseTypeCheckTest::testInterfaceInheritanceCheck2; com.google.javascript.jscomp.LooseTypeCheckTest::testInterfaceInheritanceCheck3; com.google.javascript.jscomp.LooseTypeCheckTest::testInterfaceInheritanceCheck4; com.google.javascript.jscomp.LooseTypeCheckTest::testInterfaceInheritanceCheck5; com.google.javascript.jscomp.LooseTypeCheckTest::testInterfaceInheritanceCheck6; com.google.javascript.jscomp.LooseTypeCheckTest::testInterfaceInheritanceCheck7; com.google.javascript.jscomp.LooseTypeCheckTest::testNoPersistentTypeInferenceForObjectProperties; com.google.javascript.jscomp.LooseTypeCheckTest::testDuplicateStaticMethodDecl1; com.google.javascript.jscomp.LooseTypeCheckTest::testDuplicateStaticMethodDecl2; com.google.javascript.jscomp.LooseTypeCheckTest::testDuplicateStaticMethodDecl3; com.google.javascript.jscomp.LooseTypeCheckTest::testDuplicateStaticMethodDecl4; com.google.javascript.jscomp.LooseTypeCheckTest::testDuplicateStaticMethodDecl5; com.google.javascript.jscomp.LooseTypeCheckTest::testOptionalNullableArgFunctionParam; com.google.javascript.jscomp.LooseTypeCheckTest::testAbstractMethodHandling1; com.google.javascript.jscomp.LooseTypeCheckTest::testAbstractMethodHandling2; com.google.javascript.jscomp.LooseTypeCheckTest::testAbstractMethodHandling3; com.google.javascript.jscomp.LooseTypeCheckTest::testAbstractMethodHandling4; com.google.javascript.jscomp.LooseTypeCheckTest::testAbstractMethodHandling5; com.google.javascript.jscomp.LooseTypeCheckTest::testAbstractMethodHandling6; com.google.javascript.jscomp.LooseTypeCheckTest::testDuplicateStaticPropertyDecl1; com.google.javascript.jscomp.LooseTypeCheckTest::testDuplicateStaticPropertyDecl2; com.google.javascript.jscomp.LooseTypeCheckTest::testDuplicateStaticPropertyDecl3; com.google.javascript.jscomp.LooseTypeCheckTest::testDuplicateStaticPropertyDecl6; com.google.javascript.jscomp.LooseTypeCheckTest::testDuplicateStaticPropertyDecl7; com.google.javascript.jscomp.LooseTypeCheckTest::testDuplicateStaticPropertyDecl8; com.google.javascript.jscomp.LooseTypeCheckTest::testDuplicateStaticPropertyDecl9; com.google.javascript.jscomp.LooseTypeCheckTest::testDoubleNestedInterface; com.google.javascript.jscomp.LooseTypeCheckTest::testNoForwardTypeDeclarationAndNoBraces; com.google.javascript.jscomp.LooseTypeCheckTest::testInheritanceCheck10_1; com.google.javascript.jscomp.LooseTypeCheckTest::testInheritanceCheck10_2; com.google.javascript.jscomp.LooseTypeCheckTest::testInheritanceCheck10_3; com.google.javascript.jscomp.LooseTypeCheckTest::testOptionalNullableArgFunctionParam2; com.google.javascript.jscomp.LooseTypeCheckTest::testOptionalNullableArgFunctionParam3; com.google.javascript.jscomp.LooseTypeCheckTest::testAliasedEnum1; com.google.javascript.jscomp.LooseTypeCheckTest::testAliasedEnum2; com.google.javascript.jscomp.LooseTypeCheckTest::testAliasedEnum3; com.google.javascript.jscomp.LooseTypeCheckTest::testAliasedEnum4; com.google.javascript.jscomp.LooseTypeCheckTest::testAliasedEnum5; com.google.javascript.jscomp.LooseTypeCheckTest::testNestedFunctionInference1; com.google.javascript.jscomp.LooseTypeCheckTest::testOptionalArgFunctionParam2; com.google.javascript.jscomp.LooseTypeCheckTest::testOptionalArgFunctionParam3; com.google.javascript.jscomp.LooseTypeCheckTest::testOptionalArgFunctionParam4; com.google.javascript.jscomp.LooseTypeCheckTest::testForwardPropertyReference; com.google.javascript.jscomp.LooseTypeCheckTest::testBooleanReduction1; com.google.javascript.jscomp.LooseTypeCheckTest::testBooleanReduction2; com.google.javascript.jscomp.LooseTypeCheckTest::testBooleanReduction3; com.google.javascript.jscomp.LooseTypeCheckTest::testBooleanReduction4; com.google.javascript.jscomp.LooseTypeCheckTest::testBooleanReduction5; com.google.javascript.jscomp.LooseTypeCheckTest::testBooleanReduction6; com.google.javascript.jscomp.LooseTypeCheckTest::testBooleanReduction7; com.google.javascript.jscomp.LooseTypeCheckTest::testOptionalArgFunctionReturn; com.google.javascript.jscomp.LooseTypeCheckTest::testBug2335992; com.google.javascript.jscomp.LooseTypeCheckTest::testBug2341812; com.google.javascript.jscomp.LooseTypeCheckTest::testFunctionMasksVariableBug; com.google.javascript.jscomp.LooseTypeCheckTest::testStaticDataPropertyOnNestedInterface; com.google.javascript.jscomp.LooseTypeCheckTest::testPropAccess2; com.google.javascript.jscomp.LooseTypeCheckTest::testPropAccess3; com.google.javascript.jscomp.LooseTypeCheckTest::testPropAccess4; com.google.javascript.jscomp.LooseTypeCheckTest::testBackwardsEnumUse1; com.google.javascript.jscomp.LooseTypeCheckTest::testBackwardsEnumUse2; com.google.javascript.jscomp.LooseTypeCheckTest::testBackwardsEnumUse3; com.google.javascript.jscomp.LooseTypeCheckTest::testBackwardsEnumUse4; com.google.javascript.jscomp.LooseTypeCheckTest::testBackwardsEnumUse5; com.google.javascript.jscomp.LooseTypeCheckTest::testGetprop1; com.google.javascript.jscomp.LooseTypeCheckTest::testArrayAccess1; com.google.javascript.jscomp.LooseTypeCheckTest::testArrayAccess2; com.google.javascript.jscomp.LooseTypeCheckTest::testArrayAccess3; com.google.javascript.jscomp.LooseTypeCheckTest::testArrayAccess4; com.google.javascript.jscomp.LooseTypeCheckTest::testArrayAccess6; com.google.javascript.jscomp.LooseTypeCheckTest::testArrayAccess7; com.google.javascript.jscomp.LooseTypeCheckTest::testArrayAccess8; com.google.javascript.jscomp.LooseTypeCheckTest::testScoping11; com.google.javascript.jscomp.LooseTypeCheckTest::testObjectPropertyTypeInferredInLocalScope1; com.google.javascript.jscomp.LooseTypeCheckTest::testObjectPropertyTypeInferredInLocalScope2; com.google.javascript.jscomp.LooseTypeCheckTest::testObjectPropertyTypeInferredInLocalScope3; com.google.javascript.jscomp.LooseTypeCheckTest::testGlobalThis1; com.google.javascript.jscomp.LooseTypeCheckTest::testGlobalThis2; com.google.javascript.jscomp.LooseTypeCheckTest::testGlobalThis3; com.google.javascript.jscomp.LooseTypeCheckTest::testGlobalThis4; com.google.javascript.jscomp.LooseTypeCheckTest::testGlobalThis5; com.google.javascript.jscomp.LooseTypeCheckTest::testGlobalThis6; com.google.javascript.jscomp.LooseTypeCheckTest::testBadImplementsNonInterfaceType; com.google.javascript.jscomp.LooseTypeCheckTest::testWhileRestrictsType1; com.google.javascript.jscomp.LooseTypeCheckTest::testWhileRestrictsType2; com.google.javascript.jscomp.LooseTypeCheckTest::testPrintFunctionName1; com.google.javascript.jscomp.LooseTypeCheckTest::testPrintFunctionName2; com.google.javascript.jscomp.LooseTypeCheckTest::testBadImplementsAConstructor; com.google.javascript.jscomp.LooseTypeCheckTest::testOptionalParameterComparedToUndefined; com.google.javascript.jscomp.LooseTypeCheckTest::testIn1; com.google.javascript.jscomp.LooseTypeCheckTest::testIn2; com.google.javascript.jscomp.LooseTypeCheckTest::testIn3; com.google.javascript.jscomp.LooseTypeCheckTest::testIn4; com.google.javascript.jscomp.LooseTypeCheckTest::testIn5; com.google.javascript.jscomp.LooseTypeCheckTest::testIn6; com.google.javascript.jscomp.LooseTypeCheckTest::testIn7; com.google.javascript.jscomp.LooseTypeCheckTest::testOr1; com.google.javascript.jscomp.LooseTypeCheckTest::testOr2; com.google.javascript.jscomp.LooseTypeCheckTest::testOr3; com.google.javascript.jscomp.LooseTypeCheckTest::testOr4; com.google.javascript.jscomp.LooseTypeCheckTest::testOr5; com.google.javascript.jscomp.LooseTypeCheckTest::testOptionalAllType; com.google.javascript.jscomp.LooseTypeCheckTest::testAnonymousType1; com.google.javascript.jscomp.LooseTypeCheckTest::testAnonymousType2; com.google.javascript.jscomp.LooseTypeCheckTest::testAnonymousType3; com.google.javascript.jscomp.LooseTypeCheckTest::testHookRestrictsType1; com.google.javascript.jscomp.LooseTypeCheckTest::testHookRestrictsType2; com.google.javascript.jscomp.LooseTypeCheckTest::testHookRestrictsType3; com.google.javascript.jscomp.LooseTypeCheckTest::testHookRestrictsType4; com.google.javascript.jscomp.LooseTypeCheckTest::testHookRestrictsType5; com.google.javascript.jscomp.LooseTypeCheckTest::testHookRestrictsType6; com.google.javascript.jscomp.LooseTypeCheckTest::testHookRestrictsType7; com.google.javascript.jscomp.LooseTypeCheckTest::testConstructorType1; com.google.javascript.jscomp.LooseTypeCheckTest::testConstructorType2; com.google.javascript.jscomp.LooseTypeCheckTest::testConstructorType3; com.google.javascript.jscomp.LooseTypeCheckTest::testConstructorType4; com.google.javascript.jscomp.LooseTypeCheckTest::testConstructorType5; com.google.javascript.jscomp.LooseTypeCheckTest::testConstructorType6; com.google.javascript.jscomp.LooseTypeCheckTest::testInheritanceCheck1; com.google.javascript.jscomp.LooseTypeCheckTest::testInheritanceCheck2; com.google.javascript.jscomp.LooseTypeCheckTest::testInheritanceCheck3; com.google.javascript.jscomp.LooseTypeCheckTest::testInheritanceCheck4; com.google.javascript.jscomp.LooseTypeCheckTest::testInheritanceCheck5; com.google.javascript.jscomp.LooseTypeCheckTest::testInheritanceCheck6; com.google.javascript.jscomp.LooseTypeCheckTest::testInheritanceCheck7; com.google.javascript.jscomp.LooseTypeCheckTest::testInheritanceCheck8; com.google.javascript.jscomp.LooseTypeCheckTest::testNoPersistentTypeInferenceForFunctionProperties; com.google.javascript.jscomp.LooseTypeCheckTest::testAdd10; com.google.javascript.jscomp.LooseTypeCheckTest::testAdd11; com.google.javascript.jscomp.LooseTypeCheckTest::testAdd12; com.google.javascript.jscomp.LooseTypeCheckTest::testAdd13; com.google.javascript.jscomp.LooseTypeCheckTest::testAdd14; com.google.javascript.jscomp.LooseTypeCheckTest::testAdd15; com.google.javascript.jscomp.LooseTypeCheckTest::testAdd16; com.google.javascript.jscomp.LooseTypeCheckTest::testAdd17; com.google.javascript.jscomp.LooseTypeCheckTest::testAdd18; com.google.javascript.jscomp.LooseTypeCheckTest::testAdd19; com.google.javascript.jscomp.LooseTypeCheckTest::testAdd20; com.google.javascript.jscomp.LooseTypeCheckTest::testAdd21; com.google.javascript.jscomp.LooseTypeCheckTest::testBang1; com.google.javascript.jscomp.LooseTypeCheckTest::testBang2; com.google.javascript.jscomp.LooseTypeCheckTest::testBang3; com.google.javascript.jscomp.LooseTypeCheckTest::testBang4; com.google.javascript.jscomp.LooseTypeCheckTest::testBang5; com.google.javascript.jscomp.LooseTypeCheckTest::testBang6; com.google.javascript.jscomp.LooseTypeCheckTest::testBang7; com.google.javascript.jscomp.LooseTypeCheckTest::testCall1; com.google.javascript.jscomp.LooseTypeCheckTest::testCall2; com.google.javascript.jscomp.LooseTypeCheckTest::testCall3; com.google.javascript.jscomp.LooseTypeCheckTest::testCall4; com.google.javascript.jscomp.LooseTypeCheckTest::testCall5; com.google.javascript.jscomp.LooseTypeCheckTest::testCall6; com.google.javascript.jscomp.LooseTypeCheckTest::testCall7; com.google.javascript.jscomp.LooseTypeCheckTest::testCall8; com.google.javascript.jscomp.LooseTypeCheckTest::testCall9; com.google.javascript.jscomp.LooseTypeCheckTest::testCast2; com.google.javascript.jscomp.LooseTypeCheckTest::testCast3; com.google.javascript.jscomp.LooseTypeCheckTest::testCast4; com.google.javascript.jscomp.LooseTypeCheckTest::testCast5; com.google.javascript.jscomp.LooseTypeCheckTest::testCast6; com.google.javascript.jscomp.LooseTypeCheckTest::testCast7; com.google.javascript.jscomp.LooseTypeCheckTest::testCast8; com.google.javascript.jscomp.LooseTypeCheckTest::testCast9; com.google.javascript.jscomp.LooseTypeCheckTest::testFunctionArguments1; com.google.javascript.jscomp.LooseTypeCheckTest::testFunctionArguments2; com.google.javascript.jscomp.LooseTypeCheckTest::testFunctionArguments3; com.google.javascript.jscomp.LooseTypeCheckTest::testFunctionArguments4; com.google.javascript.jscomp.LooseTypeCheckTest::testFunctionArguments5; com.google.javascript.jscomp.LooseTypeCheckTest::testFunctionArguments6; com.google.javascript.jscomp.LooseTypeCheckTest::testFunctionArguments7; com.google.javascript.jscomp.LooseTypeCheckTest::testFunctionArguments8; com.google.javascript.jscomp.LooseTypeCheckTest::testFunctionArguments9; com.google.javascript.jscomp.LooseTypeCheckTest::testDfa10; com.google.javascript.jscomp.LooseTypeCheckTest::testDfa11; com.google.javascript.jscomp.LooseTypeCheckTest::testDfa12; com.google.javascript.jscomp.LooseTypeCheckTest::testDfa13; com.google.javascript.jscomp.LooseTypeCheckTest::testEnum1; com.google.javascript.jscomp.LooseTypeCheckTest::testEnum2; com.google.javascript.jscomp.LooseTypeCheckTest::testEnum3; com.google.javascript.jscomp.LooseTypeCheckTest::testEnum4; com.google.javascript.jscomp.LooseTypeCheckTest::testEnum5; com.google.javascript.jscomp.LooseTypeCheckTest::testEnum6; com.google.javascript.jscomp.LooseTypeCheckTest::testEnum7; com.google.javascript.jscomp.LooseTypeCheckTest::testNew10; com.google.javascript.jscomp.LooseTypeCheckTest::testNew11; com.google.javascript.jscomp.LooseTypeCheckTest::testNew16; com.google.javascript.jscomp.LooseTypeCheckTest::testThis1; com.google.javascript.jscomp.LooseTypeCheckTest::testThis2; com.google.javascript.jscomp.LooseTypeCheckTest::testThis3; com.google.javascript.jscomp.LooseTypeCheckTest::testThis4; com.google.javascript.jscomp.LooseTypeCheckTest::testThis5; com.google.javascript.jscomp.LooseTypeCheckTest::testThis6; com.google.javascript.jscomp.LooseTypeCheckTest::testThis7; com.google.javascript.jscomp.LooseTypeCheckTest::testThis8; com.google.javascript.jscomp.LooseTypeCheckTest::testThis9; com.google.javascript.jscomp.LooseTypeCheckTest::testVar10; com.google.javascript.jscomp.LooseTypeCheckTest::testVar11; com.google.javascript.jscomp.LooseTypeCheckTest::testVar13; com.google.javascript.jscomp.LooseTypeCheckTest::testVar14; com.google.javascript.jscomp.LooseTypeCheckTest::testVar15; com.google.javascript.jscomp.LooseTypeCheckTest::testAdd1; com.google.javascript.jscomp.LooseTypeCheckTest::testAdd2; com.google.javascript.jscomp.LooseTypeCheckTest::testAdd3; com.google.javascript.jscomp.LooseTypeCheckTest::testAdd4; com.google.javascript.jscomp.LooseTypeCheckTest::testAdd5; com.google.javascript.jscomp.LooseTypeCheckTest::testAdd6; com.google.javascript.jscomp.LooseTypeCheckTest::testAdd7; com.google.javascript.jscomp.LooseTypeCheckTest::testAdd8; com.google.javascript.jscomp.LooseTypeCheckTest::testAdd9; com.google.javascript.jscomp.LooseTypeCheckTest::testAnd1; com.google.javascript.jscomp.LooseTypeCheckTest::testAnd2; com.google.javascript.jscomp.LooseTypeCheckTest::testAnd3; com.google.javascript.jscomp.LooseTypeCheckTest::testAnd4; com.google.javascript.jscomp.LooseTypeCheckTest::testAnd5; com.google.javascript.jscomp.LooseTypeCheckTest::testAnd6; com.google.javascript.jscomp.LooseTypeCheckTest::testAnd7; com.google.javascript.jscomp.LooseTypeCheckTest::testDfa1; com.google.javascript.jscomp.LooseTypeCheckTest::testDfa2; com.google.javascript.jscomp.LooseTypeCheckTest::testDfa3; com.google.javascript.jscomp.LooseTypeCheckTest::testDfa4; com.google.javascript.jscomp.LooseTypeCheckTest::testDfa5; com.google.javascript.jscomp.LooseTypeCheckTest::testDfa6; com.google.javascript.jscomp.LooseTypeCheckTest::testDfa7; com.google.javascript.jscomp.LooseTypeCheckTest::testDfa8; com.google.javascript.jscomp.LooseTypeCheckTest::testDfa9; com.google.javascript.jscomp.LooseTypeCheckTest::testHook; com.google.javascript.jscomp.LooseTypeCheckTest::testNew1; com.google.javascript.jscomp.LooseTypeCheckTest::testNew2; com.google.javascript.jscomp.LooseTypeCheckTest::testNew3; com.google.javascript.jscomp.LooseTypeCheckTest::testNew4; com.google.javascript.jscomp.LooseTypeCheckTest::testNew5; com.google.javascript.jscomp.LooseTypeCheckTest::testNew7; com.google.javascript.jscomp.LooseTypeCheckTest::testNew8; com.google.javascript.jscomp.LooseTypeCheckTest::testNew9; com.google.javascript.jscomp.LooseTypeCheckTest::testVar2; com.google.javascript.jscomp.LooseTypeCheckTest::testVar5; com.google.javascript.jscomp.LooseTypeCheckTest::testVar6; com.google.javascript.jscomp.LooseTypeCheckTest::testVar7; com.google.javascript.jscomp.LooseTypeCheckTest::testVar8; com.google.javascript.jscomp.LooseTypeCheckTest::testVar9; com.google.javascript.jscomp.LooseTypeCheckTest::testInterfacePropertyNotImplemented; com.google.javascript.jscomp.LooseTypeCheckTest::testMinimalConstructorAnnotation; com.google.javascript.jscomp.LooseTypeCheckTest::testAssign1; com.google.javascript.jscomp.LooseTypeCheckTest::testAssign2; com.google.javascript.jscomp.LooseTypeCheckTest::testAssign3; com.google.javascript.jscomp.LooseTypeCheckTest::testAssign4; com.google.javascript.jscomp.LooseTypeCheckTest::testComparison2; com.google.javascript.jscomp.LooseTypeCheckTest::testComparison3; com.google.javascript.jscomp.LooseTypeCheckTest::testComparison4; com.google.javascript.jscomp.LooseTypeCheckTest::testComparison5; com.google.javascript.jscomp.LooseTypeCheckTest::testComparison6; com.google.javascript.jscomp.LooseTypeCheckTest::testComparison7; com.google.javascript.jscomp.LooseTypeCheckTest::testComparison8; com.google.javascript.jscomp.LooseTypeCheckTest::testComparison9; com.google.javascript.jscomp.LooseTypeCheckTest::testOptionalUnknownNamedType; com.google.javascript.jscomp.LooseTypeCheckTest::testConstructorAlias1; com.google.javascript.jscomp.LooseTypeCheckTest::testConstructorAlias2; com.google.javascript.jscomp.LooseTypeCheckTest::testConstructorAlias3; com.google.javascript.jscomp.LooseTypeCheckTest::testConstructorAlias4; com.google.javascript.jscomp.LooseTypeCheckTest::testConstructorAlias5; com.google.javascript.jscomp.LooseTypeCheckTest::testConstructorAlias6; com.google.javascript.jscomp.LooseTypeCheckTest::testConstructorAlias7; com.google.javascript.jscomp.LooseTypeCheckTest::testConstructorAlias8; com.google.javascript.jscomp.LooseTypeCheckTest::testConstructorAlias9; com.google.javascript.jscomp.LooseTypeCheckTest::testTypeInferenceWithClosure1; com.google.javascript.jscomp.LooseTypeCheckTest::testTypeInferenceWithClosure2; com.google.javascript.jscomp.LooseTypeCheckTest::testUnknownPrototypeChain; com.google.javascript.jscomp.LooseTypeCheckTest::testInterfacePropertyNotImplemented2; com.google.javascript.jscomp.LooseTypeCheckTest::testInterfaceAssignment1; com.google.javascript.jscomp.LooseTypeCheckTest::testInterfaceAssignment2; com.google.javascript.jscomp.LooseTypeCheckTest::testInterfaceAssignment3; com.google.javascript.jscomp.LooseTypeCheckTest::testInterfaceAssignment4; com.google.javascript.jscomp.LooseTypeCheckTest::testInterfaceAssignment5; com.google.javascript.jscomp.LooseTypeCheckTest::testInterfaceAssignment6; com.google.javascript.jscomp.LooseTypeCheckTest::testInterfaceAssignment7; com.google.javascript.jscomp.LooseTypeCheckTest::testInterfaceAssignment8; com.google.javascript.jscomp.LooseTypeCheckTest::testInterfaceAssignment9; com.google.javascript.jscomp.LooseTypeCheckTest::testPropertyInferredPropagation; com.google.javascript.jscomp.LooseTypeCheckTest::testBitOperation1; com.google.javascript.jscomp.LooseTypeCheckTest::testBitOperation2; com.google.javascript.jscomp.LooseTypeCheckTest::testBitOperation3; com.google.javascript.jscomp.LooseTypeCheckTest::testBitOperation4; com.google.javascript.jscomp.LooseTypeCheckTest::testBitOperation5; com.google.javascript.jscomp.LooseTypeCheckTest::testBitOperation6; com.google.javascript.jscomp.LooseTypeCheckTest::testBitOperation7; com.google.javascript.jscomp.LooseTypeCheckTest::testBitOperation8; com.google.javascript.jscomp.LooseTypeCheckTest::testBitOperation9; com.google.javascript.jscomp.LooseTypeCheckTest::testBadConstructorCall; com.google.javascript.jscomp.LooseTypeCheckTest::testPropertyUsedBeforeDefinition1; com.google.javascript.jscomp.LooseTypeCheckTest::testPropertyUsedBeforeDefinition2; com.google.javascript.jscomp.LooseTypeCheckTest::testTypeCheck16a; com.google.javascript.jscomp.LooseTypeCheckTest::testTypeCheck16b; com.google.javascript.jscomp.LooseTypeCheckTest::testStubFunctionDeclaration10; com.google.javascript.jscomp.LooseTypeCheckTest::testBooleanUnboxing; com.google.javascript.jscomp.LooseTypeCheckTest::testAnnotatedPropertyOnInterface1; com.google.javascript.jscomp.LooseTypeCheckTest::testAnnotatedPropertyOnInterface2; com.google.javascript.jscomp.LooseTypeCheckTest::testAnnotatedPropertyOnInterface3; com.google.javascript.jscomp.LooseTypeCheckTest::testAnnotatedPropertyOnInterface4; com.google.javascript.jscomp.LooseTypeCheckTest::testSuperClassDefinedAfterSubClass1; com.google.javascript.jscomp.LooseTypeCheckTest::testSuperClassDefinedAfterSubClass2; com.google.javascript.jscomp.LooseTypeCheckTest::testBooleanAutoboxing; com.google.javascript.jscomp.LooseTypeCheckTest::testTypeCheckCustomExterns; com.google.javascript.jscomp.LooseTypeCheckTest::testBadImplementsNonObjectType; com.google.javascript.jscomp.LooseTypeCheckTest::testStringAutoboxing; com.google.javascript.jscomp.LooseTypeCheckTest::testDirectPrototypeAssignment1; com.google.javascript.jscomp.LooseTypeCheckTest::testDirectPrototypeAssignment2; com.google.javascript.jscomp.LooseTypeCheckTest::testDefinePropertyOnNullableObject1; com.google.javascript.jscomp.LooseTypeCheckTest::testDefinePropertyOnNullableObject2; com.google.javascript.jscomp.LooseTypeCheckTest::testFunctionCall1; com.google.javascript.jscomp.LooseTypeCheckTest::testFunctionCall2; com.google.javascript.jscomp.LooseTypeCheckTest::testFunctionCall3; com.google.javascript.jscomp.LooseTypeCheckTest::testFunctionCall4; com.google.javascript.jscomp.LooseTypeCheckTest::testFunctionCall5; com.google.javascript.jscomp.LooseTypeCheckTest::testFunctionCall6; com.google.javascript.jscomp.LooseTypeCheckTest::testFunctionCall7; com.google.javascript.jscomp.LooseTypeCheckTest::testFunctionCall8; com.google.javascript.jscomp.LooseTypeCheckTest::testBadExtends1; com.google.javascript.jscomp.LooseTypeCheckTest::testBadExtends2; com.google.javascript.jscomp.LooseTypeCheckTest::testBadExtends3; com.google.javascript.jscomp.LooseTypeCheckTest::testTypeCheckBasicDowncast; com.google.javascript.jscomp.LooseTypeCheckTest::testParameterizedObject1; com.google.javascript.jscomp.LooseTypeCheckTest::testParameterizedObject2; com.google.javascript.jscomp.LooseTypeCheckTest::testParameterizedObject3; com.google.javascript.jscomp.LooseTypeCheckTest::testParameterizedObject4; com.google.javascript.jscomp.LooseTypeCheckTest::testConstructorAlias10; com.google.javascript.jscomp.LooseTypeCheckTest::testOptionalArgFunctionParam; com.google.javascript.jscomp.LooseTypeCheckTest::testStubFunctionDeclaration1; com.google.javascript.jscomp.LooseTypeCheckTest::testStubFunctionDeclaration3; com.google.javascript.jscomp.LooseTypeCheckTest::testStubFunctionDeclaration4; com.google.javascript.jscomp.LooseTypeCheckTest::testStubFunctionDeclaration5; com.google.javascript.jscomp.LooseTypeCheckTest::testStubFunctionDeclaration6; com.google.javascript.jscomp.LooseTypeCheckTest::testStubFunctionDeclaration7; com.google.javascript.jscomp.LooseTypeCheckTest::testStubFunctionDeclaration8; com.google.javascript.jscomp.LooseTypeCheckTest::testStubFunctionDeclaration9; com.google.javascript.jscomp.LooseTypeCheckTest::testWarnDataPropertyOnInterface3; com.google.javascript.jscomp.LooseTypeCheckTest::testWarnDataPropertyOnInterface4; com.google.javascript.jscomp.LooseTypeCheckTest::testInterfaceInheritanceCheck11; com.google.javascript.jscomp.LooseTypeCheckTest::testQualifiedNameReduction1; com.google.javascript.jscomp.LooseTypeCheckTest::testQualifiedNameReduction2; com.google.javascript.jscomp.LooseTypeCheckTest::testQualifiedNameReduction3; com.google.javascript.jscomp.LooseTypeCheckTest::testEnumStaticMethod1; com.google.javascript.jscomp.LooseTypeCheckTest::testEnumStaticMethod2; com.google.javascript.jscomp.LooseTypeCheckTest::testMissingProperty1; com.google.javascript.jscomp.LooseTypeCheckTest::testMissingProperty2; com.google.javascript.jscomp.LooseTypeCheckTest::testMissingProperty3; com.google.javascript.jscomp.LooseTypeCheckTest::testMissingProperty4; com.google.javascript.jscomp.LooseTypeCheckTest::testMissingProperty5; com.google.javascript.jscomp.LooseTypeCheckTest::testMissingProperty6; com.google.javascript.jscomp.LooseTypeCheckTest::testMissingProperty7; com.google.javascript.jscomp.LooseTypeCheckTest::testMissingProperty8; com.google.javascript.jscomp.LooseTypeCheckTest::testMissingProperty9; com.google.javascript.jscomp.LooseTypeCheckTest::testErrorMismatchingPropertyOnInterface4; com.google.javascript.jscomp.LooseTypeCheckTest::testErrorMismatchingPropertyOnInterface5; com.google.javascript.jscomp.LooseTypeCheckTest::testTypeDef1; com.google.javascript.jscomp.LooseTypeCheckTest::testTypeDef2; com.google.javascript.jscomp.LooseTypeCheckTest::testTypeDef3; com.google.javascript.jscomp.LooseTypeCheckTest::testDuplicateTypeDef; com.google.javascript.jscomp.LooseTypeCheckTest::testBadInterfaceExtends1; com.google.javascript.jscomp.LooseTypeCheckTest::testBadInterfaceExtends2; com.google.javascript.jscomp.LooseTypeCheckTest::testBadInterfaceExtends3; com.google.javascript.jscomp.LooseTypeCheckTest::testBadInterfaceExtends4; com.google.javascript.jscomp.LooseTypeCheckTest::testBadInterfaceExtends5; com.google.javascript.jscomp.LooseTypeCheckTest::testNumberAutoboxing; com.google.javascript.jscomp.LooseTypeCheckTest::testTypeCheckNoDowncastToNumber; com.google.javascript.jscomp.LooseTypeCheckTest::testBug592170; com.google.javascript.jscomp.LooseTypeCheckTest::testObjectLiteralDeclaration1; com.google.javascript.jscomp.LooseTypeCheckTest::testTypeInferenceWithCast1; com.google.javascript.jscomp.LooseTypeCheckTest::testTypeInferenceWithCast2; com.google.javascript.jscomp.LooseTypeCheckTest::testTypeInferenceWithCast3; com.google.javascript.jscomp.LooseTypeCheckTest::testTypeInferenceWithCast4; com.google.javascript.jscomp.LooseTypeCheckTest::testTypeInferenceWithCast5; com.google.javascript.jscomp.LooseTypeCheckTest::testGoodExtends10; com.google.javascript.jscomp.LooseTypeCheckTest::testGoodExtends11; com.google.javascript.jscomp.LooseTypeCheckTest::testInterfaceExtends; com.google.javascript.jscomp.LooseTypeCheckTest::testScoping1; com.google.javascript.jscomp.LooseTypeCheckTest::testScoping2; com.google.javascript.jscomp.LooseTypeCheckTest::testScoping3; com.google.javascript.jscomp.LooseTypeCheckTest::testScoping4; com.google.javascript.jscomp.LooseTypeCheckTest::testScoping5; com.google.javascript.jscomp.LooseTypeCheckTest::testScoping6; com.google.javascript.jscomp.LooseTypeCheckTest::testScoping7; com.google.javascript.jscomp.LooseTypeCheckTest::testScoping8; com.google.javascript.jscomp.LooseTypeCheckTest::testScoping9; com.google.javascript.jscomp.LooseTypeCheckTest::testSuperclassMatchWithMixin; com.google.javascript.jscomp.LooseTypeCheckTest::testBug901455; com.google.javascript.jscomp.LooseTypeCheckTest::testBug908625; com.google.javascript.jscomp.LooseTypeCheckTest::testBug908701; com.google.javascript.jscomp.LooseTypeCheckTest::testBug909000; com.google.javascript.jscomp.LooseTypeCheckTest::testBug911118; com.google.javascript.jscomp.LooseTypeCheckTest::testBug930117; com.google.javascript.jscomp.LooseTypeCheckTest::testScopedConstructors; com.google.javascript.jscomp.LooseTypeCheckTest::testValueOfComparison1; com.google.javascript.jscomp.LooseTypeCheckTest::testValueOfComparison2; com.google.javascript.jscomp.LooseTypeCheckTest::testValueOfComparison3; com.google.javascript.jscomp.LooseTypeCheckTest::testControlFlowRestrictsType2; com.google.javascript.jscomp.LooseTypeCheckTest::testControlFlowRestrictsType3; com.google.javascript.jscomp.LooseTypeCheckTest::testControlFlowRestrictsType4; com.google.javascript.jscomp.LooseTypeCheckTest::testControlFlowRestrictsType5; com.google.javascript.jscomp.LooseTypeCheckTest::testControlFlowRestrictsType6; com.google.javascript.jscomp.LooseTypeCheckTest::testControlFlowRestrictsType7; com.google.javascript.jscomp.LooseTypeCheckTest::testControlFlowRestrictsType8; com.google.javascript.jscomp.LooseTypeCheckTest::testControlFlowRestrictsType9; com.google.javascript.jscomp.LooseTypeCheckTest::testResolutionViaRegistry1; com.google.javascript.jscomp.LooseTypeCheckTest::testResolutionViaRegistry2; com.google.javascript.jscomp.LooseTypeCheckTest::testResolutionViaRegistry3; com.google.javascript.jscomp.LooseTypeCheckTest::testResolutionViaRegistry4; com.google.javascript.jscomp.LooseTypeCheckTest::testFunctionInference10; com.google.javascript.jscomp.LooseTypeCheckTest::testFunctionInference11; com.google.javascript.jscomp.LooseTypeCheckTest::testFunctionInference12; com.google.javascript.jscomp.LooseTypeCheckTest::testFunctionInference13; com.google.javascript.jscomp.LooseTypeCheckTest::testFunctionInference14; com.google.javascript.jscomp.LooseTypeCheckTest::testFunctionInference15; com.google.javascript.jscomp.LooseTypeCheckTest::testFunctionInference16; com.google.javascript.jscomp.LooseTypeCheckTest::testFunctionInference17; com.google.javascript.jscomp.LooseTypeCheckTest::testFunctionInference18; com.google.javascript.jscomp.LooseTypeCheckTest::testFunctionInference19; com.google.javascript.jscomp.LooseTypeCheckTest::testFunctionInference20; com.google.javascript.jscomp.LooseTypeCheckTest::testInterfaceInstantiation; com.google.javascript.jscomp.LooseTypeCheckTest::testNumericComparison1; com.google.javascript.jscomp.LooseTypeCheckTest::testNumericComparison2; com.google.javascript.jscomp.LooseTypeCheckTest::testNumericComparison3; com.google.javascript.jscomp.LooseTypeCheckTest::testNumericComparison4; com.google.javascript.jscomp.LooseTypeCheckTest::testNumericComparison5; com.google.javascript.jscomp.LooseTypeCheckTest::testNumericComparison6; com.google.javascript.jscomp.LooseTypeCheckTest::testBooleanPreservation1; com.google.javascript.jscomp.LooseTypeCheckTest::testBooleanPreservation2; com.google.javascript.jscomp.LooseTypeCheckTest::testBooleanPreservation3; com.google.javascript.jscomp.LooseTypeCheckTest::testBooleanPreservation4; com.google.javascript.jscomp.LooseTypeCheckTest::testInnerFunction1; com.google.javascript.jscomp.LooseTypeCheckTest::testInnerFunction2; com.google.javascript.jscomp.LooseTypeCheckTest::testInnerFunction3; com.google.javascript.jscomp.LooseTypeCheckTest::testInnerFunction4; com.google.javascript.jscomp.LooseTypeCheckTest::testInnerFunction5; com.google.javascript.jscomp.LooseTypeCheckTest::testInnerFunction9; com.google.javascript.jscomp.LooseTypeCheckTest::testNoTypeCheck1; com.google.javascript.jscomp.LooseTypeCheckTest::testNoTypeCheck2; com.google.javascript.jscomp.LooseTypeCheckTest::testNoTypeCheck3; com.google.javascript.jscomp.LooseTypeCheckTest::testNoTypeCheck4; com.google.javascript.jscomp.LooseTypeCheckTest::testNoTypeCheck5; com.google.javascript.jscomp.LooseTypeCheckTest::testNoTypeCheck6; com.google.javascript.jscomp.LooseTypeCheckTest::testNoTypeCheck7; com.google.javascript.jscomp.LooseTypeCheckTest::testNoTypeCheck8; com.google.javascript.jscomp.LooseTypeCheckTest::testOptionalArgFunctionReturn2; com.google.javascript.jscomp.LooseTypeCheckTest::testInheritanceCheck12; com.google.javascript.jscomp.LooseTypeCheckTest::testInheritanceCheck13; com.google.javascript.jscomp.LooseTypeCheckTest::testInheritanceCheck14; com.google.javascript.jscomp.LooseTypeCheckTest::testInheritanceCheck9_1; com.google.javascript.jscomp.LooseTypeCheckTest::testInheritanceCheck9_2; com.google.javascript.jscomp.LooseTypeCheckTest::testInheritanceCheck9_3; com.google.javascript.jscomp.LooseTypeCheckTest::testFunctionAssignement; com.google.javascript.jscomp.LooseTypeCheckTest::testReturn1; com.google.javascript.jscomp.LooseTypeCheckTest::testReturn2; com.google.javascript.jscomp.LooseTypeCheckTest::testReturn3; com.google.javascript.jscomp.LooseTypeCheckTest::testReturn4; com.google.javascript.jscomp.LooseTypeCheckTest::testReturn5; com.google.javascript.jscomp.LooseTypeCheckTest::testReturn6; com.google.javascript.jscomp.LooseTypeCheckTest::testReturn7; com.google.javascript.jscomp.LooseTypeCheckTest::testReturn8; com.google.javascript.jscomp.LooseTypeCheckTest::testStaticMethodDeclaration1; com.google.javascript.jscomp.LooseTypeCheckTest::testStaticMethodDeclaration2; com.google.javascript.jscomp.LooseTypeCheckTest::testStaticMethodDeclaration3; com.google.javascript.jscomp.LooseTypeCheckTest::testSuperclassMatch; com.google.javascript.jscomp.LooseTypeCheckTest::testDirectPrototypeAssign; com.google.javascript.jscomp.LooseTypeCheckTest::testOptionalArgFunctionParamError; com.google.javascript.jscomp.LooseTypeCheckTest::testTypeCheck10; com.google.javascript.jscomp.LooseTypeCheckTest::testTypeCheck11; com.google.javascript.jscomp.LooseTypeCheckTest::testTypeCheck12; com.google.javascript.jscomp.LooseTypeCheckTest::testTypeCheck13; com.google.javascript.jscomp.LooseTypeCheckTest::testTypeCheck14; com.google.javascript.jscomp.LooseTypeCheckTest::testTypeCheck15; com.google.javascript.jscomp.LooseTypeCheckTest::testTypeCheck17; com.google.javascript.jscomp.LooseTypeCheckTest::testTypeCheck18; com.google.javascript.jscomp.LooseTypeCheckTest::testTypeCheck19; com.google.javascript.jscomp.LooseTypeCheckTest::testTypeCheck20; com.google.javascript.jscomp.LooseTypeCheckTest::testTypeCheck21; com.google.javascript.jscomp.LooseTypeCheckTest::testTypeCheck22; com.google.javascript.jscomp.LooseTypeCheckTest::testTypeCheck23; com.google.javascript.jscomp.LooseTypeCheckTest::testTypeCheck24; com.google.javascript.jscomp.LooseTypeCheckTest::testMismatchingOverridingInferredPropertyBeforeDeclaredProperty1; com.google.javascript.jscomp.LooseTypeCheckTest::testMismatchingOverridingInferredPropertyBeforeDeclaredProperty2; com.google.javascript.jscomp.LooseTypeCheckTest::testMismatchingOverridingInferredPropertyBeforeDeclaredProperty3; com.google.javascript.jscomp.LooseTypeCheckTest::testMismatchingOverridingInferredPropertyBeforeDeclaredProperty4; com.google.javascript.jscomp.LooseTypeCheckTest::testParameterizedArray1; com.google.javascript.jscomp.LooseTypeCheckTest::testParameterizedArray2; com.google.javascript.jscomp.LooseTypeCheckTest::testParameterizedArray3; com.google.javascript.jscomp.LooseTypeCheckTest::testParameterizedArray4; com.google.javascript.jscomp.LooseTypeCheckTest::testParameterizedArray5; com.google.javascript.jscomp.LooseTypeCheckTest::testParameterizedArray6; com.google.javascript.jscomp.LooseTypeCheckTest::testParameterizedArray7; com.google.javascript.jscomp.LooseTypeCheckTest::testIssue124b; com.google.javascript.jscomp.LooseTypeCheckTest::testQualifiedNameInference1; com.google.javascript.jscomp.LooseTypeCheckTest::testQualifiedNameInference2; com.google.javascript.jscomp.LooseTypeCheckTest::testQualifiedNameInference3; com.google.javascript.jscomp.LooseTypeCheckTest::testQualifiedNameInference4; com.google.javascript.jscomp.LooseTypeCheckTest::testInterfaceNonEmptyFunction; com.google.javascript.jscomp.LooseTypeCheckTest::testUnknownConstructorInstanceType1; com.google.javascript.jscomp.LooseTypeCheckTest::testUnknownConstructorInstanceType2; com.google.javascript.jscomp.LooseTypeCheckTest::testUnknownConstructorInstanceType3; com.google.javascript.jscomp.LooseTypeCheckTest::testPropertyInference1; com.google.javascript.jscomp.LooseTypeCheckTest::testPropertyInference2; com.google.javascript.jscomp.LooseTypeCheckTest::testPropertyInference3; com.google.javascript.jscomp.LooseTypeCheckTest::testPropertyInference4; com.google.javascript.jscomp.LooseTypeCheckTest::testPropertyInference5; com.google.javascript.jscomp.LooseTypeCheckTest::testPropertyInference6; com.google.javascript.jscomp.LooseTypeCheckTest::testPropertyInference7; com.google.javascript.jscomp.LooseTypeCheckTest::testPropertyInference8; com.google.javascript.jscomp.LooseTypeCheckTest::testTypeOfReduction1; com.google.javascript.jscomp.LooseTypeCheckTest::testTypeOfReduction2; com.google.javascript.jscomp.LooseTypeCheckTest::testTypeOfReduction3; com.google.javascript.jscomp.LooseTypeCheckTest::testTypeOfReduction4; com.google.javascript.jscomp.LooseTypeCheckTest::testTypeOfReduction5; com.google.javascript.jscomp.LooseTypeCheckTest::testTypeOfReduction6; com.google.javascript.jscomp.LooseTypeCheckTest::testTypeOfReduction7; com.google.javascript.jscomp.LooseTypeCheckTest::testPropertyTypeOfUnionType; com.google.javascript.jscomp.LooseTypeCheckTest::testBackwardsConstructor1; com.google.javascript.jscomp.LooseTypeCheckTest::testBackwardsConstructor2; com.google.javascript.jscomp.LooseTypeCheckTest::testNativeCast1; com.google.javascript.jscomp.LooseTypeCheckTest::testNativeCast2; com.google.javascript.jscomp.LooseTypeCheckTest::testNativeCast3; com.google.javascript.jscomp.LooseTypeCheckTest::testNativeCast4; com.google.javascript.jscomp.LooseTypeCheckTest::testGoodImplements1; com.google.javascript.jscomp.LooseTypeCheckTest::testGoodImplements2; com.google.javascript.jscomp.LooseTypeCheckTest::testStringUnboxing; com.google.javascript.jscomp.LooseTypeCheckTest::testCircularTypeDef; com.google.javascript.jscomp.LooseTypeCheckTest::testPrototypePropertyReference; com.google.javascript.jscomp.LooseTypeCheckTest::testInstanceOfReduction1; com.google.javascript.jscomp.LooseTypeCheckTest::testInstanceOfReduction2; com.google.javascript.jscomp.LooseTypeCheckTest::testInstanceOfReduction3; com.google.javascript.jscomp.LooseTypeCheckTest::testCall10; com.google.javascript.jscomp.LooseTypeCheckTest::testCall11; com.google.javascript.jscomp.LooseTypeCheckTest::testCast10; com.google.javascript.jscomp.LooseTypeCheckTest::testCast11; com.google.javascript.jscomp.LooseTypeCheckTest::testCast12; com.google.javascript.jscomp.LooseTypeCheckTest::testCast15; com.google.javascript.jscomp.LooseTypeCheckTest::testCast16; com.google.javascript.jscomp.LooseTypeCheckTest::testComparison10; com.google.javascript.jscomp.LooseTypeCheckTest::testFunctionArguments10; com.google.javascript.jscomp.LooseTypeCheckTest::testFunctionArguments11; com.google.javascript.jscomp.LooseTypeCheckTest::testFunctionArguments12; com.google.javascript.jscomp.LooseTypeCheckTest::testFunctionArguments13; com.google.javascript.jscomp.LooseTypeCheckTest::testFunctionArguments14; com.google.javascript.jscomp.LooseTypeCheckTest::testFunctionArguments15; com.google.javascript.jscomp.LooseTypeCheckTest::testHigherOrderFunctions1; com.google.javascript.jscomp.LooseTypeCheckTest::testHigherOrderFunctions2; com.google.javascript.jscomp.LooseTypeCheckTest::testHigherOrderFunctions3; com.google.javascript.jscomp.LooseTypeCheckTest::testHigherOrderFunctions4; com.google.javascript.jscomp.LooseTypeCheckTest::testEnum10; com.google.javascript.jscomp.LooseTypeCheckTest::testEnum11; com.google.javascript.jscomp.LooseTypeCheckTest::testEnum12; com.google.javascript.jscomp.LooseTypeCheckTest::testEnum13; com.google.javascript.jscomp.LooseTypeCheckTest::testEnum14; com.google.javascript.jscomp.LooseTypeCheckTest::testEnum15; com.google.javascript.jscomp.LooseTypeCheckTest::testEnum16; com.google.javascript.jscomp.LooseTypeCheckTest::testEnum17; com.google.javascript.jscomp.LooseTypeCheckTest::testEnum18; com.google.javascript.jscomp.LooseTypeCheckTest::testEnum19; com.google.javascript.jscomp.LooseTypeCheckTest::testEnum20; com.google.javascript.jscomp.LooseTypeCheckTest::testEnum22; com.google.javascript.jscomp.LooseTypeCheckTest::testEnum23; com.google.javascript.jscomp.LooseTypeCheckTest::testEnum24; com.google.javascript.jscomp.LooseTypeCheckTest::testEnum25; com.google.javascript.jscomp.LooseTypeCheckTest::testEnum26; com.google.javascript.jscomp.LooseTypeCheckTest::testEnum27; com.google.javascript.jscomp.LooseTypeCheckTest::testEnum28; com.google.javascript.jscomp.LooseTypeCheckTest::testEnum29; com.google.javascript.jscomp.LooseTypeCheckTest::testEnum30; com.google.javascript.jscomp.LooseTypeCheckTest::testEnum31; com.google.javascript.jscomp.LooseTypeCheckTest::testEnum32; com.google.javascript.jscomp.LooseTypeCheckTest::testEnum34; com.google.javascript.jscomp.LooseTypeCheckTest::testEnum35; com.google.javascript.jscomp.LooseTypeCheckTest::testEnum36; com.google.javascript.jscomp.LooseTypeCheckTest::testEnum37; com.google.javascript.jscomp.LooseTypeCheckTest::testEnum38; com.google.javascript.jscomp.LooseTypeCheckTest::testEnum39; com.google.javascript.jscomp.LooseTypeCheckTest::testEnum40; com.google.javascript.jscomp.LooseTypeCheckTest::testControlFlowRestrictsType1a; com.google.javascript.jscomp.LooseTypeCheckTest::testControlFlowRestrictsType1b; com.google.javascript.jscomp.LooseTypeCheckTest::testControlFlowRestrictsType1c; com.google.javascript.jscomp.LooseTypeCheckTest::testGoodExtends1; com.google.javascript.jscomp.LooseTypeCheckTest::testGoodExtends2; com.google.javascript.jscomp.LooseTypeCheckTest::testGoodExtends3; com.google.javascript.jscomp.LooseTypeCheckTest::testGoodExtends5; com.google.javascript.jscomp.LooseTypeCheckTest::testGoodExtends6; com.google.javascript.jscomp.LooseTypeCheckTest::testGoodExtends7; com.google.javascript.jscomp.LooseTypeCheckTest::testGoodExtends8; com.google.javascript.jscomp.LooseTypeCheckTest::testGoodExtends9; com.google.javascript.jscomp.LooseTypeCheckTest::testTypeCheckDefaultExterns; com.google.javascript.jscomp.LooseTypeCheckTest::testTypeRedefinition; com.google.javascript.jscomp.LooseTypeCheckTest::testIssue124; com.google.javascript.jscomp.LooseTypeCheckTest::testBadImplements1; com.google.javascript.jscomp.LooseTypeCheckTest::testBadImplements2; com.google.javascript.jscomp.LooseTypeCheckTest::testBadImplements3; com.google.javascript.jscomp.LooseTypeCheckTest::testAssignInference; com.google.javascript.jscomp.LooseTypeCheckTest::testSwitchCase1; com.google.javascript.jscomp.LooseTypeCheckTest::testSwitchCase2; com.google.javascript.jscomp.LooseTypeCheckTest::testSwitchCase3; com.google.javascript.jscomp.LooseTypeCheckTest::testSwitchCase4; com.google.javascript.jscomp.LooseTypeCheckTest::testSwitchCase5; com.google.javascript.jscomp.LooseTypeCheckTest::testSwitchCase6; com.google.javascript.jscomp.LooseTypeCheckTest::testSwitchCase7; com.google.javascript.jscomp.LooseTypeCheckTest::testSwitchCase8; com.google.javascript.jscomp.LooseTypeCheckTest::testUnionOfFunctionAndType; com.google.javascript.jscomp.LooseTypeCheckTest::testNumberUnboxing; com.google.javascript.jscomp.LooseTypeCheckTest::testSuperclassMismatch1; com.google.javascript.jscomp.LooseTypeCheckTest::testSuperclassMismatch2; com.google.javascript.jscomp.LooseTypeCheckTest::testInstanceof1; com.google.javascript.jscomp.LooseTypeCheckTest::testInstanceof2; com.google.javascript.jscomp.LooseTypeCheckTest::testInstanceof3; com.google.javascript.jscomp.LooseTypeCheckTest::testInstanceof4; com.google.javascript.jscomp.LooseTypeCheckTest::testInstanceof5; com.google.javascript.jscomp.LooseTypeCheckTest::testInstanceof6; com.google.javascript.jscomp.LooseTypeCheckTest::testFunctionInference1; com.google.javascript.jscomp.LooseTypeCheckTest::testFunctionInference2; com.google.javascript.jscomp.LooseTypeCheckTest::testFunctionInference3; com.google.javascript.jscomp.LooseTypeCheckTest::testFunctionInference4; com.google.javascript.jscomp.LooseTypeCheckTest::testFunctionInference5; com.google.javascript.jscomp.LooseTypeCheckTest::testFunctionInference6; com.google.javascript.jscomp.LooseTypeCheckTest::testFunctionInference7; com.google.javascript.jscomp.LooseTypeCheckTest::testFunctionInference8; com.google.javascript.jscomp.LooseTypeCheckTest::testFunctionInference9; com.google.javascript.jscomp.LooseTypeCheckTest::testNullOr; com.google.javascript.jscomp.LooseTypeCheckTest::testPropAccess; com.google.javascript.jscomp.LooseTypeCheckTest::testBug1484445; com.google.javascript.jscomp.LooseTypeCheckTest::testTypeCheck1; com.google.javascript.jscomp.LooseTypeCheckTest::testTypeCheck2; com.google.javascript.jscomp.LooseTypeCheckTest::testTypeCheck4; com.google.javascript.jscomp.LooseTypeCheckTest::testTypeCheck5; com.google.javascript.jscomp.LooseTypeCheckTest::testTypeCheck6; com.google.javascript.jscomp.LooseTypeCheckTest::testTypeCheck8; com.google.javascript.jscomp.LooseTypeCheckTest::testTypeCheck9; com.google.javascript.jscomp.LooseTypeCheckTest::testIssue86; com.google.javascript.jscomp.LooseTypeCheckTest::testMethodInference1; com.google.javascript.jscomp.LooseTypeCheckTest::testMethodInference2; com.google.javascript.jscomp.LooseTypeCheckTest::testMethodInference3; com.google.javascript.jscomp.LooseTypeCheckTest::testMethodInference4; com.google.javascript.jscomp.LooseTypeCheckTest::testMethodInference5; com.google.javascript.jscomp.LooseTypeCheckTest::testMethodInference6; com.google.javascript.jscomp.LooseTypeCheckTest::testMethodInference7; com.google.javascript.jscomp.LooseTypeCheckTest::testMethodInference8; com.google.javascript.jscomp.LooseTypeCheckTest::testMethodInference9; com.google.javascript.jscomp.LooseTypeCheckTest::testThis10; com.google.javascript.jscomp.LooseTypeCheckTest::testTypeof; com.google.javascript.jscomp.LooseTypeCheckTest::testBug1859535; com.google.javascript.jscomp.LooseTypeCheckTest::testBooleanType; com.google.javascript.jscomp.LooseTypeCheckTest::testBug1940591; com.google.javascript.jscomp.LooseTypeCheckTest::testBug1940769; com.google.javascript.jscomp.LooseTypeCheckTest::testBug1942972; com.google.javascript.jscomp.LooseTypeCheckTest::testBug1943776; com.google.javascript.jscomp.LooseTypeCheckTest::testBug1987544; com.google.javascript.jscomp.LooseTypeCheckTest::testInterfaceAssignment10; com.google.javascript.jscomp.LooseTypeCheckTest::testInterfaceAssignment11; com.google.javascript.jscomp.LooseTypeCheckTest::testInterfaceAssignment12; com.google.javascript.jscomp.LooseTypeCheckTest::testInterfaceAssignment13; com.google.javascript.jscomp.LooseTypeCheckTest::testNestedCasts; com.google.javascript.jscomp.LooseTypeCheckTest::testNullAnd; com.google.javascript.jscomp.LooseTypeCheckTest::testGenericRelationalExpression; com.google.javascript.jscomp.LooseTypeCheckTest::testStringComparison1; com.google.javascript.jscomp.LooseTypeCheckTest::testStringComparison2; com.google.javascript.jscomp.LooseTypeCheckTest::testStringComparison3; com.google.javascript.jscomp.LooseTypeCheckTest::testStringComparison4; com.google.javascript.jscomp.LooseTypeCheckTest::testStringComparison5; com.google.javascript.jscomp.LooseTypeCheckTest::testStringComparison6; com.google.javascript.jscomp.LooseTypeCheckTest::testTypeOfReduction12; com.google.javascript.jscomp.LooseTypeCheckTest::testMissingProperty10; com.google.javascript.jscomp.LooseTypeCheckTest::testMissingProperty11; com.google.javascript.jscomp.LooseTypeCheckTest::testMissingProperty12; com.google.javascript.jscomp.LooseTypeCheckTest::testMissingProperty13; com.google.javascript.jscomp.LooseTypeCheckTest::testMissingProperty14; com.google.javascript.jscomp.LooseTypeCheckTest::testMissingProperty15; com.google.javascript.jscomp.LooseTypeCheckTest::testMissingProperty16; com.google.javascript.jscomp.LooseTypeCheckTest::testMissingProperty17; com.google.javascript.jscomp.LooseTypeCheckTest::testMissingProperty18; com.google.javascript.jscomp.LooseTypeCheckTest::testMissingProperty19; com.google.javascript.jscomp.LooseTypeCheckTest::testMissingProperty21; com.google.javascript.jscomp.LooseTypeCheckTest::testMissingProperty22; com.google.javascript.jscomp.LooseTypeCheckTest::testMissingProperty23; com.google.javascript.jscomp.LooseTypeCheckTest::testMissingProperty25; com.google.javascript.jscomp.LooseTypeCheckTest::testMissingProperty26; com.google.javascript.jscomp.LooseTypeCheckTest::testMissingProperty28; com.google.javascript.jscomp.LooseTypeCheckTest::testWarnUnannotatedPropertyOnInterface5; com.google.javascript.jscomp.LooseTypeCheckTest::testWarnUnannotatedPropertyOnInterface6; com.google.javascript.jscomp.LooseTypeCheckTest::testNoForwardTypeDeclaration; com.google.javascript.jscomp.LooseTypeCheckTest::testLateExtends; com.google.javascript.jscomp.LooseTypeCheckTest::testInterfaceInheritanceCheck1; com.google.javascript.jscomp.LooseTypeCheckTest::testInterfaceInheritanceCheck2; com.google.javascript.jscomp.LooseTypeCheckTest::testInterfaceInheritanceCheck3; com.google.javascript.jscomp.LooseTypeCheckTest::testInterfaceInheritanceCheck4; com.google.javascript.jscomp.LooseTypeCheckTest::testInterfaceInheritanceCheck5; com.google.javascript.jscomp.LooseTypeCheckTest::testInterfaceInheritanceCheck6; com.google.javascript.jscomp.LooseTypeCheckTest::testInterfaceInheritanceCheck7; com.google.javascript.jscomp.LooseTypeCheckTest::testNoPersistentTypeInferenceForObjectProperties; com.google.javascript.jscomp.LooseTypeCheckTest::testDuplicateStaticMethodDecl1; com.google.javascript.jscomp.LooseTypeCheckTest::testDuplicateStaticMethodDecl2; com.google.javascript.jscomp.LooseTypeCheckTest::testDuplicateStaticMethodDecl3; com.google.javascript.jscomp.LooseTypeCheckTest::testDuplicateStaticMethodDecl4; com.google.javascript.jscomp.LooseTypeCheckTest::testDuplicateStaticMethodDecl5; com.google.javascript.jscomp.PureFunctionIdentifierTest::testCallBeforeDefinition; com.google.javascript.jscomp.PureFunctionIdentifierTest::testDeleteOperator1; com.google.javascript.jscomp.PureFunctionIdentifierTest::testDeleteOperator2; com.google.javascript.jscomp.PureFunctionIdentifierTest::testConstructorThatModifiesThis1; com.google.javascript.jscomp.PureFunctionIdentifierTest::testConstructorThatModifiesThis2; com.google.javascript.jscomp.PureFunctionIdentifierTest::testConstructorThatModifiesThis3; com.google.javascript.jscomp.PureFunctionIdentifierTest::testConstructorThatModifiesThis4; com.google.javascript.jscomp.PureFunctionIdentifierTest::testAnnotationInExternStubs1; com.google.javascript.jscomp.PureFunctionIdentifierTest::testAnnotationInExternStubs2; com.google.javascript.jscomp.PureFunctionIdentifierTest::testAnnotationInExternStubs3; com.google.javascript.jscomp.PureFunctionIdentifierTest::testExternCalls; com.google.javascript.jscomp.PureFunctionIdentifierTest::testAnnotationInExternStubs1b; com.google.javascript.jscomp.PureFunctionIdentifierTest::testAnnotationInExternStubs2b; com.google.javascript.jscomp.PureFunctionIdentifierTest::testLocalizedSideEffects1; com.google.javascript.jscomp.PureFunctionIdentifierTest::testLocalizedSideEffects2; com.google.javascript.jscomp.PureFunctionIdentifierTest::testLocalizedSideEffects3; com.google.javascript.jscomp.PureFunctionIdentifierTest::testLocalizedSideEffects4; com.google.javascript.jscomp.PureFunctionIdentifierTest::testLocalizedSideEffects5; com.google.javascript.jscomp.PureFunctionIdentifierTest::testLocalizedSideEffects6; com.google.javascript.jscomp.PureFunctionIdentifierTest::testLocalizedSideEffects7; com.google.javascript.jscomp.PureFunctionIdentifierTest::testLocalizedSideEffects8; com.google.javascript.jscomp.PureFunctionIdentifierTest::testLocalizedSideEffects9; com.google.javascript.jscomp.PureFunctionIdentifierTest::testApply; com.google.javascript.jscomp.PureFunctionIdentifierTest::testUnaryOperators1; com.google.javascript.jscomp.PureFunctionIdentifierTest::testUnaryOperators2; com.google.javascript.jscomp.PureFunctionIdentifierTest::testUnaryOperators3; com.google.javascript.jscomp.PureFunctionIdentifierTest::testUnaryOperators4; com.google.javascript.jscomp.PureFunctionIdentifierTest::testUnaryOperators5; com.google.javascript.jscomp.PureFunctionIdentifierTest::testCall; com.google.javascript.jscomp.PureFunctionIdentifierTest::testAndOperators4; com.google.javascript.jscomp.PureFunctionIdentifierTest::testAnnotationInExterns_new1; com.google.javascript.jscomp.PureFunctionIdentifierTest::testAnnotationInExterns_new2; com.google.javascript.jscomp.PureFunctionIdentifierTest::testAnnotationInExterns_new3; com.google.javascript.jscomp.PureFunctionIdentifierTest::testAnnotationInExterns_new4; com.google.javascript.jscomp.PureFunctionIdentifierTest::testAnnotationInExterns_new5; com.google.javascript.jscomp.PureFunctionIdentifierTest::testAnnotationInExterns_new6; com.google.javascript.jscomp.PureFunctionIdentifierTest::testAnnotationInExterns_new7; com.google.javascript.jscomp.PureFunctionIdentifierTest::testAnnotationInExterns_new8; com.google.javascript.jscomp.PureFunctionIdentifierTest::testAnnotationInExterns_new9; com.google.javascript.jscomp.PureFunctionIdentifierTest::testInference1; com.google.javascript.jscomp.PureFunctionIdentifierTest::testInference2; com.google.javascript.jscomp.PureFunctionIdentifierTest::testInference3; com.google.javascript.jscomp.PureFunctionIdentifierTest::testInference4; com.google.javascript.jscomp.PureFunctionIdentifierTest::testInference5; com.google.javascript.jscomp.PureFunctionIdentifierTest::testInference6; com.google.javascript.jscomp.PureFunctionIdentifierTest::testCallFunctionFOrGViaHookWithSideEffects; com.google.javascript.jscomp.PureFunctionIdentifierTest::testCallRegExpWithSideEffects; com.google.javascript.jscomp.PureFunctionIdentifierTest::testInheritance1; com.google.javascript.jscomp.PureFunctionIdentifierTest::testInheritance2; com.google.javascript.jscomp.PureFunctionIdentifierTest::testCallFunctionForGorH; com.google.javascript.jscomp.PureFunctionIdentifierTest::testNoSideEffectsSimple; com.google.javascript.jscomp.PureFunctionIdentifierTest::testHookOperators4; com.google.javascript.jscomp.PureFunctionIdentifierTest::testAnnotationInExterns1; com.google.javascript.jscomp.PureFunctionIdentifierTest::testAnnotationInExterns2; com.google.javascript.jscomp.PureFunctionIdentifierTest::testAnnotationInExterns3; com.google.javascript.jscomp.PureFunctionIdentifierTest::testAnnotationInExterns4; com.google.javascript.jscomp.PureFunctionIdentifierTest::testAnnotationInExterns5; com.google.javascript.jscomp.PureFunctionIdentifierTest::testCallFunctionFOrG; com.google.javascript.jscomp.PureFunctionIdentifierTest::testConstructorThatModifiesGlobal1; com.google.javascript.jscomp.PureFunctionIdentifierTest::testConstructorThatModifiesGlobal2; com.google.javascript.jscomp.PureFunctionIdentifierTest::testAnonymousFunction1; com.google.javascript.jscomp.PureFunctionIdentifierTest::testAnonymousFunction2; com.google.javascript.jscomp.PureFunctionIdentifierTest::testAnonymousFunction3; com.google.javascript.jscomp.PureFunctionIdentifierTest::testAnonymousFunction4; com.google.javascript.jscomp.PureFunctionIdentifierTest::testCallFunctionThatModifiesThis; com.google.javascript.jscomp.PureFunctionIdentifierTest::testOrOperator1; com.google.javascript.jscomp.PureFunctionIdentifierTest::testOrOperator2; com.google.javascript.jscomp.PureFunctionIdentifierTest::testOrOperator3; com.google.javascript.jscomp.PureFunctionIdentifierTest::testAnnotationInExterns_new10; com.google.javascript.jscomp.PureFunctionIdentifierTest::testLocalizedSideEffects10; com.google.javascript.jscomp.PureFunctionIdentifierTest::testLocalizedSideEffects11; com.google.javascript.jscomp.PureFunctionIdentifierTest::testCallFunctionFOrGViaHook; com.google.javascript.jscomp.PureFunctionIdentifierTest::testAssignmentOverride; com.google.javascript.jscomp.PureFunctionIdentifierTest::testHookOperator1; com.google.javascript.jscomp.PureFunctionIdentifierTest::testHookOperator2; com.google.javascript.jscomp.PureFunctionIdentifierTest::testHookOperator3; com.google.javascript.jscomp.PureFunctionIdentifierTest::testIssue303b; com.google.javascript.jscomp.PureFunctionIdentifierTest::testSharedFunctionName1; com.google.javascript.jscomp.PureFunctionIdentifierTest::testSharedFunctionName2; com.google.javascript.jscomp.PureFunctionIdentifierTest::testConstructorAnnotationInExterns1; com.google.javascript.jscomp.PureFunctionIdentifierTest::testConstructorAnnotationInExterns2; com.google.javascript.jscomp.PureFunctionIdentifierTest::testConstructorAnnotationInExterns3; com.google.javascript.jscomp.PureFunctionIdentifierTest::testConstructorAnnotationInExterns4; com.google.javascript.jscomp.PureFunctionIdentifierTest::testConstructorAnnotationInExterns5; com.google.javascript.jscomp.PureFunctionIdentifierTest::testConstructorAnnotationInExterns6; com.google.javascript.jscomp.PureFunctionIdentifierTest::testConstructorAnnotationInExterns7; com.google.javascript.jscomp.PureFunctionIdentifierTest::testConstructorAnnotationInExterns8; com.google.javascript.jscomp.PureFunctionIdentifierTest::testIssue303; com.google.javascript.jscomp.PureFunctionIdentifierTest::testOrOperators4; com.google.javascript.jscomp.PureFunctionIdentifierTest::testCallFunctionFOrGWithSideEffects; com.google.javascript.jscomp.PureFunctionIdentifierTest::testResultLocalitySimple; com.google.javascript.jscomp.PureFunctionIdentifierTest::testThrow1; com.google.javascript.jscomp.PureFunctionIdentifierTest::testThrow2; com.google.javascript.jscomp.PureFunctionIdentifierTest::testAndOperator1; com.google.javascript.jscomp.PureFunctionIdentifierTest::testAndOperator2; com.google.javascript.jscomp.PureFunctionIdentifierTest::testAndOperator3; com.google.javascript.jscomp.PureFunctionIdentifierTest::testNamespaceAnnotationInExterns1; com.google.javascript.jscomp.PureFunctionIdentifierTest::testNamespaceAnnotationInExterns2; com.google.javascript.jscomp.PureFunctionIdentifierTest::testNamespaceAnnotationInExterns3; com.google.javascript.jscomp.PureFunctionIdentifierTest::testNamespaceAnnotationInExterns4; com.google.javascript.jscomp.PureFunctionIdentifierTest::testNamespaceAnnotationInExterns5; com.google.javascript.jscomp.PureFunctionIdentifierTest::testNamespaceAnnotationInExterns6; com.google.javascript.jscomp.PureFunctionIdentifierTest::testCallBeforeDefinition; com.google.javascript.jscomp.PureFunctionIdentifierTest::testDeleteOperator1; com.google.javascript.jscomp.PureFunctionIdentifierTest::testDeleteOperator2; com.google.javascript.jscomp.PureFunctionIdentifierTest::testConstructorThatModifiesThis1; com.google.javascript.jscomp.PureFunctionIdentifierTest::testConstructorThatModifiesThis2; com.google.javascript.jscomp.PureFunctionIdentifierTest::testConstructorThatModifiesThis3; com.google.javascript.jscomp.PureFunctionIdentifierTest::testConstructorThatModifiesThis4; com.google.javascript.jscomp.PureFunctionIdentifierTest::testAnnotationInExternStubs1; com.google.javascript.jscomp.PureFunctionIdentifierTest::testAnnotationInExternStubs2; com.google.javascript.jscomp.PureFunctionIdentifierTest::testAnnotationInExternStubs3; com.google.javascript.jscomp.PureFunctionIdentifierTest::testExternCalls; com.google.javascript.jscomp.PureFunctionIdentifierTest::testAnnotationInExternStubs1b; com.google.javascript.jscomp.PureFunctionIdentifierTest::testAnnotationInExternStubs2b; com.google.javascript.jscomp.PureFunctionIdentifierTest::testLocalizedSideEffects1; com.google.javascript.jscomp.PureFunctionIdentifierTest::testLocalizedSideEffects2; com.google.javascript.jscomp.PureFunctionIdentifierTest::testLocalizedSideEffects3; com.google.javascript.jscomp.PureFunctionIdentifierTest::testLocalizedSideEffects4; com.google.javascript.jscomp.PureFunctionIdentifierTest::testLocalizedSideEffects5; com.google.javascript.jscomp.PureFunctionIdentifierTest::testLocalizedSideEffects6; com.google.javascript.jscomp.PureFunctionIdentifierTest::testLocalizedSideEffects7; com.google.javascript.jscomp.PureFunctionIdentifierTest::testLocalizedSideEffects8; com.google.javascript.jscomp.PureFunctionIdentifierTest::testLocalizedSideEffects9; com.google.javascript.jscomp.PureFunctionIdentifierTest::testApply; com.google.javascript.jscomp.PureFunctionIdentifierTest::testUnaryOperators1; com.google.javascript.jscomp.PureFunctionIdentifierTest::testUnaryOperators2; com.google.javascript.jscomp.PureFunctionIdentifierTest::testUnaryOperators3; com.google.javascript.jscomp.PureFunctionIdentifierTest::testUnaryOperators4; com.google.javascript.jscomp.PureFunctionIdentifierTest::testUnaryOperators5; com.google.javascript.jscomp.PureFunctionIdentifierTest::testCall; com.google.javascript.jscomp.PureFunctionIdentifierTest::testAndOperators4; com.google.javascript.jscomp.PureFunctionIdentifierTest::testAnnotationInExterns_new1; com.google.javascript.jscomp.PureFunctionIdentifierTest::testAnnotationInExterns_new2; com.google.javascript.jscomp.PureFunctionIdentifierTest::testAnnotationInExterns_new3; com.google.javascript.jscomp.PureFunctionIdentifierTest::testAnnotationInExterns_new4; com.google.javascript.jscomp.PureFunctionIdentifierTest::testAnnotationInExterns_new5; com.google.javascript.jscomp.PureFunctionIdentifierTest::testAnnotationInExterns_new6; com.google.javascript.jscomp.PureFunctionIdentifierTest::testAnnotationInExterns_new7; com.google.javascript.jscomp.PureFunctionIdentifierTest::testAnnotationInExterns_new8; com.google.javascript.jscomp.PureFunctionIdentifierTest::testAnnotationInExterns_new9; com.google.javascript.jscomp.PureFunctionIdentifierTest::testInference1; com.google.javascript.jscomp.PureFunctionIdentifierTest::testInference2; com.google.javascript.jscomp.PureFunctionIdentifierTest::testInference3; com.google.javascript.jscomp.PureFunctionIdentifierTest::testInference4; com.google.javascript.jscomp.PureFunctionIdentifierTest::testInference5; com.google.javascript.jscomp.PureFunctionIdentifierTest::testInference6; com.google.javascript.jscomp.PureFunctionIdentifierTest::testCallFunctionFOrGViaHookWithSideEffects; com.google.javascript.jscomp.PureFunctionIdentifierTest::testCallRegExpWithSideEffects; com.google.javascript.jscomp.PureFunctionIdentifierTest::testInheritance1; com.google.javascript.jscomp.PureFunctionIdentifierTest::testInheritance2; com.google.javascript.jscomp.PureFunctionIdentifierTest::testCallFunctionForGorH; com.google.javascript.jscomp.PureFunctionIdentifierTest::testNoSideEffectsSimple; com.google.javascript.jscomp.PureFunctionIdentifierTest::testHookOperators4; com.google.javascript.jscomp.PureFunctionIdentifierTest::testAnnotationInExterns1; com.google.javascript.jscomp.PureFunctionIdentifierTest::testAnnotationInExterns2; com.google.javascript.jscomp.PureFunctionIdentifierTest::testAnnotationInExterns3; com.google.javascript.jscomp.PureFunctionIdentifierTest::testAnnotationInExterns4; com.google.javascript.jscomp.PureFunctionIdentifierTest::testAnnotationInExterns5; com.google.javascript.jscomp.PureFunctionIdentifierTest::testCallFunctionFOrG; com.google.javascript.jscomp.PureFunctionIdentifierTest::testConstructorThatModifiesGlobal1; com.google.javascript.jscomp.PureFunctionIdentifierTest::testConstructorThatModifiesGlobal2; com.google.javascript.jscomp.PureFunctionIdentifierTest::testAnonymousFunction1; com.google.javascript.jscomp.PureFunctionIdentifierTest::testAnonymousFunction2; com.google.javascript.jscomp.PureFunctionIdentifierTest::testAnonymousFunction3; com.google.javascript.jscomp.PureFunctionIdentifierTest::testAnonymousFunction4; com.google.javascript.jscomp.PureFunctionIdentifierTest::testCallFunctionThatModifiesThis; com.google.javascript.jscomp.PureFunctionIdentifierTest::testOrOperator1; com.google.javascript.jscomp.PureFunctionIdentifierTest::testOrOperator2; com.google.javascript.jscomp.PureFunctionIdentifierTest::testOrOperator3; com.google.javascript.jscomp.PureFunctionIdentifierTest::testAnnotationInExterns_new10; com.google.javascript.jscomp.PureFunctionIdentifierTest::testLocalizedSideEffects10; com.google.javascript.jscomp.PureFunctionIdentifierTest::testLocalizedSideEffects11; com.google.javascript.jscomp.PureFunctionIdentifierTest::testCallFunctionFOrGViaHook; com.google.javascript.jscomp.PureFunctionIdentifierTest::testAssignmentOverride; com.google.javascript.jscomp.PureFunctionIdentifierTest::testHookOperator1; com.google.javascript.jscomp.PureFunctionIdentifierTest::testHookOperator2; com.google.javascript.jscomp.PureFunctionIdentifierTest::testHookOperator3; com.google.javascript.jscomp.PureFunctionIdentifierTest::testIssue303b; com.google.javascript.jscomp.PureFunctionIdentifierTest::testSharedFunctionName1; com.google.javascript.jscomp.PureFunctionIdentifierTest::testSharedFunctionName2; com.google.javascript.jscomp.PureFunctionIdentifierTest::testConstructorAnnotationInExterns1; com.google.javascript.jscomp.PureFunctionIdentifierTest::testConstructorAnnotationInExterns2; com.google.javascript.jscomp.PureFunctionIdentifierTest::testConstructorAnnotationInExterns3; com.google.javascript.jscomp.PureFunctionIdentifierTest::testConstructorAnnotationInExterns4; com.google.javascript.jscomp.PureFunctionIdentifierTest::testConstructorAnnotationInExterns5; com.google.javascript.jscomp.PureFunctionIdentifierTest::testConstructorAnnotationInExterns6; com.google.javascript.jscomp.PureFunctionIdentifierTest::testConstructorAnnotationInExterns7; com.google.javascript.jscomp.PureFunctionIdentifierTest::testConstructorAnnotationInExterns8; com.google.javascript.jscomp.PureFunctionIdentifierTest::testIssue303; com.google.javascript.jscomp.PureFunctionIdentifierTest::testOrOperators4; com.google.javascript.jscomp.PureFunctionIdentifierTest::testCallFunctionFOrGWithSideEffects; com.google.javascript.jscomp.PureFunctionIdentifierTest::testResultLocalitySimple; com.google.javascript.jscomp.PureFunctionIdentifierTest::testThrow1; com.google.javascript.jscomp.PureFunctionIdentifierTest::testThrow2; com.google.javascript.jscomp.PureFunctionIdentifierTest::testAndOperator1; com.google.javascript.jscomp.PureFunctionIdentifierTest::testAndOperator2; com.google.javascript.jscomp.PureFunctionIdentifierTest::testAndOperator3; com.google.javascript.jscomp.PureFunctionIdentifierTest::testNamespaceAnnotationInExterns1; com.google.javascript.jscomp.PureFunctionIdentifierTest::testNamespaceAnnotationInExterns2; com.google.javascript.jscomp.PureFunctionIdentifierTest::testNamespaceAnnotationInExterns3; com.google.javascript.jscomp.PureFunctionIdentifierTest::testNamespaceAnnotationInExterns4; com.google.javascript.jscomp.PureFunctionIdentifierTest::testNamespaceAnnotationInExterns5; com.google.javascript.jscomp.PureFunctionIdentifierTest::testNamespaceAnnotationInExterns6; com.google.javascript.jscomp.TypeCheckTest::testOptionalNullableArgFunctionParam; com.google.javascript.jscomp.TypeCheckTest::testAbstractMethodHandling1; com.google.javascript.jscomp.TypeCheckTest::testAbstractMethodHandling2; com.google.javascript.jscomp.TypeCheckTest::testAbstractMethodHandling3; com.google.javascript.jscomp.TypeCheckTest::testAbstractMethodHandling4; com.google.javascript.jscomp.TypeCheckTest::testAbstractMethodHandling5; com.google.javascript.jscomp.TypeCheckTest::testAbstractMethodHandling6; com.google.javascript.jscomp.TypeCheckTest::testInterfacePropertyOverride1; com.google.javascript.jscomp.TypeCheckTest::testInterfacePropertyOverride2; com.google.javascript.jscomp.TypeCheckTest::testDuplicateStaticPropertyDec20; com.google.javascript.jscomp.TypeCheckTest::testDuplicateStaticPropertyDecl1; com.google.javascript.jscomp.TypeCheckTest::testDuplicateStaticPropertyDecl2; com.google.javascript.jscomp.TypeCheckTest::testDuplicateStaticPropertyDecl3; com.google.javascript.jscomp.TypeCheckTest::testDuplicateStaticPropertyDecl6; com.google.javascript.jscomp.TypeCheckTest::testDuplicateStaticPropertyDecl7; com.google.javascript.jscomp.TypeCheckTest::testDuplicateStaticPropertyDecl8; com.google.javascript.jscomp.TypeCheckTest::testDuplicateStaticPropertyDecl9; com.google.javascript.jscomp.TypeCheckTest::testActiveXObject; com.google.javascript.jscomp.TypeCheckTest::testBadStruct; com.google.javascript.jscomp.TypeCheckTest::testDoubleNestedInterface; com.google.javascript.jscomp.TypeCheckTest::testNotIIFE1; com.google.javascript.jscomp.TypeCheckTest::testDeleteOperator1; com.google.javascript.jscomp.TypeCheckTest::testDeleteOperator2; com.google.javascript.jscomp.TypeCheckTest::testNoForwardTypeDeclarationAndNoBraces; com.google.javascript.jscomp.TypeCheckTest::testInheritanceCheck10_1; com.google.javascript.jscomp.TypeCheckTest::testInheritanceCheck10_2; com.google.javascript.jscomp.TypeCheckTest::testInheritanceCheck10_3; com.google.javascript.jscomp.TypeCheckTest::testOptionalNullableArgFunctionParam2; com.google.javascript.jscomp.TypeCheckTest::testOptionalNullableArgFunctionParam3; com.google.javascript.jscomp.TypeCheckTest::testAliasedEnum1; com.google.javascript.jscomp.TypeCheckTest::testAliasedEnum2; com.google.javascript.jscomp.TypeCheckTest::testAliasedEnum3; com.google.javascript.jscomp.TypeCheckTest::testAliasedEnum4; com.google.javascript.jscomp.TypeCheckTest::testAliasedEnum5; com.google.javascript.jscomp.TypeCheckTest::testNestedFunctionInference1; com.google.javascript.jscomp.TypeCheckTest::testOptionalArgFunctionParam2; com.google.javascript.jscomp.TypeCheckTest::testOptionalArgFunctionParam3; com.google.javascript.jscomp.TypeCheckTest::testOptionalArgFunctionParam4; com.google.javascript.jscomp.TypeCheckTest::testForwardPropertyReference; com.google.javascript.jscomp.TypeCheckTest::testBooleanReduction1; com.google.javascript.jscomp.TypeCheckTest::testBooleanReduction2; com.google.javascript.jscomp.TypeCheckTest::testBooleanReduction3; com.google.javascript.jscomp.TypeCheckTest::testBooleanReduction4; com.google.javascript.jscomp.TypeCheckTest::testBooleanReduction5; com.google.javascript.jscomp.TypeCheckTest::testBooleanReduction6; com.google.javascript.jscomp.TypeCheckTest::testBooleanReduction7; com.google.javascript.jscomp.TypeCheckTest::testOptionalArgFunctionReturn; com.google.javascript.jscomp.TypeCheckTest::testBug2335992; com.google.javascript.jscomp.TypeCheckTest::testBug2341812; com.google.javascript.jscomp.TypeCheckTest::testGetpropDict1; com.google.javascript.jscomp.TypeCheckTest::testGetpropDict2; com.google.javascript.jscomp.TypeCheckTest::testGetpropDict3; com.google.javascript.jscomp.TypeCheckTest::testGetpropDict4; com.google.javascript.jscomp.TypeCheckTest::testGetpropDict5; com.google.javascript.jscomp.TypeCheckTest::testFunctionMasksVariableBug; com.google.javascript.jscomp.TypeCheckTest::testStaticDataPropertyOnNestedInterface; com.google.javascript.jscomp.TypeCheckTest::testTypeInferenceWithNoEntry1; com.google.javascript.jscomp.TypeCheckTest::testMultipleExtendsInterfaceParamPass; com.google.javascript.jscomp.TypeCheckTest::testBackwardsTypedefUse1; com.google.javascript.jscomp.TypeCheckTest::testBackwardsTypedefUse2; com.google.javascript.jscomp.TypeCheckTest::testBackwardsTypedefUse3; com.google.javascript.jscomp.TypeCheckTest::testBackwardsTypedefUse4; com.google.javascript.jscomp.TypeCheckTest::testBackwardsTypedefUse6; com.google.javascript.jscomp.TypeCheckTest::testBackwardsTypedefUse7; com.google.javascript.jscomp.TypeCheckTest::testBackwardsTypedefUse8; com.google.javascript.jscomp.TypeCheckTest::testBackwardsTypedefUse9; com.google.javascript.jscomp.TypeCheckTest::testFunctionLiteralDefinedThisArgument; com.google.javascript.jscomp.TypeCheckTest::testPropAccess2; com.google.javascript.jscomp.TypeCheckTest::testPropAccess3; com.google.javascript.jscomp.TypeCheckTest::testPropAccess4; com.google.javascript.jscomp.TypeCheckTest::testBackwardsEnumUse1; com.google.javascript.jscomp.TypeCheckTest::testBackwardsEnumUse2; com.google.javascript.jscomp.TypeCheckTest::testBackwardsEnumUse3; com.google.javascript.jscomp.TypeCheckTest::testBackwardsEnumUse4; com.google.javascript.jscomp.TypeCheckTest::testBackwardsEnumUse5; com.google.javascript.jscomp.TypeCheckTest::testGetprop1; com.google.javascript.jscomp.TypeCheckTest::testGetprop2; com.google.javascript.jscomp.TypeCheckTest::testGetprop3; com.google.javascript.jscomp.TypeCheckTest::testGetprop4; com.google.javascript.jscomp.TypeCheckTest::testArrayAccess1; com.google.javascript.jscomp.TypeCheckTest::testArrayAccess2; com.google.javascript.jscomp.TypeCheckTest::testArrayAccess3; com.google.javascript.jscomp.TypeCheckTest::testArrayAccess4; com.google.javascript.jscomp.TypeCheckTest::testArrayAccess6; com.google.javascript.jscomp.TypeCheckTest::testArrayAccess7; com.google.javascript.jscomp.TypeCheckTest::testArrayAccess8; com.google.javascript.jscomp.TypeCheckTest::testArrayAccess9; com.google.javascript.jscomp.TypeCheckTest::testObjLitDef1a; com.google.javascript.jscomp.TypeCheckTest::testObjLitDef1b; com.google.javascript.jscomp.TypeCheckTest::testObjLitDef2a; com.google.javascript.jscomp.TypeCheckTest::testObjLitDef2b; com.google.javascript.jscomp.TypeCheckTest::testObjLitDef3a; com.google.javascript.jscomp.TypeCheckTest::testObjLitDef3b; com.google.javascript.jscomp.TypeCheckTest::testScoping11; com.google.javascript.jscomp.TypeCheckTest::testScoping12; com.google.javascript.jscomp.TypeCheckTest::testObjectPropertyTypeInferredInLocalScope1; com.google.javascript.jscomp.TypeCheckTest::testObjectPropertyTypeInferredInLocalScope2; com.google.javascript.jscomp.TypeCheckTest::testObjectPropertyTypeInferredInLocalScope3; com.google.javascript.jscomp.TypeCheckTest::testGlobalThis1; com.google.javascript.jscomp.TypeCheckTest::testGlobalThis2; com.google.javascript.jscomp.TypeCheckTest::testGlobalThis3; com.google.javascript.jscomp.TypeCheckTest::testGlobalThis4; com.google.javascript.jscomp.TypeCheckTest::testGlobalThis5; com.google.javascript.jscomp.TypeCheckTest::testGlobalThis6; com.google.javascript.jscomp.TypeCheckTest::testGlobalThis7; com.google.javascript.jscomp.TypeCheckTest::testGlobalThis8; com.google.javascript.jscomp.TypeCheckTest::testGlobalThis9; com.google.javascript.jscomp.TypeCheckTest::testGetelemStruct1; com.google.javascript.jscomp.TypeCheckTest::testGetelemStruct2; com.google.javascript.jscomp.TypeCheckTest::testGetelemStruct3; com.google.javascript.jscomp.TypeCheckTest::testGetelemStruct4; com.google.javascript.jscomp.TypeCheckTest::testGetelemStruct5; com.google.javascript.jscomp.TypeCheckTest::testGetelemStruct6; com.google.javascript.jscomp.TypeCheckTest::testBadImplementsNonInterfaceType; com.google.javascript.jscomp.TypeCheckTest::testInferredParam1; com.google.javascript.jscomp.TypeCheckTest::testInferredParam2; com.google.javascript.jscomp.TypeCheckTest::testInferredParam3; com.google.javascript.jscomp.TypeCheckTest::testInferredParam4; com.google.javascript.jscomp.TypeCheckTest::testInferredParam5; com.google.javascript.jscomp.TypeCheckTest::testInferredParam6; com.google.javascript.jscomp.TypeCheckTest::testWhileRestrictsType1; com.google.javascript.jscomp.TypeCheckTest::testWhileRestrictsType2; com.google.javascript.jscomp.TypeCheckTest::testPrintFunctionName1; com.google.javascript.jscomp.TypeCheckTest::testPrintFunctionName2; com.google.javascript.jscomp.TypeCheckTest::testBadImplementsAConstructor; com.google.javascript.jscomp.TypeCheckTest::testOptionalParameterComparedToUndefined; com.google.javascript.jscomp.TypeCheckTest::testDuplicateInstanceMethod1; com.google.javascript.jscomp.TypeCheckTest::testDuplicateInstanceMethod2; com.google.javascript.jscomp.TypeCheckTest::testDuplicateInstanceMethod3; com.google.javascript.jscomp.TypeCheckTest::testDuplicateInstanceMethod4; com.google.javascript.jscomp.TypeCheckTest::testDuplicateInstanceMethod5; com.google.javascript.jscomp.TypeCheckTest::testDuplicateInstanceMethod6; com.google.javascript.jscomp.TypeCheckTest::testIn1; com.google.javascript.jscomp.TypeCheckTest::testIn2; com.google.javascript.jscomp.TypeCheckTest::testIn3; com.google.javascript.jscomp.TypeCheckTest::testIn4; com.google.javascript.jscomp.TypeCheckTest::testIn5; com.google.javascript.jscomp.TypeCheckTest::testIn6; com.google.javascript.jscomp.TypeCheckTest::testIn7; com.google.javascript.jscomp.TypeCheckTest::testOr1; com.google.javascript.jscomp.TypeCheckTest::testOr2; com.google.javascript.jscomp.TypeCheckTest::testOr3; com.google.javascript.jscomp.TypeCheckTest::testOr4; com.google.javascript.jscomp.TypeCheckTest::testOr5; com.google.javascript.jscomp.TypeCheckTest::testOptionalAllType; com.google.javascript.jscomp.TypeCheckTest::testAnonymousType1; com.google.javascript.jscomp.TypeCheckTest::testAnonymousType2; com.google.javascript.jscomp.TypeCheckTest::testAnonymousType3; com.google.javascript.jscomp.TypeCheckTest::testHookRestrictsType1; com.google.javascript.jscomp.TypeCheckTest::testHookRestrictsType2; com.google.javascript.jscomp.TypeCheckTest::testHookRestrictsType3; com.google.javascript.jscomp.TypeCheckTest::testHookRestrictsType4; com.google.javascript.jscomp.TypeCheckTest::testHookRestrictsType5; com.google.javascript.jscomp.TypeCheckTest::testHookRestrictsType6; com.google.javascript.jscomp.TypeCheckTest::testHookRestrictsType7; com.google.javascript.jscomp.TypeCheckTest::testUnionTemplateThisType; com.google.javascript.jscomp.TypeCheckTest::testConstructorType1; com.google.javascript.jscomp.TypeCheckTest::testConstructorType2; com.google.javascript.jscomp.TypeCheckTest::testConstructorType3; com.google.javascript.jscomp.TypeCheckTest::testConstructorType4; com.google.javascript.jscomp.TypeCheckTest::testConstructorType5; com.google.javascript.jscomp.TypeCheckTest::testConstructorType6; com.google.javascript.jscomp.TypeCheckTest::testConstructorType8; com.google.javascript.jscomp.TypeCheckTest::testConstructorType9; com.google.javascript.jscomp.TypeCheckTest::testTypeof2; com.google.javascript.jscomp.TypeCheckTest::testTypeof3; com.google.javascript.jscomp.TypeCheckTest::testInheritanceCheck1; com.google.javascript.jscomp.TypeCheckTest::testInheritanceCheck2; com.google.javascript.jscomp.TypeCheckTest::testInheritanceCheck3; com.google.javascript.jscomp.TypeCheckTest::testInheritanceCheck4; com.google.javascript.jscomp.TypeCheckTest::testInheritanceCheck5; com.google.javascript.jscomp.TypeCheckTest::testInheritanceCheck6; com.google.javascript.jscomp.TypeCheckTest::testInheritanceCheck7; com.google.javascript.jscomp.TypeCheckTest::testInheritanceCheck8; com.google.javascript.jscomp.TypeCheckTest::testNoPersistentTypeInferenceForFunctionProperties; com.google.javascript.jscomp.TypeCheckTest::testAdd10; com.google.javascript.jscomp.TypeCheckTest::testAdd11; com.google.javascript.jscomp.TypeCheckTest::testAdd12; com.google.javascript.jscomp.TypeCheckTest::testAdd13; com.google.javascript.jscomp.TypeCheckTest::testAdd14; com.google.javascript.jscomp.TypeCheckTest::testAdd15; com.google.javascript.jscomp.TypeCheckTest::testAdd16; com.google.javascript.jscomp.TypeCheckTest::testAdd17; com.google.javascript.jscomp.TypeCheckTest::testAdd18; com.google.javascript.jscomp.TypeCheckTest::testAdd19; com.google.javascript.jscomp.TypeCheckTest::testAdd20; com.google.javascript.jscomp.TypeCheckTest::testAdd21; com.google.javascript.jscomp.TypeCheckTest::testBang1; com.google.javascript.jscomp.TypeCheckTest::testBang2; com.google.javascript.jscomp.TypeCheckTest::testBang3; com.google.javascript.jscomp.TypeCheckTest::testBang4; com.google.javascript.jscomp.TypeCheckTest::testBang5; com.google.javascript.jscomp.TypeCheckTest::testBang6; com.google.javascript.jscomp.TypeCheckTest::testBang7; com.google.javascript.jscomp.TypeCheckTest::testCall1; com.google.javascript.jscomp.TypeCheckTest::testCall2; com.google.javascript.jscomp.TypeCheckTest::testCall3; com.google.javascript.jscomp.TypeCheckTest::testCall4; com.google.javascript.jscomp.TypeCheckTest::testCall5; com.google.javascript.jscomp.TypeCheckTest::testCall6; com.google.javascript.jscomp.TypeCheckTest::testCall7; com.google.javascript.jscomp.TypeCheckTest::testCall8; com.google.javascript.jscomp.TypeCheckTest::testCall9; com.google.javascript.jscomp.TypeCheckTest::testCast2; com.google.javascript.jscomp.TypeCheckTest::testCast3; com.google.javascript.jscomp.TypeCheckTest::testCast4; com.google.javascript.jscomp.TypeCheckTest::testCast5; com.google.javascript.jscomp.TypeCheckTest::testCast6; com.google.javascript.jscomp.TypeCheckTest::testCast7; com.google.javascript.jscomp.TypeCheckTest::testCast8; com.google.javascript.jscomp.TypeCheckTest::testCast9; com.google.javascript.jscomp.TypeCheckTest::testFunctionArguments1; com.google.javascript.jscomp.TypeCheckTest::testFunctionArguments2; com.google.javascript.jscomp.TypeCheckTest::testFunctionArguments3; com.google.javascript.jscomp.TypeCheckTest::testFunctionArguments4; com.google.javascript.jscomp.TypeCheckTest::testFunctionArguments5; com.google.javascript.jscomp.TypeCheckTest::testFunctionArguments6; com.google.javascript.jscomp.TypeCheckTest::testFunctionArguments7; com.google.javascript.jscomp.TypeCheckTest::testFunctionArguments8; com.google.javascript.jscomp.TypeCheckTest::testFunctionArguments9; com.google.javascript.jscomp.TypeCheckTest::testDfa10; com.google.javascript.jscomp.TypeCheckTest::testDfa11; com.google.javascript.jscomp.TypeCheckTest::testDfa12; com.google.javascript.jscomp.TypeCheckTest::testDfa13; com.google.javascript.jscomp.TypeCheckTest::testEnum1; com.google.javascript.jscomp.TypeCheckTest::testEnum2; com.google.javascript.jscomp.TypeCheckTest::testEnum3; com.google.javascript.jscomp.TypeCheckTest::testEnum4; com.google.javascript.jscomp.TypeCheckTest::testEnum5; com.google.javascript.jscomp.TypeCheckTest::testEnum6; com.google.javascript.jscomp.TypeCheckTest::testEnum7; com.google.javascript.jscomp.TypeCheckTest::testIIFE1; com.google.javascript.jscomp.TypeCheckTest::testIIFE2; com.google.javascript.jscomp.TypeCheckTest::testIIFE3; com.google.javascript.jscomp.TypeCheckTest::testIIFE4; com.google.javascript.jscomp.TypeCheckTest::testIIFE5; com.google.javascript.jscomp.TypeCheckTest::testNew10; com.google.javascript.jscomp.TypeCheckTest::testNew11; com.google.javascript.jscomp.TypeCheckTest::testNew16; com.google.javascript.jscomp.TypeCheckTest::testNew17; com.google.javascript.jscomp.TypeCheckTest::testNew18; com.google.javascript.jscomp.TypeCheckTest::testThis1; com.google.javascript.jscomp.TypeCheckTest::testThis2; com.google.javascript.jscomp.TypeCheckTest::testThis3; com.google.javascript.jscomp.TypeCheckTest::testThis4; com.google.javascript.jscomp.TypeCheckTest::testThis5; com.google.javascript.jscomp.TypeCheckTest::testThis6; com.google.javascript.jscomp.TypeCheckTest::testThis7; com.google.javascript.jscomp.TypeCheckTest::testThis8; com.google.javascript.jscomp.TypeCheckTest::testThis9; com.google.javascript.jscomp.TypeCheckTest::testVar10; com.google.javascript.jscomp.TypeCheckTest::testVar11; com.google.javascript.jscomp.TypeCheckTest::testVar13; com.google.javascript.jscomp.TypeCheckTest::testVar14; com.google.javascript.jscomp.TypeCheckTest::testVar15; com.google.javascript.jscomp.TypeCheckTest::testAdd1; com.google.javascript.jscomp.TypeCheckTest::testAdd2; com.google.javascript.jscomp.TypeCheckTest::testAdd3; com.google.javascript.jscomp.TypeCheckTest::testAdd4; com.google.javascript.jscomp.TypeCheckTest::testAdd5; com.google.javascript.jscomp.TypeCheckTest::testAdd6; com.google.javascript.jscomp.TypeCheckTest::testAdd7; com.google.javascript.jscomp.TypeCheckTest::testAdd8; com.google.javascript.jscomp.TypeCheckTest::testAdd9; com.google.javascript.jscomp.TypeCheckTest::testAnd1; com.google.javascript.jscomp.TypeCheckTest::testAnd2; com.google.javascript.jscomp.TypeCheckTest::testAnd3; com.google.javascript.jscomp.TypeCheckTest::testAnd4; com.google.javascript.jscomp.TypeCheckTest::testAnd5; com.google.javascript.jscomp.TypeCheckTest::testAnd6; com.google.javascript.jscomp.TypeCheckTest::testAnd7; com.google.javascript.jscomp.TypeCheckTest::testDfa1; com.google.javascript.jscomp.TypeCheckTest::testDfa2; com.google.javascript.jscomp.TypeCheckTest::testDfa3; com.google.javascript.jscomp.TypeCheckTest::testDfa4; com.google.javascript.jscomp.TypeCheckTest::testDfa5; com.google.javascript.jscomp.TypeCheckTest::testDfa6; com.google.javascript.jscomp.TypeCheckTest::testDfa7; com.google.javascript.jscomp.TypeCheckTest::testDfa8; com.google.javascript.jscomp.TypeCheckTest::testDfa9; com.google.javascript.jscomp.TypeCheckTest::testHook; com.google.javascript.jscomp.TypeCheckTest::testNew1; com.google.javascript.jscomp.TypeCheckTest::testNew2; com.google.javascript.jscomp.TypeCheckTest::testNew3; com.google.javascript.jscomp.TypeCheckTest::testNew4; com.google.javascript.jscomp.TypeCheckTest::testNew5; com.google.javascript.jscomp.TypeCheckTest::testNew7; com.google.javascript.jscomp.TypeCheckTest::testNew8; com.google.javascript.jscomp.TypeCheckTest::testNew9; com.google.javascript.jscomp.TypeCheckTest::testVar2; com.google.javascript.jscomp.TypeCheckTest::testVar5; com.google.javascript.jscomp.TypeCheckTest::testVar6; com.google.javascript.jscomp.TypeCheckTest::testVar7; com.google.javascript.jscomp.TypeCheckTest::testVar8; com.google.javascript.jscomp.TypeCheckTest::testVar9; com.google.javascript.jscomp.TypeCheckTest::testInterfacePropertyNotImplemented; com.google.javascript.jscomp.TypeCheckTest::testMinimalConstructorAnnotation; com.google.javascript.jscomp.TypeCheckTest::testInferredReturn1; com.google.javascript.jscomp.TypeCheckTest::testInferredReturn2; com.google.javascript.jscomp.TypeCheckTest::testInferredReturn3; com.google.javascript.jscomp.TypeCheckTest::testInferredReturn4; com.google.javascript.jscomp.TypeCheckTest::testInferredReturn5; com.google.javascript.jscomp.TypeCheckTest::testInferredReturn6; com.google.javascript.jscomp.TypeCheckTest::testInferredReturn7; com.google.javascript.jscomp.TypeCheckTest::testInferredReturn8; com.google.javascript.jscomp.TypeCheckTest::testOverriddenParams1; com.google.javascript.jscomp.TypeCheckTest::testOverriddenParams2; com.google.javascript.jscomp.TypeCheckTest::testOverriddenParams3; com.google.javascript.jscomp.TypeCheckTest::testOverriddenParams4; com.google.javascript.jscomp.TypeCheckTest::testOverriddenParams5; com.google.javascript.jscomp.TypeCheckTest::testOverriddenParams6; com.google.javascript.jscomp.TypeCheckTest::testAssign1; com.google.javascript.jscomp.TypeCheckTest::testAssign2; com.google.javascript.jscomp.TypeCheckTest::testAssign3; com.google.javascript.jscomp.TypeCheckTest::testAssign4; com.google.javascript.jscomp.TypeCheckTest::testComparison2; com.google.javascript.jscomp.TypeCheckTest::testComparison3; com.google.javascript.jscomp.TypeCheckTest::testComparison4; com.google.javascript.jscomp.TypeCheckTest::testComparison5; com.google.javascript.jscomp.TypeCheckTest::testComparison6; com.google.javascript.jscomp.TypeCheckTest::testComparison7; com.google.javascript.jscomp.TypeCheckTest::testComparison8; com.google.javascript.jscomp.TypeCheckTest::testComparison9; com.google.javascript.jscomp.TypeCheckTest::testBadMultipleExtendsClass; com.google.javascript.jscomp.TypeCheckTest::testOptionalUnknownNamedType; com.google.javascript.jscomp.TypeCheckTest::testConstructorAlias1; com.google.javascript.jscomp.TypeCheckTest::testConstructorAlias2; com.google.javascript.jscomp.TypeCheckTest::testConstructorAlias3; com.google.javascript.jscomp.TypeCheckTest::testConstructorAlias4; com.google.javascript.jscomp.TypeCheckTest::testConstructorAlias5; com.google.javascript.jscomp.TypeCheckTest::testConstructorAlias6; com.google.javascript.jscomp.TypeCheckTest::testConstructorAlias7; com.google.javascript.jscomp.TypeCheckTest::testConstructorAlias8; com.google.javascript.jscomp.TypeCheckTest::testConstructorAlias9; com.google.javascript.jscomp.TypeCheckTest::testTypeInferenceWithClosure1; com.google.javascript.jscomp.TypeCheckTest::testTypeInferenceWithClosure2; com.google.javascript.jscomp.TypeCheckTest::testUnknownPrototypeChain; com.google.javascript.jscomp.TypeCheckTest::testInterfacePropertyNotImplemented2; com.google.javascript.jscomp.TypeCheckTest::testInterfaceAssignment1; com.google.javascript.jscomp.TypeCheckTest::testInterfaceAssignment2; com.google.javascript.jscomp.TypeCheckTest::testInterfaceAssignment3; com.google.javascript.jscomp.TypeCheckTest::testInterfaceAssignment4; com.google.javascript.jscomp.TypeCheckTest::testInterfaceAssignment5; com.google.javascript.jscomp.TypeCheckTest::testInterfaceAssignment6; com.google.javascript.jscomp.TypeCheckTest::testInterfaceAssignment7; com.google.javascript.jscomp.TypeCheckTest::testInterfaceAssignment8; com.google.javascript.jscomp.TypeCheckTest::testInterfaceAssignment9; com.google.javascript.jscomp.TypeCheckTest::testBadDict; com.google.javascript.jscomp.TypeCheckTest::testPropertyInferredPropagation; com.google.javascript.jscomp.TypeCheckTest::testBitOperation1; com.google.javascript.jscomp.TypeCheckTest::testBitOperation2; com.google.javascript.jscomp.TypeCheckTest::testBitOperation3; com.google.javascript.jscomp.TypeCheckTest::testBitOperation4; com.google.javascript.jscomp.TypeCheckTest::testBitOperation5; com.google.javascript.jscomp.TypeCheckTest::testBitOperation6; com.google.javascript.jscomp.TypeCheckTest::testBitOperation7; com.google.javascript.jscomp.TypeCheckTest::testBitOperation8; com.google.javascript.jscomp.TypeCheckTest::testBitOperation9; com.google.javascript.jscomp.TypeCheckTest::testBadConstructorCall; com.google.javascript.jscomp.TypeCheckTest::testPropertyUsedBeforeDefinition1; com.google.javascript.jscomp.TypeCheckTest::testPropertyUsedBeforeDefinition2; com.google.javascript.jscomp.TypeCheckTest::testStubFunctionDeclaration10; com.google.javascript.jscomp.TypeCheckTest::testBooleanUnboxing; com.google.javascript.jscomp.TypeCheckTest::testAnnotatedPropertyOnInterface1; com.google.javascript.jscomp.TypeCheckTest::testAnnotatedPropertyOnInterface2; com.google.javascript.jscomp.TypeCheckTest::testAnnotatedPropertyOnInterface3; com.google.javascript.jscomp.TypeCheckTest::testAnnotatedPropertyOnInterface4; com.google.javascript.jscomp.TypeCheckTest::testSuperClassDefinedAfterSubClass1; com.google.javascript.jscomp.TypeCheckTest::testSuperClassDefinedAfterSubClass2; com.google.javascript.jscomp.TypeCheckTest::testBooleanAutoboxing; com.google.javascript.jscomp.TypeCheckTest::testTypeCheckCustomExterns; com.google.javascript.jscomp.TypeCheckTest::testUndeclaredGlobalProperty1; com.google.javascript.jscomp.TypeCheckTest::testUndeclaredGlobalProperty2; com.google.javascript.jscomp.TypeCheckTest::testBadImplementsNonObjectType; com.google.javascript.jscomp.TypeCheckTest::testStringAutoboxing; com.google.javascript.jscomp.TypeCheckTest::testDirectPrototypeAssignment1; com.google.javascript.jscomp.TypeCheckTest::testDirectPrototypeAssignment2; com.google.javascript.jscomp.TypeCheckTest::testDirectPrototypeAssignment3; com.google.javascript.jscomp.TypeCheckTest::testDefinePropertyOnNullableObject1; com.google.javascript.jscomp.TypeCheckTest::testDefinePropertyOnNullableObject2; com.google.javascript.jscomp.TypeCheckTest::testFunctionBind1; com.google.javascript.jscomp.TypeCheckTest::testFunctionBind2; com.google.javascript.jscomp.TypeCheckTest::testFunctionBind3; com.google.javascript.jscomp.TypeCheckTest::testFunctionBind4; com.google.javascript.jscomp.TypeCheckTest::testFunctionBind5; com.google.javascript.jscomp.TypeCheckTest::testFunctionCall1; com.google.javascript.jscomp.TypeCheckTest::testFunctionCall2; com.google.javascript.jscomp.TypeCheckTest::testFunctionCall3; com.google.javascript.jscomp.TypeCheckTest::testFunctionCall4; com.google.javascript.jscomp.TypeCheckTest::testFunctionCall5; com.google.javascript.jscomp.TypeCheckTest::testFunctionCall6; com.google.javascript.jscomp.TypeCheckTest::testFunctionCall7; com.google.javascript.jscomp.TypeCheckTest::testFunctionCall8; com.google.javascript.jscomp.TypeCheckTest::testBadExtends1; com.google.javascript.jscomp.TypeCheckTest::testBadExtends2; com.google.javascript.jscomp.TypeCheckTest::testBadExtends3; com.google.javascript.jscomp.TypeCheckTest::testBadExtends4; com.google.javascript.jscomp.TypeCheckTest::testPropertyCanBeDefinedInObject; com.google.javascript.jscomp.TypeCheckTest::testLends10; com.google.javascript.jscomp.TypeCheckTest::testLends11; com.google.javascript.jscomp.TypeCheckTest::testTypeCheckBasicDowncast; com.google.javascript.jscomp.TypeCheckTest::testConstructorType10; com.google.javascript.jscomp.TypeCheckTest::testConstructorType11; com.google.javascript.jscomp.TypeCheckTest::testParameterizedObject1; com.google.javascript.jscomp.TypeCheckTest::testParameterizedObject2; com.google.javascript.jscomp.TypeCheckTest::testParameterizedObject3; com.google.javascript.jscomp.TypeCheckTest::testParameterizedObject4; com.google.javascript.jscomp.TypeCheckTest::testParameterizedObject5; com.google.javascript.jscomp.TypeCheckTest::testConstructorAlias10; com.google.javascript.jscomp.TypeCheckTest::testOptionalArgFunctionParam; com.google.javascript.jscomp.TypeCheckTest::testObjLitDef4; com.google.javascript.jscomp.TypeCheckTest::testObjLitDef5; com.google.javascript.jscomp.TypeCheckTest::testStubFunctionDeclaration1; com.google.javascript.jscomp.TypeCheckTest::testStubFunctionDeclaration3; com.google.javascript.jscomp.TypeCheckTest::testStubFunctionDeclaration4; com.google.javascript.jscomp.TypeCheckTest::testStubFunctionDeclaration5; com.google.javascript.jscomp.TypeCheckTest::testStubFunctionDeclaration6; com.google.javascript.jscomp.TypeCheckTest::testStubFunctionDeclaration7; com.google.javascript.jscomp.TypeCheckTest::testStubFunctionDeclaration8; com.google.javascript.jscomp.TypeCheckTest::testStubFunctionDeclaration9; com.google.javascript.jscomp.TypeCheckTest::testWarnDataPropertyOnInterface3; com.google.javascript.jscomp.TypeCheckTest::testWarnDataPropertyOnInterface4; com.google.javascript.jscomp.TypeCheckTest::testFunctionLiteralUnreadNullThisArgument; com.google.javascript.jscomp.TypeCheckTest::testInterfaceInheritanceCheck10; com.google.javascript.jscomp.TypeCheckTest::testInterfaceInheritanceCheck11; com.google.javascript.jscomp.TypeCheckTest::testInterfaceInheritanceCheck12; com.google.javascript.jscomp.TypeCheckTest::testInterfaceInheritanceCheck13; com.google.javascript.jscomp.TypeCheckTest::testQualifiedNameReduction1; com.google.javascript.jscomp.TypeCheckTest::testQualifiedNameReduction2; com.google.javascript.jscomp.TypeCheckTest::testQualifiedNameReduction3; com.google.javascript.jscomp.TypeCheckTest::testQualifiedNameReduction6; com.google.javascript.jscomp.TypeCheckTest::testQualifiedNameReduction7; com.google.javascript.jscomp.TypeCheckTest::testQualifiedNameReduction8; com.google.javascript.jscomp.TypeCheckTest::testQualifiedNameReduction9; com.google.javascript.jscomp.TypeCheckTest::testEnumStaticMethod1; com.google.javascript.jscomp.TypeCheckTest::testEnumStaticMethod2; com.google.javascript.jscomp.TypeCheckTest::testMissingProperty1; com.google.javascript.jscomp.TypeCheckTest::testMissingProperty2; com.google.javascript.jscomp.TypeCheckTest::testMissingProperty3; com.google.javascript.jscomp.TypeCheckTest::testMissingProperty4; com.google.javascript.jscomp.TypeCheckTest::testMissingProperty5; com.google.javascript.jscomp.TypeCheckTest::testMissingProperty6; com.google.javascript.jscomp.TypeCheckTest::testMissingProperty7; com.google.javascript.jscomp.TypeCheckTest::testMissingProperty8; com.google.javascript.jscomp.TypeCheckTest::testMissingProperty9; com.google.javascript.jscomp.TypeCheckTest::testNoTypeCheck10; com.google.javascript.jscomp.TypeCheckTest::testNoTypeCheck11; com.google.javascript.jscomp.TypeCheckTest::testNoTypeCheck12; com.google.javascript.jscomp.TypeCheckTest::testNoTypeCheck13; com.google.javascript.jscomp.TypeCheckTest::testNoTypeCheck14; com.google.javascript.jscomp.TypeCheckTest::testErrorMismatchingPropertyOnInterface4; com.google.javascript.jscomp.TypeCheckTest::testErrorMismatchingPropertyOnInterface5; com.google.javascript.jscomp.TypeCheckTest::testTypeDef1; com.google.javascript.jscomp.TypeCheckTest::testTypeDef2; com.google.javascript.jscomp.TypeCheckTest::testTypeDef3; com.google.javascript.jscomp.TypeCheckTest::testTypeDef4; com.google.javascript.jscomp.TypeCheckTest::testTypeDef5; com.google.javascript.jscomp.TypeCheckTest::testDuplicateTypeDef; com.google.javascript.jscomp.TypeCheckTest::testBadInterfaceExtends1; com.google.javascript.jscomp.TypeCheckTest::testBadInterfaceExtends2; com.google.javascript.jscomp.TypeCheckTest::testBadInterfaceExtends3; com.google.javascript.jscomp.TypeCheckTest::testBadInterfaceExtends4; com.google.javascript.jscomp.TypeCheckTest::testBadInterfaceExtends5; com.google.javascript.jscomp.TypeCheckTest::testNumberAutoboxing; com.google.javascript.jscomp.TypeCheckTest::testTypeCheckNoDowncastToNumber; com.google.javascript.jscomp.TypeCheckTest::testBug592170; com.google.javascript.jscomp.TypeCheckTest::testObjectLiteralDeclaration1; com.google.javascript.jscomp.TypeCheckTest::testObjectLiteralDeclaration2; com.google.javascript.jscomp.TypeCheckTest::testObjectLiteralDeclaration3; com.google.javascript.jscomp.TypeCheckTest::testObjectLiteralDeclaration5; com.google.javascript.jscomp.TypeCheckTest::testObjectLiteralDeclaration6; com.google.javascript.jscomp.TypeCheckTest::testObjectLiteralDeclaration7; com.google.javascript.jscomp.TypeCheckTest::testTypeInferenceWithCast1; com.google.javascript.jscomp.TypeCheckTest::testTypeInferenceWithCast2; com.google.javascript.jscomp.TypeCheckTest::testTypeInferenceWithCast3; com.google.javascript.jscomp.TypeCheckTest::testTypeInferenceWithCast4; com.google.javascript.jscomp.TypeCheckTest::testTypeInferenceWithCast5; com.google.javascript.jscomp.TypeCheckTest::testGoodExtends10; com.google.javascript.jscomp.TypeCheckTest::testGoodExtends11; com.google.javascript.jscomp.TypeCheckTest::testGoodExtends12; com.google.javascript.jscomp.TypeCheckTest::testGoodExtends13; com.google.javascript.jscomp.TypeCheckTest::testGoodExtends14; com.google.javascript.jscomp.TypeCheckTest::testGoodExtends15; com.google.javascript.jscomp.TypeCheckTest::testGoodExtends16; com.google.javascript.jscomp.TypeCheckTest::testGoodExtends17; com.google.javascript.jscomp.TypeCheckTest::testInterfaceExtends; com.google.javascript.jscomp.TypeCheckTest::testScoping1; com.google.javascript.jscomp.TypeCheckTest::testScoping2; com.google.javascript.jscomp.TypeCheckTest::testScoping3; com.google.javascript.jscomp.TypeCheckTest::testScoping4; com.google.javascript.jscomp.TypeCheckTest::testScoping5; com.google.javascript.jscomp.TypeCheckTest::testScoping6; com.google.javascript.jscomp.TypeCheckTest::testScoping7; com.google.javascript.jscomp.TypeCheckTest::testScoping8; com.google.javascript.jscomp.TypeCheckTest::testScoping9; com.google.javascript.jscomp.TypeCheckTest::testSuperclassMatchWithMixin; com.google.javascript.jscomp.TypeCheckTest::testBug901455; com.google.javascript.jscomp.TypeCheckTest::testBug908625; com.google.javascript.jscomp.TypeCheckTest::testBug908701; com.google.javascript.jscomp.TypeCheckTest::testBug909000; com.google.javascript.jscomp.TypeCheckTest::testBug911118; com.google.javascript.jscomp.TypeCheckTest::testBug930117; com.google.javascript.jscomp.TypeCheckTest::testValueOfComparison1; com.google.javascript.jscomp.TypeCheckTest::testValueOfComparison2; com.google.javascript.jscomp.TypeCheckTest::testValueOfComparison3; com.google.javascript.jscomp.TypeCheckTest::testControlFlowRestrictsType1; com.google.javascript.jscomp.TypeCheckTest::testControlFlowRestrictsType2; com.google.javascript.jscomp.TypeCheckTest::testControlFlowRestrictsType3; com.google.javascript.jscomp.TypeCheckTest::testControlFlowRestrictsType4; com.google.javascript.jscomp.TypeCheckTest::testControlFlowRestrictsType5; com.google.javascript.jscomp.TypeCheckTest::testControlFlowRestrictsType6; com.google.javascript.jscomp.TypeCheckTest::testControlFlowRestrictsType7; com.google.javascript.jscomp.TypeCheckTest::testControlFlowRestrictsType8; com.google.javascript.jscomp.TypeCheckTest::testControlFlowRestrictsType9; com.google.javascript.jscomp.TypeCheckTest::testTypeCheckCustomExterns2; com.google.javascript.jscomp.TypeCheckTest::testResolutionViaRegistry1; com.google.javascript.jscomp.TypeCheckTest::testResolutionViaRegistry2; com.google.javascript.jscomp.TypeCheckTest::testResolutionViaRegistry3; com.google.javascript.jscomp.TypeCheckTest::testResolutionViaRegistry4; com.google.javascript.jscomp.TypeCheckTest::testBackwardsTypedefUse10; com.google.javascript.jscomp.TypeCheckTest::testGlobalThis2b; com.google.javascript.jscomp.TypeCheckTest::testFunctionInference10; com.google.javascript.jscomp.TypeCheckTest::testFunctionInference11; com.google.javascript.jscomp.TypeCheckTest::testFunctionInference12; com.google.javascript.jscomp.TypeCheckTest::testFunctionInference13; com.google.javascript.jscomp.TypeCheckTest::testFunctionInference14; com.google.javascript.jscomp.TypeCheckTest::testFunctionInference15; com.google.javascript.jscomp.TypeCheckTest::testFunctionInference16; com.google.javascript.jscomp.TypeCheckTest::testFunctionInference17; com.google.javascript.jscomp.TypeCheckTest::testFunctionInference18; com.google.javascript.jscomp.TypeCheckTest::testFunctionInference19; com.google.javascript.jscomp.TypeCheckTest::testFunctionInference20; com.google.javascript.jscomp.TypeCheckTest::testFunctionInference21; com.google.javascript.jscomp.TypeCheckTest::testFunctionInference22; com.google.javascript.jscomp.TypeCheckTest::testFunctionInference23; com.google.javascript.jscomp.TypeCheckTest::testInterfaceExtendsResolution; com.google.javascript.jscomp.TypeCheckTest::testInterfaceInstantiation; com.google.javascript.jscomp.TypeCheckTest::testNumericComparison1; com.google.javascript.jscomp.TypeCheckTest::testNumericComparison2; com.google.javascript.jscomp.TypeCheckTest::testNumericComparison3; com.google.javascript.jscomp.TypeCheckTest::testNumericComparison4; com.google.javascript.jscomp.TypeCheckTest::testNumericComparison5; com.google.javascript.jscomp.TypeCheckTest::testNumericComparison6; com.google.javascript.jscomp.TypeCheckTest::testBooleanPreservation1; com.google.javascript.jscomp.TypeCheckTest::testBooleanPreservation2; com.google.javascript.jscomp.TypeCheckTest::testBooleanPreservation3; com.google.javascript.jscomp.TypeCheckTest::testBooleanPreservation4; com.google.javascript.jscomp.TypeCheckTest::testInnerFunction1; com.google.javascript.jscomp.TypeCheckTest::testInnerFunction2; com.google.javascript.jscomp.TypeCheckTest::testInnerFunction3; com.google.javascript.jscomp.TypeCheckTest::testInnerFunction4; com.google.javascript.jscomp.TypeCheckTest::testInnerFunction5; com.google.javascript.jscomp.TypeCheckTest::testInnerFunction9; com.google.javascript.jscomp.TypeCheckTest::testMultipleExtendsInterface1; com.google.javascript.jscomp.TypeCheckTest::testMultipleExtendsInterface2; com.google.javascript.jscomp.TypeCheckTest::testMultipleExtendsInterface3; com.google.javascript.jscomp.TypeCheckTest::testMultipleExtendsInterface4; com.google.javascript.jscomp.TypeCheckTest::testMultipleExtendsInterface5; com.google.javascript.jscomp.TypeCheckTest::testMultipleExtendsInterface6; com.google.javascript.jscomp.TypeCheckTest::testInOnStruct; com.google.javascript.jscomp.TypeCheckTest::testNoTypeCheck1; com.google.javascript.jscomp.TypeCheckTest::testNoTypeCheck2; com.google.javascript.jscomp.TypeCheckTest::testNoTypeCheck3; com.google.javascript.jscomp.TypeCheckTest::testNoTypeCheck4; com.google.javascript.jscomp.TypeCheckTest::testNoTypeCheck5; com.google.javascript.jscomp.TypeCheckTest::testNoTypeCheck6; com.google.javascript.jscomp.TypeCheckTest::testNoTypeCheck7; com.google.javascript.jscomp.TypeCheckTest::testNoTypeCheck8; com.google.javascript.jscomp.TypeCheckTest::testNoTypeCheck9; com.google.javascript.jscomp.TypeCheckTest::testOptionalArgFunctionReturn2; com.google.javascript.jscomp.TypeCheckTest::testScopedConstructors1; com.google.javascript.jscomp.TypeCheckTest::testScopedConstructors2; com.google.javascript.jscomp.TypeCheckTest::testInheritanceCheck12; com.google.javascript.jscomp.TypeCheckTest::testInheritanceCheck13; com.google.javascript.jscomp.TypeCheckTest::testInheritanceCheck15; com.google.javascript.jscomp.TypeCheckTest::testInheritanceCheck16; com.google.javascript.jscomp.TypeCheckTest::testInheritanceCheck17; com.google.javascript.jscomp.TypeCheckTest::testInnerFunction10; com.google.javascript.jscomp.TypeCheckTest::testInnerFunction11; com.google.javascript.jscomp.TypeCheckTest::testInheritanceCheck9_1; com.google.javascript.jscomp.TypeCheckTest::testInheritanceCheck9_2; com.google.javascript.jscomp.TypeCheckTest::testInheritanceCheck9_3; com.google.javascript.jscomp.TypeCheckTest::testRecordType1; com.google.javascript.jscomp.TypeCheckTest::testRecordType2; com.google.javascript.jscomp.TypeCheckTest::testRecordType3; com.google.javascript.jscomp.TypeCheckTest::testRecordType5; com.google.javascript.jscomp.TypeCheckTest::testRecordType6; com.google.javascript.jscomp.TypeCheckTest::testRecordType7; com.google.javascript.jscomp.TypeCheckTest::testRecordType8; com.google.javascript.jscomp.TypeCheckTest::testFunctionAssignement; com.google.javascript.jscomp.TypeCheckTest::testReturn1; com.google.javascript.jscomp.TypeCheckTest::testReturn2; com.google.javascript.jscomp.TypeCheckTest::testReturn3; com.google.javascript.jscomp.TypeCheckTest::testReturn4; com.google.javascript.jscomp.TypeCheckTest::testReturn5; com.google.javascript.jscomp.TypeCheckTest::testReturn6; com.google.javascript.jscomp.TypeCheckTest::testReturn7; com.google.javascript.jscomp.TypeCheckTest::testReturn8; com.google.javascript.jscomp.TypeCheckTest::testStaticMethodDeclaration1; com.google.javascript.jscomp.TypeCheckTest::testStaticMethodDeclaration2; com.google.javascript.jscomp.TypeCheckTest::testStaticMethodDeclaration3; com.google.javascript.jscomp.TypeCheckTest::testSuperclassMatch; com.google.javascript.jscomp.TypeCheckTest::testQualifiedNameReduction10; com.google.javascript.jscomp.TypeCheckTest::testQualifiedNameReduction5a; com.google.javascript.jscomp.TypeCheckTest::testQualifiedNameReduction5b; com.google.javascript.jscomp.TypeCheckTest::testQualifiedNameReduction5c; com.google.javascript.jscomp.TypeCheckTest::testQualifiedNameReduction7a; com.google.javascript.jscomp.TypeCheckTest::testDirectPrototypeAssign; com.google.javascript.jscomp.TypeCheckTest::testOverriddenReturn1; com.google.javascript.jscomp.TypeCheckTest::testOverriddenReturn2; com.google.javascript.jscomp.TypeCheckTest::testOptionalArgFunctionParamError; com.google.javascript.jscomp.TypeCheckTest::testTypeCheck10; com.google.javascript.jscomp.TypeCheckTest::testTypeCheck11; com.google.javascript.jscomp.TypeCheckTest::testTypeCheck12; com.google.javascript.jscomp.TypeCheckTest::testTypeCheck13; com.google.javascript.jscomp.TypeCheckTest::testTypeCheck14; com.google.javascript.jscomp.TypeCheckTest::testTypeCheck15; com.google.javascript.jscomp.TypeCheckTest::testTypeCheck16; com.google.javascript.jscomp.TypeCheckTest::testTypeCheck17; com.google.javascript.jscomp.TypeCheckTest::testTypeCheck18; com.google.javascript.jscomp.TypeCheckTest::testTypeCheck19; com.google.javascript.jscomp.TypeCheckTest::testTypeCheck20; com.google.javascript.jscomp.TypeCheckTest::testTypeCheck21; com.google.javascript.jscomp.TypeCheckTest::testTypeCheck22; com.google.javascript.jscomp.TypeCheckTest::testTypeCheck23; com.google.javascript.jscomp.TypeCheckTest::testTypeCheck24; com.google.javascript.jscomp.TypeCheckTest::testQualifiedNameInference10; com.google.javascript.jscomp.TypeCheckTest::testQualifiedNameInference11; com.google.javascript.jscomp.TypeCheckTest::testQualifiedNameInference12; com.google.javascript.jscomp.TypeCheckTest::testQualifiedNameInference13; com.google.javascript.jscomp.TypeCheckTest::testMismatchingOverridingInferredPropertyBeforeDeclaredProperty1; com.google.javascript.jscomp.TypeCheckTest::testMismatchingOverridingInferredPropertyBeforeDeclaredProperty2; com.google.javascript.jscomp.TypeCheckTest::testMismatchingOverridingInferredPropertyBeforeDeclaredProperty3; com.google.javascript.jscomp.TypeCheckTest::testMismatchingOverridingInferredPropertyBeforeDeclaredProperty4; com.google.javascript.jscomp.TypeCheckTest::testParameterizedArray1; com.google.javascript.jscomp.TypeCheckTest::testParameterizedArray2; com.google.javascript.jscomp.TypeCheckTest::testParameterizedArray3; com.google.javascript.jscomp.TypeCheckTest::testParameterizedArray4; com.google.javascript.jscomp.TypeCheckTest::testParameterizedArray5; com.google.javascript.jscomp.TypeCheckTest::testParameterizedArray6; com.google.javascript.jscomp.TypeCheckTest::testParameterizedArray7; com.google.javascript.jscomp.TypeCheckTest::testIssue124b; com.google.javascript.jscomp.TypeCheckTest::testIssue537a; com.google.javascript.jscomp.TypeCheckTest::testIssue537b; com.google.javascript.jscomp.TypeCheckTest::testIssue537c; com.google.javascript.jscomp.TypeCheckTest::testIssue537d; com.google.javascript.jscomp.TypeCheckTest::testQualifiedNameInference1; com.google.javascript.jscomp.TypeCheckTest::testQualifiedNameInference2; com.google.javascript.jscomp.TypeCheckTest::testQualifiedNameInference3; com.google.javascript.jscomp.TypeCheckTest::testQualifiedNameInference4; com.google.javascript.jscomp.TypeCheckTest::testQualifiedNameInference5; com.google.javascript.jscomp.TypeCheckTest::testQualifiedNameInference6; com.google.javascript.jscomp.TypeCheckTest::testQualifiedNameInference7; com.google.javascript.jscomp.TypeCheckTest::testQualifiedNameInference9; com.google.javascript.jscomp.TypeCheckTest::testFunctionLiteralDefinedThisArgument2; com.google.javascript.jscomp.TypeCheckTest::testInterfaceNonEmptyFunction; com.google.javascript.jscomp.TypeCheckTest::testMultipleExtendsInterfaceAssignment; com.google.javascript.jscomp.TypeCheckTest::testGenerics1; com.google.javascript.jscomp.TypeCheckTest::testUnknownConstructorInstanceType1; com.google.javascript.jscomp.TypeCheckTest::testUnknownConstructorInstanceType2; com.google.javascript.jscomp.TypeCheckTest::testUnknownConstructorInstanceType3; com.google.javascript.jscomp.TypeCheckTest::testPropertyInference1; com.google.javascript.jscomp.TypeCheckTest::testPropertyInference2; com.google.javascript.jscomp.TypeCheckTest::testPropertyInference3; com.google.javascript.jscomp.TypeCheckTest::testPropertyInference4; com.google.javascript.jscomp.TypeCheckTest::testPropertyInference5; com.google.javascript.jscomp.TypeCheckTest::testPropertyInference6; com.google.javascript.jscomp.TypeCheckTest::testPropertyInference7; com.google.javascript.jscomp.TypeCheckTest::testPropertyInference8; com.google.javascript.jscomp.TypeCheckTest::testPropertyInference9; com.google.javascript.jscomp.TypeCheckTest::testTypeOfReduction1; com.google.javascript.jscomp.TypeCheckTest::testTypeOfReduction2; com.google.javascript.jscomp.TypeCheckTest::testTypeOfReduction3; com.google.javascript.jscomp.TypeCheckTest::testTypeOfReduction4; com.google.javascript.jscomp.TypeCheckTest::testTypeOfReduction5; com.google.javascript.jscomp.TypeCheckTest::testTypeOfReduction6; com.google.javascript.jscomp.TypeCheckTest::testTypeOfReduction7; com.google.javascript.jscomp.TypeCheckTest::testPropertyTypeOfUnionType; com.google.javascript.jscomp.TypeCheckTest::testBackwardsConstructor1; com.google.javascript.jscomp.TypeCheckTest::testBackwardsConstructor2; com.google.javascript.jscomp.TypeCheckTest::testNativeCast1; com.google.javascript.jscomp.TypeCheckTest::testNativeCast2; com.google.javascript.jscomp.TypeCheckTest::testNativeCast3; com.google.javascript.jscomp.TypeCheckTest::testNativeCast4; com.google.javascript.jscomp.TypeCheckTest::testDuplicateRecordFields1; com.google.javascript.jscomp.TypeCheckTest::testGoodImplements1; com.google.javascript.jscomp.TypeCheckTest::testGoodImplements2; com.google.javascript.jscomp.TypeCheckTest::testGoodImplements3; com.google.javascript.jscomp.TypeCheckTest::testGoodImplements4; com.google.javascript.jscomp.TypeCheckTest::testGoodImplements5; com.google.javascript.jscomp.TypeCheckTest::testGoodImplements6; com.google.javascript.jscomp.TypeCheckTest::testGoodImplements7; com.google.javascript.jscomp.TypeCheckTest::testPropertyInference10; com.google.javascript.jscomp.TypeCheckTest::testStringUnboxing; com.google.javascript.jscomp.TypeCheckTest::testDataPropertyOnInterface1; com.google.javascript.jscomp.TypeCheckTest::testDataPropertyOnInterface2; com.google.javascript.jscomp.TypeCheckTest::testDataPropertyOnInterface3; com.google.javascript.jscomp.TypeCheckTest::testDataPropertyOnInterface4; com.google.javascript.jscomp.TypeCheckTest::testCircularTypeDef; com.google.javascript.jscomp.TypeCheckTest::testPrototypePropertyReference; com.google.javascript.jscomp.TypeCheckTest::testInstanceOfReduction1; com.google.javascript.jscomp.TypeCheckTest::testInstanceOfReduction2; com.google.javascript.jscomp.TypeCheckTest::testInstanceOfReduction3; com.google.javascript.jscomp.TypeCheckTest::testCall10; com.google.javascript.jscomp.TypeCheckTest::testCall11; com.google.javascript.jscomp.TypeCheckTest::testCast10; com.google.javascript.jscomp.TypeCheckTest::testCast11; com.google.javascript.jscomp.TypeCheckTest::testCast12; com.google.javascript.jscomp.TypeCheckTest::testCast15; com.google.javascript.jscomp.TypeCheckTest::testCast16; com.google.javascript.jscomp.TypeCheckTest::testCast17; com.google.javascript.jscomp.TypeCheckTest::testComparison10; com.google.javascript.jscomp.TypeCheckTest::testComparison11; com.google.javascript.jscomp.TypeCheckTest::testComparison12; com.google.javascript.jscomp.TypeCheckTest::testComparison13; com.google.javascript.jscomp.TypeCheckTest::testComparison14; com.google.javascript.jscomp.TypeCheckTest::testExtendedInterfacePropertiesCompatibility1; com.google.javascript.jscomp.TypeCheckTest::testExtendedInterfacePropertiesCompatibility3; com.google.javascript.jscomp.TypeCheckTest::testExtendedInterfacePropertiesCompatibility4; com.google.javascript.jscomp.TypeCheckTest::testExtendedInterfacePropertiesCompatibility6; com.google.javascript.jscomp.TypeCheckTest::testFunctionArguments10; com.google.javascript.jscomp.TypeCheckTest::testFunctionArguments11; com.google.javascript.jscomp.TypeCheckTest::testFunctionArguments12; com.google.javascript.jscomp.TypeCheckTest::testFunctionArguments13; com.google.javascript.jscomp.TypeCheckTest::testFunctionArguments14; com.google.javascript.jscomp.TypeCheckTest::testFunctionArguments15; com.google.javascript.jscomp.TypeCheckTest::testFunctionArguments16; com.google.javascript.jscomp.TypeCheckTest::testHigherOrderFunctions1; com.google.javascript.jscomp.TypeCheckTest::testHigherOrderFunctions2; com.google.javascript.jscomp.TypeCheckTest::testHigherOrderFunctions3; com.google.javascript.jscomp.TypeCheckTest::testHigherOrderFunctions4; com.google.javascript.jscomp.TypeCheckTest::testHigherOrderFunctions5; com.google.javascript.jscomp.TypeCheckTest::testEnum10; com.google.javascript.jscomp.TypeCheckTest::testEnum11; com.google.javascript.jscomp.TypeCheckTest::testEnum12; com.google.javascript.jscomp.TypeCheckTest::testEnum13; com.google.javascript.jscomp.TypeCheckTest::testEnum14; com.google.javascript.jscomp.TypeCheckTest::testEnum15; com.google.javascript.jscomp.TypeCheckTest::testEnum16; com.google.javascript.jscomp.TypeCheckTest::testEnum17; com.google.javascript.jscomp.TypeCheckTest::testEnum18; com.google.javascript.jscomp.TypeCheckTest::testEnum19; com.google.javascript.jscomp.TypeCheckTest::testEnum20; com.google.javascript.jscomp.TypeCheckTest::testEnum22; com.google.javascript.jscomp.TypeCheckTest::testEnum23; com.google.javascript.jscomp.TypeCheckTest::testEnum24; com.google.javascript.jscomp.TypeCheckTest::testEnum25; com.google.javascript.jscomp.TypeCheckTest::testEnum26; com.google.javascript.jscomp.TypeCheckTest::testEnum27; com.google.javascript.jscomp.TypeCheckTest::testEnum28; com.google.javascript.jscomp.TypeCheckTest::testEnum29; com.google.javascript.jscomp.TypeCheckTest::testEnum30; com.google.javascript.jscomp.TypeCheckTest::testEnum31; com.google.javascript.jscomp.TypeCheckTest::testEnum32; com.google.javascript.jscomp.TypeCheckTest::testEnum34; com.google.javascript.jscomp.TypeCheckTest::testEnum35; com.google.javascript.jscomp.TypeCheckTest::testEnum36; com.google.javascript.jscomp.TypeCheckTest::testEnum37; com.google.javascript.jscomp.TypeCheckTest::testEnum38; com.google.javascript.jscomp.TypeCheckTest::testEnum39; com.google.javascript.jscomp.TypeCheckTest::testEnum40; com.google.javascript.jscomp.TypeCheckTest::testEnum41; com.google.javascript.jscomp.TypeCheckTest::testEnum42; com.google.javascript.jscomp.TypeCheckTest::testForIn1; com.google.javascript.jscomp.TypeCheckTest::testForIn2; com.google.javascript.jscomp.TypeCheckTest::testForIn3; com.google.javascript.jscomp.TypeCheckTest::testForIn4; com.google.javascript.jscomp.TypeCheckTest::testForIn5; com.google.javascript.jscomp.TypeCheckTest::testControlFlowRestrictsType10; com.google.javascript.jscomp.TypeCheckTest::testControlFlowRestrictsType11; com.google.javascript.jscomp.TypeCheckTest::testGoodExtends1; com.google.javascript.jscomp.TypeCheckTest::testGoodExtends2; com.google.javascript.jscomp.TypeCheckTest::testGoodExtends3; com.google.javascript.jscomp.TypeCheckTest::testGoodExtends5; com.google.javascript.jscomp.TypeCheckTest::testGoodExtends6; com.google.javascript.jscomp.TypeCheckTest::testGoodExtends7; com.google.javascript.jscomp.TypeCheckTest::testGoodExtends8; com.google.javascript.jscomp.TypeCheckTest::testGoodExtends9; com.google.javascript.jscomp.TypeCheckTest::testTypeCheckDefaultExterns; com.google.javascript.jscomp.TypeCheckTest::testTypeRedefinition; com.google.javascript.jscomp.TypeCheckTest::testIssue124; com.google.javascript.jscomp.TypeCheckTest::testIssue259; com.google.javascript.jscomp.TypeCheckTest::testIssue301; com.google.javascript.jscomp.TypeCheckTest::testIssue368; com.google.javascript.jscomp.TypeCheckTest::testIssue380; com.google.javascript.jscomp.TypeCheckTest::testIssue483; com.google.javascript.jscomp.TypeCheckTest::testIssue586; com.google.javascript.jscomp.TypeCheckTest::testIssue61b; com.google.javascript.jscomp.TypeCheckTest::testIssue635; com.google.javascript.jscomp.TypeCheckTest::testIssue669; com.google.javascript.jscomp.TypeCheckTest::testIssue688; com.google.javascript.jscomp.TypeCheckTest::testIssue700; com.google.javascript.jscomp.TypeCheckTest::testIssue725; com.google.javascript.jscomp.TypeCheckTest::testIssue726; com.google.javascript.jscomp.TypeCheckTest::testIssue765; com.google.javascript.jscomp.TypeCheckTest::testIssue783; com.google.javascript.jscomp.TypeCheckTest::testIssue791; com.google.javascript.jscomp.TypeCheckTest::testIssue810; com.google.javascript.jscomp.TypeCheckTest::testBadImplements1; com.google.javascript.jscomp.TypeCheckTest::testBadImplements2; com.google.javascript.jscomp.TypeCheckTest::testBadImplements3; com.google.javascript.jscomp.TypeCheckTest::testBadImplements4; com.google.javascript.jscomp.TypeCheckTest::testBadImplements5; com.google.javascript.jscomp.TypeCheckTest::testAssignInference; com.google.javascript.jscomp.TypeCheckTest::testSwitchCase1; com.google.javascript.jscomp.TypeCheckTest::testSwitchCase2; com.google.javascript.jscomp.TypeCheckTest::testSwitchCase3; com.google.javascript.jscomp.TypeCheckTest::testSwitchCase4; com.google.javascript.jscomp.TypeCheckTest::testSwitchCase5; com.google.javascript.jscomp.TypeCheckTest::testSwitchCase6; com.google.javascript.jscomp.TypeCheckTest::testSwitchCase7; com.google.javascript.jscomp.TypeCheckTest::testSwitchCase8; com.google.javascript.jscomp.TypeCheckTest::testUnionOfFunctionAndType; com.google.javascript.jscomp.TypeCheckTest::testNumberUnboxing; com.google.javascript.jscomp.TypeCheckTest::testSuperclassMismatch1; com.google.javascript.jscomp.TypeCheckTest::testSuperclassMismatch2; com.google.javascript.jscomp.TypeCheckTest::testLends1; com.google.javascript.jscomp.TypeCheckTest::testLends2; com.google.javascript.jscomp.TypeCheckTest::testLends3; com.google.javascript.jscomp.TypeCheckTest::testLends4; com.google.javascript.jscomp.TypeCheckTest::testLends5; com.google.javascript.jscomp.TypeCheckTest::testLends6; com.google.javascript.jscomp.TypeCheckTest::testLends7; com.google.javascript.jscomp.TypeCheckTest::testLends8; com.google.javascript.jscomp.TypeCheckTest::testInstanceof1; com.google.javascript.jscomp.TypeCheckTest::testInstanceof2; com.google.javascript.jscomp.TypeCheckTest::testInstanceof3; com.google.javascript.jscomp.TypeCheckTest::testInstanceof4; com.google.javascript.jscomp.TypeCheckTest::testInstanceof5; com.google.javascript.jscomp.TypeCheckTest::testInstanceof6; com.google.javascript.jscomp.TypeCheckTest::testFunctionInference1; com.google.javascript.jscomp.TypeCheckTest::testFunctionInference2; com.google.javascript.jscomp.TypeCheckTest::testFunctionInference3; com.google.javascript.jscomp.TypeCheckTest::testFunctionInference4; com.google.javascript.jscomp.TypeCheckTest::testFunctionInference5; com.google.javascript.jscomp.TypeCheckTest::testFunctionInference6; com.google.javascript.jscomp.TypeCheckTest::testFunctionInference7; com.google.javascript.jscomp.TypeCheckTest::testFunctionInference8; com.google.javascript.jscomp.TypeCheckTest::testFunctionInference9; com.google.javascript.jscomp.TypeCheckTest::testNullOr; com.google.javascript.jscomp.TypeCheckTest::testPropAccess; com.google.javascript.jscomp.TypeCheckTest::testLocallyInferredGlobalProperty1; com.google.javascript.jscomp.TypeCheckTest::testForinOnStruct; com.google.javascript.jscomp.TypeCheckTest::testBug1484445; com.google.javascript.jscomp.TypeCheckTest::testTypeCheck1; com.google.javascript.jscomp.TypeCheckTest::testTypeCheck2; com.google.javascript.jscomp.TypeCheckTest::testTypeCheck4; com.google.javascript.jscomp.TypeCheckTest::testTypeCheck5; com.google.javascript.jscomp.TypeCheckTest::testTypeCheck6; com.google.javascript.jscomp.TypeCheckTest::testTypeCheck8; com.google.javascript.jscomp.TypeCheckTest::testTypeCheck9; com.google.javascript.jscomp.TypeCheckTest::testIssue61; com.google.javascript.jscomp.TypeCheckTest::testIssue86; com.google.javascript.jscomp.TypeCheckTest::testTemplateType1; com.google.javascript.jscomp.TypeCheckTest::testTemplateType2; com.google.javascript.jscomp.TypeCheckTest::testTemplateType3; com.google.javascript.jscomp.TypeCheckTest::testMethodInference1; com.google.javascript.jscomp.TypeCheckTest::testMethodInference2; com.google.javascript.jscomp.TypeCheckTest::testMethodInference3; com.google.javascript.jscomp.TypeCheckTest::testMethodInference4; com.google.javascript.jscomp.TypeCheckTest::testMethodInference5; com.google.javascript.jscomp.TypeCheckTest::testMethodInference6; com.google.javascript.jscomp.TypeCheckTest::testMethodInference7; com.google.javascript.jscomp.TypeCheckTest::testMethodInference8; com.google.javascript.jscomp.TypeCheckTest::testMethodInference9; com.google.javascript.jscomp.TypeCheckTest::testThisTypeOfFunction1; com.google.javascript.jscomp.TypeCheckTest::testThisTypeOfFunction2; com.google.javascript.jscomp.TypeCheckTest::testThisTypeOfFunction3; com.google.javascript.jscomp.TypeCheckTest::testThisTypeOfFunction4; com.google.javascript.jscomp.TypeCheckTest::testThis10; com.google.javascript.jscomp.TypeCheckTest::testThis11; com.google.javascript.jscomp.TypeCheckTest::testThis12; com.google.javascript.jscomp.TypeCheckTest::testThis13; com.google.javascript.jscomp.TypeCheckTest::testThis14; com.google.javascript.jscomp.TypeCheckTest::testTypeof; com.google.javascript.jscomp.TypeCheckTest::testBug1859535; com.google.javascript.jscomp.TypeCheckTest::testBooleanType; com.google.javascript.jscomp.TypeCheckTest::testBug1940591; com.google.javascript.jscomp.TypeCheckTest::testBug1940769; com.google.javascript.jscomp.TypeCheckTest::testBug1942972; com.google.javascript.jscomp.TypeCheckTest::testBug1943776; com.google.javascript.jscomp.TypeCheckTest::testBug1987544; com.google.javascript.jscomp.TypeCheckTest::testInterfaceAssignment10; com.google.javascript.jscomp.TypeCheckTest::testInterfaceAssignment11; com.google.javascript.jscomp.TypeCheckTest::testInterfaceAssignment12; com.google.javascript.jscomp.TypeCheckTest::testInterfaceAssignment13; com.google.javascript.jscomp.TypeCheckTest::testNestedCasts; com.google.javascript.jscomp.TypeCheckTest::testNullAnd; com.google.javascript.jscomp.TypeCheckTest::testGenericRelationalExpression; com.google.javascript.jscomp.TypeCheckTest::testStringComparison1; com.google.javascript.jscomp.TypeCheckTest::testStringComparison2; com.google.javascript.jscomp.TypeCheckTest::testStringComparison3; com.google.javascript.jscomp.TypeCheckTest::testStringComparison4; com.google.javascript.jscomp.TypeCheckTest::testStringComparison5; com.google.javascript.jscomp.TypeCheckTest::testStringComparison6; com.google.javascript.jscomp.TypeCheckTest::testTypeOfReduction12; com.google.javascript.jscomp.TypeCheckTest::testMissingProperty10; com.google.javascript.jscomp.TypeCheckTest::testMissingProperty11; com.google.javascript.jscomp.TypeCheckTest::testMissingProperty12; com.google.javascript.jscomp.TypeCheckTest::testMissingProperty13; com.google.javascript.jscomp.TypeCheckTest::testMissingProperty14; com.google.javascript.jscomp.TypeCheckTest::testMissingProperty15; com.google.javascript.jscomp.TypeCheckTest::testMissingProperty16; com.google.javascript.jscomp.TypeCheckTest::testMissingProperty17; com.google.javascript.jscomp.TypeCheckTest::testMissingProperty18; com.google.javascript.jscomp.TypeCheckTest::testMissingProperty19; com.google.javascript.jscomp.TypeCheckTest::testMissingProperty20; com.google.javascript.jscomp.TypeCheckTest::testMissingProperty21; com.google.javascript.jscomp.TypeCheckTest::testMissingProperty22; com.google.javascript.jscomp.TypeCheckTest::testMissingProperty23; com.google.javascript.jscomp.TypeCheckTest::testMissingProperty25; com.google.javascript.jscomp.TypeCheckTest::testMissingProperty26; com.google.javascript.jscomp.TypeCheckTest::testMissingProperty28; com.google.javascript.jscomp.TypeCheckTest::testMissingProperty30; com.google.javascript.jscomp.TypeCheckTest::testMissingProperty31; com.google.javascript.jscomp.TypeCheckTest::testMissingProperty32; com.google.javascript.jscomp.TypeCheckTest::testMissingProperty33; com.google.javascript.jscomp.TypeCheckTest::testMissingProperty34; com.google.javascript.jscomp.TypeCheckTest::testMissingProperty35; com.google.javascript.jscomp.TypeCheckTest::testMissingProperty36; com.google.javascript.jscomp.TypeCheckTest::testMissingProperty37; com.google.javascript.jscomp.TypeCheckTest::testMissingProperty38; com.google.javascript.jscomp.TypeCheckTest::testMissingProperty39; com.google.javascript.jscomp.TypeCheckTest::testMissingProperty41; com.google.javascript.jscomp.TypeCheckTest::testMissingProperty42; com.google.javascript.jscomp.TypeCheckTest::testWarnUnannotatedPropertyOnInterface5; com.google.javascript.jscomp.TypeCheckTest::testWarnUnannotatedPropertyOnInterface6; com.google.javascript.jscomp.TypeCheckTest::testNoForwardTypeDeclaration; com.google.javascript.jscomp.TypeCheckTest::testLateExtends; com.google.javascript.jscomp.TypeCheckTest::testInterfaceInheritanceCheck1; com.google.javascript.jscomp.TypeCheckTest::testInterfaceInheritanceCheck2; com.google.javascript.jscomp.TypeCheckTest::testInterfaceInheritanceCheck3; com.google.javascript.jscomp.TypeCheckTest::testInterfaceInheritanceCheck4; com.google.javascript.jscomp.TypeCheckTest::testInterfaceInheritanceCheck5; com.google.javascript.jscomp.TypeCheckTest::testInterfaceInheritanceCheck6; com.google.javascript.jscomp.TypeCheckTest::testInterfaceInheritanceCheck7; com.google.javascript.jscomp.TypeCheckTest::testInterfaceInheritanceCheck9; com.google.javascript.jscomp.TypeCheckTest::testNoPersistentTypeInferenceForObjectProperties; com.google.javascript.jscomp.TypeCheckTest::testOverriddenProperty1; com.google.javascript.jscomp.TypeCheckTest::testOverriddenProperty2; com.google.javascript.jscomp.TypeCheckTest::testOverriddenProperty3; com.google.javascript.jscomp.TypeCheckTest::testOverriddenProperty4; com.google.javascript.jscomp.TypeCheckTest::testOverriddenProperty5; com.google.javascript.jscomp.TypeCheckTest::testOverriddenProperty6; com.google.javascript.jscomp.TypeCheckTest::testAnonymousPrototype1; com.google.javascript.jscomp.TypeCheckTest::testAnonymousPrototype2; com.google.javascript.jscomp.TypeCheckTest::testDuplicateStaticMethodDecl1; com.google.javascript.jscomp.TypeCheckTest::testDuplicateStaticMethodDecl2; com.google.javascript.jscomp.TypeCheckTest::testDuplicateStaticMethodDecl3; com.google.javascript.jscomp.TypeCheckTest::testDuplicateStaticMethodDecl4; com.google.javascript.jscomp.TypeCheckTest::testDuplicateStaticMethodDecl5; com.google.javascript.jscomp.TypeCheckTest::testSetprop1; com.google.javascript.jscomp.TypeCheckTest::testSetprop2; com.google.javascript.jscomp.TypeCheckTest::testSetprop3; com.google.javascript.jscomp.TypeCheckTest::testSetprop4; com.google.javascript.jscomp.TypeCheckTest::testSetprop5; com.google.javascript.jscomp.TypeCheckTest::testSetprop6; com.google.javascript.jscomp.TypeCheckTest::testSetprop7; com.google.javascript.jscomp.TypeCheckTest::testSetprop9; com.google.javascript.jscomp.TypeCheckTest::testTemplatedThisType1; com.google.javascript.rhino.jstype.FunctionTypeTest::testPrint; com.google.javascript.rhino.jstype.FunctionTypeTest::testBindSignature; com.google.javascript.rhino.jstype.JSTypeTest::testFunctionTypeRelationships; com.google.javascript.rhino.jstype.JSTypeTest::testFunctionSubTypeRelationships; com.google.javascript.rhino.jstype.RecordTypeTest::testSubtypeWithUnknowns2
Math-77,Yes,No,No,
Gson-4,No,Yes,No,com.google.gson.DefaultInetAddressTypeAdapterTest::testInetAddressSerializationAndDeserialization; com.google.gson.GsonTypeAdapterTest::testTypeAdapterProperlyConvertsTypes; com.google.gson.GsonTypeAdapterTest::testTypeAdapterDoesNotAffectNonAdaptedTypes; com.google.gson.JavaSerializationTest::testMapIsSerializable; com.google.gson.JsonObjectTest::testReadPropertyWithEmptyStringName; com.google.gson.JsonParserTest::testParseReader; com.google.gson.JsonParserTest::testParseString; com.google.gson.JsonParserTest::testParseUnquotedSingleWordStringFails; com.google.gson.JsonParserTest::testParseEmptyString; com.google.gson.JsonStreamParserTest::testCallingNextBeyondAvailableInput; com.google.gson.JsonStreamParserTest::testNoSideEffectForHasNext; com.google.gson.JsonStreamParserTest::testIterator; com.google.gson.OverrideCoreTypeAdaptersTest::testOverrideStringAdapter; com.google.gson.OverrideCoreTypeAdaptersTest::testOverridePrimitiveBooleanAdapter; com.google.gson.OverrideCoreTypeAdaptersTest::testOverrideWrapperBooleanAdapter; com.google.gson.functional.CircularReferenceTest::testDirectedAcyclicGraphDeserialization; com.google.gson.functional.CollectionTest::testWildcardCollectionField; com.google.gson.functional.CollectionTest::testFieldIsArrayList; com.google.gson.functional.ConcurrencyTest::testSingleThreadDeserialization; com.google.gson.functional.ConcurrencyTest::testMultiThreadDeserialization; com.google.gson.functional.CustomDeserializerTest::testCustomDeserializerReturnsNullForArrayElementsForArrayField; com.google.gson.functional.CustomDeserializerTest::testDefaultConstructorNotCalledOnField; com.google.gson.functional.CustomDeserializerTest::testJsonTypeFieldBasedDeserialization; com.google.gson.functional.CustomDeserializerTest::testDefaultConstructorNotCalledOnObject; com.google.gson.functional.CustomDeserializerTest::testCustomDeserializerReturnsNull; com.google.gson.functional.CustomTypeAdaptersTest::testEnsureCustomDeserializerNotInvokedForNullValues; com.google.gson.functional.CustomTypeAdaptersTest::testCustomDeserializers; com.google.gson.functional.CustomTypeAdaptersTest::testCustomAdapterInvokedForMapElementDeserialization; com.google.gson.functional.CustomTypeAdaptersTest::testCustomNestedDeserializers; com.google.gson.functional.CustomTypeAdaptersTest::testCustomDeserializerInvokedForPrimitives; com.google.gson.functional.CustomTypeAdaptersTest::testCustomByteArrayDeserializerAndInstanceCreator; com.google.gson.functional.CustomTypeAdaptersTest::testRegisterHierarchyAdapterForDate; com.google.gson.functional.DefaultTypeAdaptersTest::testDefaultDateDeserialization; com.google.gson.functional.DefaultTypeAdaptersTest::testSqlDateSerialization; com.google.gson.functional.DefaultTypeAdaptersTest::testJsonObjectDeserialization; com.google.gson.functional.DefaultTypeAdaptersTest::testBigIntegerFieldDeserialization; com.google.gson.functional.DefaultTypeAdaptersTest::testLocaleDeserializationWithLanguage; com.google.gson.functional.DefaultTypeAdaptersTest::testStringBuilderDeserialization; com.google.gson.functional.DefaultTypeAdaptersTest::testTimestampSerialization; com.google.gson.functional.DefaultTypeAdaptersTest::testUrlNullDeserialization; com.google.gson.functional.DefaultTypeAdaptersTest::testUrlDeserialization; com.google.gson.functional.DefaultTypeAdaptersTest::testDefaultJavaSqlTimestampDeserialization; com.google.gson.functional.DefaultTypeAdaptersTest::testUuidDeserialization; com.google.gson.functional.DefaultTypeAdaptersTest::testBigDecimalFieldDeserialization; com.google.gson.functional.DefaultTypeAdaptersTest::testLocaleDeserializationWithLanguageCountryVariant; com.google.gson.functional.DefaultTypeAdaptersTest::testStringBufferDeserialization; com.google.gson.functional.DefaultTypeAdaptersTest::testLocaleDeserializationWithLanguageCountry; com.google.gson.functional.DefaultTypeAdaptersTest::testOverrideBigIntegerTypeAdapter; com.google.gson.functional.DefaultTypeAdaptersTest::testJsonNullDeserialization; com.google.gson.functional.DefaultTypeAdaptersTest::testUriDeserialization; com.google.gson.functional.DefaultTypeAdaptersTest::testOverrideBigDecimalTypeAdapter; com.google.gson.functional.DefaultTypeAdaptersTest::testPropertiesDeserialization; com.google.gson.functional.DefaultTypeAdaptersTest::testClassDeserialization; com.google.gson.functional.DefaultTypeAdaptersTest::testDefaultJavaSqlTimeDeserialization; com.google.gson.functional.DefaultTypeAdaptersTest::testDateDeserializationWithPattern; com.google.gson.functional.DefaultTypeAdaptersTest::testDefaultDateDeserializationUsingBuilder; com.google.gson.functional.DefaultTypeAdaptersTest::testDefaultCalendarDeserialization; com.google.gson.functional.DefaultTypeAdaptersTest::testDefaultGregorianCalendarDeserialization; com.google.gson.functional.DefaultTypeAdaptersTest::testJsonPrimitiveDeserialization; com.google.gson.functional.DefaultTypeAdaptersTest::testDefaultJavaSqlDateDeserialization; com.google.gson.functional.EnumTest::testEnumSubclassWithRegisteredTypeAdapter; com.google.gson.functional.EnumTest::testEnumSubclass; com.google.gson.functional.EnumTest::testTopLevelEnumDeserialization; com.google.gson.functional.EnumTest::testClassWithEnumFieldDeserialization; com.google.gson.functional.EnumTest::testEnumCaseMapping; com.google.gson.functional.EscapingTest::testGsonAcceptsEscapedAndNonEscapedJsonDeserialization; com.google.gson.functional.EscapingTest::testEscapingObjectFields; com.google.gson.functional.EscapingTest::testGsonDoubleDeserialization; com.google.gson.functional.ExclusionStrategyFunctionalTest::testExcludeTopLevelClassSerializationDoesNotImpactDeserialization; com.google.gson.functional.ExclusionStrategyFunctionalTest::testExclusionStrategySerializationDoesNotImpactDeserialization; com.google.gson.functional.ExposeFieldsTest::testNoExposedFieldDeserialization; com.google.gson.functional.ExposeFieldsTest::testExposedInterfaceFieldDeserialization; com.google.gson.functional.ExposeFieldsTest::testExposeAnnotationDeserialization; com.google.gson.functional.InheritanceTest::testSubInterfacesOfCollectionDeserialization; com.google.gson.functional.InheritanceTest::testSubClassDeserialization; com.google.gson.functional.InstanceCreatorTest::testInstanceCreatorReturnsSubTypeForField; com.google.gson.functional.InstanceCreatorTest::testInstanceCreatorReturnsSubTypeForTopLevelObject; com.google.gson.functional.InstanceCreatorTest::testInstanceCreatorReturnsBaseType; com.google.gson.functional.InternationalizationTest::testStringsWithRawChineseCharactersDeserialization; com.google.gson.functional.InternationalizationTest::testStringsWithUnicodeChineseCharactersEscapedDeserialization; com.google.gson.functional.InternationalizationTest::testStringsWithUnicodeChineseCharactersDeserialization; com.google.gson.functional.JavaUtilConcurrentAtomicTest::testAtomicInteger; com.google.gson.functional.JavaUtilConcurrentAtomicTest::testAtomicLong; com.google.gson.functional.JavaUtilConcurrentAtomicTest::testAtomicLongWithStringSerializationPolicy; com.google.gson.functional.JavaUtilConcurrentAtomicTest::testAtomicBoolean; com.google.gson.functional.JavaUtilTest::testProperties; com.google.gson.functional.JavaUtilTest::testCurrency; com.google.gson.functional.JsonAdapterAnnotationOnClassesTest::testJsonAdapterInvoked; com.google.gson.functional.JsonAdapterAnnotationOnClassesTest::testRegisteredDeserializerOverridesJsonAdapter; com.google.gson.functional.JsonAdapterAnnotationOnClassesTest::testRegisteredSerializerOverridesJsonAdapter; com.google.gson.functional.JsonAdapterAnnotationOnClassesTest::testJsonAdapterFactoryInvoked; com.google.gson.functional.JsonAdapterAnnotationOnFieldsTest::testRegisteredTypeAdapterTakesPrecedenceOverClassAnnotationAdapter; com.google.gson.functional.JsonAdapterAnnotationOnFieldsTest::testFieldAnnotationTakesPrecedenceOverClassAnnotation; com.google.gson.functional.JsonAdapterAnnotationOnFieldsTest::testFieldAnnotationTakesPrecedenceOverRegisteredTypeAdapter; com.google.gson.functional.JsonAdapterAnnotationOnFieldsTest::testJsonAdapterWrappedInNullSafeAsRequested; com.google.gson.functional.JsonAdapterAnnotationOnFieldsTest::testClassAnnotationAdapterTakesPrecedenceOverDefault; com.google.gson.functional.JsonAdapterAnnotationOnFieldsTest::testJsonAdapterInvokedOnlyForAnnotatedFields; com.google.gson.functional.JsonAdapterAnnotationOnFieldsTest::testClassAnnotationAdapterFactoryTakesPrecedenceOverDefault; com.google.gson.functional.JsonParserTest::testChangingCustomTreeAndDeserializing; com.google.gson.functional.MapAsArrayTypeAdapterTest::testMapWithTypeVariableDeserialization; com.google.gson.functional.MapAsArrayTypeAdapterTest::testSerializeComplexMapWithTypeAdapter; com.google.gson.functional.MapTest::testMapDeserializationEmpty; com.google.gson.functional.MapTest::testMapSubclassDeserialization; com.google.gson.functional.MapTest::testHashMapDeserialization; com.google.gson.functional.MapTest::testMapDeserializationWithNullKey; com.google.gson.functional.MapTest::testMapDeserializationWithWildcardValues; com.google.gson.functional.MapTest::testReadMapsWithEmptyStringKey; com.google.gson.functional.MapTest::testConcurrentMap; com.google.gson.functional.MapTest::testMapDeserialization; com.google.gson.functional.MapTest::testConcurrentHashMap; com.google.gson.functional.MapTest::testMapStandardSubclassDeserialization; com.google.gson.functional.MapTest::testBooleanKeyDeserialization; com.google.gson.functional.MapTest::testDeerializeMapOfMaps; com.google.gson.functional.MapTest::testMapDeserializationWithIntegerKeys; com.google.gson.functional.MapTest::testConcurrentNavigableMap; com.google.gson.functional.MapTest::testMapOfMapDeserialization; com.google.gson.functional.MapTest::testSortedMap; com.google.gson.functional.MapTest::testConcurrentSkipListMap; com.google.gson.functional.MapTest::testMapDeserializationWithNullValue; com.google.gson.functional.MapTest::testStringKeyDeserialization; com.google.gson.functional.MapTest::testMapNamePromotionWithJsonElementReader; com.google.gson.functional.MapTest::testNumberKeyDeserialization; com.google.gson.functional.NamingPolicyTest::testComplexFieldNameStrategy; com.google.gson.functional.NamingPolicyTest::testGsonWithUpperCamelCaseSpacesPolicyDeserialiation; com.google.gson.functional.NamingPolicyTest::testGsonWithLowerCaseDashPolicyDeserialiation; com.google.gson.functional.NamingPolicyTest::testGsonWithSerializedNameFieldNamingPolicyDeserialization; com.google.gson.functional.NamingPolicyTest::testGsonWithLowerCaseUnderscorePolicyDeserialiation; com.google.gson.functional.NamingPolicyTest::testGsonWithNonDefaultFieldNamingPolicyDeserialiation; com.google.gson.functional.NullObjectAndFieldTest::testExplicitDeserializationOfNulls; com.google.gson.functional.NullObjectAndFieldTest::testAbsentJsonElementsAreSetToNull; com.google.gson.functional.NullObjectAndFieldTest::testExplicitNullSetsFieldToNullDuringDeserialization; com.google.gson.functional.NullObjectAndFieldTest::testNullWrappedPrimitiveMemberDeserialization; com.google.gson.functional.ObjectTest::testSingletonLists; com.google.gson.functional.ObjectTest::testPrimitiveArrayInAnObjectDeserialization; com.google.gson.functional.ObjectTest::testStringFieldWithEmptyValueDeserialization; com.google.gson.functional.ObjectTest::testClassWithTransientFieldsDeserializationTransientFieldsPassedInJsonAreIgnored; com.google.gson.functional.ObjectTest::testArrayOfObjectsDeserialization; com.google.gson.functional.ObjectTest::testNullPrimitiveFieldsDeserialization; com.google.gson.functional.ObjectTest::testPrivateNoArgConstructorDeserialization; com.google.gson.functional.ObjectTest::testBagOfPrimitiveWrappersDeserialization; com.google.gson.functional.ObjectTest::testBagOfPrimitivesDeserialization; com.google.gson.functional.ObjectTest::testNullArraysDeserialization; com.google.gson.functional.ObjectTest::testClassWithTransientFieldsDeserialization; com.google.gson.functional.ObjectTest::testJsonInMixedQuotesDeserialization; com.google.gson.functional.ObjectTest::testObjectFieldNamesWithoutQuotesDeserialization; com.google.gson.functional.ObjectTest::testStringFieldWithNumberValueDeserialization; com.google.gson.functional.ObjectTest::testJsonInSingleQuotesDeserialization; com.google.gson.functional.ObjectTest::testClassWithNoFieldsDeserialization; com.google.gson.functional.ObjectTest::testArrayOfArraysDeserialization; com.google.gson.functional.ObjectTest::testNullFieldsDeserialization; com.google.gson.functional.ObjectTest::testEmptyCollectionInAnObjectDeserialization; com.google.gson.functional.ObjectTest::testNullObjectFieldsDeserialization; com.google.gson.functional.ObjectTest::testNestedDeserialization; com.google.gson.functional.ObjectTest::testInnerClassDeserialization; com.google.gson.functional.ParameterizedTypesTest::testVariableTypeArrayDeserialization; com.google.gson.functional.ParameterizedTypesTest::testDeepParameterizedTypeDeserialization; com.google.gson.functional.ParameterizedTypesTest::testVariableTypeDeserialization; com.google.gson.functional.ParameterizedTypesTest::testParameterizedTypeWithReaderDeserialization; com.google.gson.functional.ParameterizedTypesTest::testVariableTypeFieldsAndGenericArraysDeserialization; com.google.gson.functional.ParameterizedTypesTest::testParameterizedTypeGenericArraysDeserialization; com.google.gson.functional.ParameterizedTypesTest::testParameterizedTypeWithVariableTypeDeserialization; com.google.gson.functional.ParameterizedTypesTest::testParameterizedTypeDeserialization; com.google.gson.functional.ParameterizedTypesTest::testParameterizedTypesWithCustomDeserializer; com.google.gson.functional.ParameterizedTypesTest::testTypesWithMultipleParametersDeserialization; com.google.gson.functional.PrimitiveCharacterTest::testPrimitiveCharacterAutoboxedDeserialization; com.google.gson.functional.PrimitiveTest::testLongAsStringDeserialization; com.google.gson.functional.PrimitiveTest::testSmallValueForBigDecimalDeserialization; com.google.gson.functional.PrimitiveTest::testDeserializingBigDecimalAsFloat; com.google.gson.functional.PrimitiveTest::testNumberDeserialization; com.google.gson.functional.PrimitiveTest::testUnquotedStringDeserializationFails; com.google.gson.functional.PrimitiveTest::testDeserializingBigIntegerAsBigDecimal; com.google.gson.functional.PrimitiveTest::testQuotedStringSerializationAndDeserialization; com.google.gson.functional.PrimitiveTest::testReallyLongValuesDeserialization; com.google.gson.functional.PrimitiveTest::testSmallValueForBigIntegerDeserialization; com.google.gson.functional.PrimitiveTest::testNegativeInfinityFloatDeserialization; com.google.gson.functional.PrimitiveTest::testLargeDoubleDeserialization; com.google.gson.functional.PrimitiveTest::testValueVeryCloseToZeroIsZero; com.google.gson.functional.PrimitiveTest::testBigDecimalDeserialization; com.google.gson.functional.PrimitiveTest::testPrimitiveLongAutoboxedDeserialization; com.google.gson.functional.PrimitiveTest::testNegativeInfinityDeserialization; com.google.gson.functional.PrimitiveTest::testBigDecimalAsStringRepresentationDeserialization; com.google.gson.functional.PrimitiveTest::testByteDeserialization; com.google.gson.functional.PrimitiveTest::testPrimitiveIntegerAutoboxedDeserialization; com.google.gson.functional.PrimitiveTest::testDoubleNoFractAsStringRepresentationDeserialization; com.google.gson.functional.PrimitiveTest::testDeserializingBigDecimalAsDouble; com.google.gson.functional.PrimitiveTest::testBigIntegerDeserialization; com.google.gson.functional.PrimitiveTest::testBigDecimalNoFractAsStringRepresentationDeserialization; com.google.gson.functional.PrimitiveTest::testFloatNaNDeserialization; com.google.gson.functional.PrimitiveTest::testDoubleNaNDeserialization; com.google.gson.functional.PrimitiveTest::testPrimitiveDoubleAutoboxedDeserialization; com.google.gson.functional.PrimitiveTest::testDeserializingDecimalPointValueZeroSucceeds; com.google.gson.functional.PrimitiveTest::testDeserializePrimitiveWrapperAsObjectField; com.google.gson.functional.PrimitiveTest::testPrimitiveClassLiteral; com.google.gson.functional.PrimitiveTest::testDoubleInfinityDeserialization; com.google.gson.functional.PrimitiveTest::testBigDecimalPreservePrecisionDeserialization; com.google.gson.functional.PrimitiveTest::testBooleanDeserialization; com.google.gson.functional.PrimitiveTest::testFloatInfinityDeserialization; com.google.gson.functional.PrimitiveTest::testDoubleAsStringRepresentationDeserialization; com.google.gson.functional.ReadersWritersTest::testReaderForDeserialization; com.google.gson.functional.ReadersWritersTest::testReadWriteTwoObjects; com.google.gson.functional.RuntimeTypeAdapterFactoryFunctionalTest::testSubclassesAutomaticallySerialzed; com.google.gson.functional.SecurityTest::testNonExecutableJsonDeserialization; com.google.gson.functional.SecurityTest::testJsonWithNonExectuableTokenWithRegularGsonDeserialization; com.google.gson.functional.SecurityTest::testJsonWithNonExectuableTokenWithConfiguredGsonDeserialization; com.google.gson.functional.SerializedNameTest::testMultipleNamesDeserializedCorrectly; com.google.gson.functional.SerializedNameTest::testMultipleNamesInTheSameString; com.google.gson.functional.StreamingTypeAdaptersTest::testNullSafe; com.google.gson.functional.StringTest::testStringValueDeserialization; com.google.gson.functional.StringTest::testSingleQuoteInStringSerialization; com.google.gson.functional.StringTest::testEscapingQuotesInStringSerialization; com.google.gson.functional.StringTest::testStringWithEscapedSlashDeserialization; com.google.gson.functional.StringTest::testSingleQuoteInStringDeserialization; com.google.gson.functional.StringTest::testAssignmentCharDeserialization; com.google.gson.functional.StringTest::testEscapingQuotesInStringDeserialization; com.google.gson.functional.StringTest::testEscapedCtrlRInStringDeserialization; com.google.gson.functional.StringTest::testJavascriptKeywordsInStringDeserialization; com.google.gson.functional.StringTest::testEscapedCtrlNInStringDeserialization; com.google.gson.functional.StringTest::testEscapedBackslashInStringDeserialization; com.google.gson.functional.ThrowableFunctionalTest::testErrorWithoutCause; com.google.gson.functional.ThrowableFunctionalTest::testExceptionWithCause; com.google.gson.functional.ThrowableFunctionalTest::testExceptionWithoutCause; com.google.gson.functional.ThrowableFunctionalTest::testErrornWithCause; com.google.gson.functional.TreeTypeAdaptersTest::testDeserializeId; com.google.gson.functional.TypeAdapterPrecedenceTest::testStreamingFollowedByNonstreaming; com.google.gson.functional.TypeAdapterPrecedenceTest::testSerializeNonstreamingTypeAdapterFollowedByStreamingTypeAdapter; com.google.gson.functional.TypeAdapterPrecedenceTest::testNonstreamingFollowedByNonstreaming; com.google.gson.functional.TypeAdapterPrecedenceTest::testStreamingHierarchicalFollowedByNonstreaming; com.google.gson.functional.TypeAdapterPrecedenceTest::testStreamingFollowedByStreaming; com.google.gson.functional.TypeAdapterPrecedenceTest::testNonstreamingHierarchicalFollowedByNonstreaming; com.google.gson.functional.TypeAdapterPrecedenceTest::testStreamingHierarchicalFollowedByNonstreamingHierarchical; com.google.gson.functional.TypeAdapterPrecedenceTest::testStreamingFollowedByNonstreamingHierarchical; com.google.gson.functional.TypeHierarchyAdapterTest::testTypeHierarchy; com.google.gson.functional.TypeHierarchyAdapterTest::testRegisterSuperTypeFirst; com.google.gson.functional.TypeVariableTest::testBasicTypeVariables; com.google.gson.functional.TypeVariableTest::testAdvancedTypeVariables; com.google.gson.functional.TypeVariableTest::testTypeVariablesViaTypeParameter; com.google.gson.functional.UncategorizedTest::testGsonInstanceReusableForSerializationAndDeserialization; com.google.gson.functional.UncategorizedTest::testReturningDerivedClassesDuringDeserialization; com.google.gson.functional.VersioningTest::testVersionedGsonMixingSinceAndUntilDeserialization; com.google.gson.functional.VersioningTest::testVersionedClassesDeserialization; com.google.gson.functional.VersioningTest::testVersionedUntilDeserialization; com.google.gson.functional.VersioningTest::testVersionedGsonWithUnversionedClassesDeserialization; com.google.gson.internal.bind.JsonElementReaderTest::testNestedObjects; com.google.gson.internal.bind.JsonElementReaderTest::testEmptyObject; com.google.gson.internal.bind.JsonElementReaderTest::testObject; com.google.gson.stream.JsonReaderPathTest::testObjectPath; com.google.gson.stream.JsonReaderTest::testTopLevelValueTypeWithSkipValue; com.google.gson.stream.JsonReaderTest::testStrictVeryLongNumber; com.google.gson.stream.JsonReaderTest::testSkipArray; com.google.gson.stream.JsonReaderTest::testBomForbiddenAsOtherCharacterInDocument; com.google.gson.stream.JsonReaderTest::testStrictNonFiniteDoublesWithSkipValue; com.google.gson.stream.JsonReaderTest::testReadObject; com.google.gson.stream.JsonReaderTest::testStrictUnquotedStringsWithSkipValue; com.google.gson.stream.JsonReaderTest::testSkipDouble; com.google.gson.stream.JsonReaderTest::testSkipObject; com.google.gson.stream.JsonReaderTest::testTopLevelValueTypes; com.google.gson.stream.JsonReaderTest::testSkipObjectAfterPeek; com.google.gson.stream.JsonReaderTest::testEmptyStringName; com.google.gson.stream.JsonReaderTest::testSkipInteger; com.google.gson.stream.JsonReaderTest::testSkipTopLevelQuotedString; com.google.gson.stream.JsonReaderTest::testSkipArrayAfterPeek; com.google.gson.stream.JsonReaderTest::testDeeplyNestedObjects; com.google.gson.stream.JsonReaderTest::testNextFailuresDoNotAdvance; com.google.gson.stream.JsonReaderTest::testReadEmptyObject; com.google.gson.stream.JsonReaderTest::testSkipTopLevelObject; com.google.gson.stream.JsonReaderTest::testStrictUnquotedStrings; com.google.gson.stream.JsonReaderTest::testSkipTopLevelUnquotedString; com.google.gson.stream.JsonReaderTest::testHelloWorld; com.google.gson.stream.JsonWriterTest::testTopLevelValueTypes
Closure-143,Yes,No,No,
Jsoup-21,No,Yes,No,org.jsoup.select.SelectorTest::mixCombinatorGroup
Jsoup-65,Yes,No,No,
Chart-14,No,Yes,No,org.jfree.data.time.junit.MonthTests::testParseMonth
Time-2,No,Yes,No,org.joda.time.TestPartial_Basics::testToString5; org.joda.time.TestPartial_Basics::testWith3e; org.joda.time.TestPartial_Basics::testWith3f; org.joda.time.TestPartial_Basics::testGetFormatter2
Gson-9,Yes,No,No,
Math-6,No,Yes,No,org.apache.commons.math3.optim.nonlinear.scalar.gradient.NonLinearConjugateGradientOptimizerTest::testTrivial; org.apache.commons.math3.optim.nonlinear.scalar.noderiv.CMAESOptimizerTest::testConstrainedRosen; org.apache.commons.math3.optim.nonlinear.scalar.noderiv.CMAESOptimizerTest::testElliRotated; org.apache.commons.math3.optim.nonlinear.scalar.noderiv.CMAESOptimizerTest::testEllipse; org.apache.commons.math3.optim.nonlinear.scalar.noderiv.CMAESOptimizerTest::testTwoAxes; org.apache.commons.math3.optim.nonlinear.scalar.noderiv.CMAESOptimizerTest::testCigar; org.apache.commons.math3.optim.nonlinear.scalar.noderiv.CMAESOptimizerTest::testRosen; org.apache.commons.math3.optim.nonlinear.scalar.noderiv.CMAESOptimizerTest::testRastrigin; org.apache.commons.math3.optim.nonlinear.scalar.noderiv.CMAESOptimizerTest::testDiagonalRosen; org.apache.commons.math3.optim.nonlinear.scalar.noderiv.CMAESOptimizerTest::testSsDiffPow; org.apache.commons.math3.optim.nonlinear.scalar.noderiv.CMAESOptimizerTest::testMaximize; org.apache.commons.math3.optim.nonlinear.scalar.noderiv.CMAESOptimizerTest::testAckley; org.apache.commons.math3.optim.nonlinear.scalar.noderiv.CMAESOptimizerTest::testCigTab; org.apache.commons.math3.optim.nonlinear.scalar.noderiv.CMAESOptimizerTest::testDiffPow; org.apache.commons.math3.optim.nonlinear.scalar.noderiv.CMAESOptimizerTest::testSphere; org.apache.commons.math3.optim.nonlinear.scalar.noderiv.CMAESOptimizerTest::testTablet; org.apache.commons.math3.optim.nonlinear.scalar.noderiv.CMAESOptimizerTest::testCigarWithBoundaries; org.apache.commons.math3.optim.nonlinear.scalar.noderiv.PowellOptimizerTest::testSumSinc; org.apache.commons.math3.optim.nonlinear.scalar.noderiv.SimplexOptimizerMultiDirectionalTest::testMaximize1; org.apache.commons.math3.optim.nonlinear.scalar.noderiv.SimplexOptimizerMultiDirectionalTest::testMaximize2; org.apache.commons.math3.optim.nonlinear.scalar.noderiv.SimplexOptimizerMultiDirectionalTest::testMinimize1; org.apache.commons.math3.optim.nonlinear.scalar.noderiv.SimplexOptimizerMultiDirectionalTest::testMinimize2; org.apache.commons.math3.optim.nonlinear.scalar.noderiv.SimplexOptimizerNelderMeadTest::testMaximize1; org.apache.commons.math3.optim.nonlinear.scalar.noderiv.SimplexOptimizerNelderMeadTest::testMaximize2; org.apache.commons.math3.optim.nonlinear.scalar.noderiv.SimplexOptimizerNelderMeadTest::testMinimize1; org.apache.commons.math3.optim.nonlinear.scalar.noderiv.SimplexOptimizerNelderMeadTest::testMinimize2; org.apache.commons.math3.optim.nonlinear.vector.jacobian.GaussNewtonOptimizerTest::testGetIterations; org.apache.commons.math3.optim.nonlinear.vector.jacobian.LevenbergMarquardtOptimizerTest::testGetIterations
Jsoup-22,Yes,No,No,
JacksonDatabind-65,Yes,No,No,
JacksonDatabind-30,No,Yes,No,com.fasterxml.jackson.databind.failing.JacksonTest; com.fasterxml.jackson.databind.failing.JacksonTest; com.fasterxml.jackson.databind.jsontype.TestExternalId::testBigDecimal965
Compress-33,Yes,No,No,
JacksonCore-18,Yes,No,No,
Math-14,Yes,No,No,
Codec-13,Yes,No,No,
Closure-54,No,No,Yes,
Closure-144,No,Yes,No,com.google.javascript.jscomp.CodePrinterTest::testTypeAnnotationsAssign; com.google.javascript.jscomp.CodePrinterTest::testTypeAnnotationsMember; com.google.javascript.jscomp.CodePrinterTest::testOptionalTypesAnnotation; com.google.javascript.jscomp.CodePrinterTest::testTempConstructor; com.google.javascript.jscomp.CodePrinterTest::testTypeAnnotationsDispatcher1; com.google.javascript.jscomp.CodePrinterTest::testTypeAnnotationsDispatcher2; com.google.javascript.jscomp.CodePrinterTest::testTypeAnnotationsImplements; com.google.javascript.jscomp.CodePrinterTest::testTypeAnnotationsNamespace; com.google.javascript.jscomp.CodePrinterTest::testTypeAnnotations; com.google.javascript.jscomp.CodePrinterTest::testVariableArgumentsTypesAnnotation; com.google.javascript.jscomp.CodePrinterTest::testEmitUnknownParamTypesAsAllType; com.google.javascript.jscomp.CodePrinterTest::testTypeAnnotationsMemberSubclass; com.google.javascript.jscomp.DevirtualizePrototypeMethodsTest::testRewritePrototypeMethods2; com.google.javascript.jscomp.DisambiguatePropertiesTest::testStaticProperty; com.google.javascript.jscomp.ExternExportsPassTest::testExportDontEmitPrototypePathPrefix; com.google.javascript.jscomp.ExternExportsPassTest::testExportMultiple; com.google.javascript.jscomp.ExternExportsPassTest::testExportSymbolWithConstructor; com.google.javascript.jscomp.ExternExportsPassTest::testExportSymbolDefinedInVar; com.google.javascript.jscomp.ExternExportsPassTest::testExportSymbol; com.google.javascript.jscomp.ExternExportsPassTest::testExportMultiple2; com.google.javascript.jscomp.ExternExportsPassTest::testExportMultiple3; com.google.javascript.jscomp.ExternExportsPassTest::testExportProperty; com.google.javascript.jscomp.LooseTypeCheckTest::testNestedFunctionInference1; com.google.javascript.jscomp.LooseTypeCheckTest::testScoping10; com.google.javascript.jscomp.LooseTypeCheckTest::testDuplicateOldTypeDef; com.google.javascript.jscomp.LooseTypeCheckTest::testBadConstructorCall; com.google.javascript.jscomp.LooseTypeCheckTest::testDontAddMethodsIfNoConstructor; com.google.javascript.jscomp.LooseTypeCheckTest::testInterfaceInheritanceCheck11; com.google.javascript.jscomp.LooseTypeCheckTest::testErrorMismatchingPropertyOnInterface5; com.google.javascript.jscomp.LooseTypeCheckTest::testDuplicateTypeDef; com.google.javascript.jscomp.LooseTypeCheckTest::testBug911118; com.google.javascript.jscomp.LooseTypeCheckTest::testFunctionInference12; com.google.javascript.jscomp.LooseTypeCheckTest::testFunctionInference13; com.google.javascript.jscomp.LooseTypeCheckTest::testFunctionInference15; com.google.javascript.jscomp.LooseTypeCheckTest::testFunctionInference16; com.google.javascript.jscomp.LooseTypeCheckTest::testPrototypePropertyReference; com.google.javascript.jscomp.LooseTypeCheckTest::testGoodExtends7; com.google.javascript.jscomp.LooseTypeCheckTest::testTypeRedefinition; com.google.javascript.jscomp.LooseTypeCheckTest::testFunctionInference1; com.google.javascript.jscomp.LooseTypeCheckTest::testFunctionInference2; com.google.javascript.jscomp.LooseTypeCheckTest::testFunctionInference3; com.google.javascript.jscomp.LooseTypeCheckTest::testFunctionInference4; com.google.javascript.jscomp.LooseTypeCheckTest::testFunctionInference7; com.google.javascript.jscomp.LooseTypeCheckTest::testFunctionInference8; com.google.javascript.jscomp.LooseTypeCheckTest::testFunctionInference9; com.google.javascript.jscomp.LooseTypeCheckTest::testInterfaceInheritanceCheck7; com.google.javascript.jscomp.LooseTypeCheckTest::testDuplicateStaticMethodDecl1; com.google.javascript.jscomp.LooseTypeCheckTest::testDuplicateStaticMethodDecl5; com.google.javascript.jscomp.TypeCheckTest::testNestedFunctionInference1; com.google.javascript.jscomp.TypeCheckTest::testScoping10; com.google.javascript.jscomp.TypeCheckTest::testDuplicateOldTypeDef; com.google.javascript.jscomp.TypeCheckTest::testInferredReturn1; com.google.javascript.jscomp.TypeCheckTest::testInferredReturn2; com.google.javascript.jscomp.TypeCheckTest::testInferredReturn3; com.google.javascript.jscomp.TypeCheckTest::testInferredReturn4; com.google.javascript.jscomp.TypeCheckTest::testInferredReturn6; com.google.javascript.jscomp.TypeCheckTest::testBadConstructorCall; com.google.javascript.jscomp.TypeCheckTest::testDontAddMethodsIfNoConstructor; com.google.javascript.jscomp.TypeCheckTest::testInterfaceInheritanceCheck11; com.google.javascript.jscomp.TypeCheckTest::testErrorMismatchingPropertyOnInterface5; com.google.javascript.jscomp.TypeCheckTest::testDuplicateTypeDef; com.google.javascript.jscomp.TypeCheckTest::testBug911118; com.google.javascript.jscomp.TypeCheckTest::testFunctionInference12; com.google.javascript.jscomp.TypeCheckTest::testFunctionInference13; com.google.javascript.jscomp.TypeCheckTest::testFunctionInference15; com.google.javascript.jscomp.TypeCheckTest::testFunctionInference16; com.google.javascript.jscomp.TypeCheckTest::testPrototypePropertyReference; com.google.javascript.jscomp.TypeCheckTest::testGoodExtends7; com.google.javascript.jscomp.TypeCheckTest::testTypeRedefinition; com.google.javascript.jscomp.TypeCheckTest::testFunctionInference1; com.google.javascript.jscomp.TypeCheckTest::testFunctionInference2; com.google.javascript.jscomp.TypeCheckTest::testFunctionInference3; com.google.javascript.jscomp.TypeCheckTest::testFunctionInference4; com.google.javascript.jscomp.TypeCheckTest::testFunctionInference7; com.google.javascript.jscomp.TypeCheckTest::testFunctionInference8; com.google.javascript.jscomp.TypeCheckTest::testFunctionInference9; com.google.javascript.jscomp.TypeCheckTest::testInterfaceInheritanceCheck7; com.google.javascript.jscomp.TypeCheckTest::testDuplicateStaticMethodDecl1; com.google.javascript.jscomp.TypeCheckTest::testDuplicateStaticMethodDecl5; com.google.javascript.jscomp.TypedScopeCreatorTest::testConstructorNode; com.google.javascript.jscomp.TypedScopeCreatorTest::testPropertiesOnInterface; com.google.javascript.jscomp.TypedScopeCreatorTest::testMethodBeforeFunction; com.google.javascript.jscomp.TypedScopeCreatorTest::testConstructorProperty; com.google.javascript.jscomp.TypedScopeCreatorTest::testReturnTypeInference1
Mockito-30,Yes,No,No,
Closure-135,No,No,Yes,
Mockito-17,Yes,No,No,
Closure-90,No,No,Yes,
Closure-110,No,Yes,No,
Closure-167,No,Yes,No,com.google.javascript.jscomp.CheckMissingReturnTest::testIssue779; com.google.javascript.jscomp.CommandLineRunnerTest::testSyntheticExterns; com.google.javascript.jscomp.DevirtualizePrototypeMethodsTest::testRewritePrototypeMethods2; com.google.javascript.jscomp.DisambiguatePropertiesTest::testSupertypeReferenceOfSubtypeProperty; com.google.javascript.jscomp.DisambiguatePropertiesTest::testEnumOfObjects2; com.google.javascript.jscomp.DisambiguatePropertiesTest::testSkipNativeFunctionStaticProperty; com.google.javascript.jscomp.DisambiguatePropertiesTest::testIgnoreUnknownType; com.google.javascript.jscomp.DisambiguatePropertiesTest::testIgnoreUnknownType1; com.google.javascript.jscomp.DisambiguatePropertiesTest::testIgnoreUnknownType2; com.google.javascript.jscomp.DisambiguatePropertiesTest::testCustomInherits; com.google.javascript.jscomp.DisambiguatePropertiesTest::testUnknownType; com.google.javascript.jscomp.InlinePropertiesTest::testConstPrototypeProp1; com.google.javascript.jscomp.InlinePropertiesTest::testConstPrototypeProp2; com.google.javascript.jscomp.InlinePropertiesTest::testConstClassProps1; com.google.javascript.jscomp.InlinePropertiesTest::testConstClassProps2; com.google.javascript.jscomp.InlinePropertiesTest::testConstClassProps3; com.google.javascript.jscomp.InlinePropertiesTest::testConstInstanceProp1; com.google.javascript.jscomp.InlinePropertiesTest::testConstInstanceProp2; com.google.javascript.jscomp.InlinePropertiesTest::testConstInstanceProp3; com.google.javascript.jscomp.InlinePropertiesTest::testConstInstanceProp4; com.google.javascript.jscomp.InlinePropertiesTest::testNonConstructorClassProp1; com.google.javascript.jscomp.InlinePropertiesTest::testConditionalClassProp1; com.google.javascript.jscomp.InlinePropertiesTest::testNonConstClassProp1; com.google.javascript.jscomp.InlinePropertiesTest::testNonConstClassProp2; com.google.javascript.jscomp.IntegrationTest::testIssue598; com.google.javascript.jscomp.LooseTypeCheckTest::testBug2341812; com.google.javascript.jscomp.LooseTypeCheckTest::testGlobalThis2; com.google.javascript.jscomp.LooseTypeCheckTest::testNoPersistentTypeInferenceForFunctionProperties; com.google.javascript.jscomp.LooseTypeCheckTest::testAdd10; com.google.javascript.jscomp.LooseTypeCheckTest::testAdd11; com.google.javascript.jscomp.LooseTypeCheckTest::testThis9; com.google.javascript.jscomp.LooseTypeCheckTest::testPropertyInferredPropagation; com.google.javascript.jscomp.LooseTypeCheckTest::testDirectPrototypeAssignment2; com.google.javascript.jscomp.LooseTypeCheckTest::testMissingProperty1; com.google.javascript.jscomp.LooseTypeCheckTest::testMissingProperty3; com.google.javascript.jscomp.LooseTypeCheckTest::testMissingProperty6; com.google.javascript.jscomp.LooseTypeCheckTest::testMissingProperty8; com.google.javascript.jscomp.LooseTypeCheckTest::testMissingProperty9; com.google.javascript.jscomp.LooseTypeCheckTest::testPropertyInference6; com.google.javascript.jscomp.LooseTypeCheckTest::testCast15; com.google.javascript.jscomp.LooseTypeCheckTest::testBug1940769; com.google.javascript.jscomp.LooseTypeCheckTest::testMissingProperty10; com.google.javascript.jscomp.LooseTypeCheckTest::testMissingProperty11; com.google.javascript.jscomp.LooseTypeCheckTest::testMissingProperty13; com.google.javascript.jscomp.LooseTypeCheckTest::testMissingProperty14; com.google.javascript.jscomp.LooseTypeCheckTest::testMissingProperty15; com.google.javascript.jscomp.LooseTypeCheckTest::testMissingProperty16; com.google.javascript.jscomp.LooseTypeCheckTest::testMissingProperty17; com.google.javascript.jscomp.LooseTypeCheckTest::testMissingProperty18; com.google.javascript.jscomp.LooseTypeCheckTest::testMissingProperty19; com.google.javascript.jscomp.LooseTypeCheckTest::testMissingProperty21; com.google.javascript.jscomp.LooseTypeCheckTest::testMissingProperty22; com.google.javascript.jscomp.LooseTypeCheckTest::testMissingProperty29; com.google.javascript.jscomp.LooseTypeCheckTest::testNoPersistentTypeInferenceForObjectProperties; com.google.javascript.jscomp.PureFunctionIdentifierTest::testCallBeforeDefinition; com.google.javascript.jscomp.PureFunctionIdentifierTest::testDeleteOperator1; com.google.javascript.jscomp.PureFunctionIdentifierTest::testDeleteOperator2; com.google.javascript.jscomp.PureFunctionIdentifierTest::testConstructorThatModifiesThis1; com.google.javascript.jscomp.PureFunctionIdentifierTest::testConstructorThatModifiesThis2; com.google.javascript.jscomp.PureFunctionIdentifierTest::testConstructorThatModifiesThis3; com.google.javascript.jscomp.PureFunctionIdentifierTest::testConstructorThatModifiesThis4; com.google.javascript.jscomp.PureFunctionIdentifierTest::testAnnotationInExternStubs1; com.google.javascript.jscomp.PureFunctionIdentifierTest::testAnnotationInExternStubs2; com.google.javascript.jscomp.PureFunctionIdentifierTest::testAnnotationInExternStubs3; com.google.javascript.jscomp.PureFunctionIdentifierTest::testAnnotationInExternStubs4; com.google.javascript.jscomp.PureFunctionIdentifierTest::testAnnotationInExternStubs5; com.google.javascript.jscomp.PureFunctionIdentifierTest::testExternCalls; com.google.javascript.jscomp.PureFunctionIdentifierTest::testAnnotationInExternStubs1b; com.google.javascript.jscomp.PureFunctionIdentifierTest::testAnnotationInExternStubs2b; com.google.javascript.jscomp.PureFunctionIdentifierTest::testLocalizedSideEffects1; com.google.javascript.jscomp.PureFunctionIdentifierTest::testLocalizedSideEffects2; com.google.javascript.jscomp.PureFunctionIdentifierTest::testLocalizedSideEffects3; com.google.javascript.jscomp.PureFunctionIdentifierTest::testLocalizedSideEffects4; com.google.javascript.jscomp.PureFunctionIdentifierTest::testLocalizedSideEffects5; com.google.javascript.jscomp.PureFunctionIdentifierTest::testLocalizedSideEffects6; com.google.javascript.jscomp.PureFunctionIdentifierTest::testLocalizedSideEffects7; com.google.javascript.jscomp.PureFunctionIdentifierTest::testLocalizedSideEffects8; com.google.javascript.jscomp.PureFunctionIdentifierTest::testLocalizedSideEffects9; com.google.javascript.jscomp.PureFunctionIdentifierTest::testApply; com.google.javascript.jscomp.PureFunctionIdentifierTest::testUnaryOperators1; com.google.javascript.jscomp.PureFunctionIdentifierTest::testUnaryOperators2; com.google.javascript.jscomp.PureFunctionIdentifierTest::testUnaryOperators3; com.google.javascript.jscomp.PureFunctionIdentifierTest::testUnaryOperators4; com.google.javascript.jscomp.PureFunctionIdentifierTest::testUnaryOperators5; com.google.javascript.jscomp.PureFunctionIdentifierTest::testCall; com.google.javascript.jscomp.PureFunctionIdentifierTest::testAndOperators4; com.google.javascript.jscomp.PureFunctionIdentifierTest::testAnnotationInExterns_new1; com.google.javascript.jscomp.PureFunctionIdentifierTest::testAnnotationInExterns_new2; com.google.javascript.jscomp.PureFunctionIdentifierTest::testAnnotationInExterns_new3; com.google.javascript.jscomp.PureFunctionIdentifierTest::testAnnotationInExterns_new4; com.google.javascript.jscomp.PureFunctionIdentifierTest::testAnnotationInExterns_new5; com.google.javascript.jscomp.PureFunctionIdentifierTest::testAnnotationInExterns_new6; com.google.javascript.jscomp.PureFunctionIdentifierTest::testAnnotationInExterns_new7; com.google.javascript.jscomp.PureFunctionIdentifierTest::testAnnotationInExterns_new8; com.google.javascript.jscomp.PureFunctionIdentifierTest::testAnnotationInExterns_new9; com.google.javascript.jscomp.PureFunctionIdentifierTest::testInference1; com.google.javascript.jscomp.PureFunctionIdentifierTest::testInference2; com.google.javascript.jscomp.PureFunctionIdentifierTest::testInference3; com.google.javascript.jscomp.PureFunctionIdentifierTest::testInference4; com.google.javascript.jscomp.PureFunctionIdentifierTest::testInference5; com.google.javascript.jscomp.PureFunctionIdentifierTest::testInference6; com.google.javascript.jscomp.PureFunctionIdentifierTest::testCallFunctionFOrGViaHookWithSideEffects; com.google.javascript.jscomp.PureFunctionIdentifierTest::testCallRegExpWithSideEffects; com.google.javascript.jscomp.PureFunctionIdentifierTest::testInheritance1; com.google.javascript.jscomp.PureFunctionIdentifierTest::testInheritance2; com.google.javascript.jscomp.PureFunctionIdentifierTest::testCallFunctionForGorH; com.google.javascript.jscomp.PureFunctionIdentifierTest::testNoSideEffectsSimple; com.google.javascript.jscomp.PureFunctionIdentifierTest::testHookOperators4; com.google.javascript.jscomp.PureFunctionIdentifierTest::testAnnotationInExterns1; com.google.javascript.jscomp.PureFunctionIdentifierTest::testAnnotationInExterns2; com.google.javascript.jscomp.PureFunctionIdentifierTest::testAnnotationInExterns3; com.google.javascript.jscomp.PureFunctionIdentifierTest::testAnnotationInExterns4; com.google.javascript.jscomp.PureFunctionIdentifierTest::testAnnotationInExterns5; com.google.javascript.jscomp.PureFunctionIdentifierTest::testCallFunctionFOrG; com.google.javascript.jscomp.PureFunctionIdentifierTest::testConstructorThatModifiesGlobal1; com.google.javascript.jscomp.PureFunctionIdentifierTest::testConstructorThatModifiesGlobal2; com.google.javascript.jscomp.PureFunctionIdentifierTest::testAnonymousFunction1; com.google.javascript.jscomp.PureFunctionIdentifierTest::testAnonymousFunction2; com.google.javascript.jscomp.PureFunctionIdentifierTest::testAnonymousFunction3; com.google.javascript.jscomp.PureFunctionIdentifierTest::testAnonymousFunction4; com.google.javascript.jscomp.PureFunctionIdentifierTest::testCallFunctionThatModifiesThis; com.google.javascript.jscomp.PureFunctionIdentifierTest::testOrOperator1; com.google.javascript.jscomp.PureFunctionIdentifierTest::testOrOperator2; com.google.javascript.jscomp.PureFunctionIdentifierTest::testOrOperator3; com.google.javascript.jscomp.PureFunctionIdentifierTest::testAnnotationInExterns_new10; com.google.javascript.jscomp.PureFunctionIdentifierTest::testLocalizedSideEffects10; com.google.javascript.jscomp.PureFunctionIdentifierTest::testLocalizedSideEffects11; com.google.javascript.jscomp.PureFunctionIdentifierTest::testCallFunctionFOrGViaHook; com.google.javascript.jscomp.PureFunctionIdentifierTest::testAssignmentOverride; com.google.javascript.jscomp.PureFunctionIdentifierTest::testHookOperator1; com.google.javascript.jscomp.PureFunctionIdentifierTest::testHookOperator2; com.google.javascript.jscomp.PureFunctionIdentifierTest::testHookOperator3; com.google.javascript.jscomp.PureFunctionIdentifierTest::testIssue303b; com.google.javascript.jscomp.PureFunctionIdentifierTest::testSharedFunctionName1; com.google.javascript.jscomp.PureFunctionIdentifierTest::testSharedFunctionName2; com.google.javascript.jscomp.PureFunctionIdentifierTest::testConstructorAnnotationInExterns1; com.google.javascript.jscomp.PureFunctionIdentifierTest::testConstructorAnnotationInExterns2; com.google.javascript.jscomp.PureFunctionIdentifierTest::testConstructorAnnotationInExterns3; com.google.javascript.jscomp.PureFunctionIdentifierTest::testConstructorAnnotationInExterns4; com.google.javascript.jscomp.PureFunctionIdentifierTest::testConstructorAnnotationInExterns5; com.google.javascript.jscomp.PureFunctionIdentifierTest::testConstructorAnnotationInExterns6; com.google.javascript.jscomp.PureFunctionIdentifierTest::testConstructorAnnotationInExterns7; com.google.javascript.jscomp.PureFunctionIdentifierTest::testConstructorAnnotationInExterns8; com.google.javascript.jscomp.PureFunctionIdentifierTest::testIssue303; com.google.javascript.jscomp.PureFunctionIdentifierTest::testOrOperators4; com.google.javascript.jscomp.PureFunctionIdentifierTest::testCallFunctionFOrGWithSideEffects; com.google.javascript.jscomp.PureFunctionIdentifierTest::testResultLocalitySimple; com.google.javascript.jscomp.PureFunctionIdentifierTest::testThrow1; com.google.javascript.jscomp.PureFunctionIdentifierTest::testThrow2; com.google.javascript.jscomp.PureFunctionIdentifierTest::testAndOperator1; com.google.javascript.jscomp.PureFunctionIdentifierTest::testAndOperator2; com.google.javascript.jscomp.PureFunctionIdentifierTest::testAndOperator3; com.google.javascript.jscomp.PureFunctionIdentifierTest::testNamespaceAnnotationInExterns1; com.google.javascript.jscomp.PureFunctionIdentifierTest::testNamespaceAnnotationInExterns2; com.google.javascript.jscomp.PureFunctionIdentifierTest::testNamespaceAnnotationInExterns3; com.google.javascript.jscomp.PureFunctionIdentifierTest::testNamespaceAnnotationInExterns4; com.google.javascript.jscomp.PureFunctionIdentifierTest::testNamespaceAnnotationInExterns5; com.google.javascript.jscomp.PureFunctionIdentifierTest::testNamespaceAnnotationInExterns6; com.google.javascript.jscomp.TypeCheckTest::testBug2341812; com.google.javascript.jscomp.TypeCheckTest::testGlobalThis2; com.google.javascript.jscomp.TypeCheckTest::testNoPersistentTypeInferenceForFunctionProperties; com.google.javascript.jscomp.TypeCheckTest::testAdd10; com.google.javascript.jscomp.TypeCheckTest::testAdd11; com.google.javascript.jscomp.TypeCheckTest::testThis9; com.google.javascript.jscomp.TypeCheckTest::testPropertyInferredPropagation; com.google.javascript.jscomp.TypeCheckTest::testDirectPrototypeAssignment2; com.google.javascript.jscomp.TypeCheckTest::testPropertyCanBeDefinedInObject; com.google.javascript.jscomp.TypeCheckTest::testMissingProperty1; com.google.javascript.jscomp.TypeCheckTest::testMissingProperty3; com.google.javascript.jscomp.TypeCheckTest::testMissingProperty6; com.google.javascript.jscomp.TypeCheckTest::testMissingProperty8; com.google.javascript.jscomp.TypeCheckTest::testMissingProperty9; com.google.javascript.jscomp.TypeCheckTest::testGoodExtends15; com.google.javascript.jscomp.TypeCheckTest::testFunctionInference23; com.google.javascript.jscomp.TypeCheckTest::testPropertyInference6; com.google.javascript.jscomp.TypeCheckTest::testCast15; com.google.javascript.jscomp.TypeCheckTest::testEnum42; com.google.javascript.jscomp.TypeCheckTest::testBug1940769; com.google.javascript.jscomp.TypeCheckTest::testMissingProperty10; com.google.javascript.jscomp.TypeCheckTest::testMissingProperty11; com.google.javascript.jscomp.TypeCheckTest::testMissingProperty13; com.google.javascript.jscomp.TypeCheckTest::testMissingProperty14; com.google.javascript.jscomp.TypeCheckTest::testMissingProperty15; com.google.javascript.jscomp.TypeCheckTest::testMissingProperty16; com.google.javascript.jscomp.TypeCheckTest::testMissingProperty17; com.google.javascript.jscomp.TypeCheckTest::testMissingProperty18; com.google.javascript.jscomp.TypeCheckTest::testMissingProperty19; com.google.javascript.jscomp.TypeCheckTest::testMissingProperty21; com.google.javascript.jscomp.TypeCheckTest::testMissingProperty22; com.google.javascript.jscomp.TypeCheckTest::testMissingProperty29; com.google.javascript.jscomp.TypeCheckTest::testMissingProperty30; com.google.javascript.jscomp.TypeCheckTest::testMissingProperty31; com.google.javascript.jscomp.TypeCheckTest::testMissingProperty33; com.google.javascript.jscomp.TypeCheckTest::testMissingProperty35; com.google.javascript.jscomp.TypeCheckTest::testMissingProperty36; com.google.javascript.jscomp.TypeCheckTest::testMissingProperty37; com.google.javascript.jscomp.TypeCheckTest::testMissingProperty41; com.google.javascript.jscomp.TypeCheckTest::testNoPersistentTypeInferenceForObjectProperties; com.google.javascript.rhino.jstype.JSTypeTest::testRestrictedTypeGivenToBoolean
Closure-47,No,Yes,No,com.google.debugging.sourcemap.SourceMapGeneratorV1Test::testFunctionNameOutput1; com.google.debugging.sourcemap.SourceMapGeneratorV1Test::testFunctionNameOutput2; com.google.debugging.sourcemap.SourceMapGeneratorV1Test::testFunctionNameOutput3; com.google.debugging.sourcemap.SourceMapGeneratorV1Test::testFunctionNameOutput4; com.google.debugging.sourcemap.SourceMapGeneratorV1Test::testMultilineMapping; com.google.debugging.sourcemap.SourceMapGeneratorV1Test::testMultiFunctionMapping; com.google.debugging.sourcemap.SourceMapGeneratorV1Test::testBasicMapping; com.google.debugging.sourcemap.SourceMapGeneratorV1Test::testLiteralMappings; com.google.debugging.sourcemap.SourceMapGeneratorV1Test::testGoldenOutput1; com.google.debugging.sourcemap.SourceMapGeneratorV1Test::testGoldenOutput2; com.google.debugging.sourcemap.SourceMapGeneratorV1Test::testGoldenOutput3; com.google.debugging.sourcemap.SourceMapGeneratorV1Test::testGoldenOutput4; com.google.debugging.sourcemap.SourceMapGeneratorV1Test::testGoldenOutput5; com.google.debugging.sourcemap.SourceMapGeneratorV2Test::testMultilineMapping; com.google.debugging.sourcemap.SourceMapGeneratorV2Test::testMultiFunctionMapping; com.google.debugging.sourcemap.SourceMapGeneratorV2Test::testLiteralMappingsGoldenOutput; com.google.debugging.sourcemap.SourceMapGeneratorV2Test::testBasicMappingGoldenOutput; com.google.debugging.sourcemap.SourceMapGeneratorV2Test::testBasicMapping; com.google.debugging.sourcemap.SourceMapGeneratorV2Test::testLiteralMappings; com.google.debugging.sourcemap.SourceMapGeneratorV2Test::testGoldenOutput1; com.google.debugging.sourcemap.SourceMapGeneratorV2Test::testGoldenOutput2; com.google.debugging.sourcemap.SourceMapGeneratorV2Test::testGoldenOutput3; com.google.debugging.sourcemap.SourceMapGeneratorV2Test::testGoldenOutput4; com.google.debugging.sourcemap.SourceMapGeneratorV2Test::testGoldenOutput5; com.google.debugging.sourcemap.SourceMapGeneratorV3Test::testParseSourceMetaMap; com.google.debugging.sourcemap.SourceMapGeneratorV3Test::testGoldenOutput0a; com.google.debugging.sourcemap.SourceMapGeneratorV3Test::testLiteralMappingsGoldenOutput; com.google.debugging.sourcemap.SourceMapGeneratorV3Test::testBasicMappingGoldenOutput; com.google.debugging.sourcemap.SourceMapGeneratorV3Test::testSourceMapMerging; com.google.debugging.sourcemap.SourceMapGeneratorV3Test::testGoldenOutput1; com.google.debugging.sourcemap.SourceMapGeneratorV3Test::testGoldenOutput2; com.google.debugging.sourcemap.SourceMapGeneratorV3Test::testGoldenOutput3; com.google.debugging.sourcemap.SourceMapGeneratorV3Test::testGoldenOutput4; com.google.debugging.sourcemap.SourceMapGeneratorV3Test::testGoldenOutput5
Mockito-16,No,No,Yes,
Closure-21,No,Yes,No,com.google.javascript.jscomp.CheckSideEffectsTest::testUselessCode; com.google.javascript.jscomp.CheckSideEffectsTest::testUselessCodeInFor
